# Blender 3.3.0
# www.blender.org
mtllib FootBall.mtl
o FootBall
v -0.200201 0.323932 0.000000
v 0.323932 0.000000 -0.200201
v -0.000000 -0.200201 -0.323932
v -0.200201 -0.323932 0.000000
v -0.000000 0.200201 -0.323932
v 0.323932 0.000000 0.200201
v 0.200201 0.323932 0.000000
v -0.000000 -0.200201 0.323932
v -0.323932 0.000000 0.200201
v -0.323932 0.000000 -0.200201
v 0.219858 0.219858 0.219858
v 0.200201 -0.323932 0.000000
v -0.219858 -0.219858 0.219858
v -0.219858 0.219858 -0.219858
v -0.219858 -0.219858 -0.219858
v -0.219858 0.219858 0.219858
v 0.219858 0.219858 -0.219858
v 0.219858 -0.219858 0.219858
v 0.219858 -0.219858 -0.219858
v 0.355737 -0.135880 0.000000
v -0.000000 0.200201 0.323932
v -0.355737 0.135880 0.000000
v -0.000000 0.355737 -0.135880
v 0.135880 0.000000 0.355737
v -0.135880 0.000000 -0.355737
v -0.135880 0.000000 0.355737
v -0.000000 -0.355737 0.135880
v 0.135880 0.000000 -0.355737
v -0.000000 -0.355737 -0.135880
v -0.355737 -0.135880 0.000000
v 0.355737 0.135880 0.000000
v -0.000000 0.355737 0.135880
v 0.331226 0.126576 -0.138853
v 0.327443 0.109789 -0.160436
v 0.317061 0.135330 -0.161772
v 0.331165 0.113167 -0.146440
v 0.325182 0.123718 -0.153718
v 0.319025 0.120670 -0.166083
v 0.321488 0.135575 -0.146906
v 0.374163 0.014165 -0.069379
v 0.374163 -0.014165 -0.069379
v 0.369379 0.000000 -0.092583
v 0.373273 0.000000 -0.063116
v 0.372438 0.000000 -0.077255
v 0.369754 -0.012140 -0.084002
v 0.369754 0.012140 -0.084002
v 0.327443 -0.109789 -0.160436
v 0.331226 -0.126576 -0.138853
v 0.317061 -0.135330 -0.161772
v 0.331165 -0.113167 -0.146440
v 0.325182 -0.123719 -0.153717
v 0.321488 -0.135575 -0.146906
v 0.319025 -0.120670 -0.166083
v 0.247587 -0.092393 -0.274183
v 0.238833 -0.069474 -0.288348
v 0.259590 -0.067853 -0.270224
v 0.237699 -0.083790 -0.282481
v 0.248719 -0.076462 -0.277436
v 0.249084 -0.062438 -0.279250
v 0.256587 -0.082081 -0.267110
v 0.259590 0.067853 -0.270224
v 0.238833 0.069474 -0.288348
v 0.247587 0.092393 -0.274183
v 0.249084 0.062438 -0.279249
v 0.248719 0.076462 -0.277436
v 0.237699 0.083790 -0.282481
v 0.256587 0.082081 -0.267110
v -0.238833 0.069474 -0.288348
v -0.259590 0.067853 -0.270224
v -0.247587 0.092393 -0.274183
v -0.249085 0.062438 -0.279249
v -0.248720 0.076462 -0.277436
v -0.256587 0.082081 -0.267110
v -0.237699 0.083790 -0.282481
v -0.238833 -0.069474 -0.288348
v -0.247587 -0.092393 -0.274183
v -0.259590 -0.067853 -0.270224
v -0.237699 -0.083790 -0.282481
v -0.248719 -0.076462 -0.277436
v -0.256587 -0.082081 -0.267110
v -0.249085 -0.062438 -0.279250
v -0.317061 -0.135330 -0.161772
v -0.331226 -0.126576 -0.138853
v -0.327443 -0.109789 -0.160436
v -0.321488 -0.135574 -0.146906
v -0.325182 -0.123718 -0.153718
v -0.331165 -0.113167 -0.146440
v -0.319025 -0.120670 -0.166083
v -0.374163 -0.014165 -0.069379
v -0.374163 0.014165 -0.069379
v -0.369379 0.000000 -0.092583
v -0.373273 0.000000 -0.063116
v -0.372438 0.000000 -0.077255
v -0.369754 0.012140 -0.084002
v -0.369754 -0.012140 -0.084002
v -0.327443 0.109789 -0.160436
v -0.331226 0.126576 -0.138853
v -0.317061 0.135330 -0.161772
v -0.331165 0.113167 -0.146440
v -0.325182 0.123718 -0.153718
v -0.321488 0.135574 -0.146906
v -0.319025 0.120670 -0.166083
v 0.238833 0.069474 0.288348
v 0.259590 0.067853 0.270224
v 0.247587 0.092393 0.274183
v 0.249084 0.062438 0.279249
v 0.248720 0.076462 0.277436
v 0.256587 0.082081 0.267110
v 0.237699 0.083790 0.282481
v 0.238833 -0.069474 0.288348
v 0.247587 -0.092393 0.274183
v 0.259590 -0.067853 0.270224
v 0.237699 -0.083790 0.282481
v 0.248719 -0.076462 0.277436
v 0.256587 -0.082081 0.267110
v 0.249084 -0.062438 0.279250
v 0.327443 -0.109789 0.160436
v 0.317061 -0.135330 0.161772
v 0.331226 -0.126576 0.138853
v 0.319025 -0.120670 0.166083
v 0.325182 -0.123718 0.153718
v 0.321488 -0.135575 0.146906
v 0.331165 -0.113167 0.146440
v 0.374163 0.014165 0.069379
v 0.369379 0.000000 0.092583
v 0.374163 -0.014165 0.069379
v 0.369754 0.012140 0.084002
v 0.372438 0.000000 0.077255
v 0.369754 -0.012140 0.084002
v 0.373273 0.000000 0.063116
v 0.327443 0.109789 0.160436
v 0.331226 0.126576 0.138853
v 0.317061 0.135330 0.161772
v 0.331165 0.113167 0.146440
v 0.325182 0.123718 0.153718
v 0.321488 0.135574 0.146906
v 0.319025 0.120670 0.166083
v -0.331226 0.126576 0.138853
v -0.327443 0.109789 0.160436
v -0.317061 0.135330 0.161772
v -0.331165 0.113167 0.146440
v -0.325182 0.123718 0.153718
v -0.319025 0.120670 0.166083
v -0.321488 0.135575 0.146906
v -0.374163 0.014165 0.069379
v -0.374163 -0.014165 0.069379
v -0.369379 0.000000 0.092583
v -0.373273 0.000000 0.063116
v -0.372438 0.000000 0.077255
v -0.369754 -0.012140 0.084002
v -0.369754 0.012140 0.084002
v -0.327443 -0.109789 0.160436
v -0.331226 -0.126576 0.138853
v -0.317061 -0.135330 0.161772
v -0.331165 -0.113167 0.146440
v -0.325182 -0.123719 0.153717
v -0.321488 -0.135575 0.146906
v -0.319025 -0.120670 0.166083
v -0.238833 -0.069474 0.288348
v -0.259590 -0.067853 0.270224
v -0.247587 -0.092393 0.274183
v -0.249085 -0.062438 0.279250
v -0.248719 -0.076462 0.277436
v -0.256587 -0.082081 0.267110
v -0.237699 -0.083790 0.282481
v -0.259590 0.067853 0.270224
v -0.238833 0.069474 0.288348
v -0.247587 0.092393 0.274183
v -0.249085 0.062438 0.279249
v -0.248719 0.076462 0.277436
v -0.237699 0.083790 0.282481
v -0.256587 0.082081 0.267110
v 0.138853 0.331226 -0.126576
v 0.160436 0.327443 -0.109789
v 0.161772 0.317062 -0.135330
v 0.146440 0.331165 -0.113167
v 0.153717 0.325182 -0.123718
v 0.166083 0.319026 -0.120670
v 0.146906 0.321488 -0.135575
v 0.069379 0.374163 -0.014165
v 0.069379 0.374163 0.014165
v 0.092583 0.369379 0.000000
v 0.063116 0.373273 0.000000
v 0.077255 0.372438 0.000000
v 0.084002 0.369754 0.012140
v 0.084002 0.369754 -0.012140
v 0.138853 0.331226 0.126576
v 0.161772 0.317061 0.135330
v 0.160436 0.327443 0.109789
v 0.146906 0.321489 0.135575
v 0.153717 0.325182 0.123719
v 0.166083 0.319026 0.120670
v 0.146440 0.331165 0.113167
v 0.274183 0.247587 0.092393
v 0.288348 0.238833 0.069474
v 0.270224 0.259590 0.067853
v 0.282480 0.237699 0.083790
v 0.277436 0.248720 0.076462
v 0.279249 0.249085 0.062438
v 0.267109 0.256587 0.082081
v 0.274183 0.247588 -0.092393
v 0.270224 0.259590 -0.067853
v 0.288348 0.238833 -0.069474
v 0.267109 0.256587 -0.082081
v 0.277436 0.248720 -0.076462
v 0.279249 0.249085 -0.062438
v 0.282480 0.237699 -0.083790
v 0.274183 -0.247588 -0.092393
v 0.288348 -0.238833 -0.069474
v 0.270224 -0.259590 -0.067853
v 0.282480 -0.237699 -0.083790
v 0.277436 -0.248720 -0.076462
v 0.279249 -0.249085 -0.062438
v 0.267109 -0.256587 -0.082081
v 0.288348 -0.238833 0.069474
v 0.274183 -0.247588 0.092393
v 0.270224 -0.259590 0.067853
v 0.282480 -0.237699 0.083790
v 0.277436 -0.248720 0.076462
v 0.267109 -0.256587 0.082081
v 0.279249 -0.249085 0.062438
v 0.160436 -0.327443 0.109789
v 0.161772 -0.317061 0.135330
v 0.138853 -0.331226 0.126576
v 0.166083 -0.319026 0.120670
v 0.153718 -0.325182 0.123718
v 0.146906 -0.321488 0.135575
v 0.146440 -0.331165 0.113167
v 0.069379 -0.374163 0.014165
v 0.069379 -0.374163 -0.014165
v 0.092583 -0.369379 0.000000
v 0.063116 -0.373273 0.000000
v 0.077255 -0.372438 0.000000
v 0.084002 -0.369754 -0.012140
v 0.084002 -0.369754 0.012140
v 0.161772 -0.317062 -0.135330
v 0.160436 -0.327443 -0.109789
v 0.138853 -0.331226 -0.126576
v 0.166083 -0.319026 -0.120670
v 0.153717 -0.325182 -0.123719
v 0.146440 -0.331165 -0.113167
v 0.146906 -0.321489 -0.135575
v -0.274183 0.247587 -0.092393
v -0.288348 0.238833 -0.069474
v -0.270224 0.259590 -0.067853
v -0.282480 0.237699 -0.083790
v -0.277436 0.248720 -0.076462
v -0.279249 0.249085 -0.062438
v -0.267110 0.256587 -0.082081
v -0.270224 0.259590 0.067853
v -0.288348 0.238833 0.069474
v -0.274183 0.247587 0.092393
v -0.279249 0.249085 0.062438
v -0.277436 0.248720 0.076462
v -0.282480 0.237699 0.083790
v -0.267110 0.256587 0.082081
v -0.138853 0.331226 0.126576
v -0.160436 0.327443 0.109789
v -0.161772 0.317061 0.135330
v -0.146440 0.331165 0.113167
v -0.153717 0.325182 0.123718
v -0.166083 0.319026 0.120670
v -0.146906 0.321488 0.135575
v -0.069379 0.374163 -0.014165
v -0.092583 0.369379 0.000000
v -0.069379 0.374163 0.014165
v -0.084002 0.369754 -0.012140
v -0.077255 0.372438 0.000000
v -0.084002 0.369754 0.012140
v -0.063116 0.373273 0.000000
v -0.161772 0.317062 -0.135330
v -0.160436 0.327443 -0.109789
v -0.138853 0.331226 -0.126576
v -0.166083 0.319026 -0.120670
v -0.153717 0.325182 -0.123719
v -0.146440 0.331165 -0.113167
v -0.146906 0.321489 -0.135575
v -0.160436 -0.327443 -0.109789
v -0.161772 -0.317061 -0.135330
v -0.138853 -0.331226 -0.126576
v -0.166083 -0.319026 -0.120670
v -0.153718 -0.325182 -0.123718
v -0.146906 -0.321488 -0.135575
v -0.146440 -0.331165 -0.113167
v -0.069379 -0.374163 0.014165
v -0.092583 -0.369379 0.000000
v -0.069379 -0.374163 -0.014165
v -0.084002 -0.369754 0.012140
v -0.077255 -0.372438 0.000000
v -0.084002 -0.369754 -0.012140
v -0.063116 -0.373273 0.000000
v -0.160436 -0.327443 0.109789
v -0.138853 -0.331226 0.126576
v -0.161772 -0.317061 0.135330
v -0.146440 -0.331165 0.113167
v -0.153717 -0.325182 0.123719
v -0.146906 -0.321488 0.135575
v -0.166083 -0.319026 0.120670
v -0.288348 -0.238833 0.069474
v -0.270224 -0.259590 0.067853
v -0.274183 -0.247587 0.092393
v -0.279249 -0.249085 0.062438
v -0.277436 -0.248720 0.076462
v -0.267109 -0.256587 0.082081
v -0.282480 -0.237699 0.083790
v -0.274183 -0.247587 -0.092393
v -0.270224 -0.259590 -0.067853
v -0.288348 -0.238833 -0.069474
v -0.267110 -0.256587 -0.082081
v -0.277436 -0.248720 -0.076462
v -0.279249 -0.249085 -0.062438
v -0.282480 -0.237699 -0.083790
v 0.135330 0.161772 -0.317062
v 0.126576 0.138853 -0.331226
v 0.109789 0.160436 -0.327443
v 0.135574 0.146906 -0.321488
v 0.123718 0.153718 -0.325182
v 0.113167 0.146440 -0.331165
v 0.120670 0.166083 -0.319026
v 0.014165 0.069379 -0.374163
v -0.014165 0.069379 -0.374163
v -0.000000 0.092583 -0.369379
v -0.000000 0.063116 -0.373273
v -0.000000 0.077255 -0.372438
v -0.012140 0.084002 -0.369754
v 0.012140 0.084002 -0.369754
v -0.126576 0.138853 -0.331226
v -0.135330 0.161772 -0.317061
v -0.109789 0.160436 -0.327443
v -0.135575 0.146906 -0.321488
v -0.123719 0.153717 -0.325182
v -0.120670 0.166083 -0.319026
v -0.113167 0.146440 -0.331165
v -0.069474 0.288348 -0.238833
v -0.067853 0.270224 -0.259590
v -0.092393 0.274183 -0.247587
v -0.062438 0.279250 -0.249085
v -0.076462 0.277436 -0.248720
v -0.082081 0.267110 -0.256587
v -0.083790 0.282481 -0.237699
v 0.092393 0.274183 -0.247588
v 0.067853 0.270224 -0.259590
v 0.069474 0.288348 -0.238833
v 0.082081 0.267110 -0.256587
v 0.076462 0.277436 -0.248719
v 0.062438 0.279250 -0.249085
v 0.083790 0.282481 -0.237699
v 0.069474 0.288348 0.238833
v 0.067853 0.270224 0.259590
v 0.092393 0.274183 0.247588
v 0.062438 0.279250 0.249085
v 0.076462 0.277436 0.248720
v 0.082081 0.267110 0.256587
v 0.083790 0.282481 0.237699
v -0.069474 0.288348 0.238833
v -0.092393 0.274183 0.247588
v -0.067853 0.270224 0.259590
v -0.083790 0.282481 0.237699
v -0.076462 0.277436 0.248720
v -0.082081 0.267110 0.256587
v -0.062438 0.279250 0.249085
v -0.135330 0.161772 0.317061
v -0.126576 0.138853 0.331226
v -0.109789 0.160436 0.327443
v -0.135574 0.146906 0.321488
v -0.123718 0.153717 0.325182
v -0.113167 0.146440 0.331165
v -0.120670 0.166083 0.319026
v 0.014165 0.069379 0.374163
v -0.000000 0.092583 0.369379
v -0.014165 0.069379 0.374163
v 0.012140 0.084002 0.369754
v -0.000000 0.077255 0.372438
v -0.012140 0.084002 0.369754
v -0.000000 0.063116 0.373273
v 0.126576 0.138853 0.331226
v 0.135330 0.161772 0.317061
v 0.109789 0.160436 0.327443
v 0.135574 0.146906 0.321489
v 0.123718 0.153717 0.325182
v 0.120670 0.166083 0.319026
v 0.113167 0.146440 0.331166
v 0.069474 -0.288348 -0.238833
v 0.067853 -0.270224 -0.259590
v 0.092393 -0.274183 -0.247588
v 0.062438 -0.279250 -0.249085
v 0.076462 -0.277436 -0.248720
v 0.082081 -0.267110 -0.256587
v 0.083790 -0.282481 -0.237699
v -0.069474 -0.288348 -0.238833
v -0.092393 -0.274183 -0.247587
v -0.067853 -0.270224 -0.259590
v -0.083790 -0.282481 -0.237699
v -0.076462 -0.277436 -0.248720
v -0.082081 -0.267110 -0.256587
v -0.062438 -0.279250 -0.249085
v -0.109789 -0.160436 -0.327443
v -0.135330 -0.161772 -0.317062
v -0.126576 -0.138853 -0.331226
v -0.120670 -0.166083 -0.319026
v -0.123718 -0.153718 -0.325182
v -0.135574 -0.146906 -0.321488
v -0.113167 -0.146440 -0.331165
v 0.014165 -0.069379 -0.374163
v -0.000000 -0.092583 -0.369379
v -0.014165 -0.069379 -0.374163
v 0.012140 -0.084002 -0.369754
v -0.000000 -0.077255 -0.372438
v -0.012140 -0.084002 -0.369754
v -0.000000 -0.063116 -0.373273
v 0.135330 -0.161772 -0.317062
v 0.109789 -0.160436 -0.327443
v 0.126576 -0.138853 -0.331226
v 0.120670 -0.166083 -0.319026
v 0.123719 -0.153717 -0.325182
v 0.113167 -0.146440 -0.331165
v 0.135574 -0.146906 -0.321489
v 0.135330 -0.161772 0.317061
v 0.126576 -0.138853 0.331226
v 0.109789 -0.160436 0.327443
v 0.135574 -0.146906 0.321488
v 0.123718 -0.153718 0.325182
v 0.113167 -0.146440 0.331165
v 0.120670 -0.166083 0.319026
v -0.014165 -0.069379 0.374163
v -0.000000 -0.092583 0.369379
v 0.014165 -0.069379 0.374163
v -0.012140 -0.084002 0.369754
v -0.000000 -0.077255 0.372438
v 0.012140 -0.084002 0.369754
v -0.000000 -0.063116 0.373273
v -0.109789 -0.160436 0.327443
v -0.126576 -0.138853 0.331226
v -0.135330 -0.161772 0.317061
v -0.113167 -0.146440 0.331165
v -0.123719 -0.153717 0.325182
v -0.135575 -0.146906 0.321489
v -0.120670 -0.166083 0.319026
v -0.069474 -0.288348 0.238833
v -0.067853 -0.270224 0.259590
v -0.092393 -0.274183 0.247588
v -0.062438 -0.279250 0.249085
v -0.076462 -0.277436 0.248720
v -0.082081 -0.267110 0.256587
v -0.083790 -0.282481 0.237699
v 0.067853 -0.270224 0.259590
v 0.069474 -0.288348 0.238833
v 0.092393 -0.274183 0.247588
v 0.062438 -0.279250 0.249085
v 0.076462 -0.277436 0.248720
v 0.083790 -0.282481 0.237699
v 0.082081 -0.267110 0.256587
v 0.359691 0.076049 -0.099251
v 0.353896 0.055274 -0.129284
v 0.354293 0.064737 -0.114219
v 0.359691 -0.076049 -0.099251
v 0.353896 -0.055274 -0.129284
v 0.354293 -0.064737 -0.114219
v 0.298622 0.089436 -0.218720
v 0.283642 0.123050 -0.222302
v 0.289556 0.104746 -0.218965
v -0.236641 0.000000 -0.298351
v -0.264461 0.000000 -0.273994
v -0.249547 0.000000 -0.283702
v -0.283642 -0.123050 -0.222302
v -0.298622 -0.089436 -0.218720
v -0.289556 -0.104746 -0.218965
v -0.298622 0.089436 -0.218720
v -0.283642 0.123050 -0.222302
v -0.289556 0.104746 -0.218965
v 0.236641 0.000000 0.298351
v 0.264461 0.000000 0.273994
v 0.249547 0.000000 0.283702
v 0.283642 -0.123050 0.222302
v 0.298622 -0.089436 0.218720
v 0.289556 -0.104746 0.218965
v 0.298622 0.089436 0.218720
v 0.283642 0.123050 0.222302
v 0.289556 0.104746 0.218965
v -0.020068 0.000000 0.380276
v 0.020068 0.000000 0.380276
v -0.000000 0.000000 0.374898
v -0.359691 0.076049 0.099251
v -0.353896 0.055274 0.129284
v -0.354293 0.064737 0.114219
v -0.359691 -0.076049 0.099251
v -0.353896 -0.055274 0.129284
v -0.354293 -0.064737 0.114219
v -0.298622 0.089436 0.218720
v -0.283642 0.123050 0.222302
v -0.289556 0.104746 0.218965
v 0.099251 0.359692 -0.076049
v 0.129284 0.353896 -0.055274
v 0.114219 0.354293 -0.064737
v 0.099251 0.359692 0.076049
v 0.129284 0.353896 0.055274
v 0.114219 0.354293 0.064737
v 0.218720 0.298622 -0.089436
v 0.222301 0.283642 -0.123050
v 0.218965 0.289556 -0.104746
v 0.317683 -0.183936 -0.101276
v 0.297615 -0.196339 -0.133747
v 0.303299 -0.187449 -0.115850
v 0.298351 -0.236641 0.000000
v 0.273994 -0.264461 0.000000
v 0.283701 -0.249547 -0.000000
v 0.222301 -0.283642 0.123050
v 0.218720 -0.298622 0.089436
v 0.218965 -0.289556 0.104746
v 0.218720 -0.298622 -0.089436
v 0.222301 -0.283642 -0.123050
v 0.218965 -0.289556 -0.104746
v -0.317683 0.183936 -0.101276
v -0.297615 0.196339 -0.133747
v -0.303299 0.187449 -0.115850
v -0.298351 0.236641 0.000000
v -0.273994 0.264461 0.000000
v -0.283702 0.249547 -0.000000
v 0.283642 -0.123050 -0.222302
v 0.298622 -0.089436 -0.218720
v 0.289556 -0.104746 -0.218965
v -0.218720 0.298622 -0.089436
v -0.222302 0.283642 -0.123050
v -0.218965 0.289556 -0.104746
v 0.222301 0.283642 0.123050
v 0.218720 0.298622 0.089436
v 0.218965 0.289556 0.104746
v -0.099251 -0.359692 0.076049
v -0.129284 -0.353896 0.055274
v -0.114219 -0.354293 0.064737
v -0.218720 -0.298622 -0.089436
v -0.222301 -0.283642 -0.123050
v -0.218965 -0.289556 -0.104746
v 0.183936 0.101276 -0.317684
v 0.196339 0.133747 -0.297615
v 0.187449 0.115850 -0.303299
v 0.076049 0.099251 -0.359692
v 0.055274 0.129284 -0.353896
v 0.064737 0.114219 -0.354293
v -0.076049 0.099251 -0.359692
v -0.055274 0.129284 -0.353896
v -0.064737 0.114219 -0.354293
v 0.089436 0.218720 -0.298622
v 0.123050 0.222302 -0.283642
v 0.104746 0.218965 -0.289556
v 0.236641 0.000000 -0.298351
v 0.264461 0.000000 -0.273994
v 0.249547 0.000000 -0.283702
v -0.000000 0.298351 0.236641
v -0.000000 0.273994 0.264461
v 0.000000 0.283702 0.249547
v -0.123050 0.222302 0.283642
v -0.089436 0.218720 0.298622
v -0.104746 0.218965 0.289556
v 0.298351 0.236641 0.000000
v 0.273994 0.264461 0.000000
v 0.283701 0.249547 0.000000
v -0.000000 -0.298351 -0.236641
v -0.000000 -0.273994 -0.264461
v 0.000000 -0.283702 -0.249547
v -0.123050 -0.222302 -0.283642
v -0.089436 -0.218720 -0.298622
v -0.104746 -0.218965 -0.289556
v -0.000000 0.298351 -0.236641
v -0.000000 0.273994 -0.264461
v -0.000000 0.283702 -0.249547
v 0.183936 -0.101276 0.317684
v 0.196339 -0.133747 0.297615
v 0.187449 -0.115850 0.303299
v 0.076049 -0.099251 0.359692
v 0.055274 -0.129284 0.353896
v 0.064737 -0.114219 0.354293
v -0.076049 -0.099251 0.359692
v -0.055274 -0.129284 0.353896
v -0.064737 -0.114219 0.354293
v 0.089436 -0.218720 0.298622
v 0.123050 -0.222302 0.283642
v 0.104746 -0.218965 0.289556
v 0.133747 -0.297615 0.196339
v 0.101276 -0.317684 0.183936
v 0.115850 -0.303299 0.187449
v 0.196339 0.133747 0.297615
v 0.183936 0.101276 0.317684
v 0.187449 0.115850 0.303299
v -0.317683 -0.183936 0.101276
v -0.297615 -0.196339 0.133747
v -0.303299 -0.187449 0.115850
v 0.380275 0.020068 0.000000
v 0.380276 -0.020068 0.000000
v 0.374898 0.000000 0.000000
v -0.101276 -0.317684 0.183936
v -0.133747 -0.297615 0.196339
v -0.115850 -0.303299 0.187449
v -0.000000 0.380276 -0.020068
v -0.000000 0.380276 0.020068
v -0.000000 0.374898 0.000000
v -0.183936 -0.101276 -0.317684
v -0.196339 -0.133747 -0.297615
v -0.187449 -0.115850 -0.303299
v 0.089436 0.218720 0.298622
v 0.123050 0.222302 0.283642
v 0.104746 0.218965 0.289556
v -0.359691 -0.076049 -0.099251
v -0.353896 -0.055274 -0.129284
v -0.354293 -0.064737 -0.114219
v 0.099251 -0.359692 0.076049
v 0.129284 -0.353896 0.055274
v 0.114219 -0.354293 0.064737
v -0.297615 0.196339 0.133747
v -0.317683 0.183936 0.101276
v -0.303299 0.187449 0.115850
v -0.076049 0.099251 0.359692
v -0.055274 0.129284 0.353896
v -0.064737 0.114219 0.354293
v -0.359691 0.076049 -0.099251
v -0.353896 0.055274 -0.129284
v -0.354293 0.064737 -0.114219
v -0.196339 -0.133747 0.297615
v -0.183936 -0.101276 0.317684
v -0.187449 -0.115850 0.303299
v 0.099251 -0.359692 -0.076049
v 0.129284 -0.353896 -0.055274
v 0.114219 -0.354293 -0.064737
v 0.297615 -0.196339 0.133747
v 0.317683 -0.183936 0.101276
v 0.303299 -0.187449 0.115850
v 0.076049 0.099251 0.359692
v 0.055274 0.129284 0.353896
v 0.064737 0.114219 0.354293
v 0.317683 0.183936 0.101276
v 0.297615 0.196339 0.133747
v 0.303299 0.187449 0.115850
v 0.297615 0.196339 -0.133747
v 0.317683 0.183937 -0.101276
v 0.303299 0.187449 -0.115850
v 0.133747 0.297615 -0.196339
v 0.101276 0.317684 -0.183936
v 0.115850 0.303299 -0.187449
v -0.183936 0.101276 0.317684
v -0.196339 0.133747 0.297615
v -0.187449 0.115850 0.303299
v -0.133747 -0.297615 -0.196339
v -0.101276 -0.317684 -0.183936
v -0.115850 -0.303299 -0.187449
v -0.133747 0.297615 0.196339
v -0.101276 0.317684 0.183936
v -0.115850 0.303299 0.187449
v 0.101276 0.317684 0.183936
v 0.133747 0.297615 0.196339
v 0.115850 0.303299 0.187449
v -0.380276 -0.020068 0.000000
v -0.380275 0.020068 0.000000
v -0.374898 0.000000 -0.000000
v -0.222302 0.283642 0.123050
v -0.218720 0.298622 0.089436
v -0.218965 0.289556 0.104746
v 0.089436 -0.218720 -0.298622
v 0.123050 -0.222302 -0.283642
v 0.104746 -0.218965 -0.289556
v 0.359691 -0.076049 0.099251
v 0.353896 -0.055274 0.129284
v 0.354293 -0.064737 0.114219
v -0.099251 0.359692 0.076049
v -0.129284 0.353896 0.055274
v -0.114219 0.354293 0.064737
v 0.020068 0.000000 -0.380276
v -0.020068 0.000000 -0.380276
v -0.000000 -0.000000 -0.374898
v -0.076049 -0.099251 -0.359692
v -0.055274 -0.129284 -0.353896
v -0.064737 -0.114219 -0.354293
v 0.359691 0.076049 0.099251
v 0.353896 0.055274 0.129284
v 0.354293 0.064737 0.114219
v -0.099251 0.359692 -0.076049
v -0.129284 0.353896 -0.055274
v -0.114219 0.354293 -0.064737
v 0.076049 -0.099251 -0.359692
v 0.055274 -0.129284 -0.353896
v 0.064737 -0.114219 -0.354293
v 0.196339 -0.133747 -0.297615
v 0.183936 -0.101276 -0.317684
v 0.187449 -0.115850 -0.303299
v -0.099251 -0.359692 -0.076049
v -0.129284 -0.353896 -0.055274
v -0.114219 -0.354293 -0.064737
v -0.123050 0.222302 -0.283642
v -0.089436 0.218720 -0.298622
v -0.104746 0.218965 -0.289556
v -0.283642 -0.123050 0.222302
v -0.298622 -0.089436 0.218720
v -0.289556 -0.104746 0.218965
v 0.101276 -0.317684 -0.183936
v 0.133747 -0.297615 -0.196339
v 0.115850 -0.303299 -0.187449
v -0.222301 -0.283642 0.123050
v -0.218720 -0.298622 0.089436
v -0.218965 -0.289556 0.104746
v -0.101276 0.317684 -0.183936
v -0.133747 0.297615 -0.196339
v -0.115850 0.303299 -0.187449
v -0.123050 -0.222302 0.283642
v -0.089436 -0.218720 0.298622
v -0.104746 -0.218965 0.289556
v -0.236641 0.000000 0.298351
v -0.264461 0.000000 0.273994
v -0.249547 0.000000 0.283702
v -0.298351 -0.236641 0.000000
v -0.273994 -0.264461 0.000000
v -0.283702 -0.249547 0.000000
v -0.000000 -0.380276 0.020068
v -0.000000 -0.380276 -0.020068
v 0.000000 -0.374898 0.000000
v -0.000000 -0.298351 0.236641
v -0.000000 -0.273994 0.264461
v -0.000000 -0.283702 0.249547
v -0.196339 0.133747 -0.297615
v -0.183936 0.101276 -0.317684
v -0.187449 0.115850 -0.303299
v -0.297615 -0.196339 -0.133747
v -0.317683 -0.183936 -0.101276
v -0.303299 -0.187449 -0.115850
v 0.325193 0.134966 -0.146539
v 0.332982 0.116167 -0.146006
v 0.326332 0.121865 -0.152481
v 0.324615 0.125846 -0.152555
v 0.332435 0.113401 -0.149628
v 0.322312 0.119658 -0.166008
v 0.324183 0.123193 -0.155957
v 0.320510 0.123875 -0.166186
v 0.322856 0.136410 -0.150321
v 0.372590 0.012472 -0.081919
v 0.375853 0.002338 -0.064570
v 0.372684 0.000000 -0.074777
v 0.372059 0.002148 -0.078491
v 0.375853 -0.002338 -0.064570
v 0.372590 -0.012472 -0.081919
v 0.372059 -0.002148 -0.078491
v 0.371884 -0.010123 -0.085798
v 0.371884 0.010124 -0.085798
v 0.322312 -0.119658 -0.166008
v 0.332435 -0.113401 -0.149628
v 0.326332 -0.121865 -0.152481
v 0.324183 -0.123193 -0.155957
v 0.332982 -0.116167 -0.146006
v 0.325193 -0.134966 -0.146539
v 0.324615 -0.125846 -0.152554
v 0.322856 -0.136410 -0.150321
v 0.320510 -0.123875 -0.166186
v 0.256423 -0.084267 -0.269882
v 0.240887 -0.085751 -0.282949
v 0.246838 -0.077777 -0.278400
v 0.250194 -0.077465 -0.275673
v 0.239442 -0.081969 -0.285287
v 0.248715 -0.064087 -0.282353
v 0.248867 -0.073989 -0.277822
v 0.252226 -0.063829 -0.279409
v 0.258482 -0.080209 -0.269285
v 0.258482 0.080209 -0.269285
v 0.252226 0.063829 -0.279409
v 0.248867 0.073989 -0.277821
v 0.250194 0.077465 -0.275673
v 0.248715 0.064087 -0.282353
v 0.239442 0.081969 -0.285287
v 0.246838 0.077777 -0.278400
v 0.240887 0.085751 -0.282949
v 0.256423 0.084267 -0.269882
v -0.239443 0.081969 -0.285287
v -0.248715 0.064087 -0.282353
v -0.248867 0.073989 -0.277821
v -0.246838 0.077777 -0.278400
v -0.252226 0.063829 -0.279409
v -0.258483 0.080209 -0.269285
v -0.250195 0.077465 -0.275673
v -0.256423 0.084267 -0.269882
v -0.240887 0.085751 -0.282949
v -0.248715 -0.064087 -0.282353
v -0.239442 -0.081969 -0.285287
v -0.246838 -0.077777 -0.278400
v -0.248867 -0.073989 -0.277822
v -0.240887 -0.085751 -0.282949
v -0.256423 -0.084267 -0.269882
v -0.250194 -0.077465 -0.275673
v -0.258483 -0.080209 -0.269285
v -0.252226 -0.063829 -0.279409
v -0.320510 -0.123875 -0.166186
v -0.322856 -0.136410 -0.150321
v -0.324615 -0.125846 -0.152555
v -0.324183 -0.123193 -0.155957
v -0.325193 -0.134966 -0.146539
v -0.332982 -0.116167 -0.146006
v -0.326332 -0.121865 -0.152481
v -0.332435 -0.113401 -0.149628
v -0.322312 -0.119658 -0.166008
v -0.372590 -0.012472 -0.081919
v -0.375853 -0.002338 -0.064570
v -0.372684 0.000000 -0.074777
v -0.372059 -0.002148 -0.078492
v -0.375853 0.002338 -0.064570
v -0.372590 0.012472 -0.081919
v -0.372059 0.002148 -0.078492
v -0.371884 0.010124 -0.085798
v -0.371884 -0.010123 -0.085798
v -0.322312 0.119658 -0.166008
v -0.332435 0.113401 -0.149628
v -0.326332 0.121865 -0.152481
v -0.324183 0.123193 -0.155957
v -0.332982 0.116167 -0.146006
v -0.325193 0.134966 -0.146539
v -0.324615 0.125846 -0.152555
v -0.322856 0.136410 -0.150321
v -0.320510 0.123875 -0.166186
v 0.239442 0.081969 0.285287
v 0.248715 0.064087 0.282353
v 0.248867 0.073989 0.277821
v 0.246838 0.077777 0.278400
v 0.252226 0.063829 0.279409
v 0.258482 0.080209 0.269285
v 0.250195 0.077465 0.275673
v 0.256423 0.084267 0.269882
v 0.240887 0.085751 0.282949
v 0.248715 -0.064087 0.282353
v 0.239442 -0.081969 0.285287
v 0.246838 -0.077777 0.278401
v 0.248867 -0.073989 0.277822
v 0.240887 -0.085751 0.282949
v 0.256423 -0.084267 0.269882
v 0.250194 -0.077465 0.275673
v 0.258482 -0.080209 0.269285
v 0.252226 -0.063829 0.279409
v 0.332435 -0.113401 0.149628
v 0.322312 -0.119658 0.166008
v 0.324183 -0.123193 0.155957
v 0.326332 -0.121865 0.152481
v 0.320510 -0.123875 0.166186
v 0.322856 -0.136410 0.150321
v 0.324615 -0.125846 0.152555
v 0.325193 -0.134966 0.146539
v 0.332982 -0.116167 0.146006
v 0.375853 0.002338 0.064570
v 0.372590 0.012472 0.081919
v 0.372059 0.002148 0.078492
v 0.372684 0.000000 0.074777
v 0.371884 0.010124 0.085798
v 0.371884 -0.010123 0.085798
v 0.372059 -0.002148 0.078492
v 0.372590 -0.012472 0.081919
v 0.375853 -0.002338 0.064570
v 0.322312 0.119658 0.166008
v 0.332435 0.113401 0.149628
v 0.326332 0.121865 0.152481
v 0.324183 0.123193 0.155957
v 0.332982 0.116167 0.146006
v 0.325193 0.134966 0.146539
v 0.324615 0.125846 0.152555
v 0.322856 0.136410 0.150321
v 0.320510 0.123875 0.166186
v -0.325193 0.134966 0.146539
v -0.332982 0.116167 0.146006
v -0.326332 0.121865 0.152481
v -0.324615 0.125846 0.152555
v -0.332435 0.113401 0.149628
v -0.322312 0.119658 0.166008
v -0.324183 0.123193 0.155957
v -0.320510 0.123875 0.166186
v -0.322856 0.136410 0.150321
v -0.372590 0.012472 0.081919
v -0.375853 0.002338 0.064570
v -0.372684 0.000000 0.074777
v -0.372059 0.002148 0.078491
v -0.375853 -0.002338 0.064570
v -0.372590 -0.012472 0.081919
v -0.372059 -0.002148 0.078491
v -0.371884 -0.010123 0.085798
v -0.371884 0.010124 0.085798
v -0.322312 -0.119658 0.166008
v -0.332435 -0.113401 0.149628
v -0.326332 -0.121865 0.152481
v -0.324183 -0.123193 0.155957
v -0.332982 -0.116167 0.146006
v -0.325193 -0.134966 0.146539
v -0.324615 -0.125846 0.152554
v -0.322856 -0.136410 0.150321
v -0.320510 -0.123875 0.166186
v -0.239442 -0.081969 0.285287
v -0.248715 -0.064087 0.282353
v -0.248867 -0.073989 0.277822
v -0.246838 -0.077777 0.278401
v -0.252226 -0.063829 0.279409
v -0.258482 -0.080209 0.269285
v -0.250194 -0.077465 0.275673
v -0.256423 -0.084267 0.269882
v -0.240887 -0.085751 0.282949
v -0.258482 0.080209 0.269285
v -0.252226 0.063829 0.279409
v -0.248867 0.073989 0.277821
v -0.250194 0.077465 0.275673
v -0.248715 0.064087 0.282353
v -0.239442 0.081969 0.285287
v -0.246838 0.077777 0.278401
v -0.240887 0.085751 0.282949
v -0.256423 0.084267 0.269882
v 0.146539 0.325193 -0.134966
v 0.146006 0.332982 -0.116167
v 0.152481 0.326332 -0.121865
v 0.152555 0.324615 -0.125846
v 0.149627 0.332435 -0.113401
v 0.166008 0.322312 -0.119658
v 0.155957 0.324184 -0.123193
v 0.166186 0.320510 -0.123875
v 0.150321 0.322856 -0.136410
v 0.081919 0.372590 -0.012472
v 0.064570 0.375853 -0.002338
v 0.074777 0.372684 0.000000
v 0.078491 0.372060 -0.002148
v 0.064570 0.375853 0.002338
v 0.081919 0.372590 0.012472
v 0.078491 0.372060 0.002148
v 0.085798 0.371884 0.010124
v 0.085798 0.371884 -0.010124
v 0.146006 0.332982 0.116167
v 0.146539 0.325193 0.134966
v 0.152554 0.324615 0.125846
v 0.152481 0.326332 0.121865
v 0.150321 0.322856 0.136410
v 0.166186 0.320510 0.123875
v 0.155956 0.324184 0.123193
v 0.166008 0.322312 0.119658
v 0.149628 0.332435 0.113401
v 0.269882 0.256423 0.084267
v 0.282949 0.240887 0.085751
v 0.278400 0.246838 0.077777
v 0.275673 0.250195 0.077465
v 0.285287 0.239443 0.081969
v 0.282353 0.248715 0.064087
v 0.277821 0.248867 0.073989
v 0.279409 0.252226 0.063829
v 0.269285 0.258483 0.080209
v 0.282949 0.240887 -0.085751
v 0.269882 0.256423 -0.084267
v 0.275673 0.250195 -0.077465
v 0.278400 0.246838 -0.077777
v 0.269285 0.258483 -0.080209
v 0.279409 0.252226 -0.063829
v 0.277821 0.248867 -0.073989
v 0.282353 0.248715 -0.064087
v 0.285287 0.239443 -0.081969
v 0.269881 -0.256423 -0.084267
v 0.282949 -0.240887 -0.085751
v 0.278400 -0.246838 -0.077777
v 0.275673 -0.250195 -0.077465
v 0.285287 -0.239443 -0.081969
v 0.282353 -0.248715 -0.064087
v 0.277821 -0.248867 -0.073989
v 0.279409 -0.252226 -0.063829
v 0.269285 -0.258483 -0.080209
v 0.282353 -0.248715 0.064087
v 0.285287 -0.239443 0.081969
v 0.278400 -0.246838 0.077777
v 0.277821 -0.248867 0.073989
v 0.282949 -0.240887 0.085751
v 0.269882 -0.256423 0.084267
v 0.275673 -0.250195 0.077465
v 0.269285 -0.258483 0.080209
v 0.279409 -0.252226 0.063829
v 0.149627 -0.332435 0.113401
v 0.166008 -0.322312 0.119658
v 0.155957 -0.324184 0.123193
v 0.152481 -0.326332 0.121865
v 0.166186 -0.320510 0.123875
v 0.150321 -0.322856 0.136410
v 0.152555 -0.324615 0.125846
v 0.146539 -0.325193 0.134966
v 0.146006 -0.332982 0.116167
v 0.081919 -0.372590 0.012472
v 0.064570 -0.375853 0.002338
v 0.074777 -0.372684 0.000000
v 0.078491 -0.372060 0.002148
v 0.064570 -0.375853 -0.002338
v 0.081919 -0.372590 -0.012472
v 0.078491 -0.372060 -0.002148
v 0.085798 -0.371884 -0.010123
v 0.085798 -0.371884 0.010124
v 0.150321 -0.322856 -0.136410
v 0.166186 -0.320510 -0.123875
v 0.155956 -0.324184 -0.123193
v 0.152554 -0.324615 -0.125846
v 0.166008 -0.322312 -0.119658
v 0.149627 -0.332435 -0.113401
v 0.152480 -0.326332 -0.121865
v 0.146006 -0.332982 -0.116167
v 0.146539 -0.325193 -0.134966
v -0.269882 0.256423 -0.084267
v -0.282949 0.240887 -0.085751
v -0.278400 0.246838 -0.077777
v -0.275673 0.250195 -0.077465
v -0.285287 0.239443 -0.081969
v -0.282353 0.248715 -0.064087
v -0.277821 0.248867 -0.073989
v -0.279409 0.252226 -0.063829
v -0.269285 0.258483 -0.080209
v -0.269285 0.258483 0.080209
v -0.279409 0.252226 0.063829
v -0.277821 0.248867 0.073989
v -0.275673 0.250195 0.077465
v -0.282353 0.248715 0.064087
v -0.285287 0.239443 0.081969
v -0.278400 0.246838 0.077777
v -0.282949 0.240887 0.085751
v -0.269882 0.256423 0.084267
v -0.146539 0.325193 0.134966
v -0.146006 0.332982 0.116167
v -0.152481 0.326332 0.121865
v -0.152555 0.324615 0.125846
v -0.149628 0.332435 0.113401
v -0.166008 0.322312 0.119658
v -0.155957 0.324184 0.123193
v -0.166186 0.320510 0.123875
v -0.150321 0.322856 0.136410
v -0.064570 0.375853 -0.002338
v -0.081919 0.372590 -0.012472
v -0.078491 0.372060 -0.002148
v -0.074777 0.372684 0.000000
v -0.085798 0.371884 -0.010123
v -0.085798 0.371884 0.010124
v -0.078491 0.372060 0.002148
v -0.081919 0.372590 0.012472
v -0.064570 0.375853 0.002338
v -0.150321 0.322856 -0.136410
v -0.166186 0.320510 -0.123875
v -0.155956 0.324184 -0.123193
v -0.152554 0.324615 -0.125846
v -0.166008 0.322312 -0.119658
v -0.149627 0.332435 -0.113401
v -0.152481 0.326332 -0.121865
v -0.146006 0.332982 -0.116167
v -0.146539 0.325193 -0.134966
v -0.149628 -0.332435 -0.113401
v -0.166008 -0.322312 -0.119658
v -0.155957 -0.324184 -0.123193
v -0.152481 -0.326332 -0.121865
v -0.166186 -0.320510 -0.123875
v -0.150321 -0.322856 -0.136410
v -0.152555 -0.324615 -0.125846
v -0.146539 -0.325193 -0.134966
v -0.146006 -0.332982 -0.116167
v -0.064570 -0.375853 0.002338
v -0.081919 -0.372590 0.012472
v -0.078491 -0.372060 0.002148
v -0.074777 -0.372684 0.000000
v -0.085798 -0.371884 0.010124
v -0.085798 -0.371884 -0.010124
v -0.078491 -0.372060 -0.002148
v -0.081919 -0.372590 -0.012472
v -0.064570 -0.375853 -0.002338
v -0.166008 -0.322312 0.119658
v -0.149628 -0.332435 0.113401
v -0.152481 -0.326332 0.121865
v -0.155956 -0.324184 0.123193
v -0.146006 -0.332982 0.116167
v -0.146539 -0.325193 0.134966
v -0.152554 -0.324615 0.125846
v -0.150321 -0.322856 0.136410
v -0.166186 -0.320510 0.123875
v -0.285287 -0.239443 0.081969
v -0.282353 -0.248715 0.064087
v -0.277821 -0.248867 0.073989
v -0.278400 -0.246838 0.077777
v -0.279409 -0.252226 0.063829
v -0.269285 -0.258483 0.080209
v -0.275673 -0.250195 0.077465
v -0.269882 -0.256423 0.084267
v -0.282949 -0.240887 0.085751
v -0.282949 -0.240887 -0.085751
v -0.269882 -0.256423 -0.084267
v -0.275673 -0.250195 -0.077465
v -0.278400 -0.246838 -0.077777
v -0.269285 -0.258483 -0.080209
v -0.279409 -0.252226 -0.063829
v -0.277821 -0.248867 -0.073989
v -0.282353 -0.248715 -0.064087
v -0.285287 -0.239443 -0.081969
v 0.123875 0.166186 -0.320510
v 0.136410 0.150321 -0.322856
v 0.125846 0.152555 -0.324615
v 0.123192 0.155957 -0.324184
v 0.134965 0.146539 -0.325193
v 0.116167 0.146006 -0.332982
v 0.121865 0.152481 -0.326332
v 0.113401 0.149628 -0.332435
v 0.119658 0.166008 -0.322312
v 0.012472 0.081919 -0.372590
v 0.002338 0.064570 -0.375853
v -0.000000 0.074777 -0.372684
v 0.002148 0.078491 -0.372060
v -0.002338 0.064570 -0.375853
v -0.012472 0.081919 -0.372590
v -0.002148 0.078491 -0.372060
v -0.010124 0.085798 -0.371884
v 0.010123 0.085798 -0.371884
v -0.116167 0.146006 -0.332982
v -0.134966 0.146539 -0.325193
v -0.125846 0.152554 -0.324615
v -0.121865 0.152481 -0.326332
v -0.136410 0.150321 -0.322856
v -0.123875 0.166186 -0.320510
v -0.123193 0.155957 -0.324184
v -0.119658 0.166008 -0.322312
v -0.113401 0.149628 -0.332435
v -0.081969 0.285287 -0.239443
v -0.064087 0.282353 -0.248715
v -0.073989 0.277822 -0.248867
v -0.077777 0.278400 -0.246838
v -0.063829 0.279409 -0.252226
v -0.080209 0.269285 -0.258483
v -0.077465 0.275673 -0.250195
v -0.084267 0.269882 -0.256423
v -0.085751 0.282949 -0.240887
v 0.085751 0.282949 -0.240887
v 0.084267 0.269882 -0.256423
v 0.077465 0.275673 -0.250194
v 0.077777 0.278401 -0.246838
v 0.080209 0.269285 -0.258483
v 0.063829 0.279409 -0.252226
v 0.073989 0.277822 -0.248867
v 0.064087 0.282353 -0.248715
v 0.081969 0.285287 -0.239443
v 0.081969 0.285287 0.239443
v 0.064087 0.282353 0.248715
v 0.073989 0.277822 0.248867
v 0.077777 0.278400 0.246838
v 0.063829 0.279409 0.252226
v 0.080209 0.269285 0.258483
v 0.077465 0.275673 0.250195
v 0.084267 0.269882 0.256423
v 0.085751 0.282949 0.240887
v -0.064087 0.282353 0.248715
v -0.081969 0.285287 0.239443
v -0.077777 0.278400 0.246838
v -0.073989 0.277822 0.248867
v -0.085751 0.282949 0.240887
v -0.084267 0.269882 0.256423
v -0.077465 0.275673 0.250195
v -0.080209 0.269285 0.258483
v -0.063829 0.279409 0.252226
v -0.123875 0.166186 0.320510
v -0.136410 0.150321 0.322856
v -0.125846 0.152555 0.324615
v -0.123192 0.155957 0.324184
v -0.134965 0.146539 0.325193
v -0.116167 0.146006 0.332982
v -0.121865 0.152481 0.326332
v -0.113401 0.149628 0.332435
v -0.119658 0.166008 0.322312
v 0.002338 0.064570 0.375853
v 0.012472 0.081919 0.372590
v 0.002148 0.078492 0.372060
v -0.000000 0.074777 0.372684
v 0.010123 0.085798 0.371884
v -0.010124 0.085799 0.371884
v -0.002148 0.078492 0.372060
v -0.012472 0.081919 0.372590
v -0.002338 0.064570 0.375853
v 0.116167 0.146006 0.332982
v 0.134965 0.146539 0.325194
v 0.125846 0.152554 0.324615
v 0.121865 0.152481 0.326332
v 0.136410 0.150321 0.322856
v 0.123875 0.166186 0.320510
v 0.123192 0.155957 0.324184
v 0.119658 0.166008 0.322312
v 0.113401 0.149628 0.332435
v 0.081969 -0.285287 -0.239443
v 0.064087 -0.282353 -0.248715
v 0.073989 -0.277822 -0.248867
v 0.077777 -0.278400 -0.246838
v 0.063829 -0.279409 -0.252226
v 0.080209 -0.269285 -0.258483
v 0.077465 -0.275673 -0.250195
v 0.084267 -0.269882 -0.256423
v 0.085751 -0.282949 -0.240887
v -0.064087 -0.282353 -0.248715
v -0.081969 -0.285287 -0.239443
v -0.077777 -0.278400 -0.246838
v -0.073989 -0.277822 -0.248867
v -0.085751 -0.282949 -0.240887
v -0.084267 -0.269882 -0.256423
v -0.077465 -0.275673 -0.250195
v -0.080209 -0.269285 -0.258483
v -0.063829 -0.279409 -0.252226
v -0.113401 -0.149628 -0.332435
v -0.119658 -0.166008 -0.322312
v -0.123192 -0.155957 -0.324184
v -0.121865 -0.152481 -0.326332
v -0.123875 -0.166186 -0.320510
v -0.136410 -0.150321 -0.322856
v -0.125846 -0.152555 -0.324615
v -0.134965 -0.146539 -0.325193
v -0.116167 -0.146006 -0.332982
v 0.002338 -0.064570 -0.375853
v 0.012472 -0.081919 -0.372590
v 0.002148 -0.078492 -0.372060
v -0.000000 -0.074777 -0.372684
v 0.010123 -0.085798 -0.371884
v -0.010124 -0.085798 -0.371884
v -0.002148 -0.078492 -0.372060
v -0.012472 -0.081919 -0.372590
v -0.002338 -0.064570 -0.375853
v 0.136410 -0.150321 -0.322856
v 0.123875 -0.166186 -0.320510
v 0.123193 -0.155956 -0.324184
v 0.125846 -0.152554 -0.324615
v 0.119658 -0.166008 -0.322312
v 0.113401 -0.149628 -0.332435
v 0.121865 -0.152481 -0.326332
v 0.116167 -0.146006 -0.332982
v 0.134965 -0.146539 -0.325193
v 0.123875 -0.166186 0.320510
v 0.136410 -0.150321 0.322856
v 0.125846 -0.152555 0.324615
v 0.123192 -0.155957 0.324184
v 0.134965 -0.146539 0.325193
v 0.116167 -0.146006 0.332982
v 0.121865 -0.152481 0.326332
v 0.113401 -0.149628 0.332435
v 0.119658 -0.166008 0.322312
v -0.002338 -0.064570 0.375853
v -0.012472 -0.081919 0.372590
v -0.002148 -0.078491 0.372060
v -0.000000 -0.074777 0.372684
v -0.010124 -0.085798 0.371884
v 0.010124 -0.085798 0.371884
v 0.002148 -0.078491 0.372060
v 0.012472 -0.081919 0.372590
v 0.002338 -0.064570 0.375853
v -0.119658 -0.166008 0.322312
v -0.113401 -0.149628 0.332435
v -0.121865 -0.152481 0.326332
v -0.123193 -0.155957 0.324184
v -0.116167 -0.146006 0.332982
v -0.134966 -0.146539 0.325193
v -0.125846 -0.152554 0.324615
v -0.136410 -0.150321 0.322856
v -0.123875 -0.166186 0.320510
v -0.081969 -0.285287 0.239443
v -0.064087 -0.282353 0.248715
v -0.073989 -0.277822 0.248867
v -0.077777 -0.278400 0.246838
v -0.063829 -0.279409 0.252226
v -0.080209 -0.269285 0.258483
v -0.077465 -0.275673 0.250195
v -0.084267 -0.269882 0.256423
v -0.085751 -0.282949 0.240887
v 0.080209 -0.269285 0.258483
v 0.063829 -0.279409 0.252226
v 0.073989 -0.277822 0.248867
v 0.077465 -0.275673 0.250195
v 0.064087 -0.282353 0.248715
v 0.081969 -0.285287 0.239443
v 0.077777 -0.278401 0.246838
v 0.085751 -0.282949 0.240887
v 0.084267 -0.269882 0.256423
v 0.344969 0.106397 -0.121196
v 0.357891 0.067009 -0.112766
v 0.341825 0.092889 -0.132477
v 0.357133 0.063816 -0.117463
v 0.340023 0.086796 -0.147862
v 0.369736 0.041556 -0.081122
v 0.363925 0.035032 -0.096719
v 0.364174 0.023567 -0.108785
v 0.369736 -0.041556 -0.081122
v 0.357891 -0.067009 -0.112766
v 0.363925 -0.035032 -0.096719
v 0.357133 -0.063816 -0.117463
v 0.364174 -0.023567 -0.108785
v 0.344969 -0.106397 -0.121196
v 0.341825 -0.092889 -0.132477
v 0.340023 -0.086796 -0.147862
v 0.316456 0.101361 -0.185994
v 0.293316 0.103257 -0.220720
v 0.306793 0.114540 -0.189160
v 0.290882 0.108423 -0.221189
v 0.303413 0.132080 -0.188435
v 0.277378 0.077210 -0.249223
v 0.271036 0.092441 -0.247018
v 0.263339 0.107313 -0.253276
v -0.237656 0.040074 -0.294832
v -0.249469 0.000000 -0.288198
v -0.249385 0.035758 -0.282050
v -0.253876 0.000000 -0.284536
v -0.262813 0.039078 -0.272790
v -0.237656 -0.040074 -0.294832
v -0.249385 -0.035758 -0.282050
v -0.262813 -0.039078 -0.272790
v -0.263339 -0.107313 -0.253276
v -0.290882 -0.108423 -0.221189
v -0.271036 -0.092441 -0.247018
v -0.293316 -0.103257 -0.220720
v -0.277378 -0.077210 -0.249223
v -0.303413 -0.132080 -0.188435
v -0.306794 -0.114540 -0.189160
v -0.316456 -0.101361 -0.185994
v -0.277378 0.077210 -0.249223
v -0.293316 0.103257 -0.220720
v -0.271036 0.092441 -0.247018
v -0.290882 0.108423 -0.221189
v -0.263339 0.107313 -0.253276
v -0.316456 0.101361 -0.185994
v -0.306794 0.114540 -0.189160
v -0.303413 0.132080 -0.188435
v 0.237656 0.040074 0.294832
v 0.249469 0.000000 0.288198
v 0.249385 0.035758 0.282050
v 0.253876 0.000000 0.284536
v 0.262813 0.039078 0.272790
v 0.237656 -0.040074 0.294832
v 0.249385 -0.035758 0.282050
v 0.262813 -0.039078 0.272790
v 0.263339 -0.107313 0.253276
v 0.290882 -0.108423 0.221189
v 0.271036 -0.092441 0.247018
v 0.293316 -0.103257 0.220720
v 0.277378 -0.077210 0.249223
v 0.303413 -0.132080 0.188435
v 0.306793 -0.114540 0.189160
v 0.316456 -0.101361 0.185994
v 0.277378 0.077210 0.249223
v 0.293316 0.103257 0.220720
v 0.271036 0.092441 0.247018
v 0.290882 0.108423 0.221189
v 0.263339 0.107313 0.253276
v 0.316456 0.101361 0.185994
v 0.306793 0.114540 0.189160
v 0.303413 0.132080 0.188435
v -0.017849 0.040133 0.378263
v -0.003051 0.000000 0.379756
v -0.000000 0.036150 0.374305
v 0.003051 0.000000 0.379756
v 0.017849 0.040133 0.378263
v -0.017849 -0.040133 0.378263
v -0.000000 -0.036150 0.374305
v 0.017849 -0.040133 0.378263
v -0.344969 0.106397 0.121196
v -0.357891 0.067009 0.112766
v -0.341825 0.092889 0.132477
v -0.357133 0.063816 0.117463
v -0.340023 0.086796 0.147862
v -0.369736 0.041556 0.081122
v -0.363925 0.035032 0.096719
v -0.364174 0.023567 0.108785
v -0.369736 -0.041556 0.081122
v -0.357891 -0.067009 0.112766
v -0.363925 -0.035032 0.096719
v -0.357133 -0.063816 0.117463
v -0.364174 -0.023567 0.108785
v -0.344969 -0.106397 0.121196
v -0.341825 -0.092889 0.132477
v -0.340023 -0.086796 0.147862
v -0.316456 0.101361 0.185994
v -0.293316 0.103257 0.220720
v -0.306793 0.114540 0.189160
v -0.290882 0.108423 0.221189
v -0.303413 0.132080 0.188435
v -0.277378 0.077210 0.249223
v -0.271036 0.092441 0.247018
v -0.263339 0.107313 0.253276
v 0.121196 0.344969 -0.106397
v 0.112766 0.357891 -0.067009
v 0.132477 0.341826 -0.092889
v 0.117463 0.357133 -0.063816
v 0.147862 0.340023 -0.086796
v 0.081122 0.369736 -0.041556
v 0.096719 0.363925 -0.035032
v 0.108785 0.364174 -0.023567
v 0.081122 0.369736 0.041556
v 0.112766 0.357892 0.067009
v 0.096719 0.363925 0.035032
v 0.117463 0.357133 0.063816
v 0.108785 0.364174 0.023567
v 0.121196 0.344969 0.106397
v 0.132477 0.341826 0.092889
v 0.147862 0.340023 0.086796
v 0.185994 0.316456 -0.101361
v 0.220720 0.293317 -0.103257
v 0.189160 0.306794 -0.114540
v 0.221189 0.290883 -0.108423
v 0.188435 0.303413 -0.132080
v 0.249223 0.277378 -0.077210
v 0.247018 0.271036 -0.092441
v 0.253276 0.263339 -0.107313
v 0.327348 -0.151147 -0.122516
v 0.308755 -0.188935 -0.114882
v 0.313989 -0.157906 -0.133741
v 0.305703 -0.190821 -0.119820
v 0.309499 -0.162179 -0.151397
v 0.302544 -0.216085 -0.082383
v 0.291648 -0.216398 -0.097592
v 0.284695 -0.227116 -0.111263
v 0.294832 -0.237656 -0.040074
v 0.288198 -0.249469 0.000000
v 0.282050 -0.249385 -0.035758
v 0.284536 -0.253876 0.000000
v 0.272790 -0.262813 -0.039078
v 0.294832 -0.237656 0.040074
v 0.282050 -0.249385 0.035758
v 0.272790 -0.262813 0.039078
v 0.253276 -0.263339 0.107313
v 0.221189 -0.290883 0.108423
v 0.247018 -0.271036 0.092441
v 0.220720 -0.293317 0.103257
v 0.249223 -0.277378 0.077210
v 0.188435 -0.303413 0.132080
v 0.189160 -0.306794 0.114540
v 0.185994 -0.316456 0.101361
v 0.249223 -0.277378 -0.077210
v 0.220720 -0.293317 -0.103257
v 0.247018 -0.271036 -0.092441
v 0.221189 -0.290883 -0.108423
v 0.253276 -0.263339 -0.107313
v 0.185994 -0.316456 -0.101361
v 0.189160 -0.306794 -0.114540
v 0.188435 -0.303413 -0.132080
v -0.327348 0.151147 -0.122516
v -0.308755 0.188935 -0.114883
v -0.313989 0.157906 -0.133741
v -0.305703 0.190821 -0.119820
v -0.309499 0.162179 -0.151397
v -0.302544 0.216084 -0.082383
v -0.291648 0.216398 -0.097592
v -0.284695 0.227116 -0.111263
v -0.294832 0.237656 -0.040074
v -0.288198 0.249469 0.000000
v -0.282050 0.249385 -0.035758
v -0.284536 0.253876 0.000000
v -0.272790 0.262813 -0.039078
v -0.294832 0.237656 0.040074
v -0.282050 0.249385 0.035758
v -0.272790 0.262813 0.039078
v 0.303413 -0.132080 -0.188435
v 0.290882 -0.108423 -0.221189
v 0.306793 -0.114540 -0.189160
v 0.293316 -0.103257 -0.220720
v 0.316456 -0.101361 -0.185994
v 0.263339 -0.107313 -0.253276
v 0.271036 -0.092441 -0.247018
v 0.277378 -0.077210 -0.249223
v -0.249223 0.277378 -0.077210
v -0.220720 0.293317 -0.103257
v -0.247018 0.271036 -0.092441
v -0.221189 0.290883 -0.108423
v -0.253276 0.263339 -0.107313
v -0.185994 0.316456 -0.101361
v -0.189160 0.306794 -0.114540
v -0.188435 0.303413 -0.132080
v 0.188435 0.303413 0.132080
v 0.221189 0.290883 0.108423
v 0.189160 0.306794 0.114540
v 0.220720 0.293317 0.103257
v 0.185994 0.316456 0.101361
v 0.253276 0.263339 0.107313
v 0.247018 0.271036 0.092441
v 0.249223 0.277378 0.077210
v -0.081122 -0.369736 0.041556
v -0.112766 -0.357892 0.067009
v -0.096719 -0.363925 0.035032
v -0.117463 -0.357133 0.063816
v -0.108785 -0.364174 0.023567
v -0.121196 -0.344969 0.106397
v -0.132477 -0.341826 0.092889
v -0.147862 -0.340023 0.086796
v -0.185994 -0.316456 -0.101361
v -0.220720 -0.293317 -0.103257
v -0.189160 -0.306794 -0.114540
v -0.221189 -0.290883 -0.108423
v -0.188435 -0.303413 -0.132080
v -0.249223 -0.277378 -0.077210
v -0.247018 -0.271036 -0.092441
v -0.253276 -0.263339 -0.107313
v 0.216084 0.082383 -0.302544
v 0.188935 0.114883 -0.308755
v 0.216398 0.097592 -0.291648
v 0.190821 0.119820 -0.305703
v 0.227116 0.111263 -0.284695
v 0.151147 0.122516 -0.327348
v 0.157906 0.133741 -0.313989
v 0.162179 0.151397 -0.309499
v 0.106397 0.121196 -0.344969
v 0.067009 0.112766 -0.357891
v 0.092889 0.132477 -0.341826
v 0.063816 0.117463 -0.357133
v 0.086796 0.147862 -0.340023
v 0.041556 0.081122 -0.369736
v 0.035032 0.096719 -0.363925
v 0.023567 0.108785 -0.364174
v -0.041556 0.081122 -0.369736
v -0.067009 0.112766 -0.357891
v -0.035032 0.096719 -0.363925
v -0.063816 0.117463 -0.357133
v -0.023567 0.108785 -0.364174
v -0.106397 0.121197 -0.344969
v -0.092889 0.132477 -0.341826
v -0.086796 0.147862 -0.340023
v 0.101361 0.185994 -0.316456
v 0.103257 0.220720 -0.293317
v 0.114540 0.189160 -0.306794
v 0.108423 0.221189 -0.290883
v 0.132080 0.188435 -0.303413
v 0.077210 0.249223 -0.277378
v 0.092441 0.247018 -0.271036
v 0.107313 0.253276 -0.263339
v 0.237656 -0.040074 -0.294832
v 0.249469 0.000000 -0.288198
v 0.249385 -0.035758 -0.282050
v 0.253876 0.000000 -0.284536
v 0.262813 -0.039078 -0.272790
v 0.237656 0.040074 -0.294832
v 0.249385 0.035758 -0.282050
v 0.262813 0.039078 -0.272790
v 0.040074 0.294832 0.237656
v 0.000000 0.288198 0.249469
v 0.035758 0.282050 0.249385
v 0.000000 0.284536 0.253876
v 0.039078 0.272790 0.262813
v -0.040074 0.294832 0.237656
v -0.035758 0.282050 0.249385
v -0.039078 0.272790 0.262813
v -0.107313 0.253276 0.263339
v -0.108423 0.221189 0.290883
v -0.092441 0.247018 0.271036
v -0.103257 0.220720 0.293317
v -0.077210 0.249223 0.277378
v -0.132080 0.188435 0.303413
v -0.114540 0.189160 0.306794
v -0.101361 0.185994 0.316456
v 0.294832 0.237656 0.040074
v 0.288198 0.249469 0.000000
v 0.282050 0.249385 0.035758
v 0.284536 0.253876 0.000000
v 0.272790 0.262813 0.039078
v 0.294832 0.237656 -0.040074
v 0.282050 0.249385 -0.035758
v 0.272790 0.262813 -0.039078
v 0.040074 -0.294832 -0.237656
v -0.000000 -0.288198 -0.249469
v 0.035758 -0.282050 -0.249385
v -0.000000 -0.284536 -0.253876
v 0.039078 -0.272790 -0.262813
v -0.040074 -0.294832 -0.237656
v -0.035758 -0.282050 -0.249385
v -0.039078 -0.272790 -0.262813
v -0.107313 -0.253276 -0.263339
v -0.108423 -0.221189 -0.290883
v -0.092441 -0.247018 -0.271036
v -0.103257 -0.220720 -0.293317
v -0.077210 -0.249223 -0.277378
v -0.132080 -0.188435 -0.303413
v -0.114540 -0.189160 -0.306794
v -0.101361 -0.185994 -0.316456
v -0.040074 0.294832 -0.237656
v -0.000000 0.288198 -0.249469
v -0.035758 0.282050 -0.249385
v -0.000000 0.284536 -0.253876
v -0.039078 0.272790 -0.262813
v 0.040074 0.294832 -0.237656
v 0.035758 0.282050 -0.249385
v 0.039078 0.272790 -0.262813
v 0.216084 -0.082383 0.302544
v 0.188935 -0.114883 0.308755
v 0.216398 -0.097592 0.291648
v 0.190821 -0.119820 0.305703
v 0.227116 -0.111263 0.284695
v 0.151147 -0.122516 0.327348
v 0.157906 -0.133741 0.313990
v 0.162179 -0.151397 0.309499
v 0.106397 -0.121196 0.344969
v 0.067009 -0.112766 0.357892
v 0.092889 -0.132477 0.341826
v 0.063816 -0.117463 0.357133
v 0.086796 -0.147862 0.340023
v 0.041556 -0.081122 0.369736
v 0.035032 -0.096719 0.363925
v 0.023567 -0.108785 0.364174
v -0.041556 -0.081122 0.369736
v -0.067009 -0.112766 0.357892
v -0.035032 -0.096719 0.363925
v -0.063816 -0.117463 0.357133
v -0.023567 -0.108785 0.364174
v -0.106397 -0.121196 0.344969
v -0.092889 -0.132477 0.341826
v -0.086796 -0.147862 0.340023
v 0.101361 -0.185994 0.316456
v 0.103257 -0.220720 0.293317
v 0.114540 -0.189160 0.306794
v 0.108423 -0.221189 0.290883
v 0.132080 -0.188435 0.303413
v 0.077210 -0.249223 0.277378
v 0.092441 -0.247018 0.271036
v 0.107313 -0.253276 0.263339
v 0.151397 -0.309499 0.162179
v 0.119820 -0.305703 0.190821
v 0.133741 -0.313989 0.157906
v 0.114882 -0.308755 0.188935
v 0.122516 -0.327348 0.151147
v 0.111263 -0.284695 0.227116
v 0.097592 -0.291648 0.216398
v 0.082383 -0.302544 0.216085
v 0.227116 0.111263 0.284695
v 0.190821 0.119820 0.305704
v 0.216398 0.097592 0.291648
v 0.188935 0.114883 0.308755
v 0.216084 0.082383 0.302544
v 0.162179 0.151397 0.309499
v 0.157906 0.133741 0.313990
v 0.151147 0.122516 0.327348
v -0.327348 -0.151147 0.122516
v -0.308755 -0.188935 0.114883
v -0.313989 -0.157906 0.133741
v -0.305703 -0.190821 0.119820
v -0.309499 -0.162179 0.151397
v -0.302544 -0.216084 0.082383
v -0.291648 -0.216398 0.097592
v -0.284695 -0.227116 0.111263
v 0.378263 0.017849 -0.040133
v 0.379756 0.003051 0.000000
v 0.374304 0.000000 -0.036150
v 0.379756 -0.003051 0.000000
v 0.378263 -0.017849 -0.040133
v 0.378263 0.017849 0.040133
v 0.374304 0.000000 0.036150
v 0.378263 -0.017849 0.040133
v -0.122516 -0.327348 0.151147
v -0.114882 -0.308755 0.188935
v -0.133741 -0.313990 0.157907
v -0.119820 -0.305703 0.190821
v -0.151397 -0.309499 0.162179
v -0.082383 -0.302544 0.216085
v -0.097592 -0.291648 0.216398
v -0.111263 -0.284695 0.227116
v 0.040133 0.378263 -0.017849
v -0.000000 0.379756 -0.003051
v 0.036150 0.374305 0.000000
v -0.000000 0.379756 0.003051
v 0.040133 0.378263 0.017849
v -0.040133 0.378263 -0.017849
v -0.036150 0.374305 0.000000
v -0.040133 0.378263 0.017849
v -0.216084 -0.082383 -0.302544
v -0.188935 -0.114883 -0.308755
v -0.216398 -0.097592 -0.291648
v -0.190821 -0.119820 -0.305703
v -0.227116 -0.111263 -0.284695
v -0.151147 -0.122516 -0.327348
v -0.157906 -0.133741 -0.313989
v -0.162179 -0.151397 -0.309499
v 0.077210 0.249223 0.277378
v 0.103257 0.220720 0.293317
v 0.092441 0.247018 0.271036
v 0.108423 0.221189 0.290883
v 0.107313 0.253276 0.263339
v 0.101361 0.185994 0.316456
v 0.114540 0.189160 0.306794
v 0.132080 0.188435 0.303413
v -0.344969 -0.106397 -0.121196
v -0.357891 -0.067009 -0.112766
v -0.341825 -0.092889 -0.132477
v -0.357133 -0.063816 -0.117463
v -0.340023 -0.086796 -0.147862
v -0.369736 -0.041556 -0.081122
v -0.363925 -0.035032 -0.096719
v -0.364174 -0.023567 -0.108785
v 0.121196 -0.344969 0.106397
v 0.112766 -0.357892 0.067009
v 0.132477 -0.341826 0.092890
v 0.117463 -0.357133 0.063816
v 0.147862 -0.340023 0.086796
v 0.081122 -0.369736 0.041556
v 0.096719 -0.363925 0.035032
v 0.108785 -0.364174 0.023567
v -0.309498 0.162179 0.151397
v -0.305703 0.190821 0.119820
v -0.313989 0.157906 0.133741
v -0.308755 0.188935 0.114883
v -0.327348 0.151147 0.122516
v -0.284695 0.227116 0.111263
v -0.291648 0.216398 0.097592
v -0.302544 0.216084 0.082383
v -0.106397 0.121196 0.344969
v -0.067009 0.112766 0.357892
v -0.092889 0.132477 0.341826
v -0.063816 0.117463 0.357133
v -0.086796 0.147862 0.340023
v -0.041556 0.081122 0.369736
v -0.035032 0.096719 0.363925
v -0.023567 0.108785 0.364174
v -0.369736 0.041556 -0.081122
v -0.357891 0.067009 -0.112766
v -0.363925 0.035032 -0.096719
v -0.357133 0.063816 -0.117463
v -0.364174 0.023567 -0.108785
v -0.344969 0.106397 -0.121196
v -0.341825 0.092889 -0.132477
v -0.340023 0.086796 -0.147862
v -0.227116 -0.111263 0.284695
v -0.190821 -0.119820 0.305703
v -0.216398 -0.097592 0.291648
v -0.188935 -0.114883 0.308755
v -0.216084 -0.082383 0.302544
v -0.162179 -0.151397 0.309499
v -0.157906 -0.133741 0.313990
v -0.151147 -0.122516 0.327348
v 0.081122 -0.369736 -0.041556
v 0.112766 -0.357892 -0.067009
v 0.096719 -0.363925 -0.035032
v 0.117463 -0.357133 -0.063816
v 0.108785 -0.364174 -0.023567
v 0.121196 -0.344969 -0.106397
v 0.132477 -0.341826 -0.092889
v 0.147862 -0.340023 -0.086796
v 0.309499 -0.162179 0.151397
v 0.305703 -0.190821 0.119820
v 0.313989 -0.157906 0.133741
v 0.308755 -0.188935 0.114883
v 0.327348 -0.151147 0.122516
v 0.284695 -0.227116 0.111263
v 0.291648 -0.216398 0.097592
v 0.302544 -0.216085 0.082383
v 0.041556 0.081122 0.369736
v 0.067009 0.112766 0.357892
v 0.035032 0.096719 0.363925
v 0.063816 0.117463 0.357133
v 0.023567 0.108785 0.364174
v 0.106397 0.121196 0.344969
v 0.092889 0.132477 0.341826
v 0.086796 0.147862 0.340023
v 0.327348 0.151147 0.122516
v 0.308755 0.188935 0.114883
v 0.313989 0.157906 0.133741
v 0.305703 0.190821 0.119820
v 0.309499 0.162179 0.151397
v 0.302544 0.216085 0.082383
v 0.291648 0.216398 0.097592
v 0.284695 0.227116 0.111263
v 0.309498 0.162179 -0.151397
v 0.305703 0.190821 -0.119820
v 0.313989 0.157906 -0.133741
v 0.308755 0.188935 -0.114883
v 0.327348 0.151147 -0.122516
v 0.284695 0.227116 -0.111263
v 0.291648 0.216398 -0.097592
v 0.302544 0.216085 -0.082383
v 0.151397 0.309499 -0.162179
v 0.119820 0.305703 -0.190821
v 0.133741 0.313989 -0.157906
v 0.114882 0.308755 -0.188935
v 0.122516 0.327348 -0.151147
v 0.111263 0.284695 -0.227116
v 0.097592 0.291648 -0.216398
v 0.082383 0.302544 -0.216085
v -0.216084 0.082383 0.302544
v -0.188935 0.114883 0.308755
v -0.216398 0.097592 0.291648
v -0.190821 0.119820 0.305703
v -0.227116 0.111263 0.284695
v -0.151147 0.122516 0.327348
v -0.157906 0.133741 0.313990
v -0.162179 0.151397 0.309499
v -0.151397 -0.309499 -0.162179
v -0.119820 -0.305703 -0.190821
v -0.133741 -0.313989 -0.157906
v -0.114882 -0.308755 -0.188935
v -0.122516 -0.327348 -0.151147
v -0.111263 -0.284695 -0.227116
v -0.097592 -0.291648 -0.216398
v -0.082383 -0.302544 -0.216084
v -0.151397 0.309499 0.162179
v -0.119820 0.305703 0.190821
v -0.133741 0.313989 0.157907
v -0.114882 0.308755 0.188935
v -0.122516 0.327348 0.151147
v -0.111263 0.284695 0.227116
v -0.097592 0.291648 0.216398
v -0.082383 0.302544 0.216085
v 0.122516 0.327348 0.151147
v 0.114882 0.308755 0.188935
v 0.133741 0.313990 0.157906
v 0.119820 0.305703 0.190821
v 0.151397 0.309499 0.162179
v 0.082383 0.302544 0.216085
v 0.097592 0.291648 0.216398
v 0.111263 0.284695 0.227116
v -0.378263 -0.017849 -0.040133
v -0.379756 -0.003051 -0.000000
v -0.374304 0.000000 -0.036150
v -0.379756 0.003051 -0.000000
v -0.378263 0.017849 -0.040133
v -0.378263 -0.017849 0.040133
v -0.374304 0.000000 0.036150
v -0.378263 0.017849 0.040133
v -0.253276 0.263339 0.107313
v -0.221189 0.290883 0.108423
v -0.247018 0.271036 0.092441
v -0.220720 0.293317 0.103257
v -0.249223 0.277378 0.077210
v -0.188435 0.303413 0.132080
v -0.189160 0.306794 0.114540
v -0.185994 0.316456 0.101361
v 0.077210 -0.249223 -0.277378
v 0.103257 -0.220720 -0.293317
v 0.092441 -0.247018 -0.271036
v 0.108423 -0.221189 -0.290883
v 0.107313 -0.253276 -0.263339
v 0.101361 -0.185994 -0.316456
v 0.114540 -0.189160 -0.306794
v 0.132080 -0.188435 -0.303413
v 0.344969 -0.106397 0.121196
v 0.357891 -0.067009 0.112766
v 0.341825 -0.092889 0.132477
v 0.357133 -0.063816 0.117463
v 0.340023 -0.086796 0.147862
v 0.369736 -0.041556 0.081122
v 0.363925 -0.035032 0.096719
v 0.364174 -0.023567 0.108785
v -0.121196 0.344969 0.106397
v -0.112766 0.357892 0.067009
v -0.132477 0.341826 0.092889
v -0.117463 0.357133 0.063816
v -0.147862 0.340023 0.086796
v -0.081122 0.369736 0.041556
v -0.096719 0.363925 0.035032
v -0.108785 0.364174 0.023567
v 0.017849 0.040133 -0.378263
v 0.003051 -0.000000 -0.379756
v -0.000000 0.036150 -0.374305
v -0.003051 -0.000000 -0.379756
v -0.017849 0.040133 -0.378263
v 0.017849 -0.040133 -0.378263
v -0.000000 -0.036150 -0.374305
v -0.017849 -0.040133 -0.378263
v -0.106397 -0.121196 -0.344969
v -0.067009 -0.112766 -0.357891
v -0.092889 -0.132477 -0.341826
v -0.063816 -0.117463 -0.357133
v -0.086796 -0.147862 -0.340023
v -0.041556 -0.081122 -0.369736
v -0.035032 -0.096719 -0.363925
v -0.023567 -0.108785 -0.364174
v 0.369736 0.041556 0.081122
v 0.357891 0.067009 0.112766
v 0.363925 0.035032 0.096719
v 0.357133 0.063816 0.117463
v 0.364174 0.023567 0.108785
v 0.344969 0.106397 0.121197
v 0.341825 0.092889 0.132477
v 0.340023 0.086796 0.147862
v -0.081122 0.369736 -0.041556
v -0.112766 0.357892 -0.067009
v -0.096719 0.363925 -0.035032
v -0.117463 0.357133 -0.063816
v -0.108785 0.364174 -0.023567
v -0.121196 0.344969 -0.106397
v -0.132477 0.341826 -0.092889
v -0.147862 0.340023 -0.086796
v 0.041556 -0.081122 -0.369736
v 0.067009 -0.112766 -0.357891
v 0.035032 -0.096719 -0.363925
v 0.063816 -0.117463 -0.357133
v 0.023567 -0.108785 -0.364174
v 0.106397 -0.121196 -0.344969
v 0.092889 -0.132477 -0.341826
v 0.086796 -0.147862 -0.340023
v 0.227116 -0.111263 -0.284695
v 0.190821 -0.119820 -0.305703
v 0.216398 -0.097592 -0.291648
v 0.188935 -0.114882 -0.308755
v 0.216084 -0.082383 -0.302544
v 0.162179 -0.151397 -0.309499
v 0.157906 -0.133741 -0.313990
v 0.151147 -0.122516 -0.327348
v -0.121196 -0.344969 -0.106397
v -0.112766 -0.357891 -0.067009
v -0.132477 -0.341826 -0.092890
v -0.117463 -0.357133 -0.063816
v -0.147862 -0.340023 -0.086796
v -0.081122 -0.369736 -0.041556
v -0.096719 -0.363925 -0.035032
v -0.108785 -0.364174 -0.023567
v -0.132080 0.188435 -0.303413
v -0.108423 0.221189 -0.290883
v -0.114540 0.189160 -0.306794
v -0.103257 0.220720 -0.293317
v -0.101361 0.185994 -0.316456
v -0.107313 0.253276 -0.263339
v -0.092441 0.247018 -0.271036
v -0.077210 0.249223 -0.277378
v -0.303413 -0.132080 0.188435
v -0.290882 -0.108423 0.221189
v -0.306793 -0.114540 0.189160
v -0.293316 -0.103257 0.220720
v -0.316456 -0.101361 0.185994
v -0.263339 -0.107313 0.253276
v -0.271036 -0.092441 0.247018
v -0.277378 -0.077210 0.249223
v 0.122516 -0.327348 -0.151147
v 0.114882 -0.308755 -0.188935
v 0.133741 -0.313990 -0.157906
v 0.119820 -0.305703 -0.190821
v 0.151397 -0.309499 -0.162179
v 0.082383 -0.302544 -0.216085
v 0.097591 -0.291648 -0.216398
v 0.111263 -0.284695 -0.227116
v -0.188435 -0.303413 0.132080
v -0.221189 -0.290883 0.108423
v -0.189160 -0.306794 0.114540
v -0.220720 -0.293317 0.103257
v -0.185994 -0.316456 0.101361
v -0.253276 -0.263339 0.107313
v -0.247018 -0.271036 0.092441
v -0.249223 -0.277378 0.077210
v -0.122516 0.327348 -0.151147
v -0.114882 0.308755 -0.188935
v -0.133741 0.313990 -0.157906
v -0.119820 0.305703 -0.190821
v -0.151397 0.309499 -0.162179
v -0.082383 0.302544 -0.216085
v -0.097592 0.291648 -0.216398
v -0.111263 0.284695 -0.227116
v -0.132080 -0.188435 0.303413
v -0.108423 -0.221189 0.290883
v -0.114540 -0.189160 0.306794
v -0.103257 -0.220720 0.293317
v -0.101361 -0.185994 0.316456
v -0.107313 -0.253276 0.263339
v -0.092441 -0.247018 0.271036
v -0.077210 -0.249223 0.277378
v -0.237656 -0.040074 0.294832
v -0.249469 0.000000 0.288198
v -0.249385 -0.035758 0.282050
v -0.253876 0.000000 0.284536
v -0.262813 -0.039078 0.272790
v -0.237656 0.040074 0.294832
v -0.249385 0.035758 0.282050
v -0.262813 0.039078 0.272790
v -0.294832 -0.237656 0.040074
v -0.288198 -0.249469 0.000000
v -0.282050 -0.249385 0.035758
v -0.284536 -0.253876 0.000000
v -0.272790 -0.262813 0.039078
v -0.294832 -0.237656 -0.040074
v -0.282050 -0.249385 -0.035758
v -0.272790 -0.262813 -0.039078
v 0.040133 -0.378263 0.017849
v 0.000000 -0.379756 0.003051
v 0.036150 -0.374305 0.000000
v 0.000000 -0.379756 -0.003051
v 0.040133 -0.378263 -0.017849
v -0.040133 -0.378263 0.017849
v -0.036150 -0.374305 0.000000
v -0.040133 -0.378263 -0.017849
v -0.040074 -0.294832 0.237656
v -0.000000 -0.288198 0.249469
v -0.035758 -0.282050 0.249385
v -0.000000 -0.284536 0.253876
v -0.039078 -0.272790 0.262813
v 0.040074 -0.294832 0.237656
v 0.035758 -0.282050 0.249385
v 0.039078 -0.272790 0.262813
v -0.227116 0.111263 -0.284695
v -0.190821 0.119820 -0.305703
v -0.216398 0.097592 -0.291648
v -0.188935 0.114883 -0.308755
v -0.216084 0.082383 -0.302544
v -0.162179 0.151397 -0.309499
v -0.157906 0.133741 -0.313990
v -0.151147 0.122516 -0.327348
v -0.309498 -0.162179 -0.151397
v -0.305703 -0.190821 -0.119820
v -0.313989 -0.157906 -0.133741
v -0.308755 -0.188935 -0.114883
v -0.327348 -0.151147 -0.122516
v -0.284695 -0.227116 -0.111263
v -0.291648 -0.216398 -0.097592
v -0.302544 -0.216084 -0.082383
v 0.335056 0.168607 -0.065735
v 0.362151 0.098234 -0.064876
v 0.344935 0.034320 -0.157652
v 0.310616 0.055530 -0.213182
v 0.263917 0.158946 -0.223822
v 0.272812 0.207076 -0.166450
v 0.375683 0.062245 0.000000
v 0.344935 -0.034320 -0.157652
v 0.375683 -0.062245 0.000000
v 0.362151 -0.098234 -0.064876
v 0.335056 -0.168607 -0.065735
v 0.272812 -0.207076 -0.166450
v 0.263917 -0.158946 -0.223822
v 0.310616 -0.055530 -0.213182
v 0.207076 -0.166450 -0.272812
v 0.289405 0.000000 -0.247501
v 0.168607 -0.065735 -0.335057
v 0.203205 0.000000 -0.322056
v 0.207076 0.166450 -0.272812
v 0.168607 0.065735 -0.335057
v -0.168607 0.065735 -0.335057
v -0.203205 0.000000 -0.322056
v -0.289405 0.000000 -0.247501
v -0.310616 0.055530 -0.213182
v -0.263917 0.158946 -0.223822
v -0.207076 0.166450 -0.272812
v -0.168607 -0.065735 -0.335057
v -0.310616 -0.055530 -0.213182
v -0.207076 -0.166450 -0.272812
v -0.263917 -0.158946 -0.223822
v -0.272812 -0.207076 -0.166450
v -0.344935 -0.034320 -0.157652
v -0.335056 -0.168607 -0.065735
v -0.362151 -0.098234 -0.064876
v -0.375683 -0.062245 0.000000
v -0.344935 0.034320 -0.157652
v -0.375683 0.062245 0.000000
v -0.362151 0.098234 -0.064876
v -0.272812 0.207076 -0.166450
v -0.335056 0.168607 -0.065735
v 0.168607 0.065735 0.335057
v 0.203205 0.000000 0.322056
v 0.289405 0.000000 0.247502
v 0.310616 0.055530 0.213182
v 0.263917 0.158946 0.223822
v 0.207076 0.166450 0.272812
v 0.168607 -0.065735 0.335057
v 0.310616 -0.055530 0.213182
v 0.207076 -0.166450 0.272812
v 0.263917 -0.158946 0.223822
v 0.272812 -0.207076 0.166450
v 0.335056 -0.168607 0.065735
v 0.362151 -0.098234 0.064876
v 0.344935 -0.034320 0.157652
v 0.362151 0.098234 0.064876
v 0.344935 0.034320 0.157652
v 0.272812 0.207076 0.166450
v 0.335056 0.168607 0.065735
v -0.335056 0.168607 0.065735
v -0.362151 0.098234 0.064876
v -0.344935 0.034320 0.157652
v -0.310616 0.055530 0.213182
v -0.263917 0.158946 0.223822
v -0.272812 0.207076 0.166450
v -0.344935 -0.034320 0.157652
v -0.362151 -0.098234 0.064876
v -0.335056 -0.168607 0.065735
v -0.272812 -0.207076 0.166450
v -0.263917 -0.158946 0.223822
v -0.310616 -0.055530 0.213182
v -0.168607 -0.065735 0.335057
v -0.203205 0.000000 0.322056
v -0.207076 -0.166450 0.272812
v -0.289405 0.000000 0.247502
v -0.207076 0.166450 0.272812
v -0.168607 0.065735 0.335057
v 0.065735 0.335057 -0.168607
v 0.064876 0.362151 -0.098234
v 0.157651 0.344935 -0.034320
v 0.213182 0.310616 -0.055530
v 0.223822 0.263917 -0.158946
v 0.166450 0.272812 -0.207076
v -0.000000 0.375683 -0.062245
v 0.157651 0.344935 0.034320
v -0.000000 0.375683 0.062245
v 0.064876 0.362151 0.098234
v 0.065735 0.335057 0.168607
v 0.213182 0.310616 0.055530
v 0.166450 0.272812 0.207076
v 0.223822 0.263917 0.158946
v 0.247501 0.289405 0.000000
v 0.322056 0.203205 0.000000
v 0.322056 -0.203205 0.000000
v 0.247501 -0.289405 0.000000
v 0.213182 -0.310616 -0.055530
v 0.223822 -0.263917 -0.158946
v 0.213182 -0.310616 0.055530
v 0.223822 -0.263917 0.158946
v 0.166450 -0.272812 0.207076
v 0.065735 -0.335057 0.168607
v 0.064876 -0.362151 0.098234
v 0.157651 -0.344935 0.034320
v -0.000000 -0.375683 0.062245
v 0.157651 -0.344935 -0.034320
v -0.000000 -0.375683 -0.062245
v 0.064876 -0.362151 -0.098234
v 0.166450 -0.272812 -0.207076
v 0.065735 -0.335057 -0.168607
v -0.322056 0.203205 0.000000
v -0.247501 0.289405 0.000000
v -0.213182 0.310616 -0.055530
v -0.223822 0.263917 -0.158946
v -0.223822 0.263917 0.158946
v -0.213182 0.310616 0.055530
v -0.065735 0.335057 0.168607
v -0.064876 0.362151 0.098234
v -0.166450 0.272812 0.207076
v -0.157651 0.344935 0.034320
v -0.157651 0.344935 -0.034320
v -0.064876 0.362151 -0.098234
v -0.166450 0.272812 -0.207076
v -0.065735 0.335057 -0.168607
v -0.223822 -0.263917 -0.158946
v -0.166450 -0.272812 -0.207076
v -0.065735 -0.335057 -0.168607
v -0.064876 -0.362151 -0.098234
v -0.157651 -0.344935 -0.034320
v -0.213182 -0.310616 -0.055530
v -0.064876 -0.362151 0.098234
v -0.157651 -0.344935 0.034320
v -0.065735 -0.335057 0.168607
v -0.166450 -0.272812 0.207076
v -0.223822 -0.263917 0.158946
v -0.213182 -0.310616 0.055530
v -0.322056 -0.203205 0.000000
v -0.247501 -0.289405 0.000000
v 0.098234 0.064876 -0.362151
v 0.034320 0.157652 -0.344935
v 0.055530 0.213182 -0.310616
v 0.158946 0.223822 -0.263917
v 0.062245 0.000000 -0.375683
v -0.034320 0.157652 -0.344935
v -0.062245 0.000000 -0.375683
v -0.098234 0.064876 -0.362151
v -0.055530 0.213182 -0.310616
v -0.158946 0.223822 -0.263917
v -0.000000 0.322056 -0.203205
v -0.000000 0.247502 -0.289405
v -0.000000 0.322056 0.203205
v -0.000000 0.247501 0.289405
v 0.055530 0.213182 0.310616
v 0.158946 0.223822 0.263917
v -0.055530 0.213182 0.310616
v -0.158946 0.223822 0.263917
v -0.034320 0.157652 0.344935
v -0.098234 0.064876 0.362151
v -0.062245 0.000000 0.375683
v 0.034320 0.157652 0.344935
v 0.062245 0.000000 0.375683
v 0.098234 0.064876 0.362151
v -0.000000 -0.322056 -0.203205
v -0.000000 -0.247502 -0.289405
v 0.055530 -0.213182 -0.310616
v 0.158946 -0.223822 -0.263917
v -0.055530 -0.213182 -0.310616
v -0.158946 -0.223822 -0.263917
v -0.098234 -0.064876 -0.362151
v -0.034320 -0.157652 -0.344935
v 0.098234 -0.064876 -0.362151
v 0.034320 -0.157652 -0.344935
v 0.098234 -0.064876 0.362151
v 0.034320 -0.157652 0.344935
v 0.055530 -0.213182 0.310616
v 0.158946 -0.223822 0.263917
v -0.098234 -0.064876 0.362151
v -0.034320 -0.157652 0.344935
v -0.158946 -0.223822 0.263917
v -0.055530 -0.213182 0.310616
v -0.000000 -0.322056 0.203205
v -0.000000 -0.247502 0.289405
v -0.096190 0.344083 0.131782
v -0.047809 0.373985 0.053500
v -0.047809 0.373985 -0.053500
v -0.096190 0.344083 -0.131782
v -0.261036 0.242203 -0.134946
v 0.373984 -0.053500 -0.047809
v 0.242202 -0.134946 -0.261036
v 0.209138 -0.048381 -0.314536
v -0.209138 0.048381 -0.314536
v 0.290583 0.164847 -0.182754
v -0.134945 -0.261036 -0.242203
v 0.053500 -0.047809 -0.373985
v 0.164847 -0.182754 -0.290584
v 0.131782 -0.096190 -0.344083
v 0.134945 -0.261036 -0.242203
v -0.047809 -0.373985 -0.053500
v -0.314536 -0.209138 0.048381
v -0.261036 -0.242203 -0.134946
v -0.314536 -0.209138 -0.048381
v -0.047809 -0.373985 0.053500
v -0.053500 0.047809 -0.373985
v -0.164847 0.182754 -0.290584
v -0.134945 0.261036 -0.242203
v 0.048381 0.314536 -0.209138
v 0.164847 0.182754 -0.290584
v 0.242202 -0.134946 0.261036
v 0.373984 0.053500 0.047809
v 0.290583 0.164847 0.182754
v -0.344083 0.131782 0.096190
v 0.242202 0.134946 0.261036
v 0.047809 0.373985 0.053500
v 0.182754 0.290584 0.164847
v 0.314536 0.209138 0.048381
v 0.314536 0.209138 -0.048381
v 0.182754 0.290584 -0.164847
v -0.131782 -0.096190 0.344083
v -0.048381 -0.314536 0.209138
v 0.134945 -0.261036 0.242203
v 0.164847 -0.182754 0.290584
v -0.373984 -0.053500 0.047809
v -0.209138 -0.048381 0.314536
v -0.242202 0.134946 0.261036
v 0.096190 0.344083 -0.131782
v -0.290583 0.164847 0.182754
v -0.242203 -0.134946 -0.261036
v -0.344083 -0.131782 -0.096190
v -0.373984 0.053500 -0.047809
v 0.209138 0.048381 0.314536
v -0.242203 0.134946 -0.261036
v 0.344083 0.131782 0.096190
v 0.248721 0.284838 0.044920
v 0.261036 0.242203 0.134946
v -0.048381 0.314536 0.209138
v 0.072681 0.176039 0.329757
v 0.209138 -0.048381 0.314536
v 0.261036 -0.242203 0.134946
v 0.047809 -0.373985 0.053500
v 0.047809 -0.373985 -0.053500
v 0.096190 -0.344083 -0.131782
v 0.261036 -0.242203 -0.134946
v -0.329757 -0.072681 0.176039
v -0.248721 -0.284838 0.044920
v -0.176039 -0.329757 0.072681
v -0.044920 -0.248721 0.284838
v -0.072681 -0.176039 0.329757
v -0.284838 -0.044920 0.248721
v -0.344083 0.131782 -0.096190
v -0.314536 0.209138 0.048381
v -0.176039 0.329757 -0.072681
v 0.134945 0.261036 -0.242203
v -0.048381 0.314536 -0.209138
v -0.209138 -0.048381 -0.314536
v -0.290583 -0.164847 -0.182754
v -0.131782 -0.096190 -0.344083
v -0.164847 -0.182754 -0.290584
v -0.096190 -0.344083 -0.131782
v -0.248721 -0.284838 -0.044920
v -0.329757 -0.072681 -0.176039
v -0.209138 0.048381 0.314536
v -0.053500 0.047809 0.373985
v -0.072681 0.176039 0.329757
v -0.176039 0.329757 0.072681
v -0.248721 0.284838 0.044920
v -0.373984 0.053500 0.047809
v 0.209138 0.048381 -0.314536
v 0.053500 0.047809 -0.373985
v 0.044920 0.248721 -0.284838
v 0.047809 0.373985 -0.053500
v 0.248721 0.284838 -0.044920
v 0.373984 0.053500 -0.047809
v 0.290583 -0.164847 0.182754
v -0.053500 -0.047809 0.373985
v 0.048381 -0.314536 0.209138
v 0.096190 -0.344083 0.131782
v 0.182754 -0.290584 0.164847
v 0.344083 -0.131782 0.096190
v 0.329757 -0.072681 -0.176039
v 0.314536 -0.209138 0.048381
v 0.176039 -0.329757 -0.072681
v -0.048381 -0.314536 -0.209138
v 0.072681 -0.176039 -0.329757
v 0.284838 -0.044920 -0.248721
v 0.248721 -0.284838 -0.044920
v 0.290583 -0.164847 -0.182754
v 0.344083 -0.131782 -0.096190
v 0.357519 0.000000 0.131120
v 0.329757 -0.072681 0.176039
v 0.248721 -0.284838 0.044920
v -0.134945 0.261036 0.242203
v -0.131782 0.096190 0.344083
v 0.053500 0.047809 0.373985
v 0.048381 -0.314536 -0.209138
v 0.134945 0.261036 0.242203
v -0.248721 0.284838 -0.044920
v -0.329757 0.072681 -0.176039
v -0.290583 0.164847 -0.182754
v -0.357519 0.000000 0.131120
v -0.329757 0.072681 0.176039
v -0.261036 0.242203 0.134946
v -0.044920 0.248721 -0.284838
v -0.182754 -0.290584 -0.164847
v -0.182754 0.290584 -0.164847
v 0.131120 0.357519 0.000000
v 0.176039 0.329757 -0.072681
v 0.048381 0.314536 0.209138
v 0.284838 0.044920 0.248721
v 0.164847 0.182754 0.290584
v 0.131782 0.096190 0.344083
v -0.000000 -0.131120 0.357519
v 0.072681 -0.176039 0.329757
v 0.284838 -0.044920 0.248721
v -0.284838 0.044920 -0.248721
v -0.072681 0.176039 -0.329757
v -0.131782 0.096190 -0.344083
v -0.000000 -0.131120 -0.357519
v -0.072681 -0.176039 -0.329757
v -0.284838 -0.044920 -0.248721
v -0.242203 -0.134946 0.261036
v -0.164847 -0.182754 0.290584
v 0.053500 -0.047809 0.373985
v -0.000000 0.131120 0.357519
v -0.164847 0.182754 0.290584
v -0.284838 0.044920 0.248721
v -0.134945 -0.261036 0.242203
v -0.182754 -0.290584 0.164847
v -0.131120 -0.357519 0.000000
v 0.131120 -0.357519 0.000000
v 0.176039 -0.329757 0.072681
v 0.044920 -0.248721 0.284838
v 0.242202 0.134946 -0.261036
v 0.131782 -0.096190 0.344083
v -0.053500 -0.047809 -0.373985
v -0.000000 0.131120 -0.357519
v 0.072681 0.176039 -0.329757
v 0.284838 0.044920 -0.248721
v 0.044920 -0.248721 -0.284838
v -0.314536 0.209138 -0.048381
v 0.182754 -0.290584 -0.164847
v -0.096190 -0.344083 0.131782
v -0.176039 -0.329757 -0.072681
v -0.044920 -0.248721 -0.284838
v -0.261036 -0.242203 0.134946
v -0.290583 -0.164847 0.182754
v -0.344083 -0.131782 0.096190
v -0.357519 0.000000 -0.131120
v -0.373984 -0.053500 -0.047809
v 0.131782 0.096190 -0.344083
v 0.261036 0.242203 -0.134946
v 0.329757 0.072681 0.176039
v 0.373984 -0.053500 0.047809
v 0.357519 0.000000 -0.131120
v 0.329757 0.072681 -0.176039
v 0.314536 -0.209138 -0.048381
v 0.044920 0.248721 0.284838
v 0.176039 0.329757 0.072681
v 0.096190 0.344083 0.131782
v -0.131120 0.357519 0.000000
v -0.182754 0.290584 0.164847
v -0.044920 0.248721 0.284838
v 0.327240 0.124633 -0.151982
v 0.326775 0.121996 -0.155360
v 0.325089 0.125963 -0.155462
v 0.374024 0.002151 -0.076283
v 0.374024 -0.002151 -0.076283
v 0.373373 0.000000 -0.079962
v 0.326775 -0.121996 -0.155360
v 0.327240 -0.124633 -0.151981
v 0.325089 -0.125963 -0.155461
v 0.249391 -0.079178 -0.277944
v 0.248062 -0.075698 -0.280095
v 0.251377 -0.075397 -0.277355
v 0.251377 0.075397 -0.277355
v 0.248062 0.075699 -0.280095
v 0.249391 0.079178 -0.277944
v -0.248062 0.075698 -0.280095
v -0.251377 0.075397 -0.277355
v -0.249391 0.079178 -0.277944
v -0.248062 -0.075698 -0.280095
v -0.249391 -0.079178 -0.277944
v -0.251377 -0.075397 -0.277355
v -0.325089 -0.125962 -0.155462
v -0.327240 -0.124633 -0.151982
v -0.326775 -0.121995 -0.155360
v -0.374024 -0.002151 -0.076283
v -0.374024 0.002151 -0.076283
v -0.373373 0.000000 -0.079962
v -0.326775 0.121995 -0.155360
v -0.327240 0.124633 -0.151982
v -0.325089 0.125962 -0.155462
v 0.248062 0.075698 0.280095
v 0.251377 0.075397 0.277355
v 0.249391 0.079178 0.277944
v 0.248062 -0.075698 0.280095
v 0.249391 -0.079178 0.277944
v 0.251377 -0.075397 0.277355
v 0.326775 -0.121996 0.155360
v 0.325089 -0.125962 0.155462
v 0.327240 -0.124633 0.151982
v 0.374024 0.002151 0.076283
v 0.373373 0.000000 0.079962
v 0.374024 -0.002151 0.076283
v 0.326775 0.121996 0.155360
v 0.327240 0.124633 0.151982
v 0.325089 0.125962 0.155462
v -0.327240 0.124633 0.151982
v -0.326775 0.121996 0.155360
v -0.325089 0.125963 0.155462
v -0.374024 0.002151 0.076283
v -0.374024 -0.002151 0.076283
v -0.373373 0.000000 0.079962
v -0.326775 -0.121996 0.155360
v -0.327240 -0.124633 0.151981
v -0.325089 -0.125963 0.155461
v -0.248062 -0.075698 0.280095
v -0.251377 -0.075397 0.277355
v -0.249391 -0.079178 0.277944
v -0.251377 0.075397 0.277355
v -0.248062 0.075699 0.280095
v -0.249391 0.079178 0.277944
v 0.151981 0.327240 -0.124633
v 0.155360 0.326775 -0.121996
v 0.155461 0.325089 -0.125963
v 0.076283 0.374024 -0.002151
v 0.076283 0.374024 0.002151
v 0.079962 0.373373 0.000000
v 0.151981 0.327240 0.124633
v 0.155461 0.325090 0.125963
v 0.155360 0.326775 0.121996
v 0.277944 0.249391 0.079178
v 0.280095 0.248062 0.075698
v 0.277355 0.251378 0.075397
v 0.277944 0.249391 -0.079178
v 0.277355 0.251378 -0.075397
v 0.280095 0.248062 -0.075698
v 0.277944 -0.249391 -0.079178
v 0.280095 -0.248062 -0.075698
v 0.277355 -0.251378 -0.075397
v 0.280095 -0.248062 0.075698
v 0.277944 -0.249391 0.079178
v 0.277355 -0.251378 0.075397
v 0.155360 -0.326775 0.121996
v 0.155461 -0.325089 0.125963
v 0.151981 -0.327240 0.124633
v 0.076283 -0.374024 0.002151
v 0.076283 -0.374024 -0.002151
v 0.079962 -0.373373 0.000000
v 0.155461 -0.325090 -0.125963
v 0.155360 -0.326775 -0.121996
v 0.151981 -0.327240 -0.124633
v -0.277944 0.249391 -0.079178
v -0.280095 0.248062 -0.075698
v -0.277355 0.251378 -0.075397
v -0.277355 0.251378 0.075397
v -0.280095 0.248062 0.075698
v -0.277944 0.249391 0.079178
v -0.151982 0.327240 0.124633
v -0.155360 0.326775 0.121996
v -0.155461 0.325089 0.125963
v -0.076283 0.374024 -0.002151
v -0.079962 0.373373 0.000000
v -0.076283 0.374024 0.002151
v -0.155461 0.325090 -0.125963
v -0.155360 0.326775 -0.121996
v -0.151981 0.327240 -0.124633
v -0.155360 -0.326775 -0.121996
v -0.155461 -0.325089 -0.125963
v -0.151982 -0.327240 -0.124633
v -0.076283 -0.374024 0.002151
v -0.079962 -0.373373 0.000000
v -0.076283 -0.374024 -0.002151
v -0.155360 -0.326775 0.121996
v -0.151981 -0.327240 0.124633
v -0.155461 -0.325089 0.125963
v -0.280095 -0.248062 0.075698
v -0.277355 -0.251378 0.075397
v -0.277944 -0.249391 0.079178
v -0.277944 -0.249391 -0.079178
v -0.277355 -0.251378 -0.075397
v -0.280095 -0.248062 -0.075698
v 0.125962 0.155462 -0.325090
v 0.124633 0.151982 -0.327240
v 0.121995 0.155360 -0.326775
v 0.002151 0.076283 -0.374024
v -0.002151 0.076283 -0.374024
v -0.000000 0.079962 -0.373373
v -0.124633 0.151982 -0.327240
v -0.125963 0.155461 -0.325089
v -0.121996 0.155360 -0.326775
v -0.075698 0.280095 -0.248062
v -0.075397 0.277355 -0.251378
v -0.079178 0.277944 -0.249391
v 0.079178 0.277944 -0.249391
v 0.075397 0.277355 -0.251377
v 0.075698 0.280095 -0.248062
v 0.075698 0.280095 0.248062
v 0.075397 0.277355 0.251378
v 0.079178 0.277944 0.249391
v -0.075698 0.280095 0.248062
v -0.079178 0.277944 0.249391
v -0.075397 0.277355 0.251378
v -0.125962 0.155462 0.325090
v -0.124633 0.151982 0.327240
v -0.121995 0.155360 0.326775
v 0.002151 0.076283 0.374024
v -0.000000 0.079963 0.373373
v -0.002151 0.076283 0.374024
v 0.124633 0.151981 0.327240
v 0.125962 0.155461 0.325090
v 0.121995 0.155360 0.326775
v 0.075698 -0.280095 -0.248062
v 0.075397 -0.277355 -0.251378
v 0.079178 -0.277944 -0.249391
v -0.075698 -0.280095 -0.248062
v -0.079178 -0.277944 -0.249391
v -0.075397 -0.277355 -0.251377
v -0.121995 -0.155360 -0.326775
v -0.125962 -0.155461 -0.325090
v -0.124633 -0.151982 -0.327240
v 0.002151 -0.076283 -0.374024
v -0.000000 -0.079962 -0.373373
v -0.002151 -0.076283 -0.374024
v 0.125962 -0.155461 -0.325090
v 0.121996 -0.155360 -0.326775
v 0.124633 -0.151981 -0.327240
v 0.125962 -0.155461 0.325090
v 0.124633 -0.151982 0.327240
v 0.121995 -0.155360 0.326775
v -0.002151 -0.076283 0.374024
v -0.000000 -0.079962 0.373373
v 0.002151 -0.076283 0.374024
v -0.121996 -0.155360 0.326775
v -0.124633 -0.151981 0.327240
v -0.125963 -0.155461 0.325090
v -0.075698 -0.280095 0.248062
v -0.075397 -0.277355 0.251378
v -0.079178 -0.277944 0.249391
v 0.075397 -0.277355 0.251378
v 0.075698 -0.280095 0.248062
v 0.079178 -0.277944 0.249391
v 0.344808 0.095829 -0.131689
v 0.344145 0.092755 -0.135950
v 0.367564 0.036253 -0.094869
v 0.366808 0.033424 -0.099281
v 0.367564 -0.036253 -0.094869
v 0.366808 -0.033424 -0.099281
v 0.344808 -0.095829 -0.131689
v 0.344145 -0.092755 -0.135950
v 0.310721 0.113413 -0.190031
v 0.308555 0.118235 -0.190348
v 0.274052 0.090750 -0.249362
v 0.271735 0.095479 -0.249923
v -0.249330 0.036820 -0.286176
v -0.253395 0.036669 -0.282786
v -0.249330 -0.036820 -0.286177
v -0.253395 -0.036669 -0.282786
v -0.271736 -0.095479 -0.249923
v -0.274052 -0.090750 -0.249362
v -0.308555 -0.118235 -0.190348
v -0.310721 -0.113413 -0.190031
v -0.274052 0.090750 -0.249362
v -0.271736 0.095479 -0.249923
v -0.310721 0.113413 -0.190031
v -0.308555 0.118235 -0.190348
v 0.249330 0.036820 0.286177
v 0.253395 0.036669 0.282786
v 0.249330 -0.036820 0.286177
v 0.253395 -0.036669 0.282786
v 0.271736 -0.095479 0.249923
v 0.274052 -0.090750 0.249362
v 0.308555 -0.118235 0.190348
v 0.310721 -0.113413 0.190031
v 0.274052 0.090750 0.249362
v 0.271736 0.095479 0.249923
v 0.310721 0.113413 0.190031
v 0.308555 0.118235 0.190348
v -0.002781 0.037145 0.378509
v 0.002781 0.037145 0.378509
v -0.002781 -0.037145 0.378509
v 0.002781 -0.037145 0.378509
v -0.344809 0.095829 0.131689
v -0.344145 0.092755 0.135950
v -0.367564 0.036253 0.094869
v -0.366808 0.033424 0.099281
v -0.367564 -0.036253 0.094869
v -0.366808 -0.033424 0.099281
v -0.344809 -0.095829 0.131689
v -0.344145 -0.092755 0.135950
v -0.310721 0.113413 0.190031
v -0.308555 0.118235 0.190348
v -0.274052 0.090750 0.249362
v -0.271736 0.095479 0.249923
v 0.131688 0.344809 -0.095829
v 0.135950 0.344145 -0.092755
v 0.094869 0.367565 -0.036253
v 0.099281 0.366808 -0.033424
v 0.094869 0.367565 0.036253
v 0.099281 0.366808 0.033424
v 0.131688 0.344809 0.095829
v 0.135950 0.344145 0.092755
v 0.190031 0.310721 -0.113413
v 0.190348 0.308555 -0.118235
v 0.249362 0.274052 -0.090750
v 0.249923 0.271736 -0.095479
v 0.319089 -0.158345 -0.133288
v 0.316308 -0.160063 -0.137788
v 0.296132 -0.218446 -0.096144
v 0.293351 -0.220164 -0.100643
v 0.286176 -0.249330 -0.036820
v 0.282786 -0.253395 -0.036669
v 0.286176 -0.249330 0.036820
v 0.282786 -0.253395 0.036669
v 0.249923 -0.271736 0.095479
v 0.249362 -0.274052 0.090750
v 0.190348 -0.308555 0.118235
v 0.190031 -0.310721 0.113413
v 0.249362 -0.274052 -0.090750
v 0.249923 -0.271736 -0.095479
v 0.190031 -0.310721 -0.113413
v 0.190348 -0.308555 -0.118235
v -0.319089 0.158345 -0.133288
v -0.316308 0.160063 -0.137788
v -0.296132 0.218446 -0.096144
v -0.293351 0.220164 -0.100643
v -0.286176 0.249330 -0.036820
v -0.282786 0.253395 -0.036669
v -0.286176 0.249330 0.036820
v -0.282786 0.253395 0.036669
v 0.308555 -0.118235 -0.190348
v 0.310721 -0.113413 -0.190031
v 0.271736 -0.095479 -0.249923
v 0.274052 -0.090750 -0.249362
v -0.249362 0.274052 -0.090750
v -0.249923 0.271736 -0.095479
v -0.190031 0.310721 -0.113413
v -0.190348 0.308555 -0.118235
v 0.190348 0.308555 0.118235
v 0.190031 0.310721 0.113413
v 0.249923 0.271736 0.095479
v 0.249362 0.274052 0.090750
v -0.094869 -0.367565 0.036253
v -0.099281 -0.366808 0.033424
v -0.131688 -0.344809 0.095829
v -0.135950 -0.344145 0.092755
v -0.190031 -0.310721 -0.113413
v -0.190348 -0.308555 -0.118235
v -0.249362 -0.274052 -0.090750
v -0.249923 -0.271736 -0.095479
v 0.218446 0.096144 -0.296132
v 0.220164 0.100643 -0.293351
v 0.158344 0.133288 -0.319089
v 0.160063 0.137788 -0.316308
v 0.095829 0.131689 -0.344809
v 0.092755 0.135950 -0.344145
v 0.036253 0.094869 -0.367564
v 0.033424 0.099281 -0.366808
v -0.036253 0.094869 -0.367565
v -0.033424 0.099281 -0.366808
v -0.095829 0.131689 -0.344809
v -0.092755 0.135950 -0.344145
v 0.113412 0.190031 -0.310721
v 0.118235 0.190348 -0.308555
v 0.090750 0.249362 -0.274052
v 0.095479 0.249923 -0.271736
v 0.249330 -0.036820 -0.286177
v 0.253395 -0.036669 -0.282786
v 0.249330 0.036820 -0.286176
v 0.253395 0.036669 -0.282786
v 0.036820 0.286177 0.249330
v 0.036669 0.282786 0.253395
v -0.036820 0.286177 0.249330
v -0.036669 0.282786 0.253395
v -0.095479 0.249923 0.271736
v -0.090750 0.249362 0.274052
v -0.118235 0.190348 0.308555
v -0.113412 0.190031 0.310721
v 0.286176 0.249330 0.036820
v 0.282786 0.253395 0.036669
v 0.286176 0.249330 -0.036820
v 0.282786 0.253395 -0.036669
v 0.036820 -0.286177 -0.249330
v 0.036669 -0.282786 -0.253395
v -0.036820 -0.286177 -0.249330
v -0.036669 -0.282786 -0.253395
v -0.095479 -0.249923 -0.271736
v -0.090750 -0.249362 -0.274052
v -0.118235 -0.190348 -0.308555
v -0.113412 -0.190031 -0.310721
v -0.036820 0.286177 -0.249330
v -0.036669 0.282786 -0.253395
v 0.036820 0.286177 -0.249330
v 0.036669 0.282786 -0.253395
v 0.218446 -0.096144 0.296132
v 0.220164 -0.100643 0.293351
v 0.158344 -0.133288 0.319089
v 0.160063 -0.137788 0.316308
v 0.095829 -0.131689 0.344809
v 0.092755 -0.135950 0.344145
v 0.036253 -0.094869 0.367565
v 0.033424 -0.099281 0.366808
v -0.036253 -0.094869 0.367565
v -0.033424 -0.099281 0.366808
v -0.095829 -0.131689 0.344809
v -0.092755 -0.135950 0.344145
v 0.113412 -0.190031 0.310721
v 0.118235 -0.190348 0.308555
v 0.090750 -0.249362 0.274052
v 0.095479 -0.249923 0.271736
v 0.137788 -0.316308 0.160063
v 0.133288 -0.319089 0.158345
v 0.100643 -0.293351 0.220164
v 0.096144 -0.296132 0.218446
v 0.220164 0.100643 0.293351
v 0.218446 0.096144 0.296132
v 0.160063 0.137788 0.316308
v 0.158344 0.133288 0.319089
v -0.319089 -0.158345 0.133288
v -0.316308 -0.160063 0.137788
v -0.296132 -0.218446 0.096144
v -0.293351 -0.220164 0.100643
v 0.378509 0.002781 -0.037145
v 0.378509 -0.002781 -0.037145
v 0.378509 0.002781 0.037145
v 0.378509 -0.002781 0.037145
v -0.133288 -0.319089 0.158345
v -0.137788 -0.316308 0.160063
v -0.096144 -0.296132 0.218446
v -0.100643 -0.293351 0.220164
v 0.037144 0.378509 -0.002781
v 0.037144 0.378509 0.002781
v -0.037145 0.378509 -0.002781
v -0.037145 0.378509 0.002781
v -0.218446 -0.096144 -0.296132
v -0.220164 -0.100643 -0.293351
v -0.158344 -0.133288 -0.319089
v -0.160063 -0.137788 -0.316308
v 0.090750 0.249362 0.274052
v 0.095479 0.249923 0.271736
v 0.113412 0.190031 0.310721
v 0.118235 0.190348 0.308555
v -0.344809 -0.095829 -0.131689
v -0.344145 -0.092755 -0.135950
v -0.367564 -0.036253 -0.094869
v -0.366808 -0.033424 -0.099281
v 0.131688 -0.344809 0.095829
v 0.135950 -0.344145 0.092755
v 0.094869 -0.367565 0.036253
v 0.099281 -0.366808 0.033424
v -0.316308 0.160063 0.137788
v -0.319089 0.158345 0.133288
v -0.293351 0.220164 0.100643
v -0.296132 0.218446 0.096144
v -0.095829 0.131689 0.344809
v -0.092755 0.135950 0.344145
v -0.036253 0.094869 0.367565
v -0.033424 0.099281 0.366808
v -0.367564 0.036253 -0.094869
v -0.366808 0.033424 -0.099281
v -0.344809 0.095829 -0.131689
v -0.344145 0.092755 -0.135950
v -0.220164 -0.100643 0.293351
v -0.218446 -0.096144 0.296132
v -0.160063 -0.137788 0.316308
v -0.158344 -0.133288 0.319089
v 0.094869 -0.367565 -0.036253
v 0.099281 -0.366808 -0.033424
v 0.131688 -0.344809 -0.095829
v 0.135950 -0.344145 -0.092755
v 0.316308 -0.160063 0.137788
v 0.319089 -0.158345 0.133288
v 0.293351 -0.220164 0.100643
v 0.296132 -0.218446 0.096144
v 0.036253 0.094869 0.367565
v 0.033424 0.099281 0.366808
v 0.095829 0.131689 0.344809
v 0.092755 0.135950 0.344145
v 0.319089 0.158345 0.133288
v 0.316308 0.160063 0.137788
v 0.296132 0.218446 0.096144
v 0.293351 0.220164 0.100643
v 0.316308 0.160063 -0.137788
v 0.319089 0.158345 -0.133288
v 0.293351 0.220164 -0.100643
v 0.296132 0.218446 -0.096144
v 0.137788 0.316308 -0.160063
v 0.133288 0.319089 -0.158345
v 0.100643 0.293351 -0.220164
v 0.096144 0.296132 -0.218446
v -0.218446 0.096144 0.296132
v -0.220164 0.100643 0.293351
v -0.158344 0.133288 0.319089
v -0.160063 0.137788 0.316308
v -0.137788 -0.316308 -0.160063
v -0.133288 -0.319089 -0.158345
v -0.100643 -0.293351 -0.220164
v -0.096144 -0.296132 -0.218446
v -0.137788 0.316308 0.160063
v -0.133288 0.319089 0.158345
v -0.100643 0.293351 0.220164
v -0.096144 0.296132 0.218446
v 0.133288 0.319089 0.158345
v 0.137788 0.316308 0.160063
v 0.096144 0.296132 0.218446
v 0.100643 0.293351 0.220164
v -0.378509 -0.002781 -0.037145
v -0.378509 0.002781 -0.037145
v -0.378509 -0.002781 0.037145
v -0.378509 0.002781 0.037145
v -0.249923 0.271736 0.095479
v -0.249362 0.274052 0.090750
v -0.190348 0.308555 0.118235
v -0.190031 0.310721 0.113413
v 0.090750 -0.249362 -0.274052
v 0.095479 -0.249923 -0.271736
v 0.113412 -0.190031 -0.310721
v 0.118235 -0.190348 -0.308555
v 0.344808 -0.095829 0.131689
v 0.344145 -0.092755 0.135950
v 0.367564 -0.036253 0.094869
v 0.366808 -0.033424 0.099281
v -0.131688 0.344809 0.095829
v -0.135950 0.344145 0.092755
v -0.094869 0.367565 0.036253
v -0.099281 0.366808 0.033424
v 0.002781 0.037145 -0.378509
v -0.002781 0.037145 -0.378509
v 0.002781 -0.037145 -0.378509
v -0.002781 -0.037145 -0.378509
v -0.095829 -0.131689 -0.344809
v -0.092755 -0.135950 -0.344145
v -0.036253 -0.094869 -0.367565
v -0.033424 -0.099281 -0.366808
v 0.367564 0.036253 0.094869
v 0.366808 0.033424 0.099281
v 0.344808 0.095829 0.131689
v 0.344145 0.092755 0.135950
v -0.094869 0.367565 -0.036253
v -0.099281 0.366808 -0.033424
v -0.131688 0.344809 -0.095829
v -0.135950 0.344145 -0.092755
v 0.036253 -0.094869 -0.367565
v 0.033424 -0.099281 -0.366808
v 0.095829 -0.131689 -0.344809
v 0.092755 -0.135950 -0.344145
v 0.220164 -0.100643 -0.293351
v 0.218445 -0.096144 -0.296132
v 0.160063 -0.137788 -0.316308
v 0.158344 -0.133288 -0.319089
v -0.131688 -0.344809 -0.095829
v -0.135950 -0.344145 -0.092755
v -0.094869 -0.367565 -0.036253
v -0.099281 -0.366808 -0.033424
v -0.118235 0.190348 -0.308555
v -0.113413 0.190031 -0.310721
v -0.095479 0.249923 -0.271736
v -0.090750 0.249362 -0.274052
v -0.308555 -0.118235 0.190348
v -0.310721 -0.113413 0.190031
v -0.271736 -0.095479 0.249923
v -0.274052 -0.090750 0.249362
v 0.133288 -0.319089 -0.158344
v 0.137788 -0.316308 -0.160063
v 0.096144 -0.296132 -0.218446
v 0.100643 -0.293351 -0.220164
v -0.190348 -0.308555 0.118235
v -0.190031 -0.310721 0.113413
v -0.249923 -0.271736 0.095479
v -0.249362 -0.274052 0.090750
v -0.133288 0.319089 -0.158344
v -0.137788 0.316308 -0.160063
v -0.096144 0.296132 -0.218446
v -0.100643 0.293351 -0.220164
v -0.118235 -0.190348 0.308555
v -0.113413 -0.190031 0.310721
v -0.095479 -0.249923 0.271736
v -0.090750 -0.249362 0.274052
v -0.249330 -0.036820 0.286177
v -0.253395 -0.036669 0.282786
v -0.249330 0.036820 0.286177
v -0.253395 0.036669 0.282786
v -0.286176 -0.249330 0.036820
v -0.282786 -0.253395 0.036669
v -0.286176 -0.249330 -0.036820
v -0.282786 -0.253395 -0.036669
v 0.037145 -0.378509 0.002781
v 0.037145 -0.378509 -0.002781
v -0.037145 -0.378509 0.002781
v -0.037145 -0.378509 -0.002781
v -0.036820 -0.286177 0.249330
v -0.036669 -0.282786 0.253395
v 0.036820 -0.286177 0.249330
v 0.036669 -0.282786 0.253395
v -0.220164 0.100643 -0.293351
v -0.218446 0.096144 -0.296132
v -0.160063 0.137788 -0.316308
v -0.158344 0.133288 -0.319089
v -0.316308 -0.160063 -0.137788
v -0.319089 -0.158345 -0.133288
v -0.293351 -0.220164 -0.100643
v -0.296132 -0.218446 -0.096144
v 0.344083 0.131782 -0.096190
vn -0.2830 0.9120 0.2968
vn -0.3172 0.8809 0.3512
vn -0.3071 0.8615 0.4044
vn -0.2281 0.9090 0.3488
vn 0.6594 -0.5365 0.5266
vn 0.5886 -0.1705 0.7903
vn 0.5542 -0.2145 0.8042
vn 0.6309 -0.6140 0.4743
vn -0.3524 0.5857 0.7299
vn -0.3188 0.6635 0.6769
vn -0.3777 0.6771 0.6315
vn -0.4386 0.5877 0.6799
vn -0.0815 0.8797 0.4684
vn -0.3306 0.9007 0.2820
vn -0.3091 0.9201 0.2407
vn -0.0044 0.8921 0.4517
vn -0.1832 0.9737 0.1353
vn -0.1467 0.9863 0.0753
vn -0.4843 0.8688 -0.1030
vn -0.5419 0.8358 -0.0879
vn -0.4843 0.8688 0.1030
vn -0.1467 0.9863 -0.0753
vn -0.1832 0.9737 -0.1353
vn -0.5419 0.8358 0.0879
vn 0.0926 0.9941 0.0573
vn -0.0000 0.9988 0.0498
vn -0.0000 0.9822 0.1876
vn 0.1128 0.9803 0.1622
vn -0.5776 0.8150 -0.0457
vn -0.2810 0.9415 0.1859
vn -0.6004 0.7997 0.0067
vn -0.5390 0.6709 0.5094
vn -0.5869 0.6587 0.4708
vn -0.4840 0.2683 0.8329
vn -0.4044 0.3071 0.8615
vn -0.1128 0.9803 0.1622
vn -0.0926 0.9941 0.0573
vn -0.2333 0.9477 0.2178
vn -0.0000 0.8779 -0.4789
vn -0.0568 0.8889 -0.4546
vn -0.0926 0.9941 -0.0573
vn -0.1128 0.9803 -0.1622
vn -0.1025 0.9215 0.3745
vn -0.0568 0.8889 0.4546
vn -0.6709 0.5094 -0.5390
vn -0.6390 0.5900 -0.4936
vn -0.3172 0.8809 -0.3512
vn -0.3071 0.8615 -0.4044
vn -0.2830 0.9120 -0.2968
vn -0.2333 0.9477 -0.2178
vn -0.1491 0.9509 -0.2711
vn -0.2281 0.9090 -0.3488
vn -0.0000 0.9822 -0.1876
vn -0.0000 0.9342 -0.3568
vn -0.5939 0.8011 -0.0744
vn -0.6004 0.7997 -0.0067
vn -0.7149 0.6351 -0.2924
vn -0.6047 0.7944 0.0570
vn -0.5527 0.8291 0.0838
vn -0.6635 0.6769 -0.3188
vn -0.2145 0.8042 -0.5542
vn -0.2683 0.8329 -0.4840
vn -0.1517 0.8885 -0.4331
vn -0.1154 0.8393 -0.5313
vn -0.5776 0.8150 0.0457
vn -0.2810 0.9415 -0.1859
vn -0.2441 0.9602 -0.1356
vn -0.0330 0.9645 -0.2621
vn -0.3450 0.8296 -0.4391
vn -0.3273 0.8199 -0.4698
vn 0.0647 0.9640 -0.2580
vn -0.5932 -0.0998 -0.7988
vn -0.5886 -0.1705 -0.7903
vn -0.8581 -0.1096 -0.5017
vn -0.8835 -0.0585 -0.4648
vn 0.8688 0.1030 -0.4843
vn 0.9863 -0.0753 -0.1467
vn 0.9737 -0.1353 -0.1832
vn 0.8358 0.0879 -0.5419
vn -0.6587 0.4708 -0.5869
vn -0.3090 0.8090 -0.5000
vn -0.7470 0.5896 -0.3072
vn -0.6771 0.6315 -0.3777
vn -0.5037 0.8607 0.0739
vn -0.5857 0.7299 -0.3524
vn -0.3699 0.9209 -0.1231
vn -0.4192 0.8865 -0.1960
vn -0.4689 0.8660 -0.1736
vn -0.4264 0.9009 -0.0806
vn -0.5774 0.5774 -0.5774
vn -0.7008 0.5491 -0.4553
vn -0.5877 0.6799 -0.4386
vn 0.9477 -0.2178 -0.2333
vn 0.9803 -0.1622 -0.1128
vn 0.9509 -0.2711 -0.1491
vn 0.3037 0.9528 -0.0000
vn -0.0664 0.9711 0.2292
vn -0.0876 0.9490 0.3029
vn 0.3249 0.9447 0.0435
vn 0.9120 -0.2968 -0.2830
vn 0.9090 -0.3488 -0.2281
vn 0.9941 -0.0573 -0.0926
vn 0.9477 0.2178 0.2333
vn 0.9737 0.1353 0.1832
vn 0.9803 0.1622 0.1128
vn 0.9509 0.2711 0.1491
vn 0.9711 -0.2292 0.0664
vn 0.9718 -0.0957 -0.2155
vn 0.9602 -0.1356 -0.2441
vn 0.9490 -0.3029 0.0876
vn 0.6769 -0.3188 -0.6635
vn 0.6351 -0.2924 -0.7149
vn 0.7944 0.0570 -0.6047
vn 0.8291 0.0838 -0.5527
vn 0.4398 -0.3998 -0.8042
vn 0.5148 -0.3489 -0.7831
vn 0.5491 -0.4553 -0.7008
vn 0.4490 -0.4905 -0.7468
vn 0.8150 0.0457 -0.5776
vn 0.9415 -0.1859 -0.2810
vn 0.5896 -0.3072 -0.7470
vn 0.6315 -0.3777 -0.6771
vn 0.6594 -0.5365 -0.5266
vn 0.5582 -0.2714 -0.7841
vn 0.5295 -0.2904 -0.7971
vn 0.6309 -0.6141 -0.4743
vn 0.2968 -0.2830 -0.9120
vn 0.3512 -0.3172 -0.8809
vn 0.0744 -0.5939 -0.8011
vn 0.0067 -0.6004 -0.7997
vn 0.5932 0.0998 -0.7988
vn 0.5953 -0.0000 -0.8035
vn 0.5123 -0.0000 -0.8588
vn 0.5313 0.1154 -0.8393
vn 0.2910 0.1162 -0.9497
vn 0.5000 -0.3090 -0.8090
vn 0.3499 0.1215 -0.9289
vn 0.5313 -0.1154 -0.8393
vn 0.5932 -0.0998 -0.7988
vn 0.5886 -0.1705 -0.7903
vn 0.5542 -0.2145 -0.8042
vn 0.3524 -0.5857 -0.7299
vn 0.3805 -0.5020 -0.7767
vn 0.4386 -0.5877 -0.6799
vn 0.3610 -0.1478 -0.9208
vn 0.6307 -0.1151 -0.7675
vn 0.6357 -0.0650 -0.7692
vn 0.3100 -0.0920 -0.9463
vn 0.1353 0.1832 -0.9737
vn 0.0753 0.1467 -0.9863
vn -0.1030 0.4843 -0.8688
vn -0.0879 0.5419 -0.8358
vn -0.5953 -0.0000 -0.8035
vn -0.5123 -0.0000 -0.8588
vn -0.5313 -0.1154 -0.8393
vn 0.8889 -0.0000 -0.4580
vn 0.6406 -0.0000 -0.7678
vn 0.8835 -0.0585 -0.4648
vn -0.5313 0.1154 -0.8393
vn -0.5932 0.0998 -0.7988
vn -0.5886 0.1705 -0.7903
vn -0.5542 0.2145 -0.8042
vn -0.3524 0.5857 -0.7299
vn -0.3805 0.5020 -0.7767
vn -0.4490 0.4905 -0.7468
vn -0.4386 0.5877 -0.6799
vn -0.3610 0.1478 -0.9208
vn -0.6307 0.1151 -0.7675
vn -0.6357 0.0650 -0.7692
vn -0.3100 0.0920 -0.9463
vn 0.8056 0.3977 -0.4391
vn 0.9040 0.0107 -0.4273
vn 0.8876 -0.0477 -0.4581
vn 0.7767 0.3805 -0.5020
vn -0.9645 -0.2621 -0.0330
vn -0.8056 -0.3977 -0.4391
vn -0.8042 -0.4398 -0.3998
vn -0.9640 -0.2580 0.0647
vn 0.7470 0.5896 -0.3072
vn 0.7831 0.5148 -0.3489
vn 0.7008 0.5491 -0.4553
vn 0.6771 0.6315 -0.3777
vn -0.8889 -0.0000 -0.4580
vn -0.6406 -0.0000 -0.7678
vn -0.8835 0.0585 -0.4648
vn 0.8042 0.4398 -0.3998
vn 0.7468 0.4490 -0.4905
vn 0.7706 -0.0000 -0.6374
vn 0.7217 -0.0000 -0.6922
vn 0.7218 0.0942 -0.6857
vn 0.7587 0.1073 -0.6425
vn 0.9090 0.3488 -0.2281
vn 0.9120 0.2968 -0.2830
vn 0.8809 0.3512 -0.3172
vn 0.8615 0.4044 -0.3071
vn 0.8429 0.2229 0.4896
vn 0.8647 0.2307 0.4463
vn 0.6505 0.6101 0.4523
vn 0.5892 0.6390 0.4945
vn -0.3805 -0.5020 -0.7767
vn -0.3524 -0.5857 -0.7299
vn -0.4386 -0.5877 -0.6799
vn -0.4490 -0.4905 -0.7468
vn 0.9497 0.2910 0.1162
vn 0.8090 0.5000 -0.3090
vn 0.8199 0.4698 -0.3272
vn 0.9640 0.2580 0.0647
vn -0.3777 -0.6771 -0.6315
vn -0.3188 -0.6635 -0.6769
vn -0.2924 -0.7149 -0.6351
vn -0.3072 -0.7470 -0.5896
vn -0.5187 -0.6915 -0.5027
vn -0.2700 -0.6717 -0.6898
vn -0.2844 -0.6336 -0.7195
vn -0.5821 -0.6433 -0.4972
vn 0.0573 -0.0926 -0.9941
vn 0.0753 -0.1467 -0.9863
vn -0.3745 -0.1025 -0.9215
vn -0.4546 -0.0568 -0.8889
vn -0.1491 -0.9509 -0.2711
vn -0.2333 -0.9477 -0.2178
vn -0.2830 -0.9120 -0.2968
vn -0.2281 -0.9090 -0.3488
vn 0.2178 -0.2333 -0.9477
vn 0.2711 -0.1491 -0.9509
vn 0.3488 -0.2281 -0.9090
vn 0.0739 -0.5037 -0.8607
vn -0.3009 -0.5819 -0.7556
vn 0.0838 -0.5527 -0.8291
vn 0.1353 -0.1832 -0.9737
vn 0.1622 -0.1128 -0.9803
vn 0.1025 0.9215 0.3745
vn 0.1467 0.9863 -0.0753
vn 0.0926 0.9941 -0.0573
vn 0.0568 0.8889 0.4546
vn 0.2292 0.0664 -0.9711
vn 0.0957 -0.2155 -0.9718
vn 0.1356 -0.2441 -0.9602
vn 0.3029 0.0876 -0.9490
vn 0.3977 -0.4391 -0.8056
vn 0.2621 -0.0330 -0.9645
vn 0.2580 0.0647 -0.9640
vn 0.3489 -0.7831 -0.5148
vn 0.3072 -0.7470 -0.5896
vn 0.3777 -0.6771 -0.6315
vn 0.4553 -0.7008 -0.5491
vn 0.3188 -0.6635 -0.6769
vn -0.0457 -0.5776 -0.8150
vn 0.1859 -0.2810 -0.9415
vn -0.0879 -0.5419 -0.8358
vn -0.0739 -0.5037 -0.8607
vn -0.0477 -0.4581 -0.8876
vn 0.4044 -0.3071 -0.8615
vn -0.0568 -0.8889 0.4546
vn -0.1025 -0.9215 0.3745
vn -0.1467 -0.9863 -0.0753
vn -0.0926 -0.9941 -0.0573
vn -0.1215 -0.9289 -0.3499
vn -0.0695 -0.9011 -0.4280
vn 0.2924 -0.7149 -0.6351
vn -0.0000 -0.9988 -0.0498
vn -0.1128 -0.9803 -0.1622
vn -0.0000 -0.9822 -0.1876
vn 0.3568 -0.0000 -0.9342
vn 0.4331 0.1517 -0.8885
vn -0.1162 -0.9497 -0.2910
vn -0.0838 -0.5527 -0.8291
vn 0.1231 -0.3699 -0.9209
vn 0.1960 -0.4192 -0.8865
vn 0.1736 -0.4689 -0.8660
vn 0.0806 -0.4264 -0.9009
vn 0.5774 -0.5774 -0.5774
vn -0.5527 -0.8291 -0.0838
vn -0.5037 -0.8607 -0.0739
vn -0.5857 -0.7299 0.3524
vn -0.6635 -0.6769 0.3188
vn -0.1832 -0.9737 -0.1353
vn -0.4843 -0.8688 0.1030
vn -0.5419 -0.8358 0.0879
vn -0.2830 -0.9120 0.2968
vn -0.3172 -0.8809 0.3512
vn -0.5939 -0.8011 0.0744
vn -0.6004 -0.7997 0.0067
vn -0.8035 -0.5953 -0.0000
vn -0.7988 -0.5932 0.0998
vn -0.8393 -0.5313 0.1154
vn -0.8588 -0.5123 -0.0000
vn -0.7978 -0.1992 -0.5691
vn -0.8429 -0.2229 -0.4896
vn -0.8660 -0.1736 -0.4689
vn -0.8204 -0.1304 -0.5568
vn -0.0000 -0.8779 0.4789
vn -0.8042 -0.5542 0.2145
vn -0.7903 -0.5886 0.1705
vn -0.5266 -0.6594 0.5365
vn -0.4743 -0.6309 0.6140
vn -0.5017 -0.8581 0.1096
vn -0.4648 -0.8835 0.0585
vn -0.1517 -0.8885 -0.4331
vn -0.0000 -0.9342 -0.3568
vn -0.7988 -0.5932 -0.0998
vn -0.8393 -0.5313 -0.1154
vn -0.9208 -0.3610 0.1478
vn -0.7675 -0.6307 0.1151
vn -0.7692 -0.6357 0.0650
vn -0.9463 -0.3100 0.0920
vn -0.7470 -0.5896 -0.3072
vn -0.7149 -0.6351 -0.2924
vn -0.9011 -0.4280 0.0695
vn -0.9289 -0.3499 0.1215
vn -0.2333 -0.9477 0.2178
vn -0.1832 -0.9737 0.1353
vn -0.1128 -0.9803 0.1622
vn -0.1491 -0.9509 0.2711
vn -0.5020 -0.7767 -0.3805
vn -0.5857 -0.7299 -0.3524
vn -0.5877 -0.6799 -0.4386
vn -0.4905 -0.7468 -0.4490
vn -0.4580 -0.8889 -0.0000
vn -0.7678 -0.6406 -0.0000
vn -0.6771 -0.6315 -0.3777
vn -0.6635 -0.6769 -0.3188
vn -0.5037 -0.8607 0.0739
vn -0.5527 -0.8291 0.0838
vn -0.7903 -0.5886 -0.1705
vn -0.5017 -0.8581 -0.1096
vn -0.4648 -0.8835 -0.0585
vn 0.1876 -0.0000 -0.9822
vn -0.8615 -0.4044 -0.3071
vn -0.8329 -0.4840 -0.2683
vn -0.8885 -0.4331 -0.1517
vn -0.9090 -0.3488 -0.2281
vn 0.2178 0.2333 -0.9477
vn 0.2711 0.1491 -0.9509
vn 0.1622 0.1128 -0.9803
vn 0.5000 0.3090 -0.8090
vn 0.5869 0.6587 -0.4708
vn 0.5390 0.6709 -0.5094
vn 0.4698 0.3272 -0.8199
vn -0.8042 -0.5542 -0.2145
vn -0.4708 -0.5869 -0.6587
vn -0.4743 -0.6309 -0.6140
vn 0.1491 -0.9509 -0.2711
vn 0.1128 -0.9803 -0.1622
vn -0.2178 0.2333 -0.9477
vn -0.1353 0.1832 -0.9737
vn -0.1622 0.1128 -0.9803
vn -0.2711 0.1491 -0.9509
vn -0.1467 -0.9863 0.0753
vn -0.0926 -0.9941 0.0573
vn -0.0568 -0.8889 -0.4546
vn -0.0000 -0.8779 -0.4789
vn -0.0000 -0.9988 0.0498
vn -0.0000 -0.9822 0.1876
vn -0.0000 -0.9342 0.3568
vn -0.2968 0.2830 -0.9120
vn -0.3488 0.2281 -0.9090
vn -0.5776 -0.8150 -0.0457
vn -0.2810 -0.9415 0.1859
vn -0.2441 -0.9602 0.1356
vn -0.5419 -0.8358 -0.0879
vn -0.0753 0.1467 -0.9863
vn -0.0573 0.0926 -0.9941
vn 0.5390 -0.6709 -0.5094
vn 0.4936 -0.6390 -0.5900
vn -0.2292 -0.0664 -0.9711
vn -0.0957 0.2155 -0.9718
vn -0.1356 0.2441 -0.9602
vn -0.3029 -0.0876 -0.9490
vn -0.3029 0.0876 -0.9490
vn -0.2292 0.0664 -0.9711
vn -0.0000 -0.3037 -0.9528
vn -0.0435 -0.3249 -0.9447
vn -0.3188 0.6635 -0.6769
vn -0.3777 0.6771 -0.6315
vn 0.0457 0.5776 -0.8150
vn -0.1859 0.2810 -0.9415
vn 0.0879 0.5419 -0.8358
vn -0.3977 0.4391 -0.8056
vn -0.4398 0.3998 -0.8042
vn 0.5691 0.7978 0.1992
vn 0.6421 0.7487 0.1647
vn 0.6425 0.7587 0.1073
vn 0.5568 0.8204 0.1304
vn -0.6101 0.4523 -0.6505
vn -0.3411 0.4855 -0.8049
vn -0.3246 0.5285 -0.7845
vn -0.6390 0.4945 -0.5892
vn -0.2924 0.7149 -0.6351
vn 0.0570 0.6047 -0.7944
vn 0.0838 0.5527 -0.8291
vn 0.6141 0.4743 -0.6309
vn 0.5365 0.5266 -0.6594
vn 0.1705 0.7903 -0.5886
vn 0.2145 0.8042 -0.5542
vn -0.3998 0.8042 -0.4398
vn -0.3489 0.7831 -0.5148
vn -0.4553 0.7008 -0.5491
vn -0.4905 0.7468 -0.4490
vn 0.0739 0.5037 -0.8607
vn -0.3009 0.5819 -0.7556
vn 0.0477 0.4581 -0.8876
vn -0.3072 0.7470 -0.5896
vn 0.1162 0.9497 -0.2910
vn 0.1215 0.9289 -0.3499
vn 0.0998 0.7988 -0.5932
vn 0.1154 0.8393 -0.5313
vn 0.1096 0.5017 -0.8581
vn 0.0585 0.4648 -0.8835
vn 0.4689 0.8660 -0.1736
vn 0.4264 0.9009 -0.0806
vn 0.5257 0.8507 -0.0000
vn 0.5568 0.8204 -0.1304
vn 0.2580 -0.0647 -0.9640
vn 0.2621 0.0330 -0.9645
vn 0.3977 0.4391 -0.8056
vn 0.4398 0.3998 -0.8042
vn 0.3071 0.8615 -0.4044
vn 0.2683 0.8329 -0.4840
vn 0.1517 0.8885 -0.4331
vn 0.2281 0.9090 -0.3488
vn -0.0000 0.8588 -0.5123
vn 0.0107 0.4273 -0.9040
vn -0.0477 0.4581 -0.8876
vn 0.3805 0.5020 -0.7767
vn 0.5148 0.3489 -0.7831
vn 0.4490 0.4905 -0.7468
vn 0.5491 0.4553 -0.7008
vn 0.2910 -0.1162 -0.9497
vn -0.1353 0.1832 0.9737
vn -0.2178 0.2333 0.9477
vn -0.2711 0.1491 0.9509
vn -0.1622 0.1128 0.9803
vn -0.5000 0.3090 0.8090
vn -0.4698 0.3273 0.8199
vn -0.0739 0.5037 -0.8607
vn 0.3524 0.5857 -0.7299
vn -0.0000 0.6922 -0.7217
vn 0.0942 0.6857 -0.7218
vn 0.1073 0.6425 -0.7587
vn -0.0000 0.6374 -0.7706
vn 0.5774 0.5774 -0.5774
vn 0.4386 0.5877 -0.6799
vn 0.7299 -0.3524 0.5857
vn 0.6769 -0.3188 0.6635
vn 0.6315 -0.3777 0.6771
vn 0.6799 -0.4386 0.5877
vn 0.3777 0.6771 -0.6315
vn 0.4553 0.7008 -0.5491
vn 0.7767 -0.3805 0.5020
vn 0.7468 -0.4490 0.4905
vn 0.6351 -0.2924 0.7149
vn 0.5896 -0.3072 0.7470
vn 0.2711 -0.1491 0.9509
vn 0.2178 -0.2333 0.9477
vn 0.2968 -0.2830 0.9120
vn 0.3488 -0.2281 0.9090
vn 0.5027 -0.5187 0.6915
vn 0.6898 -0.2700 0.6717
vn 0.7195 -0.2844 0.6336
vn 0.4972 -0.5821 0.6433
vn -0.0998 -0.7988 0.5932
vn -0.1705 -0.7903 0.5886
vn -0.2145 -0.8042 0.5542
vn -0.1154 -0.8393 0.5313
vn 0.9941 0.0573 0.0926
vn 0.9863 0.0753 0.1467
vn 0.9215 -0.3745 0.1025
vn 0.8889 -0.4546 0.0568
vn -0.0573 -0.0926 0.9941
vn -0.0753 -0.1467 0.9863
vn 0.3745 -0.1025 0.9215
vn 0.4546 -0.0568 0.8889
vn 0.9120 0.2968 0.2830
vn 0.9090 0.3488 0.2281
vn 0.8607 0.0739 0.5037
vn 0.7556 -0.3009 0.5819
vn 0.8291 0.0838 0.5527
vn 0.0926 -0.9941 0.0573
vn 0.1467 -0.9863 0.0753
vn 0.1832 -0.9737 0.1353
vn 0.1128 -0.9803 0.1622
vn 0.1030 -0.4843 0.8688
vn -0.1353 -0.1832 0.9737
vn 0.0879 -0.5419 0.8358
vn 0.9711 0.2292 -0.0664
vn 0.9718 0.0957 0.2155
vn 0.9602 0.1356 0.2441
vn 0.9490 0.3029 -0.0876
vn 0.8056 0.3977 0.4391
vn 0.9645 0.2621 0.0330
vn 0.9640 0.2580 -0.0647
vn 0.8042 0.4398 0.3998
vn 0.6769 0.7221 0.1426
vn 0.9208 0.3610 0.1478
vn 0.9463 0.3100 0.0920
vn 0.6857 0.7218 0.0942
vn 0.7299 0.3524 0.5857
vn 0.8607 -0.0739 0.5037
vn 0.8876 -0.0477 0.4581
vn 0.7767 0.3805 0.5020
vn 0.8150 -0.0457 0.5776
vn 0.9415 0.1859 0.2810
vn 0.8358 -0.0879 0.5419
vn 0.7468 0.4490 0.4905
vn 0.9497 0.2910 -0.1162
vn 0.7831 0.5148 0.3489
vn 0.8035 0.5953 -0.0000
vn 0.7988 0.5932 0.0998
vn 0.8393 0.5313 0.1154
vn 0.8588 0.5123 -0.0000
vn 0.5774 0.5773 0.5774
vn 0.6799 0.4386 0.5877
vn 0.7008 0.5491 0.4553
vn -0.9477 0.2178 0.2333
vn -0.9120 0.2968 0.2830
vn -0.9090 0.3488 0.2281
vn -0.9509 0.2711 0.1491
vn -0.0998 0.7988 0.5932
vn -0.1705 0.7903 0.5886
vn -0.1096 0.5017 0.8581
vn -0.0585 0.4648 0.8835
vn -0.9737 0.1353 0.1832
vn -0.9803 0.1622 0.1128
vn -0.1960 0.4192 0.8865
vn -0.1231 0.3699 0.9209
vn -0.0806 0.4264 0.9009
vn -0.1736 0.4689 0.8660
vn -0.0000 0.0369 0.9993
vn -0.0000 0.0736 0.9973
vn 0.3745 0.1025 0.9215
vn 0.4546 0.0568 0.8889
vn -0.8809 0.3512 0.3172
vn -0.8615 0.4044 0.3071
vn -0.5857 0.7299 0.3524
vn -0.6635 0.6769 0.3188
vn -0.6771 0.6315 0.3777
vn -0.5877 0.6799 0.4386
vn -0.8797 0.4684 0.0815
vn -0.9007 0.2820 0.3306
vn -0.9201 0.2407 0.3091
vn -0.8921 0.4517 0.0044
vn 0.6351 0.2924 0.7149
vn 0.7944 -0.0570 0.6047
vn 0.8291 -0.0838 0.5527
vn 0.6769 0.3188 0.6635
vn 0.6309 0.6141 -0.4743
vn 0.6594 0.5365 -0.5266
vn 0.5886 0.1705 -0.7903
vn 0.5542 0.2145 -0.8042
vn 0.4398 0.3998 0.8042
vn 0.5148 0.3489 0.7831
vn 0.5491 0.4553 0.7008
vn 0.4490 0.4905 0.7468
vn -0.8150 -0.0457 0.5776
vn -0.9415 0.1859 0.2810
vn -0.7997 0.0067 0.6004
vn 0.5896 0.3072 0.7470
vn 0.6315 0.3777 0.6771
vn 0.9009 0.0806 0.4264
vn 0.9209 0.1231 0.3699
vn 0.8865 0.1960 0.4192
vn 0.8660 0.1736 0.4689
vn 0.6594 0.5365 0.5266
vn 0.5582 0.2714 0.7841
vn 0.5295 0.2904 0.7971
vn 0.6309 0.6140 0.4743
vn 0.2333 0.9477 0.2178
vn 0.1832 0.9737 0.1353
vn 0.1491 0.9509 0.2711
vn -0.0000 0.9342 0.3568
vn 0.2910 -0.1161 0.9497
vn 0.5000 0.3090 0.8090
vn 0.3499 -0.1215 0.9289
vn 0.1467 0.9863 0.0753
vn 0.0568 0.8889 -0.4546
vn -0.7831 0.5148 -0.3489
vn 0.2155 0.9718 0.0957
vn 0.2441 0.9602 0.1356
vn 0.5857 0.7299 0.3524
vn 0.5020 0.7767 0.3805
vn 0.4905 0.7468 0.4490
vn 0.5877 0.6799 0.4386
vn -0.3037 0.9528 -0.0000
vn 0.0664 0.9711 -0.2292
vn 0.0876 0.9490 -0.3029
vn -0.3249 0.9447 -0.0435
vn 0.3489 0.7831 -0.5148
vn 0.3998 0.8042 -0.4398
vn 0.4905 0.7468 -0.4490
vn 0.5776 0.8150 -0.0457
vn 0.2810 0.9415 0.1859
vn 0.5419 0.8358 -0.0879
vn 0.7487 0.1647 0.6421
vn 0.7221 0.1426 0.6769
vn 0.7218 0.0942 0.6857
vn 0.7587 0.1073 0.6425
vn 0.4391 0.8056 0.3977
vn 0.3998 0.8042 0.4398
vn -0.0000 0.8588 0.5123
vn -0.0000 0.8035 0.5953
vn 0.0998 0.7988 0.5932
vn 0.1154 0.8393 0.5313
vn 0.4523 0.6505 0.6101
vn 0.4855 0.8049 0.3411
vn 0.5285 0.7845 0.3245
vn 0.4945 0.5892 0.6390
vn -0.6140 0.4743 0.6309
vn -0.5365 0.5266 0.6594
vn -0.2145 0.8042 0.5542
vn 0.7988 0.5932 -0.0998
vn 0.8393 0.5313 -0.1154
vn 0.5037 0.8607 -0.0739
vn 0.5819 0.7556 0.3009
vn 0.4581 0.8876 -0.0477
vn 0.7903 0.5886 0.1705
vn 0.8042 0.5542 0.2145
vn 0.7675 0.6307 0.1151
vn 0.7692 0.6357 0.0650
vn 0.7903 0.5886 -0.1705
vn 0.5017 0.8581 -0.1096
vn 0.4648 0.8835 -0.0585
vn -0.0647 0.9640 -0.2580
vn 0.0330 0.9645 -0.2621
vn 0.4391 0.8056 -0.3977
vn 0.8329 0.4840 -0.2683
vn 0.8885 0.4331 -0.1517
vn 0.4580 0.8889 -0.0000
vn 0.7678 0.6406 -0.0000
vn 0.4648 0.8835 0.0585
vn 0.8042 0.5542 -0.2145
vn 0.4708 0.5869 -0.6587
vn 0.4743 0.6309 -0.6140
vn 0.4192 -0.8865 -0.1960
vn 0.4463 -0.8647 -0.2307
vn 0.4896 -0.8429 -0.2229
vn 0.4689 -0.8660 -0.1736
vn 0.5020 0.7767 -0.3805
vn 0.4273 0.9040 -0.0107
vn 0.4581 0.8876 0.0477
vn 0.8042 -0.4398 0.3998
vn 0.8056 -0.3977 0.4391
vn -0.5390 -0.6709 0.5094
vn -0.4936 -0.6390 0.5900
vn -0.3512 -0.3172 0.8809
vn -0.4044 -0.3071 0.8615
vn 0.3072 0.7470 -0.5896
vn 0.6374 0.7706 -0.0000
vn 0.6922 0.7217 -0.0000
vn 0.6857 0.7218 -0.0942
vn 0.6425 0.7587 -0.1073
vn -0.4840 -0.2683 0.8329
vn -0.3488 -0.2281 0.9090
vn -0.4331 -0.1517 0.8885
vn -0.2968 -0.2830 0.9120
vn -0.0744 -0.5939 0.8011
vn -0.0067 -0.6004 0.7997
vn -0.5542 -0.2145 0.8042
vn -0.5313 -0.1154 0.8393
vn -0.1162 0.9497 -0.2910
vn 0.3090 0.8090 -0.5000
vn 0.3272 0.8199 -0.4698
vn -0.5869 -0.6587 0.4708
vn -0.5365 -0.5266 0.6594
vn -0.6141 -0.4743 0.6309
vn -0.1096 -0.5017 0.8581
vn -0.0585 -0.4648 0.8835
vn -0.1622 -0.1128 0.9803
vn -0.1876 -0.0000 0.9822
vn -0.3568 -0.0000 0.9342
vn -0.2711 -0.1491 0.9509
vn -0.1478 -0.9208 0.3610
vn -0.1151 -0.7675 0.6307
vn -0.0650 -0.7692 0.6357
vn -0.0920 -0.9463 0.3100
vn 0.2830 -0.9120 -0.2968
vn 0.2333 -0.9477 -0.2178
vn 0.2281 -0.9090 -0.3488
vn 0.2810 -0.9415 -0.1859
vn 0.5776 -0.8150 0.0457
vn 0.6004 -0.7997 -0.0067
vn 0.3091 -0.9201 -0.2407
vn 0.0998 -0.7988 0.5932
vn -0.0000 -0.8035 0.5953
vn -0.0000 -0.8588 0.5123
vn 0.1154 -0.8393 0.5313
vn -0.1517 -0.8885 0.4331
vn 0.6004 -0.7997 0.0067
vn 0.5939 -0.8011 0.0744
vn 0.3172 -0.8809 0.3512
vn 0.2830 -0.9120 0.2968
vn 0.3805 -0.5020 0.7767
vn 0.3524 -0.5857 0.7299
vn 0.4386 -0.5877 0.6799
vn 0.4490 -0.4905 0.7468
vn -0.0000 -0.4580 0.8889
vn -0.0000 -0.7678 0.6406
vn 0.3777 -0.6771 0.6315
vn 0.3188 -0.6635 0.6769
vn 0.2924 -0.7149 0.6351
vn 0.3072 -0.7470 0.5896
vn -0.0739 -0.5037 0.8607
vn -0.0838 -0.5527 0.8291
vn 0.3977 -0.4391 0.8056
vn 0.0107 -0.4273 0.9040
vn -0.0477 -0.4581 0.8876
vn -0.8688 0.1030 0.4843
vn -0.9863 -0.0753 0.1467
vn -0.9737 -0.1353 0.1832
vn -0.8358 0.0879 0.5419
vn -0.5123 -0.0000 0.8588
vn 0.4398 -0.3998 0.8042
vn -0.0000 -0.6374 0.7706
vn -0.0000 -0.6922 0.7217
vn 0.0942 -0.6857 0.7218
vn 0.1073 -0.6425 0.7587
vn -0.8581 -0.1096 0.5017
vn -0.5886 -0.1705 0.7903
vn -0.5932 -0.0998 0.7988
vn -0.8835 -0.0585 0.4648
vn -0.9120 -0.2968 0.2830
vn -0.9477 -0.2178 0.2333
vn -0.9509 -0.2711 0.1491
vn -0.9090 -0.3488 0.2281
vn -0.9803 -0.1622 0.1128
vn -0.9941 -0.0573 0.0926
vn -0.9711 -0.2292 -0.0664
vn -0.9718 -0.0957 0.2155
vn -0.9602 -0.1356 0.2441
vn -0.9490 -0.3029 -0.0876
vn -0.6594 -0.5365 0.5266
vn -0.6309 -0.6140 0.4743
vn -0.9528 -0.0000 -0.3037
vn -0.9711 0.2292 0.0664
vn -0.9490 0.3029 0.0876
vn -0.9447 0.0435 -0.3249
vn -0.5932 0.0998 0.7988
vn -0.5953 -0.0000 0.8035
vn -0.5313 0.1154 0.8393
vn -0.8150 0.0457 0.5776
vn -0.9415 -0.1859 0.2810
vn -0.9497 -0.2910 0.1162
vn -0.7831 -0.5148 -0.3489
vn -0.3524 -0.5857 0.7299
vn -0.3805 -0.5020 0.7767
vn -0.4490 -0.4905 0.7468
vn -0.4386 -0.5877 0.6799
vn -0.3610 -0.1478 0.9208
vn -0.6307 -0.1151 0.7675
vn -0.6357 -0.0650 0.7692
vn -0.3100 -0.0920 0.9463
vn -0.7299 0.3524 0.5857
vn -0.6769 0.3188 0.6635
vn -0.6315 0.3777 0.6771
vn -0.6799 0.4386 0.5877
vn -0.4331 0.1517 0.8885
vn 0.5939 0.8011 -0.0744
vn 0.3172 0.8809 -0.3512
vn 0.2830 0.9120 -0.2968
vn 0.6004 0.7997 -0.0067
vn -0.8889 -0.0000 0.4580
vn -0.6406 -0.0000 0.7678
vn -0.6351 0.2924 0.7149
vn -0.5896 0.3072 0.7469
vn -0.8607 -0.0739 0.5037
vn -0.8291 -0.0838 0.5527
vn 0.2333 0.9477 -0.2178
vn 0.1491 0.9509 -0.2711
vn -0.7487 0.1647 0.6421
vn -0.7221 0.1426 0.6769
vn -0.5027 0.5187 0.6915
vn -0.4972 0.5821 0.6434
vn 0.1832 0.9737 -0.1353
vn 0.1128 0.9803 -0.1622
vn -0.7767 -0.3805 -0.5020
vn -0.7299 -0.3524 -0.5857
vn -0.6799 -0.4386 -0.5877
vn -0.7468 -0.4490 -0.4905
vn 0.2810 0.9415 -0.1859
vn 0.5776 0.8150 0.0457
vn 0.5419 0.8358 0.0879
vn 0.2441 0.9602 -0.1356
vn 0.6587 0.4708 -0.5869
vn 0.6709 0.5094 -0.5390
vn 0.3188 0.6635 -0.6769
vn 0.0815 0.8797 -0.4684
vn 0.3306 0.9007 -0.2820
vn 0.3091 0.9201 -0.2407
vn 0.0044 0.8921 -0.4517
vn -0.9640 0.2580 -0.0647
vn -0.9645 0.2621 0.0330
vn -0.8056 0.3977 0.4391
vn -0.8042 0.4398 0.3998
vn 0.6421 0.7487 -0.1647
vn 0.6769 0.7221 -0.1426
vn 0.6915 0.5027 -0.5187
vn 0.6433 0.4972 -0.5821
vn -0.7008 0.5491 0.4553
vn -0.7468 0.4490 0.4905
vn -0.5774 0.5774 0.5774
vn -0.7767 0.3805 0.5020
vn -0.8876 -0.0477 0.4581
vn -0.7706 -0.0000 0.6374
vn -0.7217 -0.0000 0.6922
vn -0.7218 0.0942 0.6857
vn -0.7587 0.1073 0.6425
vn -0.5900 0.4936 0.6390
vn -0.8296 0.4391 0.3450
vn -0.8199 0.4698 0.3272
vn -0.5094 0.5390 0.6709
vn -0.6769 -0.3188 -0.6635
vn -0.6315 -0.3777 -0.6771
vn -0.1992 0.5691 -0.7978
vn -0.1647 0.6421 -0.7487
vn -0.1073 0.6425 -0.7587
vn -0.1304 0.5568 -0.8204
vn -0.1426 0.6769 -0.7221
vn -0.1478 0.9208 -0.3610
vn -0.0920 0.9463 -0.3100
vn -0.0942 0.6857 -0.7218
vn -0.9477 -0.2178 -0.2333
vn -0.9120 -0.2968 -0.2830
vn -0.9509 -0.2711 -0.1491
vn -0.9497 0.2910 -0.1162
vn -0.8090 0.5000 0.3090
vn -0.6351 -0.2924 -0.7149
vn -0.5896 -0.3072 -0.7470
vn -0.2178 -0.2333 -0.9477
vn -0.2968 -0.2830 -0.9120
vn -0.3488 -0.2281 -0.9090
vn -0.2711 -0.1491 -0.9509
vn -0.5027 -0.5187 -0.6915
vn -0.6898 -0.2700 -0.6717
vn -0.7195 -0.2844 -0.6336
vn -0.4972 -0.5821 -0.6433
vn -0.4044 -0.3071 -0.8615
vn -0.3512 -0.3172 -0.8809
vn -0.4936 -0.6390 -0.5900
vn -0.5390 -0.6709 -0.5094
vn -0.9737 -0.1353 -0.1832
vn -0.9803 -0.1622 -0.1128
vn -0.8607 0.0739 -0.5037
vn -0.7556 -0.3009 -0.5819
vn -0.8291 0.0838 -0.5527
vn -0.8809 -0.3512 -0.3172
vn -0.5094 -0.5390 -0.6709
vn -0.4843 -0.8688 -0.1030
vn -0.8797 -0.4684 -0.0815
vn -0.9007 -0.2820 -0.3306
vn -0.9201 -0.2408 -0.3091
vn -0.8921 -0.4517 -0.0044
vn -0.9477 0.2178 -0.2333
vn -0.9737 0.1353 -0.1832
vn -0.9803 0.1622 -0.1128
vn -0.9509 0.2711 -0.1491
vn 0.4044 0.3071 -0.8615
vn 0.3512 0.3172 -0.8809
vn 0.4936 0.6390 -0.5900
vn 0.5953 -0.0000 0.8035
vn 0.5932 0.0998 0.7988
vn 0.5313 0.1154 0.8393
vn 0.5123 -0.0000 0.8588
vn -0.8150 0.0457 -0.5776
vn -0.9415 -0.1859 -0.2810
vn -0.7997 -0.0067 -0.6004
vn -0.9863 0.0753 -0.1467
vn -0.9941 0.0573 -0.0926
vn -0.9718 0.0957 -0.2155
vn -0.9602 0.1356 -0.2441
vn -0.7988 0.5932 0.0998
vn -0.7903 0.5886 0.1705
vn -0.5017 0.8581 0.1096
vn -0.4648 0.8835 0.0585
vn 0.5932 -0.0998 0.7988
vn 0.5313 -0.1154 0.8393
vn -0.8150 -0.0457 -0.5776
vn -0.9415 0.1859 -0.2810
vn -0.8358 -0.0879 -0.5419
vn 0.5886 0.1705 0.7903
vn 0.5542 0.2145 0.8042
vn 0.4386 0.5877 0.6799
vn 0.3524 0.5857 0.7299
vn 0.3805 0.5020 0.7767
vn 0.3610 0.1478 0.9208
vn 0.6307 0.1151 0.7675
vn 0.6357 0.0650 0.7692
vn 0.3100 0.0920 0.9463
vn -0.6351 0.2924 -0.7149
vn -0.7944 -0.0570 -0.6047
vn -0.8291 -0.0838 -0.5527
vn -0.6769 0.3188 -0.6635
vn 0.5094 0.5390 0.6709
vn 0.5900 0.4936 0.6390
vn 0.8809 0.3512 0.3172
vn 0.8615 0.4044 0.3071
vn 0.8889 -0.0000 0.4580
vn 0.6406 -0.0000 0.7678
vn 0.8835 0.0585 0.4648
vn -0.5896 0.3072 -0.7470
vn -0.6315 0.3777 -0.6771
vn -0.9209 0.1231 -0.3699
vn -0.8865 0.1960 -0.4192
vn -0.8660 0.1736 -0.4689
vn -0.9009 0.0806 -0.4264
vn 0.6433 0.4972 0.5821
vn 0.6915 0.5027 0.5187
vn -0.5491 -0.4553 -0.7008
vn -0.5148 -0.3489 -0.7831
vn -0.4398 -0.3998 -0.8042
vn -0.9490 0.3029 -0.0876
vn -0.9711 0.2292 -0.0664
vn -0.9528 -0.0000 0.3037
vn -0.9447 0.0435 0.3249
vn -0.2910 -0.1162 -0.9497
vn -0.5000 0.3090 -0.8090
vn -0.5295 0.2904 -0.7971
vn -0.3499 -0.1215 -0.9289
vn 0.7997 0.0067 0.6004
vn 0.9640 -0.2580 -0.0647
vn 0.9645 -0.2621 0.0330
vn 0.5692 0.5352 0.6242
vn 0.4708 0.5869 0.6587
vn 0.8090 0.5000 0.3090
vn 0.8199 0.4698 0.3272
vn -0.8885 0.4331 0.1517
vn -0.9342 0.3568 -0.0000
vn 0.9549 0.2968 -0.0000
vn 0.6635 0.6769 0.3188
vn 0.7149 0.6351 0.2924
vn 0.6047 0.7944 -0.0570
vn 0.5527 0.8291 -0.0838
vn 0.9289 0.3499 -0.1215
vn 0.9011 0.4280 -0.0695
vn 0.7470 0.5896 0.3072
vn 0.9822 0.1876 -0.0000
vn 0.9988 0.0498 -0.0000
vn 0.9941 0.0573 -0.0926
vn 0.9803 0.1622 -0.1128
vn 0.6771 0.6315 0.3777
vn -0.0498 -0.0000 -0.9988
vn -0.1876 -0.0000 -0.9822
vn -0.3091 -0.9201 0.2408
vn 0.4517 0.0044 0.8921
vn 0.4684 0.0815 0.8797
vn 0.2307 0.4463 0.8647
vn 0.1960 0.4192 0.8865
vn -0.1154 0.8393 0.5313
vn -0.2683 0.8329 0.4840
vn -0.6587 0.4708 0.5869
vn 0.5900 0.4936 -0.6390
vn 0.8296 0.4391 -0.3450
vn 0.5094 0.5390 -0.6709
vn 0.2229 0.4896 0.8429
vn 0.6101 0.4523 0.6505
vn 0.6390 0.4945 0.5892
vn -0.0477 0.4581 0.8876
vn 0.0107 0.4273 0.9040
vn 0.3977 0.4391 0.8056
vn 0.0435 0.3249 0.9447
vn 0.1231 0.3699 0.9209
vn 0.0806 0.4264 0.9009
vn -0.0000 0.3616 0.9323
vn 0.5857 -0.7299 0.3524
vn 0.6635 -0.6769 0.3188
vn 0.6771 -0.6315 0.3777
vn 0.5877 -0.6799 0.4386
vn 0.7978 0.1992 0.5691
vn 0.8204 0.1304 0.5568
vn 0.1736 0.4689 0.8660
vn 0.3858 -0.0550 0.9210
vn 0.8581 -0.1096 0.5017
vn 0.8835 -0.0585 0.4648
vn -0.2580 -0.0647 0.9640
vn -0.2621 0.0330 0.9645
vn -0.3977 0.4391 0.8056
vn -0.4398 0.3998 0.8042
vn 0.4044 -0.3071 0.8615
vn 0.4840 -0.2683 0.8329
vn 0.4331 -0.1517 0.8885
vn 0.4743 0.6309 0.6141
vn 0.7971 0.5295 0.2904
vn 0.4280 0.0695 0.9011
vn 0.5582 -0.2714 0.7841
vn 0.5295 -0.2904 0.7971
vn 0.3499 0.1215 0.9289
vn 0.7706 -0.0000 0.6374
vn 0.8507 -0.0000 0.5257
vn -0.1353 -0.1832 -0.9737
vn -0.0753 -0.1467 -0.9863
vn 0.1030 -0.4843 -0.8688
vn 0.0879 -0.5419 -0.8358
vn 0.1025 -0.9215 -0.3745
vn 0.0568 -0.8889 -0.4546
vn 0.5869 -0.6587 0.4708
vn 0.5000 -0.3090 0.8090
vn 0.7149 -0.6351 0.2924
vn 0.7470 -0.5896 0.3072
vn 0.9289 -0.3499 -0.1215
vn 0.9497 -0.2909 -0.1162
vn 0.7831 -0.5148 0.3489
vn 0.7008 -0.5491 0.4553
vn 0.5774 -0.5774 0.5774
vn 0.4843 -0.8688 -0.1030
vn 0.5419 -0.8358 -0.0879
vn 0.8809 -0.3512 0.3172
vn 0.5900 -0.4936 0.6390
vn 0.5094 -0.5390 0.6709
vn 0.8615 -0.4044 0.3071
vn 0.1025 -0.9215 0.3745
vn 0.0736 -0.9973 -0.0000
vn 0.0369 -0.9993 -0.0000
vn 0.0568 -0.8889 0.4546
vn 0.5037 -0.8607 -0.0739
vn 0.5819 -0.7556 0.3009
vn 0.6336 -0.7195 0.2844
vn 0.5527 -0.8291 -0.0838
vn 0.5148 -0.3489 0.7831
vn 0.2910 0.1162 0.9497
vn 0.2580 0.0647 0.9640
vn 0.5419 -0.8358 0.0879
vn 0.4843 -0.8688 0.1030
vn 0.1467 -0.9863 -0.0753
vn 0.1832 -0.9737 -0.1353
vn 0.7831 -0.5148 -0.3489
vn 0.9497 -0.2910 0.1161
vn 0.9289 -0.3499 0.1215
vn 0.7470 -0.5896 -0.3072
vn -0.0550 -0.9210 0.3858
vn 0.3699 -0.9209 0.1231
vn 0.4192 -0.8865 0.1960
vn 0.0044 -0.8921 0.4517
vn 0.5020 -0.7767 0.3805
vn 0.4391 -0.8056 0.3977
vn 0.4273 -0.9040 0.0107
vn 0.4581 -0.8876 -0.0477
vn -0.0000 -1.0000 -0.0000
vn 0.0926 -0.9941 -0.0573
vn -0.0664 -0.9711 -0.2292
vn 0.2155 -0.9718 -0.0957
vn 0.2441 -0.9602 -0.1356
vn -0.0876 -0.9490 -0.3029
vn 0.6709 -0.5094 -0.5390
vn 0.6390 -0.5900 -0.4936
vn 0.3172 -0.8809 -0.3512
vn 0.3071 -0.8615 -0.4044
vn 0.1517 -0.8885 -0.4331
vn 0.6771 -0.6315 -0.3777
vn 0.7008 -0.5491 -0.4553
vn 0.7149 -0.6351 -0.2924
vn 0.6047 -0.7944 0.0570
vn 0.5527 -0.8291 0.0838
vn 0.6635 -0.6769 -0.3188
vn 0.0330 -0.9645 -0.2621
vn 0.3450 -0.8296 -0.4391
vn 0.3273 -0.8199 -0.4698
vn -0.0647 -0.9640 -0.2580
vn 0.2924 0.7149 0.6351
vn -0.0570 0.6047 0.7944
vn -0.0838 0.5527 0.8291
vn 0.3188 0.6635 0.6769
vn -0.8921 -0.4517 0.0044
vn -0.8797 -0.4684 0.0815
vn -0.8647 -0.2307 0.4463
vn -0.8865 -0.1960 0.4192
vn 0.6587 -0.4708 -0.5869
vn 0.3090 -0.8090 -0.5000
vn 0.5037 -0.8607 0.0739
vn 0.5857 -0.7299 -0.3524
vn 0.4517 -0.0044 -0.8921
vn 0.4684 -0.0815 -0.8797
vn 0.2307 -0.4463 -0.8647
vn 0.5877 -0.6799 -0.4386
vn -0.6505 -0.6101 0.4524
vn -0.5892 -0.6390 0.4945
vn -0.8429 -0.2229 0.4896
vn -0.9209 -0.1231 0.3699
vn -0.8660 -0.1736 0.4689
vn -0.9009 -0.0806 0.4264
vn 0.5869 -0.6587 -0.4708
vn 0.4840 -0.2683 -0.8329
vn -0.6390 -0.5900 0.4936
vn -0.3071 -0.8615 0.4044
vn -0.6709 -0.5094 0.5390
vn -0.9447 -0.0435 0.3249
vn -0.9323 -0.0000 0.3616
vn -0.4743 0.6309 0.6140
vn -0.5266 0.6594 0.5365
vn -0.8042 0.5542 0.2145
vn -0.5148 -0.3489 0.7831
vn -0.5896 -0.3072 0.7470
vn -0.6315 -0.3777 0.6771
vn -0.5491 -0.4553 0.7008
vn -0.9210 -0.3858 -0.0550
vn -0.5691 -0.7978 0.1992
vn -0.6421 -0.7487 0.1647
vn -0.6425 -0.7587 0.1073
vn -0.5568 -0.8204 0.1304
vn -0.4896 -0.8429 0.2229
vn -0.4689 -0.8660 0.1736
vn -0.6769 -0.7221 0.1426
vn -0.6857 -0.7218 0.0942
vn -0.6309 0.6140 0.4743
vn -0.6594 0.5365 0.5266
vn -0.5886 0.1705 0.7903
vn -0.5542 0.2145 0.8042
vn -0.5692 -0.5352 0.6242
vn -0.6433 -0.4972 0.5821
vn -0.4463 -0.8647 0.2307
vn -0.4523 -0.6505 0.6101
vn -0.4945 -0.5892 0.6390
vn -0.6425 -0.7587 -0.1073
vn -0.5568 -0.8204 -0.1304
vn -0.5257 -0.8507 -0.0000
vn -0.6374 -0.7706 -0.0000
vn -0.3249 -0.9447 0.0435
vn -0.3699 -0.9209 0.1231
vn -0.4264 -0.9009 0.0806
vn -0.3616 -0.9323 -0.0000
vn -0.4192 -0.8865 0.1960
vn 0.0550 -0.9210 0.3858
vn -0.0044 -0.8921 0.4517
vn 0.1426 0.6769 -0.7221
vn 0.1647 0.6421 -0.7487
vn -0.1992 -0.5691 0.7978
vn -0.1647 -0.6421 0.7487
vn -0.1073 -0.6425 0.7587
vn -0.1304 -0.5568 0.8204
vn -0.1215 -0.9289 0.3499
vn -0.1162 -0.9497 0.2910
vn 0.3489 -0.7831 0.5148
vn -0.0000 -0.5257 0.8507
vn -0.1647 -0.6421 -0.7487
vn -0.1992 -0.5691 -0.7978
vn -0.1304 -0.5568 -0.8204
vn -0.1073 -0.6425 -0.7587
vn -0.5819 -0.7556 -0.3009
vn -0.5692 -0.5352 -0.6242
vn -0.6433 -0.4972 -0.5821
vn -0.6336 -0.7195 -0.2844
vn -0.1426 -0.6769 0.7221
vn -0.0942 -0.6857 0.7218
vn 0.2683 -0.8329 0.4840
vn 0.2145 -0.8042 0.5542
vn 0.1517 -0.8885 0.4331
vn -0.6242 -0.5692 0.5352
vn -0.5821 -0.6434 0.4972
vn -0.2307 -0.4463 0.8647
vn -0.6101 -0.4523 0.6505
vn -0.6390 -0.4945 0.5892
vn -0.2229 -0.4896 0.8429
vn 0.8291 -0.0838 -0.5527
vn 0.7944 -0.0570 -0.6047
vn 0.6351 0.2924 -0.7149
vn 0.6769 0.3188 -0.6635
vn -0.0435 -0.3249 0.9447
vn -0.1231 -0.3699 0.9209
vn -0.0806 -0.4264 0.9009
vn -0.0000 -0.3616 0.9323
vn -0.1736 -0.4689 0.8660
vn -0.1960 -0.4192 0.8865
vn -0.3489 -0.7831 0.5148
vn -0.3072 -0.7470 0.5896
vn -0.3777 -0.6771 0.6315
vn -0.4553 -0.7008 0.5491
vn -0.3858 0.0550 0.9210
vn -0.4517 -0.0044 0.8921
vn -0.8204 -0.1304 0.5568
vn -0.7978 -0.1992 0.5691
vn -0.7487 -0.1647 0.6421
vn -0.7587 -0.1073 0.6425
vn 0.2307 -0.4463 0.8647
vn 0.4684 -0.0815 0.8797
vn 0.4517 -0.0044 0.8921
vn 0.1960 -0.4192 0.8865
vn -0.8507 -0.0000 0.5257
vn -0.7221 -0.1426 0.6769
vn -0.7218 -0.0942 0.6857
vn -0.8042 0.5542 -0.2145
vn -0.8329 0.4840 -0.2683
vn -0.8885 0.4331 -0.1517
vn -0.8393 0.5313 -0.1154
vn -0.2910 -0.1162 0.9497
vn -0.5148 0.3489 0.7831
vn -0.3499 -0.1215 0.9289
vn 0.1215 -0.9289 0.3499
vn 0.0695 -0.9011 0.4280
vn -0.2924 -0.7149 0.6351
vn -0.9090 0.3488 -0.2281
vn -0.8615 0.4044 -0.3071
vn -0.8809 0.3512 -0.3172
vn -0.9120 0.2968 -0.2830
vn -0.7997 0.0067 -0.6004
vn -0.9645 0.2621 -0.0330
vn -0.8296 0.4391 -0.3450
vn -0.8199 0.4698 -0.3272
vn -0.9640 0.2580 0.0647
vn -0.8393 0.5313 0.1154
vn -0.0044 0.8921 -0.4517
vn -0.0815 0.8797 -0.4684
vn -0.4463 0.8647 -0.2307
vn -0.4708 0.5869 -0.6587
vn -0.8090 0.5000 -0.3090
vn -0.5094 0.5390 -0.6709
vn -0.4896 0.8429 -0.2229
vn -0.4523 0.6505 -0.6101
vn -0.4945 0.5892 -0.6390
vn -0.3616 0.9323 -0.0000
vn -0.0000 0.8035 -0.5953
vn -0.0998 0.7988 -0.5932
vn -0.8588 0.5123 -0.0000
vn 0.0573 0.0926 0.9941
vn 0.0498 -0.0000 0.9988
vn 0.1876 -0.0000 0.9822
vn 0.1622 0.1128 0.9803
vn -0.1859 0.2810 0.9415
vn 0.0457 0.5776 0.8150
vn 0.0879 0.5419 0.8358
vn -0.1356 0.2441 0.9602
vn 0.0550 0.9210 -0.3858
vn -0.1096 0.5017 -0.8581
vn -0.1705 0.7903 -0.5886
vn -0.0585 0.4648 -0.8835
vn 0.2924 0.7149 -0.6351
vn -0.1215 0.9289 -0.3499
vn -0.6594 -0.5365 -0.5266
vn -0.5542 -0.2145 -0.8042
vn -0.6309 -0.6141 -0.4743
vn -0.6141 0.4743 -0.6309
vn -0.1151 0.7675 -0.6307
vn -0.0650 0.7692 -0.6357
vn -0.4840 0.2683 -0.8329
vn -0.4331 0.1517 -0.8885
vn 0.8835 0.0585 -0.4648
vn 0.6357 0.0650 -0.7692
vn -0.4840 -0.2683 -0.8329
vn -0.4331 -0.1517 -0.8885
vn -0.9040 -0.0107 -0.4273
vn -0.8876 0.0477 -0.4581
vn -0.3998 -0.8042 -0.4398
vn -0.4391 -0.8056 -0.3977
vn -0.4280 0.0695 -0.9011
vn -0.5582 -0.2714 -0.7841
vn -0.5295 -0.2904 -0.7971
vn -0.3499 0.1215 -0.9289
vn -0.0000 0.4580 -0.8889
vn -0.0000 0.7678 -0.6406
vn -0.3568 -0.0000 -0.9342
vn -0.3977 -0.4391 -0.8056
vn -0.0107 -0.4273 -0.9040
vn 0.0477 -0.4581 -0.8876
vn -0.0067 -0.6004 -0.7997
vn -0.0744 -0.5939 -0.8011
vn -0.5869 -0.6587 -0.4708
vn -0.5000 -0.3090 -0.8090
vn -0.2580 0.0647 -0.9640
vn -0.2621 -0.0330 -0.9645
vn -0.8835 0.0585 0.4648
vn -0.4684 -0.0815 -0.8797
vn -0.2820 -0.3306 -0.9007
vn -0.2407 -0.3091 -0.9201
vn -0.4517 -0.0044 -0.8921
vn -0.8090 -0.5000 -0.3090
vn -0.8199 -0.4698 -0.3272
vn 0.3029 -0.0876 -0.9490
vn 0.2292 -0.0664 -0.9711
vn -0.0000 0.3037 -0.9528
vn 0.0435 0.3249 -0.9447
vn -0.6004 -0.7997 -0.0067
vn -0.5939 -0.8011 -0.0744
vn -0.3172 -0.8809 -0.3512
vn 0.0457 -0.5776 -0.8150
vn -0.1859 -0.2810 -0.9415
vn -0.9463 -0.3100 -0.0920
vn -0.9208 -0.3610 -0.1478
vn -0.6769 -0.7221 -0.1426
vn -0.6857 -0.7218 -0.0942
vn -0.3071 -0.8615 -0.4044
vn -0.0815 -0.8797 -0.4684
vn -0.3306 -0.9007 -0.2820
vn -0.3091 -0.9201 -0.2407
vn -0.0044 -0.8921 -0.4517
vn 0.8204 -0.1304 -0.5568
vn 0.7978 -0.1992 -0.5691
vn 0.7487 -0.1647 -0.6421
vn 0.7587 -0.1073 -0.6425
vn -0.5892 -0.6390 -0.4945
vn -0.6505 -0.6101 -0.4523
vn -0.8647 -0.2307 -0.4463
vn -0.6421 -0.7487 -0.1647
vn -0.6915 -0.5027 -0.5187
vn -0.6242 -0.5692 -0.5352
vn -0.0000 -0.8588 -0.5123
vn -0.1154 -0.8393 -0.5313
vn -0.5776 -0.8150 0.0457
vn -0.2810 -0.9415 -0.1859
vn -0.7487 -0.1647 -0.6421
vn -0.7587 -0.1073 -0.6425
vn -0.8865 -0.1960 -0.4192
vn -0.1426 -0.6769 -0.7221
vn -0.9822 -0.1876 -0.0000
vn -0.9988 -0.0498 -0.0000
vn -0.9941 -0.0573 -0.0926
vn -0.5352 -0.6242 -0.5692
vn -0.9863 -0.0753 -0.1467
vn -0.8688 0.1030 -0.4843
vn -0.8358 0.0879 -0.5419
vn -0.4280 -0.0695 0.9011
vn -0.5582 0.2714 0.7841
vn -0.5295 0.2904 0.7971
vn -0.3488 0.2281 0.9090
vn -0.0753 0.1467 0.9863
vn -0.0573 0.0926 0.9941
vn 0.0753 0.1467 0.9863
vn -0.3745 0.1025 0.9215
vn -0.4546 0.0568 0.8889
vn -0.2307 0.4463 0.8647
vn -0.4684 0.0815 0.8797
vn -0.4517 0.0044 0.8921
vn -0.1992 0.5691 0.7978
vn -0.2229 0.4896 0.8429
vn -0.1304 0.5568 0.8204
vn 0.1705 -0.7903 0.5886
vn 0.1096 -0.5017 0.8581
vn 0.0585 -0.4648 0.8835
vn -0.1647 0.6421 0.7487
vn -0.1073 0.6425 0.7587
vn -0.0000 0.5257 0.8507
vn -0.6242 0.5692 0.5352
vn -0.6390 0.4945 0.5892
vn -0.5691 0.7978 0.1992
vn -0.4896 0.8429 0.2229
vn -0.4689 0.8660 0.1736
vn -0.5568 0.8204 0.1304
vn -0.3805 0.5020 0.7767
vn -0.0107 0.4273 0.9040
vn 0.0477 0.4581 0.8876
vn -0.6421 0.7487 0.1647
vn -0.6425 0.7587 0.1073
vn 0.6390 0.5900 -0.4936
vn 0.3450 0.8296 -0.4391
vn 0.7692 0.6357 -0.0650
vn -0.4463 0.8647 0.2307
vn -0.4192 0.8865 0.1960
vn -0.5692 0.5352 0.6242
vn -0.4945 0.5892 0.6390
vn -0.6769 0.7221 0.1426
vn -0.6915 0.5027 0.5187
vn -0.6433 0.4972 0.5821
vn -0.6922 0.7217 -0.0000
vn -0.6857 0.7218 0.0942
vn -0.6374 0.7706 -0.0000
vn -0.6857 0.7218 -0.0942
vn -0.6425 0.7587 -0.1073
vn -0.4553 0.7008 0.5491
vn -0.3489 0.7831 0.5148
vn -0.3998 0.8042 0.4398
vn -0.4905 0.7468 0.4490
vn -0.9549 0.2968 -0.0000
vn -0.9463 0.3100 0.0920
vn -0.1491 0.9509 0.2711
vn -0.8889 -0.4546 0.0568
vn -0.9215 -0.3745 0.1025
vn -0.9863 0.0753 0.1467
vn -0.9941 0.0573 0.0926
vn -0.0838 0.5527 -0.8291
vn -0.8921 0.4517 -0.0044
vn -0.8797 0.4684 -0.0815
vn -0.8647 0.2307 -0.4463
vn 0.4840 0.2683 -0.8329
vn -0.8358 -0.0879 0.5419
vn -0.3745 0.1025 -0.9215
vn 0.0573 0.0926 -0.9941
vn -0.4546 0.0568 -0.8889
vn 0.4280 -0.0695 -0.9011
vn 0.5582 0.2714 -0.7841
vn 0.5295 0.2904 -0.7971
vn 0.3499 -0.1215 -0.9289
vn 0.3488 0.2281 -0.9090
vn 0.0498 -0.0000 -0.9988
vn 0.7149 0.6351 -0.2924
vn 0.9011 0.4280 0.0695
vn 0.9289 0.3499 0.1215
vn 0.5187 0.6915 -0.5027
vn 0.5821 0.6433 -0.4972
vn 0.9463 0.3100 -0.0920
vn 0.9208 0.3610 -0.1478
vn -0.0000 0.9549 -0.2968
vn 0.0920 0.9463 -0.3100
vn 0.1478 0.9208 -0.3610
vn 0.2229 0.4896 -0.8429
vn 0.2307 0.4463 -0.8647
vn 0.1960 0.4192 -0.8865
vn 0.1736 0.4689 -0.8660
vn -0.4789 -0.0000 -0.8779
vn -0.0000 -0.0000 -1.0000
vn -0.0000 0.0369 -0.9993
vn 0.1304 0.5568 -0.8204
vn -0.0000 0.5257 -0.8507
vn 0.4843 0.8688 0.1030
vn -0.0330 -0.9645 -0.2621
vn 0.0647 -0.9640 -0.2580
vn 0.9215 -0.3745 -0.1025
vn 0.9863 0.0753 -0.1467
vn 0.8889 -0.4546 -0.0568
vn 0.4896 0.8429 -0.2229
vn 0.4463 0.8647 -0.2307
vn 0.4192 0.8865 -0.1960
vn -0.0000 0.8779 0.4789
vn -0.0000 1.0000 -0.0000
vn 0.0369 0.9993 -0.0000
vn 0.9737 0.1353 -0.1832
vn 0.8688 -0.1030 -0.4843
vn 0.8358 -0.0879 -0.5419
vn 0.3777 0.6771 0.6315
vn -0.0000 -0.7678 -0.6406
vn -0.0000 -0.4580 -0.8889
vn -0.0585 -0.4648 -0.8835
vn -0.0650 -0.7692 -0.6357
vn 0.8296 -0.4391 0.3450
vn 0.8199 -0.4698 0.3272
vn 0.9040 -0.0107 0.4273
vn 0.8876 0.0477 0.4581
vn 0.8429 0.2229 -0.4896
vn 0.8647 0.2307 -0.4463
vn 0.8865 0.1960 -0.4192
vn 0.8660 0.1736 -0.4689
vn 0.8779 -0.4789 -0.0000
vn 1.0000 -0.0000 -0.0000
vn 0.9993 -0.0000 -0.0369
vn 0.8876 0.0477 -0.4581
vn 0.9040 -0.0107 -0.4273
vn 0.8056 -0.3977 -0.4391
vn 0.7767 -0.3805 -0.5020
vn -0.2292 0.0664 0.9711
vn -0.0957 -0.2155 0.9718
vn -0.1356 -0.2441 0.9602
vn -0.3029 0.0876 0.9490
vn 0.8090 -0.5000 0.3090
vn 0.9090 -0.3488 0.2281
vn 0.8885 -0.4331 0.1517
vn 0.9342 -0.3568 -0.0000
vn 0.9509 -0.2711 0.1491
vn 0.4789 -0.0000 0.8779
vn -0.0498 -0.0000 0.9988
vn 0.1491 -0.9509 0.2711
vn 0.2333 -0.9477 0.2178
vn 0.2281 -0.9090 0.3488
vn 0.2229 -0.4896 0.8429
vn 0.1736 -0.4689 0.8660
vn 0.6587 -0.4708 0.5869
vn 0.6140 -0.4743 0.6309
vn 0.0457 -0.5776 0.8150
vn -0.1859 -0.2810 0.9415
vn 0.3071 -0.8615 0.4044
vn 0.6390 -0.5900 0.4936
vn 0.6709 -0.5094 0.5390
vn -0.0647 -0.9640 0.2580
vn 0.0330 -0.9645 0.2621
vn 0.3998 -0.8042 0.4398
vn 0.7997 -0.0067 0.6004
vn 0.8011 -0.0744 0.5939
vn 0.9120 -0.2968 0.2830
vn 0.1426 -0.6769 0.7221
vn 0.1647 -0.6421 0.7487
vn 0.3450 -0.8296 0.4391
vn 0.3272 -0.8199 0.4698
vn 0.5776 -0.8150 -0.0457
vn 0.2810 -0.9415 0.1859
vn 0.3091 -0.9201 0.2407
vn 0.4905 -0.7468 0.4490
vn 0.9209 -0.1231 -0.3699
vn 0.8865 -0.1960 -0.4192
vn 0.8660 -0.1736 -0.4689
vn 0.9009 -0.0806 -0.4264
vn 0.8797 -0.4684 0.0815
vn 0.9007 -0.2820 0.3306
vn 0.9201 -0.2407 0.3091
vn 0.8921 -0.4517 0.0044
vn 0.3090 -0.8090 0.5000
vn 0.9737 -0.1353 0.1832
vn 0.9477 -0.2178 0.2333
vn 0.9803 -0.1622 0.1128
vn -0.6140 -0.4743 -0.6309
vn -0.5365 -0.5266 -0.6594
vn -0.1705 -0.7903 -0.5886
vn -0.2145 -0.8042 -0.5542
vn 0.8921 -0.4517 -0.0044
vn 0.8797 -0.4684 -0.0815
vn 0.8647 -0.2307 -0.4463
vn 0.6505 -0.6101 -0.4523
vn 0.5892 -0.6390 -0.4945
vn 0.8429 -0.2229 -0.4896
vn 0.8588 -0.5123 -0.0000
vn 0.8393 -0.5313 0.1154
vn 0.9210 -0.3858 0.0550
vn 0.8150 0.0457 0.5776
vn 0.9415 -0.1859 0.2810
vn 0.5352 -0.6242 -0.5692
vn 0.8507 -0.0000 -0.5257
vn 0.7988 -0.5932 0.0998
vn 0.7903 -0.5886 0.1705
vn 0.5017 -0.8581 0.1096
vn 0.4648 -0.8835 0.0585
vn 0.4743 -0.6309 0.6140
vn 0.5266 -0.6594 0.5365
vn 0.8042 -0.5542 0.2145
vn 0.6769 -0.7221 -0.1426
vn 0.9208 -0.3610 -0.1478
vn 0.9463 -0.3100 -0.0920
vn 0.6857 -0.7218 -0.0942
vn 0.4523 -0.6505 -0.6101
vn 0.4945 -0.5892 -0.6390
vn 0.3699 -0.9209 -0.1231
vn -0.0550 -0.9210 -0.3858
vn 0.0044 -0.8921 -0.4517
vn 0.4264 -0.9009 -0.0806
vn 0.8393 -0.5313 -0.1154
vn 0.8885 -0.4331 -0.1517
vn 0.3249 -0.9447 -0.0435
vn 0.3616 -0.9323 -0.0000
vn 0.5568 -0.8204 -0.1304
vn 0.5257 -0.8507 -0.0000
vn -0.0998 -0.7988 -0.5932
vn -0.1096 -0.5017 -0.8581
vn 0.4463 -0.8647 0.2307
vn 0.0815 -0.8797 0.4684
vn 0.2229 -0.4896 -0.8429
vn 0.6101 -0.4523 -0.6505
vn 0.6390 -0.4945 -0.5892
vn 0.0435 -0.3249 -0.9447
vn -0.0000 -0.3616 -0.9323
vn -0.8885 -0.4331 0.1517
vn -0.9342 -0.3568 -0.0000
vn 0.1154 -0.8393 -0.5313
vn -0.3272 0.8199 0.4698
vn -0.3450 0.8296 0.4391
vn -0.0330 0.9645 0.2621
vn 0.0647 0.9640 0.2580
vn 0.5020 -0.7767 -0.3805
vn 0.4905 -0.7468 -0.4490
vn 0.3858 0.0550 -0.9210
vn 0.7221 -0.1426 -0.6769
vn 0.7218 -0.0942 -0.6857
vn -0.5017 0.8581 -0.1096
vn -0.7903 0.5886 -0.1705
vn -0.7988 0.5932 -0.0998
vn -0.4648 0.8835 -0.0585
vn 0.6799 -0.4386 -0.5877
vn 0.7299 -0.3524 -0.5857
vn 0.7468 -0.4490 -0.4905
vn 0.6433 -0.4972 -0.5821
vn 0.6915 -0.5027 -0.5187
vn 0.6421 -0.7487 -0.1647
vn 0.4331 -0.1517 -0.8885
vn 0.1304 -0.5568 -0.8204
vn 0.1992 -0.5691 -0.7978
vn 0.1647 -0.6421 -0.7487
vn 0.1073 -0.6425 -0.7587
vn 0.6425 -0.7587 -0.1073
vn -0.2968 0.2830 0.9120
vn 0.8329 -0.4840 0.2683
vn 0.9645 -0.2621 -0.0330
vn 0.9640 -0.2580 0.0647
vn 0.8042 -0.4398 -0.3998
vn -0.2683 -0.8329 -0.4840
vn -0.6587 -0.4708 -0.5869
vn -0.5352 -0.6242 0.5692
vn 0.6374 -0.7706 -0.0000
vn 0.6425 -0.7587 0.1073
vn 0.5568 -0.8204 0.1304
vn 0.5692 -0.5352 -0.6242
vn 0.5819 -0.7556 -0.3009
vn 0.6336 -0.7195 -0.2844
vn 0.8035 -0.5953 -0.0000
vn 0.7988 -0.5932 -0.0998
vn 0.9209 -0.1231 0.3699
vn 0.9447 -0.0435 0.3249
vn 0.9323 -0.0000 0.3616
vn 0.9009 -0.0806 0.4264
vn 0.8581 -0.1096 -0.5017
vn 0.4708 -0.5869 0.6587
vn 0.8042 -0.5542 -0.2145
vn 0.8329 -0.4840 -0.2683
vn 0.8607 0.0739 -0.5037
vn 0.7556 -0.3009 -0.5819
vn 0.7845 -0.3245 -0.5285
vn 0.8615 -0.4044 -0.3071
vn 0.8809 -0.3512 -0.3172
vn 0.7997 -0.0067 -0.6004
vn 0.8296 -0.4391 -0.3450
vn 0.8199 -0.4698 -0.3273
vn 0.1426 0.6769 0.7221
vn 0.1478 0.9208 0.3610
vn 0.0920 0.9463 0.3100
vn 0.0942 0.6857 0.7218
vn 0.4708 -0.5869 -0.6587
vn 0.8090 -0.5000 -0.3090
vn 0.5094 -0.5390 -0.6709
vn 0.9528 -0.0000 0.3037
vn 0.9447 0.0435 0.3249
vn 0.9210 0.3858 -0.0550
vn 0.8885 0.4331 0.1517
vn 0.8329 0.4840 0.2683
vn 0.5892 -0.6390 0.4945
vn 0.6505 -0.6101 0.4523
vn 0.8647 -0.2307 0.4463
vn 0.8429 -0.2229 0.4896
vn 0.8865 -0.1960 0.4192
vn 0.8889 0.4546 0.0568
vn 0.9215 0.3745 0.1025
vn 0.9863 -0.0753 0.1467
vn 0.9941 -0.0573 0.0926
vn 0.7487 -0.1647 0.6421
vn 0.7978 -0.1992 0.5691
vn 0.8204 -0.1304 0.5568
vn 0.7587 -0.1073 0.6425
vn 0.8660 -0.1736 0.4689
vn 0.9210 -0.3858 -0.0550
vn 0.9822 -0.1876 -0.0000
vn 0.9988 -0.0498 -0.0000
vn 0.5352 -0.6242 0.5692
vn 0.6857 -0.7218 0.0942
vn 0.6769 -0.7221 0.1426
vn 0.6421 -0.7487 0.1647
vn -0.4490 0.4905 0.7468
vn 0.0570 0.6047 0.7944
vn -0.2924 0.7149 0.6351
vn 0.0838 0.5527 0.8291
vn 0.5187 -0.6915 0.5027
vn 0.5821 -0.6433 0.4972
vn 0.5285 -0.7845 0.3246
vn -0.3072 0.7470 0.5896
vn -0.5187 0.6915 0.5027
vn -0.2700 0.6717 0.6898
vn -0.2844 0.6336 0.7195
vn -0.5821 0.6433 0.4972
vn -0.3100 0.0920 0.9463
vn -0.3610 0.1478 0.9208
vn -0.2820 0.3306 0.9007
vn -0.2408 0.3091 0.9201
vn 0.0739 0.5037 0.8607
vn -0.3009 0.5819 0.7556
vn -0.3512 0.3172 0.8809
vn 0.1353 0.1832 0.9737
vn 0.2292 -0.0664 0.9711
vn 0.0957 0.2155 0.9718
vn 0.1356 0.2441 0.9602
vn 0.3029 -0.0876 0.9490
vn 0.2968 0.2830 0.9120
vn 0.2178 0.2333 0.9477
vn 0.2711 0.1491 0.9509
vn 0.3488 0.2281 0.9090
vn 0.3568 -0.0000 0.9342
vn -0.0000 -0.8035 -0.5953
vn 0.0998 -0.7988 -0.5932
vn 0.3029 0.0876 0.9490
vn 0.2292 0.0664 0.9711
vn -0.0000 -0.3037 0.9528
vn 0.0435 -0.3249 0.9447
vn 0.4553 0.7008 0.5491
vn 0.3489 0.7831 0.5148
vn 0.3072 0.7469 0.5896
vn -0.0457 0.5776 0.8150
vn 0.1859 0.2810 0.9415
vn -0.0879 0.5419 0.8358
vn 0.1705 -0.7903 -0.5886
vn 0.2145 -0.8042 -0.5542
vn 0.6141 -0.4743 -0.6309
vn 0.2683 -0.8329 -0.4840
vn -0.6769 0.7221 -0.1426
vn -0.9208 0.3610 -0.1478
vn -0.9463 0.3100 -0.0920
vn -0.5568 0.8204 -0.1304
vn -0.5257 0.8507 -0.0000
vn -0.1162 0.9497 0.2910
vn -0.1215 0.9289 0.3499
vn -0.6434 0.4972 -0.5821
vn -0.6915 0.5027 -0.5187
vn -0.6421 0.7487 -0.1647
vn -0.5691 0.7978 -0.1992
vn 0.5390 0.6709 0.5094
vn 0.4936 0.6390 0.5900
vn 0.3512 0.3172 0.8809
vn 0.4044 0.3071 0.8615
vn -0.6799 0.4386 -0.5877
vn -0.7299 0.3524 -0.5857
vn -0.7767 0.3805 -0.5020
vn -0.7468 0.4490 -0.4905
vn -0.0570 0.6047 -0.7944
vn 0.8779 0.4789 -0.0000
vn 0.8889 0.4546 -0.0568
vn -0.9323 -0.0000 -0.3616
vn -0.5692 0.5352 -0.6242
vn -0.5819 0.7556 -0.3009
vn -0.6336 0.7195 -0.2844
vn -0.8429 0.2229 -0.4896
vn -0.0806 0.4264 -0.9009
vn -0.1736 0.4689 -0.8660
vn -0.9210 0.3858 0.0550
vn -0.8056 0.3977 -0.4391
vn -0.8042 0.4398 -0.3998
vn -0.9215 0.3745 -0.1025
vn -0.8889 0.4546 -0.0568
vn -0.4398 -0.3998 0.8042
vn -0.5295 -0.2904 0.7971
vn -0.5582 -0.2714 0.7841
vn -0.4280 0.0695 0.9011
vn -0.3499 0.1215 0.9289
vn -0.9497 0.2910 0.1162
vn -0.9009 0.0806 0.4264
vn -0.8865 0.1960 0.4192
vn -0.9209 0.1231 0.3699
vn -0.8660 0.1736 0.4689
vn 0.6357 -0.0650 0.7692
vn -0.8329 -0.4840 0.2683
vn -0.8615 -0.4044 0.3071
vn -0.9210 0.3858 -0.0550
vn -0.5892 0.6390 0.4945
vn -0.6505 0.6101 0.4523
vn -0.8647 0.2307 0.4463
vn -0.8429 0.2229 0.4896
vn -0.7469 0.5896 0.3072
vn -0.7149 0.6351 0.2924
vn -0.9011 0.4280 -0.0695
vn -0.9289 0.3499 -0.1215
vn -0.8204 0.1304 0.5568
vn -0.7997 -0.0067 0.6004
vn -0.9201 -0.2408 0.3091
vn -0.9822 0.1876 -0.0000
vn -0.9988 0.0498 -0.0000
vn -0.9040 0.0107 0.4273
vn -0.8049 0.3411 0.4855
vn -0.7845 0.3245 0.5285
vn -0.5527 0.8291 -0.0838
vn -0.6047 0.7944 -0.0570
vn -0.3188 -0.6635 0.6769
vn 0.0570 -0.6047 0.7944
vn 0.0838 -0.5527 0.8291
vn -0.5821 0.6434 -0.4972
vn -0.5187 0.6915 -0.5027
vn -0.5352 0.6242 0.5692
vn -0.7556 0.3009 0.5819
vn -0.7831 0.5148 0.3489
vn -0.6717 0.6898 0.2700
vn -0.6336 0.7195 0.2844
vn -0.1426 0.6769 0.7221
vn -0.4553 -0.7008 -0.5491
vn -0.3489 -0.7831 -0.5148
vn -0.5037 0.8607 -0.0739
vn -0.5819 0.7556 0.3009
vn 0.7944 0.0570 0.6047
vn -0.4273 -0.9040 -0.0107
vn -0.4581 -0.8876 0.0477
vn -0.3512 0.3172 -0.8809
vn -0.0744 0.5940 -0.8011
vn -0.0067 0.6004 -0.7997
vn -0.4581 0.8876 0.0477
vn -0.4273 0.9040 -0.0107
vn -0.4391 0.8056 -0.3977
vn -0.5020 0.7767 -0.3805
vn -0.6922 -0.7217 -0.0000
vn -0.9549 -0.2968 -0.0000
vn -0.0876 0.9490 -0.3029
vn -0.0664 0.9711 -0.2292
vn 0.3249 0.9447 -0.0435
vn 0.1162 -0.9497 -0.2910
vn -0.3090 -0.8090 -0.5000
vn -0.3272 -0.8199 -0.4698
vn 0.5691 0.7978 -0.1992
vn 0.3699 0.9209 -0.1231
vn 0.6336 0.7195 0.2844
vn 0.3616 0.9323 -0.0000
vn 0.1517 0.8885 0.4331
vn 0.2683 0.8329 0.4840
vn 0.3071 0.8615 0.4044
vn 0.2281 0.9090 0.3488
vn -0.0550 0.9210 -0.3858
vn 0.4945 0.5892 -0.6390
vn 0.4523 0.6505 -0.6101
vn 0.9215 0.3745 -0.1025
vn 0.9973 -0.0000 -0.0736
vn 0.6390 0.5900 0.4936
vn 0.3172 0.8809 0.3512
vn 0.6709 0.5094 0.5390
vn 0.4855 0.8049 -0.3411
vn 0.5285 0.7845 -0.3246
vn 0.6004 0.7997 0.0067
vn 0.3091 0.9201 0.2408
vn -0.0000 0.9988 -0.0498
vn 0.4972 0.5821 0.6434
vn 0.5027 0.5187 0.6915
vn 0.5692 0.5352 -0.6242
vn 0.5819 0.7556 -0.3009
vn 0.5877 0.6799 -0.4386
vn 0.1705 0.7903 0.5886
vn 0.2145 0.8042 0.5542
vn 0.6898 0.2700 0.6717
vn 0.7195 0.2844 0.6336
vn 0.4896 0.8429 0.2229
vn 0.0876 0.9490 0.3029
vn 0.0664 0.9711 0.2292
vn -0.3249 0.9447 0.0435
vn -0.0000 0.4580 0.8889
vn -0.0000 0.7678 0.6406
vn 0.0650 0.7692 0.6357
vn 0.0585 0.4648 0.8835
vn 0.5491 -0.4553 0.7008
vn 0.2621 0.0330 0.9645
vn 0.2580 -0.0647 0.9640
vn 0.5352 0.6242 0.5692
vn 0.7556 0.3009 0.5819
vn 0.1231 -0.3699 0.9209
vn 0.0806 -0.4264 0.9009
vn 0.0067 0.6004 0.7997
vn 0.4840 0.2683 0.8329
vn 0.5869 0.6587 0.4708
vn -0.9602 -0.1356 -0.2441
vn 0.1992 -0.5691 0.7978
vn 0.1304 -0.5568 0.8204
vn -0.0000 -0.5257 -0.8507
vn 0.6047 -0.7944 -0.0570
vn 0.3858 0.0550 0.9210
vn 0.6390 -0.4945 0.5892
vn 0.6101 -0.4523 0.6505
vn 0.7221 -0.1426 0.6769
vn 0.0573 -0.0926 0.9941
vn 0.1622 -0.1128 0.9803
vn 0.3100 -0.0920 0.9463
vn 0.3610 -0.1478 0.9208
vn 0.7218 -0.0942 0.6857
vn 0.7217 -0.0000 0.6922
vn -0.1517 0.8885 0.4331
vn 0.5896 0.3072 -0.7470
vn -0.4972 0.5821 -0.6433
vn -0.5027 0.5187 -0.6915
vn -0.7221 0.1426 -0.6769
vn -0.7487 0.1647 -0.6421
vn 0.6242 -0.5692 0.5352
vn 0.3009 -0.5819 0.7556
vn 0.3245 -0.5285 0.7845
vn -0.1231 0.3699 -0.9209
vn -0.1960 0.4192 -0.8865
vn 0.9342 0.3568 -0.0000
vn -0.4708 0.5869 0.6587
vn -0.8329 0.4840 0.2683
vn -0.4517 0.0044 -0.8921
vn -0.4684 0.0815 -0.8797
vn -0.2307 0.4463 -0.8647
vn 0.7845 -0.3246 0.5285
vn -0.7218 0.0942 -0.6857
vn -0.7587 0.1073 -0.6425
vn -0.0435 0.3249 -0.9447
vn -0.0000 0.3616 -0.9323
vn -0.5774 -0.5774 -0.5774
vn -0.2229 0.4896 -0.8429
vn -0.8607 -0.0739 -0.5037
vn -0.8876 -0.0477 -0.4581
vn 0.8296 0.4391 0.3450
vn -0.6351 -0.2924 0.7149
vn -0.5352 0.6242 -0.5692
vn -0.7556 0.3009 -0.5819
vn -0.7195 0.2844 -0.6336
vn -0.6242 0.5692 -0.5352
vn -0.3858 -0.0550 -0.9210
vn 0.1304 0.5568 0.8204
vn -0.5390 0.6709 -0.5094
vn -0.4936 0.6390 -0.5900
vn -0.4044 0.3071 -0.8615
vn 0.4684 0.0815 -0.8797
vn 0.4517 0.0044 -0.8921
vn -0.1231 -0.3699 -0.9209
vn -0.0806 -0.4264 -0.9009
vn -0.6390 -0.4945 -0.5892
vn -0.6101 -0.4523 -0.6505
vn -0.2307 -0.4463 -0.8647
vn -0.2229 -0.4896 -0.8429
vn -0.7008 -0.5491 -0.4553
vn -0.3858 0.0550 -0.9210
vn -0.1960 -0.4192 -0.8865
vn -0.1736 -0.4689 -0.8660
vn -0.7221 -0.1426 -0.6769
vn -0.0573 -0.0926 -0.9941
vn -0.1622 -0.1128 -0.9803
vn -0.0000 -0.6374 -0.7706
vn -0.5900 -0.4936 -0.6390
vn -0.8296 -0.4391 -0.3450
vn 0.0650 0.7692 -0.6357
vn -0.7218 -0.0942 -0.6857
vn 0.0477 -0.4581 0.8876
vn -0.0107 -0.4273 0.9040
vn -0.3977 -0.4391 0.8056
vn -0.8688 -0.1030 -0.4843
vn -0.9040 0.0108 -0.4273
vn -0.4789 -0.0000 0.8779
vn -0.4546 -0.0568 0.8889
vn -0.7845 -0.3246 -0.5285
vn -0.6769 -0.3188 0.6635
vn -0.2621 -0.0330 0.9645
vn -0.2580 0.0647 0.9640
vn -0.2910 0.1161 0.9497
vn -0.3411 -0.4855 0.8049
vn -0.3246 -0.5285 0.7845
vn -0.4581 -0.8876 -0.0477
vn -0.4273 -0.9040 0.0107
vn -0.4391 -0.8056 0.3977
vn -0.5020 -0.7767 0.3805
vn -0.0435 0.3249 0.9447
vn 0.0739 -0.5037 0.8607
vn -0.3009 -0.5819 0.7556
vn 0.0753 -0.1467 0.9863
vn 0.1353 -0.1832 0.9737
vn -0.0879 -0.5419 0.8358
vn -0.0457 -0.5776 0.8150
vn -0.3857 -0.0550 0.9210
vn -0.3029 -0.0876 0.9490
vn -0.2292 -0.0664 0.9711
vn -0.0000 0.3037 0.9528
vn 0.4546 -0.0568 -0.8889
vn 0.3745 -0.1025 -0.9215
vn 0.2830 0.9120 0.2968
vn -0.9602 0.1356 0.2441
vn 0.1478 -0.9208 -0.3610
vn 0.1151 -0.7675 -0.6307
vn 0.0650 -0.7692 -0.6357
vn 0.0920 -0.9463 -0.3100
vn -0.6101 0.4523 0.6505
vn -0.5491 0.4553 0.7008
vn 0.4331 0.1517 0.8885
vn -0.9201 0.2408 -0.3091
vn -0.2968 -0.0000 0.9549
vn -0.7978 0.1992 0.5691
vn -0.4905 -0.7468 0.4490
vn -0.5877 -0.6799 0.4386
vn 0.1161 -0.9497 0.2910
vn -0.3998 -0.8042 0.4398
vn -0.5774 -0.5774 0.5774
vn -0.0330 -0.9645 0.2621
vn 0.0647 -0.9640 0.2580
vn -0.3037 -0.9528 -0.0000
vn 0.0664 -0.9711 0.2292
vn 0.0876 -0.9490 0.3029
vn -0.3699 -0.9209 -0.1231
vn -0.3249 -0.9447 -0.0435
vn -0.4264 -0.9009 -0.0806
vn 0.0876 -0.9490 -0.3029
vn 0.0664 -0.9711 -0.2292
vn -0.8056 -0.3977 0.4391
vn -0.9645 -0.2621 0.0330
vn -0.9640 -0.2580 -0.0647
vn -0.8042 -0.4398 0.3998
vn -0.0876 -0.9490 0.3029
vn -0.0664 -0.9711 0.2292
vn 0.3037 -0.9528 -0.0000
vn 0.3249 -0.9447 0.0435
vn -0.5819 -0.7556 0.3009
vn -0.5285 -0.7845 0.3245
vn -0.2683 -0.8329 0.4840
vn -0.2281 -0.9090 0.3488
vn 0.0550 -0.9210 -0.3858
vn -0.0570 -0.6047 0.7944
vn 0.4264 -0.9009 0.0806
vn -0.9210 -0.3857 0.0550
vn -0.9209 -0.1231 -0.3699
vn -0.0000 -0.6922 -0.7217
vn -0.0942 -0.6857 -0.7218
vn 0.4945 -0.5892 0.6390
vn 0.4523 -0.6505 0.6101
vn 0.4896 -0.8429 0.2229
vn -0.2844 0.6336 -0.7195
vn 0.5691 -0.7978 0.1992
vn 0.4689 -0.8660 0.1736
vn 0.4789 -0.0000 -0.8779
vn 0.4546 0.0568 -0.8889
vn 0.0920 -0.9463 0.3100
vn 0.1478 -0.9208 0.3610
vn 0.6799 0.4386 -0.5877
vn 0.7299 0.3524 -0.5857
vn 0.6315 0.3777 -0.6771
vn 0.1030 0.4843 -0.8688
vn -0.0000 -0.9549 0.2968
vn 0.0744 -0.5939 0.8011
vn 0.3512 -0.3172 0.8809
vn 0.0067 -0.6004 0.7997
vn 0.8607 -0.0739 -0.5037
vn 0.4936 -0.6390 0.5900
vn 0.5390 -0.6709 0.5094
vn 0.2968 0.2830 -0.9120
vn 0.0107 -0.4273 -0.9040
vn -0.6357 -0.0650 -0.7692
vn 0.1231 0.3699 -0.9209
vn 0.0806 0.4264 -0.9009
vn 0.2968 -0.0000 0.9549
vn 0.1859 -0.2810 0.9415
vn 0.2407 -0.3091 0.9201
vn 0.1992 0.5691 -0.7978
vn 0.3858 -0.0550 -0.9210
vn -0.2580 -0.0647 -0.9640
vn -0.5148 0.3489 -0.7831
vn 0.6390 0.4945 -0.5892
vn 0.6101 0.4523 -0.6505
vn 0.3100 0.0920 -0.9463
vn 0.3610 0.1478 -0.9208
vn 0.7221 0.1426 -0.6769
vn -0.5491 0.4553 -0.7008
vn -0.2408 0.3091 -0.9201
vn 0.5821 -0.6433 -0.4972
vn 0.5187 -0.6915 -0.5027
vn 0.1426 -0.6769 -0.7221
vn 0.8204 0.1304 -0.5568
vn 0.6242 0.5692 -0.5352
vn 0.3009 0.5819 -0.7556
vn 0.3246 0.5285 -0.7845
vn 0.7487 0.1647 -0.6421
vn -0.8035 0.5953 -0.0000
vn 0.0942 -0.6857 -0.7218
vn 0.7903 -0.5886 -0.1705
vn 0.5266 -0.6594 -0.5365
vn 0.4743 -0.6309 -0.6141
vn -0.0650 0.7692 0.6357
vn -0.7675 0.6307 -0.1151
vn -0.7692 0.6357 -0.0650
vn -0.5266 0.6594 -0.5365
vn -0.4743 0.6309 -0.6140
vn 0.2968 -0.0000 -0.9549
vn -0.9289 -0.3499 -0.1215
vn -0.9011 -0.4280 -0.0695
vn -0.7149 -0.6351 0.2924
vn -0.7470 -0.5896 0.3072
vn 0.6242 -0.5692 -0.5352
vn 0.3009 -0.5819 -0.7556
vn 0.2844 -0.6336 -0.7195
vn 0.3998 -0.8042 -0.4398
vn -0.8204 0.1304 -0.5568
vn -0.8507 -0.0000 -0.5257
vn 0.4581 -0.8876 0.0477
vn -0.4580 0.8889 -0.0000
vn -0.7678 0.6406 -0.0000
vn 0.4391 -0.8056 -0.3977
vn -0.5691 -0.7978 -0.1992
vn -0.4896 -0.8429 -0.2229
vn -0.4689 -0.8660 -0.1736
vn 0.1215 0.9289 0.3499
vn 0.1162 0.9497 0.2910
vn -0.4523 -0.6505 -0.6101
vn -0.4463 -0.8647 -0.2307
vn -0.4945 -0.5892 -0.6390
vn -0.7971 0.5295 -0.2904
vn -0.4192 -0.8865 -0.1960
vn -0.4855 -0.8049 -0.3411
vn -0.5285 -0.7845 -0.3245
vn -0.6587 -0.4708 0.5869
vn -0.3090 -0.8090 0.5000
vn -0.3273 -0.8199 0.4698
vn -0.0920 -0.9463 -0.3100
vn -0.1478 -0.9208 -0.3610
vn -0.6047 -0.7944 -0.0570
vn -0.0000 -0.9549 -0.2968
vn -0.7831 -0.5148 0.3489
vn -0.6771 -0.6315 0.3777
vn -0.7008 -0.5491 0.4553
vn -0.6799 -0.4386 0.5877
vn -0.7299 -0.3524 0.5857
vn -0.7767 -0.3805 0.5020
vn -0.7468 -0.4490 0.4905
vn 0.4972 -0.5821 -0.6433
vn 0.5027 -0.5187 -0.6915
vn -0.9497 -0.2910 -0.1162
vn -0.3246 -0.5285 -0.7845
vn -0.8876 0.0477 0.4581
vn -0.9040 -0.0107 0.4273
vn -0.5094 -0.5390 0.6709
vn -0.5900 -0.4936 0.6390
vn -0.8809 -0.3512 0.3172
vn -0.5266 -0.6594 -0.5365
vn -0.9009 -0.0806 -0.4264
vn -0.9447 -0.0435 -0.3249
vn -0.8296 -0.4391 0.3450
vn -0.8199 -0.4698 0.3273
vn -0.8607 0.0739 0.5037
vn -0.7556 -0.3009 0.5819
vn -0.7845 -0.3246 0.5285
vn -0.9490 -0.3029 0.0876
vn -0.4708 -0.5869 0.6587
vn -0.8090 -0.5000 0.3090
vn 0.0744 0.5939 -0.8011
vn 0.0067 0.6004 -0.7997
vn -0.8779 -0.4789 -0.0000
vn -0.8889 -0.4546 -0.0568
vn -0.9215 -0.3745 -0.1025
vn -0.9973 -0.0000 -0.0736
vn -0.9993 -0.0000 -0.0369
vn 0.5857 0.7299 -0.3524
vn 0.6635 0.6769 -0.3188
vn 0.2820 0.3306 -0.9007
vn 0.2407 0.3091 -0.9201
vn -0.8779 0.4789 -0.0000
vn -1.0000 -0.0000 -0.0000
vn 0.8921 0.4517 0.0044
vn 0.8797 0.4684 0.0814
vn 0.5037 0.8607 0.0739
vn 0.5527 0.8291 0.0838
vn -0.0457 0.5776 -0.8150
vn 0.1859 0.2810 -0.9415
vn 0.9209 0.1231 -0.3699
vn 0.9447 0.0435 -0.3249
vn 0.9323 -0.0000 -0.3616
vn 0.9009 0.0806 -0.4264
vn 0.8358 0.0879 0.5419
vn 0.9528 -0.0000 -0.3037
vn 0.9447 -0.0435 -0.3249
vn 0.7978 0.1992 -0.5691
vn 0.9210 0.3858 0.0550
vn 0.9490 0.3029 0.0876
vn 0.6505 0.6101 -0.4523
vn 0.5892 0.6390 -0.4945
vn -0.0570 -0.6047 -0.7944
vn 0.2700 -0.6717 -0.6898
vn 0.5017 -0.8581 -0.1096
vn 0.4648 -0.8835 -0.0585
vn 0.9201 -0.2407 -0.3091
vn 0.8921 0.4517 -0.0044
vn 0.5187 0.6915 0.5027
vn 0.1647 0.6421 0.7487
vn 0.5821 0.6433 0.4972
vn -0.5869 0.6587 -0.4708
vn -0.6309 0.6140 -0.4743
vn 0.1215 -0.9289 -0.3499
vn 0.1992 0.5691 0.7978
vn 0.1073 0.6425 0.7587
vn 0.5352 0.6242 -0.5692
vn 0.7556 0.3009 -0.5819
vn 0.7845 0.3245 -0.5285
vn 0.4264 0.9009 0.0806
vn 0.3699 0.9209 0.1231
vn 0.4192 0.8865 0.1960
vn 0.4689 0.8660 0.1736
vn 0.2700 0.6717 0.6898
vn 0.2844 0.6336 0.7195
vn 0.4580 -0.8889 -0.0000
vn 0.7678 -0.6406 -0.0000
vn 0.7692 -0.6357 -0.0650
vn 0.0044 0.8921 0.4517
vn 0.0815 0.8797 0.4684
vn 0.4463 0.8647 0.2307
vn -0.0550 0.9210 0.3858
vn 0.6242 0.5692 0.5352
vn 0.3009 0.5819 0.7556
vn -0.4264 0.9009 0.0806
vn -0.3699 0.9209 0.1231
vn -0.0647 0.9640 0.2580
vn 0.0330 0.9645 0.2621
vn 0.3450 0.8296 0.4391
vn 0.3273 0.8199 0.4698
vn 0.0550 0.9210 0.3858
vn 0.6587 0.4708 0.5869
vn 0.3090 0.8090 0.5000
vn -0.4391 0.8056 0.3977
vn -0.0000 0.6374 0.7706
vn -0.0000 0.6922 0.7217
vn -0.0942 0.6857 0.7218
vn -0.9289 0.3499 0.1215
vn -0.9011 0.4280 0.0695
vn -0.4581 0.8876 -0.0477
vn -0.5020 0.7767 0.3805
vn -0.6709 0.5094 0.5390
vn -0.6390 0.5900 0.4936
vn -0.0000 0.9549 0.2968
vn -0.0920 0.9463 0.3100
vn 0.6787 0.2750 -0.6810
vn 0.8583 0.3017 -0.4152
vn -0.3246 0.5285 0.7845
vn 0.8011 0.0744 -0.5939
vn 0.9007 0.2820 -0.3306
vn 0.7997 0.0067 -0.6004
vn 0.9201 0.2407 -0.3091
vn 0.8205 0.3957 -0.4126
vn 0.8504 0.3521 -0.3910
vn 0.9753 0.0917 -0.2012
vn 0.9645 0.2621 -0.0330
vn 0.7551 0.6129 -0.2326
vn 0.8663 0.3673 -0.3384
vn 0.8797 0.4684 -0.0815
vn 0.8049 0.3411 -0.4855
vn 0.9718 0.0957 -0.2155
vn 0.8970 -0.2965 -0.3278
vn 0.9891 -0.0459 -0.1397
vn 0.9891 0.0459 -0.1397
vn 0.8970 0.2965 -0.3278
vn 0.9735 -0.0000 -0.2287
vn 0.9848 -0.0000 -0.1735
vn 0.9893 -0.0000 0.1462
vn 0.9711 0.2292 0.0664
vn 0.8664 -0.3673 -0.3384
vn 0.8049 -0.3411 -0.4855
vn 0.7551 -0.6129 -0.2326
vn 0.5900 -0.4936 -0.6390
vn 0.8583 -0.3017 -0.4152
vn 0.6787 -0.2750 -0.6810
vn 0.9007 -0.2820 -0.3306
vn 0.8205 -0.3957 -0.4126
vn 0.8504 -0.3521 -0.3911
vn 0.9753 -0.0917 -0.2012
vn 0.8011 -0.0744 -0.5939
vn -0.6717 0.6898 -0.2700
vn 0.6898 -0.2700 -0.6717
vn 0.6220 0.1266 -0.7727
vn 0.5934 -0.1987 -0.7800
vn 0.6218 -0.2729 -0.7341
vn 0.8053 -0.3532 -0.4761
vn 0.4280 0.0695 -0.9011
vn 0.6718 -0.1865 -0.7169
vn 0.6328 -0.2176 -0.7431
vn 0.3763 -0.3788 -0.8455
vn 0.6898 0.2700 -0.6717
vn 0.5027 0.5187 -0.6915
vn 0.3763 0.3788 -0.8455
vn 0.5934 0.1986 -0.7800
vn 0.6718 0.1865 -0.7169
vn 0.8053 0.3532 -0.4761
vn -0.6594 0.5365 -0.5266
vn 0.6307 0.1151 -0.7675
vn 0.6218 0.2729 -0.7341
vn 0.8581 0.1096 -0.5017
vn 0.6328 0.2176 -0.7431
vn 0.6220 -0.1266 -0.7727
vn -0.6718 0.1865 -0.7169
vn -0.5582 0.2714 -0.7841
vn -0.8053 0.3532 -0.4761
vn -0.6898 0.2700 -0.6717
vn -0.5934 0.1987 -0.7800
vn -0.3763 0.3788 -0.8455
vn -0.8581 0.1096 -0.5017
vn -0.6218 0.2729 -0.7341
vn -0.6328 0.2176 -0.7431
vn -0.6220 -0.1266 -0.7727
vn -0.4280 -0.0695 -0.9011
vn -0.6307 -0.1151 -0.7675
vn -0.8053 -0.3532 -0.4761
vn -0.6218 -0.2729 -0.7341
vn -0.7944 0.0570 -0.6047
vn -0.5934 -0.1987 -0.7800
vn -0.6220 0.1266 -0.7727
vn -0.6718 -0.1865 -0.7169
vn -0.6328 -0.2176 -0.7431
vn -0.3763 -0.3788 -0.8455
vn -0.3610 -0.1478 -0.9208
vn -0.5892 0.6390 -0.4945
vn -0.7845 0.3246 -0.5285
vn -0.8049 -0.3411 -0.4855
vn -0.9753 -0.0917 -0.2012
vn -0.8663 -0.3673 -0.3384
vn -0.8011 -0.0744 -0.5939
vn -0.8205 -0.3957 -0.4126
vn -0.6787 -0.2750 -0.6810
vn -0.8583 -0.3017 -0.4152
vn -0.8504 -0.3521 -0.3910
vn -0.7551 -0.6129 -0.2326
vn 0.3306 -0.9007 0.2820
vn -0.9718 -0.0957 -0.2155
vn -0.8970 0.2965 -0.3278
vn -0.9891 0.0459 -0.1397
vn -0.9891 -0.0459 -0.1397
vn -0.8970 -0.2965 -0.3278
vn -0.9735 -0.0000 -0.2287
vn -0.9848 -0.0000 -0.1735
vn -0.9893 -0.0000 0.1462
vn -0.9711 -0.2292 0.0664
vn -0.8049 0.3411 -0.4855
vn -0.6505 0.6101 -0.4523
vn -0.7551 0.6129 -0.2326
vn -0.8663 0.3673 -0.3384
vn -0.5900 0.4936 -0.6390
vn -0.8583 0.3017 -0.4152
vn -0.6787 0.2750 -0.6810
vn -0.9007 0.2820 -0.3306
vn -0.8205 0.3957 -0.4126
vn -0.8011 0.0744 -0.5939
vn -0.8504 0.3521 -0.3910
vn -0.9753 0.0917 -0.2012
vn 0.6718 0.1865 0.7169
vn 0.8053 0.3532 0.4761
vn 0.5934 0.1987 0.7800
vn 0.3763 0.3788 0.8455
vn 0.8581 0.1096 0.5017
vn 0.6218 0.2729 0.7341
vn 0.6328 0.2176 0.7431
vn 0.6220 -0.1266 0.7727
vn 0.4280 -0.0695 0.9011
vn -0.7971 -0.5295 0.2904
vn 0.6307 -0.1151 0.7675
vn 0.8053 -0.3532 0.4761
vn 0.6218 -0.2729 0.7341
vn 0.5934 -0.1987 0.7800
vn 0.6220 0.1266 0.7727
vn 0.6718 -0.1865 0.7169
vn 0.6328 -0.2176 0.7431
vn 0.3763 -0.3788 0.8455
vn 0.8205 -0.3957 0.4126
vn 0.7551 -0.6129 0.2326
vn 0.8583 -0.3017 0.4152
vn 0.9753 -0.0917 0.2012
vn 0.8049 -0.3411 0.4855
vn 0.8663 -0.3673 0.3384
vn 0.8504 -0.3521 0.3910
vn 0.6787 -0.2750 0.6810
vn 0.9973 -0.0000 0.0736
vn 0.8970 -0.2965 0.3278
vn 0.9735 -0.0000 0.2287
vn 0.9711 -0.2292 -0.0664
vn 0.9718 -0.0957 0.2155
vn 0.9891 0.0459 0.1397
vn 0.9893 -0.0000 -0.1462
vn -0.2441 0.9602 0.1356
vn 0.8688 -0.1030 0.4843
vn 0.9891 -0.0459 0.1397
vn 0.9848 -0.0000 0.1735
vn 0.8970 0.2965 0.3278
vn 0.8688 0.1030 0.4843
vn -0.2904 -0.7971 0.5295
vn 0.9602 -0.1356 0.2441
vn 0.8049 0.3411 0.4855
vn 0.7551 0.6129 0.2326
vn 0.8663 0.3673 0.3384
vn 0.8583 0.3017 0.4152
vn 0.6787 0.2750 0.6810
vn 0.9007 0.2820 0.3306
vn 0.8205 0.3957 0.4126
vn 0.9201 0.2408 0.3091
vn 0.8011 0.0744 0.5939
vn 0.8504 0.3521 0.3910
vn 0.9753 0.0917 0.2012
vn 0.9040 0.0107 0.4273
vn -0.8583 0.3017 0.4152
vn -0.6787 0.2750 0.6810
vn -0.8663 0.3673 0.3384
vn -0.7551 0.6129 0.2326
vn -0.8011 0.0744 0.5939
vn -0.8205 0.3957 0.4126
vn -0.8504 0.3521 0.3910
vn -0.9753 0.0917 0.2012
vn -0.9718 0.0957 0.2155
vn -0.8688 -0.1030 0.4843
vn -0.8970 -0.2965 0.3278
vn -0.9891 -0.0459 0.1397
vn -0.9891 0.0459 0.1397
vn -0.8970 0.2965 0.3278
vn -0.9973 -0.0000 0.0736
vn -0.9735 -0.0000 0.2287
vn -0.9993 -0.0000 0.0369
vn -0.9215 0.3745 0.1025
vn -0.8889 0.4546 0.0568
vn -0.9848 -0.0000 0.1735
vn -0.9893 -0.0000 -0.1462
vn -0.6915 -0.5027 0.5187
vn -0.8664 -0.3673 0.3384
vn -0.8049 -0.3411 0.4855
vn -0.7551 -0.6129 0.2326
vn -0.8583 -0.3017 0.4152
vn -0.6787 -0.2750 0.6810
vn -0.9007 -0.2820 0.3306
vn -0.8205 -0.3957 0.4126
vn -0.8504 -0.3521 0.3911
vn -0.9753 -0.0917 0.2012
vn -0.8011 -0.0744 0.5939
vn -0.6718 -0.1865 0.7169
vn -0.8053 -0.3532 0.4761
vn -0.5027 -0.5187 0.6915
vn -0.6898 -0.2700 0.6717
vn -0.5934 -0.1987 0.7800
vn -0.3763 -0.3788 0.8455
vn -0.6218 -0.2729 0.7341
vn -0.6328 -0.2176 0.7431
vn -0.6220 0.1266 0.7727
vn -0.7944 0.0570 0.6047
vn -0.8291 0.0838 0.5527
vn -0.7195 -0.2844 0.6336
vn -0.6898 0.2700 0.6717
vn -0.3763 0.3788 0.8455
vn -0.5934 0.1986 0.7800
vn -0.6718 0.1865 0.7169
vn -0.8053 0.3532 0.4761
vn -0.6307 0.1151 0.7675
vn -0.6218 0.2729 0.7341
vn -0.6357 0.0650 0.7692
vn -0.8581 0.1096 0.5017
vn -0.6328 0.2176 0.7431
vn -0.6220 -0.1266 0.7727
vn -0.7944 -0.0570 0.6047
vn 0.4152 0.8583 -0.3017
vn 0.6810 0.6787 -0.2750
vn 0.3384 0.8663 -0.3673
vn 0.2326 0.7551 -0.6129
vn 0.7971 -0.5295 -0.2904
vn 0.4126 0.8205 -0.3957
vn 0.3910 0.8504 -0.3521
vn 0.2012 0.9753 -0.0917
vn 0.2155 0.9718 -0.0957
vn 0.3278 0.8970 0.2965
vn 0.1397 0.9891 0.0459
vn 0.4843 0.8688 -0.1030
vn 0.1397 0.9891 -0.0459
vn 0.3278 0.8970 -0.2965
vn 0.0736 0.9973 -0.0000
vn 0.2287 0.9735 -0.0000
vn 0.1025 0.9215 -0.3745
vn 0.1735 0.9848 -0.0000
vn -0.1462 0.9893 -0.0000
vn 0.6336 0.7195 -0.2844
vn 0.3306 0.9007 0.2820
vn 0.5939 0.8011 0.0744
vn 0.6810 0.6787 0.2750
vn 0.4126 0.8205 0.3957
vn 0.4273 0.9040 0.0107
vn 0.3384 0.8664 0.3673
vn 0.2012 0.9753 0.0917
vn 0.4152 0.8582 0.3017
vn 0.3911 0.8504 0.3521
vn 0.2326 0.7551 0.6129
vn 0.6717 0.6898 0.2700
vn 0.7727 0.6220 -0.1266
vn 0.7800 0.5934 0.1986
vn 0.5017 0.8581 0.1096
vn 0.7341 0.6218 0.2729
vn 0.4761 0.8053 0.3532
vn 0.7841 0.5582 0.2714
vn 0.7169 0.6718 0.1865
vn 0.5266 0.6594 0.5365
vn 0.7431 0.6328 0.2176
vn 0.8455 0.3763 0.3788
vn 0.7841 0.5582 -0.2714
vn 0.7727 0.6220 0.1266
vn 0.7169 0.6718 -0.1865
vn 0.7675 0.6307 -0.1151
vn 0.7341 0.6218 -0.2729
vn 0.8455 0.3763 -0.3788
vn 0.6047 0.7944 0.0570
vn 0.6717 0.6898 -0.2700
vn 0.7800 0.5934 -0.1986
vn 0.7431 0.6328 -0.2176
vn 0.4761 0.8053 -0.3532
vn 0.5266 0.6594 -0.5365
vn 0.7800 -0.5934 -0.1986
vn 0.6717 -0.6898 -0.2700
vn 0.7727 -0.6220 0.1266
vn 0.7675 -0.6307 -0.1151
vn 0.7341 -0.6218 -0.2729
vn 0.4761 -0.8053 -0.3532
vn 0.9011 -0.4280 0.0695
vn 0.7841 -0.5582 -0.2714
vn 0.7169 -0.6718 -0.1865
vn 0.7431 -0.6328 -0.2176
vn 0.8455 -0.3763 -0.3788
vn 0.6922 -0.7217 -0.0000
vn 0.9549 -0.2968 -0.0000
vn 0.9463 -0.3100 0.0920
vn 0.7675 -0.6307 0.1151
vn 0.4761 -0.8053 0.3532
vn 0.7341 -0.6218 0.2729
vn 0.6717 -0.6898 0.2700
vn 0.7800 -0.5934 0.1987
vn 0.7727 -0.6220 -0.1266
vn 0.7841 -0.5582 0.2714
vn 0.7169 -0.6718 0.1865
vn 0.7971 -0.5295 0.2904
vn 0.9011 -0.4280 -0.0695
vn 0.7431 -0.6328 0.2176
vn 0.8455 -0.3763 0.3788
vn 0.6915 -0.5027 0.5187
vn 0.9208 -0.3610 0.1478
vn 0.4126 -0.8205 0.3957
vn 0.2326 -0.7551 0.6129
vn 0.4152 -0.8583 0.3017
vn 0.2012 -0.9753 0.0917
vn 0.4855 -0.8049 0.3411
vn 0.3384 -0.8663 0.3673
vn 0.3910 -0.8504 0.3521
vn 0.6810 -0.6787 0.2750
vn 0.2155 -0.9718 0.0957
vn 0.3278 -0.8970 -0.2965
vn 0.1397 -0.9891 -0.0459
vn 0.1397 -0.9891 0.0459
vn 0.3278 -0.8970 0.2965
vn 0.2287 -0.9735 -0.0000
vn 0.1735 -0.9848 -0.0000
vn -0.1462 -0.9893 -0.0000
vn 0.4152 -0.8582 -0.3017
vn 0.2012 -0.9753 -0.0917
vn 0.0815 -0.8797 -0.4684
vn 0.3306 -0.9007 -0.2820
vn 0.4126 -0.8204 -0.3957
vn 0.2326 -0.7551 -0.6129
vn 0.4273 -0.9040 -0.0107
vn 0.4855 -0.8049 -0.3411
vn 0.3384 -0.8664 -0.3673
vn 0.5285 -0.7845 -0.3245
vn 0.3911 -0.8504 -0.3521
vn 0.6810 -0.6787 -0.2750
vn 0.5939 -0.8011 -0.0744
vn -0.7800 0.5934 -0.1986
vn -0.7727 0.6220 0.1266
vn -0.7341 0.6218 -0.2729
vn -0.4761 0.8053 -0.3532
vn -0.7841 0.5582 -0.2714
vn -0.7169 0.6718 -0.1865
vn -0.7431 0.6328 -0.2176
vn -0.8455 0.3763 -0.3788
vn -0.7800 0.5934 0.1987
vn -0.8455 0.3763 0.3788
vn -0.7841 0.5582 0.2714
vn -0.7169 0.6718 0.1865
vn -0.4761 0.8053 0.3532
vn -0.9208 0.3610 0.1478
vn -0.7675 0.6307 0.1151
vn -0.7341 0.6218 0.2729
vn -0.7692 0.6357 0.0650
vn -0.7431 0.6328 0.2176
vn -0.7727 0.6220 -0.1266
vn -0.7971 0.5295 0.2904
vn -0.4152 0.8583 0.3017
vn -0.6810 0.6787 0.2750
vn -0.4523 0.6505 0.6101
vn -0.4855 0.8049 0.3411
vn -0.3384 0.8663 0.3673
vn -0.2326 0.7551 0.6129
vn 0.3246 -0.5285 -0.7845
vn -0.5939 0.8011 0.0744
vn -0.4126 0.8205 0.3957
vn -0.3910 0.8504 0.3521
vn -0.2012 0.9753 0.0917
vn -0.4273 0.9040 0.0107
vn -0.5285 0.7845 0.3246
vn -0.0736 0.9973 -0.0000
vn -0.3278 0.8970 0.2965
vn -0.2287 0.9735 -0.0000
vn -0.2155 0.9718 0.0957
vn -0.1397 0.9891 -0.0459
vn 0.1462 0.9893 -0.0000
vn -0.0000 -0.0369 -0.9993
vn -0.2155 0.9718 -0.0957
vn -0.1397 0.9891 0.0459
vn -0.1735 0.9848 -0.0000
vn -0.3278 0.8970 -0.2965
vn -0.1025 0.9215 -0.3745
vn -0.4698 -0.3272 -0.8199
vn -0.4152 0.8582 -0.3017
vn -0.2012 0.9753 -0.0917
vn -0.3306 0.9007 -0.2820
vn -0.4126 0.8204 -0.3957
vn -0.2326 0.7551 -0.6129
vn 0.2407 -0.3091 -0.9201
vn -0.4855 0.8049 -0.3411
vn -0.3384 0.8664 -0.3673
vn -0.5285 0.7845 -0.3245
vn -0.3911 0.8504 -0.3521
vn -0.6810 0.6787 -0.2750
vn -0.3091 0.9201 -0.2408
vn -0.4126 -0.8205 -0.3957
vn -0.2326 -0.7551 -0.6129
vn -0.3450 -0.8296 -0.4391
vn -0.4152 -0.8583 -0.3017
vn -0.2012 -0.9753 -0.0917
vn -0.1025 -0.9215 -0.3745
vn -0.3384 -0.8663 -0.3673
vn -0.3910 -0.8504 -0.3521
vn -0.6810 -0.6787 -0.2750
vn -0.6390 -0.5900 -0.4936
vn -0.0736 -0.9973 -0.0000
vn -0.3278 -0.8970 -0.2965
vn -0.2287 -0.9735 -0.0000
vn -0.2155 -0.9718 -0.0957
vn -0.1397 -0.9891 0.0459
vn 0.1462 -0.9893 -0.0000
vn -0.2155 -0.9718 0.0957
vn -0.1397 -0.9891 -0.0459
vn -0.1735 -0.9848 -0.0000
vn -0.3278 -0.8970 0.2965
vn 0.0650 -0.7692 0.6357
vn -0.2441 -0.9602 -0.1356
vn -0.3384 -0.8664 0.3673
vn -0.4855 -0.8049 0.3411
vn -0.2326 -0.7551 0.6129
vn -0.3450 -0.8296 0.4391
vn -0.4152 -0.8582 0.3017
vn -0.6810 -0.6787 0.2750
vn -0.0815 -0.8797 0.4684
vn -0.3306 -0.9007 0.2820
vn -0.4126 -0.8205 0.3957
vn -0.3911 -0.8504 0.3521
vn -0.2012 -0.9753 0.0917
vn -0.7841 -0.5582 0.2714
vn -0.4761 -0.8053 0.3532
vn -0.7169 -0.6718 0.1865
vn -0.6717 -0.6898 0.2700
vn -0.7800 -0.5934 0.1987
vn -0.8455 -0.3763 0.3788
vn -0.7341 -0.6218 0.2729
vn -0.7431 -0.6328 0.2176
vn -0.7727 -0.6220 -0.1266
vn 0.9993 -0.0000 0.0369
vn -0.6336 -0.7195 0.2844
vn -0.7841 -0.5582 -0.2714
vn -0.7727 -0.6220 0.1266
vn -0.7169 -0.6718 -0.1865
vn -0.7675 -0.6307 -0.1151
vn -0.7341 -0.6218 -0.2729
vn -0.8455 -0.3763 -0.3788
vn -0.0369 -0.9993 -0.0000
vn -0.6047 -0.7944 0.0570
vn -0.6717 -0.6898 -0.2700
vn -0.7800 -0.5934 -0.1986
vn -0.7431 -0.6328 -0.2176
vn -0.4761 -0.8053 -0.3532
vn -0.7692 -0.6357 -0.0650
vn 0.3673 0.3384 -0.8663
vn 0.3411 0.4855 -0.8049
vn 0.0917 0.2012 -0.9753
vn 0.3957 0.4126 -0.8205
vn 0.2750 0.6810 -0.6787
vn 0.4391 0.3450 -0.8296
vn 0.3017 0.4152 -0.8583
vn 0.3521 0.3910 -0.8504
vn 0.6129 0.2326 -0.7551
vn 0.0957 0.2155 -0.9718
vn -0.2965 0.3278 -0.8970
vn -0.0459 0.1397 -0.9891
vn 0.0459 0.1397 -0.9891
vn 0.2965 0.3278 -0.8970
vn -0.0000 0.0736 -0.9973
vn -0.0000 0.2287 -0.9735
vn 0.3745 0.1025 -0.9215
vn -0.0000 0.1735 -0.9848
vn -0.0000 -0.1462 -0.9893
vn -0.2820 0.3306 -0.9007
vn -0.2750 0.6810 -0.6787
vn -0.3957 0.4127 -0.8205
vn -0.0107 0.4273 -0.9040
vn -0.3673 0.3384 -0.8664
vn -0.0917 0.2012 -0.9753
vn -0.5365 0.5266 -0.6594
vn -0.4391 0.3450 -0.8296
vn -0.3017 0.4152 -0.8582
vn -0.4698 0.3273 -0.8199
vn -0.2621 0.0330 -0.9645
vn -0.3521 0.3911 -0.8504
vn -0.6129 0.2326 -0.7551
vn -0.2714 0.7841 -0.5582
vn -0.3532 0.4761 -0.8053
vn -0.1865 0.7169 -0.6718
vn -0.2700 0.6717 -0.6898
vn -0.1987 0.7800 -0.5934
vn -0.3788 0.8455 -0.3763
vn -0.0695 0.9011 -0.4280
vn -0.2729 0.7341 -0.6218
vn -0.2176 0.7431 -0.6328
vn 0.1266 0.7727 -0.6220
vn 0.0695 0.9011 -0.4280
vn 0.2714 0.7841 -0.5582
vn -0.1266 0.7727 -0.6220
vn 0.1865 0.7169 -0.6718
vn 0.1151 0.7675 -0.6307
vn 0.2729 0.7341 -0.6218
vn 0.3788 0.8455 -0.3763
vn 0.5365 0.5266 0.6594
vn 0.6141 0.4743 0.6309
vn 0.2700 0.6717 -0.6898
vn 0.1986 0.7800 -0.5934
vn 0.2844 0.6336 -0.7195
vn 0.2176 0.7431 -0.6328
vn 0.3532 0.4761 -0.8053
vn 0.2714 0.7841 0.5582
vn 0.3532 0.4761 0.8053
vn 0.1865 0.7169 0.6718
vn 0.1987 0.7800 0.5934
vn 0.3788 0.8455 0.3763
vn 0.1096 0.5017 0.8581
vn 0.1151 0.7675 0.6307
vn 0.2729 0.7341 0.6218
vn 0.2176 0.7431 0.6328
vn -0.1266 0.7727 0.6220
vn -0.0695 0.9011 0.4280
vn -0.1151 0.7675 0.6307
vn -0.3532 0.4761 0.8053
vn -0.2729 0.7341 0.6218
vn -0.1987 0.7800 0.5934
vn 0.1266 0.7727 0.6220
vn -0.2714 0.7841 0.5582
vn -0.1865 0.7169 0.6718
vn -0.2904 0.7971 0.5295
vn 0.0695 0.9011 0.4280
vn -0.2176 0.7431 0.6328
vn -0.3788 0.8455 0.3763
vn -0.1478 0.9208 0.3610
vn -0.3411 0.4855 0.8049
vn -0.0917 0.2012 0.9753
vn -0.3673 0.3384 0.8663
vn -0.0744 0.5939 0.8011
vn -0.3957 0.4126 0.8204
vn -0.2750 0.6810 0.6787
vn -0.4391 0.3450 0.8296
vn -0.3017 0.4152 0.8583
vn -0.4936 0.6390 0.5900
vn -0.3521 0.3910 0.8504
vn -0.6129 0.2326 0.7551
vn -0.0000 0.2287 0.9735
vn -0.2965 0.3278 0.8970
vn -0.0957 0.2155 0.9718
vn 0.0459 0.1397 0.9891
vn -0.0000 -0.1462 0.9893
vn 0.0744 0.5939 0.8011
vn -0.1030 0.4843 0.8688
vn -0.0459 0.1397 0.9891
vn -0.0000 0.1735 0.9848
vn 0.2965 0.3278 0.8970
vn 0.1030 0.4843 0.8688
vn 0.2820 0.3306 0.9007
vn 0.2750 0.6810 0.6787
vn 0.3957 0.4126 0.8205
vn 0.3411 0.4855 0.8049
vn 0.3673 0.3384 0.8663
vn 0.0917 0.2012 0.9753
vn 0.5365 -0.5266 -0.6594
vn 0.4391 0.3450 0.8296
vn 0.3017 0.4152 0.8582
vn 0.4698 0.3273 0.8199
vn 0.3521 0.3911 0.8503
vn 0.6129 0.2326 0.7551
vn 0.0585 -0.4648 -0.8835
vn 0.2714 -0.7841 -0.5582
vn 0.3532 -0.4761 -0.8053
vn 0.1865 -0.7169 -0.6718
vn 0.1987 -0.7800 -0.5934
vn 0.3788 -0.8455 -0.3763
vn 0.1096 -0.5017 -0.8581
vn 0.2729 -0.7341 -0.6218
vn 0.2176 -0.7431 -0.6328
vn -0.1266 -0.7727 -0.6220
vn -0.1151 -0.7675 -0.6307
vn -0.3532 -0.4761 -0.8053
vn -0.2729 -0.7341 -0.6218
vn 0.0570 -0.6047 -0.7944
vn -0.1987 -0.7800 -0.5934
vn 0.1266 -0.7727 -0.6220
vn -0.2714 -0.7841 -0.5582
vn -0.1865 -0.7169 -0.6718
vn -0.2904 -0.7971 -0.5295
vn 0.0695 -0.9011 -0.4280
vn -0.2176 -0.7431 -0.6328
vn -0.3788 -0.8455 -0.3763
vn -0.3957 -0.4126 -0.8205
vn -0.6129 -0.2326 -0.7551
vn -0.4391 -0.3450 -0.8296
vn -0.3017 -0.4152 -0.8583
vn -0.0917 -0.2012 -0.9753
vn 0.3246 0.5285 0.7845
vn -0.3411 -0.4855 -0.8049
vn -0.3673 -0.3384 -0.8663
vn -0.3521 -0.3910 -0.8504
vn -0.2750 -0.6810 -0.6787
vn -0.0000 -0.0736 -0.9973
vn -0.2965 -0.3278 -0.8970
vn -0.0000 -0.2287 -0.9735
vn -0.0957 -0.2155 -0.9718
vn 0.0459 -0.1397 -0.9891
vn -0.0000 0.1462 -0.9893
vn -0.1030 -0.4843 -0.8688
vn -0.0459 -0.1397 -0.9891
vn -0.0000 -0.1735 -0.9848
vn 0.2965 -0.3278 -0.8970
vn -0.1356 -0.2441 -0.9602
vn 0.4391 -0.3450 -0.8296
vn 0.0917 -0.2012 -0.9753
vn 0.3017 -0.4152 -0.8582
vn 0.2820 -0.3306 -0.9007
vn 0.3957 -0.4126 -0.8204
vn 0.6129 -0.2326 -0.7551
vn 0.4698 -0.3273 -0.8199
vn 0.3411 -0.4855 -0.8049
vn 0.3673 -0.3384 -0.8663
vn 0.3521 -0.3911 -0.8504
vn 0.2750 -0.6810 -0.6787
vn 0.3673 -0.3384 0.8663
vn 0.3411 -0.4855 0.8049
vn 0.0917 -0.2012 0.9753
vn 0.2820 -0.3306 0.9007
vn 0.3957 -0.4126 0.8205
vn 0.2750 -0.6810 0.6787
vn 0.2621 -0.0330 0.9645
vn 0.4391 -0.3450 0.8296
vn 0.3017 -0.4152 0.8583
vn 0.4698 -0.3272 0.8199
vn 0.3521 -0.3910 0.8504
vn 0.6129 -0.2326 0.7551
vn -0.0000 -0.0736 0.9973
vn 0.2965 -0.3278 0.8970
vn -0.0000 -0.2287 0.9735
vn 0.0957 -0.2155 0.9718
vn -0.0459 -0.1397 0.9891
vn -0.0000 0.1462 0.9893
vn 0.0459 -0.1397 0.9891
vn -0.0000 -0.1735 0.9848
vn -0.2965 -0.3278 0.8970
vn -0.1030 -0.4843 0.8688
vn -0.3745 -0.1025 0.9215
vn -0.3673 -0.3384 0.8664
vn -0.6129 -0.2326 0.7551
vn -0.4391 -0.3450 0.8296
vn -0.3017 -0.4152 0.8583
vn -0.2750 -0.6810 0.6787
vn -0.4684 -0.0815 0.8797
vn -0.2820 -0.3306 0.9007
vn -0.3957 -0.4126 0.8205
vn -0.2408 -0.3091 0.9201
vn -0.3521 -0.3911 0.8504
vn -0.0917 -0.2012 0.9753
vn -0.2714 -0.7841 0.5582
vn -0.3532 -0.4761 0.8053
vn -0.1865 -0.7169 0.6718
vn -0.5187 -0.6915 0.5027
vn -0.2700 -0.6717 0.6898
vn -0.1987 -0.7800 0.5934
vn -0.3788 -0.8455 0.3763
vn -0.2729 -0.7341 0.6218
vn -0.2176 -0.7431 0.6328
vn 0.1266 -0.7727 0.6220
vn -0.0369 0.9993 -0.0000
vn 0.2904 -0.7971 0.5295
vn -0.2844 -0.6336 0.7195
vn 0.2700 -0.6717 0.6898
vn 0.3788 -0.8455 0.3763
vn 0.1986 -0.7800 0.5934
vn 0.5365 -0.5266 0.6594
vn 0.2714 -0.7841 0.5582
vn 0.1865 -0.7169 0.6718
vn 0.3532 -0.4761 0.8053
vn 0.1151 -0.7675 0.6307
vn 0.2729 -0.7341 0.6218
vn 0.2176 -0.7431 0.6328
vn -0.1266 -0.7727 0.6220
vn -0.0695 -0.9011 0.4280
vn 0.9509 0.2711 -0.1491
vn 0.9415 0.1859 -0.2810
vn 0.8150 -0.0457 -0.5776
vn 0.9602 0.1356 -0.2441
vn 0.9477 0.2178 -0.2333
vn 0.9490 -0.3029 -0.0876
vn 0.4972 0.5821 -0.6433
vn 0.7195 0.2844 -0.6336
vn -0.2968 -0.0000 -0.9549
vn -0.3100 -0.0920 -0.9463
vn -0.7978 0.1992 -0.5691
vn -0.7217 -0.0000 -0.6922
vn -0.7706 -0.0000 -0.6374
vn 0.7845 0.3246 0.5285
vn -0.2178 -0.2333 0.9477
vn -0.0000 -0.0000 1.0000
vn 0.2407 0.3091 0.9201
vn -0.0000 -0.0369 0.9993
vn -0.4972 -0.5821 0.6434
vn -0.7195 0.2844 0.6336
vn -0.2910 0.1162 -0.9497
vn 0.7692 -0.6357 0.0650
vn 0.5691 -0.7978 -0.1992
vn 0.6433 -0.4972 0.5821
vn 0.5692 -0.5352 0.6242
vn 0.7195 -0.2844 -0.6336
vn 0.7971 0.5295 -0.2904
vn 0.1356 0.2441 -0.9602
vn -0.2904 0.7971 -0.5295
vn -0.6709 -0.5094 -0.5390
vn 0.1356 -0.2441 0.9602
vn 0.2844 -0.6336 0.7195
vn 0.4553 -0.7008 0.5491
vn -0.0739 0.5037 0.8607
vn -0.7971 -0.5295 -0.2904
vn 0.2441 -0.9602 0.1356
vn -0.0067 0.6004 0.7997
vn -0.5000 -0.3090 0.8090
vn -0.4698 -0.3272 0.8199
vn 0.2904 -0.7971 -0.5295
vn 0.2904 0.7971 -0.5295
vn 0.2904 0.7971 0.5295
vn -0.3090 0.8090 0.5000
vt 0.878686 0.363053
vt 0.115316 0.775536
vt 0.877911 0.225886
vt 0.879351 0.086291
vt 0.555976 0.777324
vt 0.880236 0.604025
vt 0.419125 0.775215
vt 0.828064 0.776660
vt 0.250375 0.777168
vt 0.114827 0.914041
vt 0.275110 0.100803
vt 0.691825 0.776709
vt 0.578095 0.449088
vt 0.426339 0.100803
vt 0.120055 0.275868
vt 0.731461 0.622307
vt 0.577568 0.275868
vt 0.579179 0.100803
vt 0.426339 0.275868
vt 0.117729 0.622307
vt 0.250374 0.915505
vt 0.426032 0.449088
vt 0.272522 0.275868
vt 0.120190 0.100803
vt 0.731258 0.100803
vt 0.730642 0.275868
vt 0.426339 0.622307
vt 0.119575 0.449088
vt 0.577156 0.622308
vt 0.731423 0.449088
vt 0.273880 0.449088
vt 0.272034 0.622307
vt 0.210869 0.485353
vt 0.098796 0.833396
vt 0.514557 0.239603
vt 0.209871 0.493816
vt 0.091026 0.836292
vt 0.203519 0.489860
vt 0.096518 0.841374
vt 0.507208 0.235096
vt 0.513559 0.231140
vt 0.103865 0.839958
vt 0.202670 0.482410
vt 0.506358 0.242547
vt 0.273979 0.521789
vt 0.117828 0.549606
vt 0.055183 0.777704
vt 0.280627 0.527418
vt 0.124477 0.543977
vt 0.273751 0.530407
vt 0.117600 0.540988
vt 0.046892 0.778003
vt 0.050027 0.771210
vt 0.110998 0.544510
vt 0.267149 0.526885
vt 0.050509 0.784553
vt 0.094672 0.719017
vt 0.054718 0.586042
vt 0.426438 0.203167
vt 0.086714 0.716687
vt 0.053721 0.577579
vt 0.091826 0.711223
vt 0.047369 0.581536
vt 0.426210 0.194549
vt 0.433087 0.197538
vt 0.046520 0.588986
vt 0.099256 0.712106
vt 0.419608 0.198071
vt 0.363328 0.239603
vt 0.119674 0.376386
vt 0.162690 0.738437
vt 0.355130 0.242547
vt 0.126322 0.370758
vt 0.355979 0.235096
vt 0.119446 0.367768
vt 0.169222 0.733322
vt 0.170679 0.740661
vt 0.112844 0.371291
vt 0.362331 0.231140
vt 0.162446 0.730149
vt 0.165239 0.809128
vt 0.056564 0.412823
vt 0.577667 0.203167
vt 0.173046 0.806334
vt 0.055566 0.404360
vt 0.172122 0.813759
vt 0.049215 0.408316
vt 0.577439 0.194549
vt 0.584315 0.197538
vt 0.048365 0.415766
vt 0.165592 0.817412
vt 0.570836 0.198071
vt 0.668247 0.137068
vt 0.163629 0.878840
vt 0.363328 0.064538
vt 0.667249 0.145531
vt 0.171524 0.881378
vt 0.660897 0.141575
vt 0.170358 0.873987
vt 0.355979 0.060031
vt 0.362331 0.056075
vt 0.163712 0.870548
vt 0.660048 0.134124
vt 0.355130 0.067481
vt 0.731357 0.173505
vt 0.182967 0.312305
vt 0.163385 0.949576
vt 0.738005 0.179133
vt 0.184517 0.320877
vt 0.731128 0.182123
vt 0.190544 0.316416
vt 0.170081 0.954476
vt 0.163412 0.957868
vt 0.190794 0.308937
vt 0.724526 0.178600
vt 0.171297 0.947093
vt 0.182967 0.239432
vt 0.794335 0.485525
vt 0.096037 0.971203
vt 0.184517 0.230860
vt 0.795885 0.494096
vt 0.190544 0.235320
vt 0.801913 0.489636
vt 0.093446 0.979085
vt 0.088158 0.973790
vt 0.802163 0.482157
vt 0.190794 0.242799
vt 0.100843 0.977960
vt 0.794335 0.412651
vt 0.426131 0.376386
vt 0.054656 0.913833
vt 0.795885 0.404079
vt 0.432779 0.370758
vt 0.801913 0.408540
vt 0.425902 0.367768
vt 0.046359 0.913805
vt 0.049761 0.907140
vt 0.419300 0.371291
vt 0.802163 0.416019
vt 0.049715 0.920493
vt 0.096431 0.856750
vt 0.363020 0.412823
vt 0.426438 0.028101
vt 0.088570 0.854109
vt 0.362023 0.404360
vt 0.093894 0.848851
vt 0.355671 0.408316
vt 0.426210 0.019483
vt 0.433086 0.022473
vt 0.354822 0.415766
vt 0.101283 0.850026
vt 0.419608 0.023006
vt 0.057179 0.137068
vt 0.927610 0.566926
vt 0.275209 0.173505
vt 0.056182 0.145531
vt 0.935599 0.569149
vt 0.049830 0.141575
vt 0.934143 0.561810
vt 0.274981 0.182123
vt 0.268379 0.178600
vt 0.927367 0.558637
vt 0.048980 0.134125
vt 0.281857 0.179133
vt 0.120289 0.173505
vt 0.516168 0.137068
vt 0.930159 0.637616
vt 0.126937 0.179133
vt 0.507969 0.134124
vt 0.120061 0.182123
vt 0.508819 0.141575
vt 0.937043 0.642247
vt 0.930513 0.645900
vt 0.515171 0.145531
vt 0.113459 0.178600
vt 0.937967 0.634822
vt 0.863716 0.661884
vt 0.579278 0.173505
vt 0.180641 0.658744
vt 0.868786 0.668446
vt 0.572448 0.178600
vt 0.861439 0.669862
vt 0.579049 0.182123
vt 0.188219 0.662855
vt 0.182191 0.667316
vt 0.585926 0.179133
vt 0.855946 0.664781
vt 0.188469 0.655376
vt 0.336792 0.485524
vt 0.820104 0.606193
vt 0.180641 0.585871
vt 0.344620 0.482157
vt 0.814948 0.599698
vt 0.344370 0.489636
vt 0.811812 0.606491
vt 0.188219 0.581760
vt 0.188469 0.589239
vt 0.815429 0.613042
vt 0.338342 0.494096
vt 0.182191 0.577299
vt 0.859593 0.547505
vt 0.336792 0.412651
vt 0.212099 0.137068
vt 0.851634 0.545175
vt 0.344620 0.416019
vt 0.856746 0.539712
vt 0.344370 0.408540
vt 0.204750 0.141575
vt 0.203901 0.134125
vt 0.338342 0.404079
vt 0.864176 0.540595
vt 0.211102 0.145531
vt 0.488943 0.485525
vt 0.229731 0.833688
vt 0.668450 0.586042
vt 0.496771 0.482157
vt 0.221772 0.836017
vt 0.496521 0.489636
vt 0.226884 0.841481
vt 0.661101 0.581535
vt 0.667452 0.577579
vt 0.234314 0.840598
vt 0.490494 0.494097
vt 0.660251 0.588986
vt 0.488943 0.412651
vt 0.731522 0.376386
vt 0.190242 0.775000
vt 0.490494 0.404079
vt 0.738171 0.370758
vt 0.496521 0.408540
vt 0.731294 0.367768
vt 0.181950 0.774701
vt 0.185567 0.768151
vt 0.724692 0.371291
vt 0.496771 0.416019
vt 0.185086 0.781495
vt 0.233854 0.719309
vt 0.668412 0.412823
vt 0.641007 0.485524
vt 0.226084 0.716412
vt 0.667415 0.404360
vt 0.231577 0.711331
vt 0.661063 0.408316
vt 0.648585 0.489636
vt 0.642557 0.494096
vt 0.660214 0.415766
vt 0.648835 0.482157
vt 0.238924 0.712746
vt 0.730741 0.203167
vt 0.300297 0.743577
vt 0.641007 0.412651
vt 0.723911 0.198071
vt 0.308105 0.746370
vt 0.730513 0.194549
vt 0.307181 0.738945
vt 0.648585 0.408540
vt 0.648835 0.416019
vt 0.300651 0.735292
vt 0.737390 0.197538
vt 0.642557 0.404079
vt 0.297749 0.814267
vt 0.667631 0.239603
vt 0.731560 0.549606
vt 0.305737 0.812043
vt 0.666634 0.231140
vt 0.304281 0.819383
vt 0.660282 0.235097
vt 0.731332 0.540988
vt 0.738208 0.543977
vt 0.659433 0.242547
vt 0.297505 0.822556
vt 0.724730 0.544511
vt 0.335434 0.312305
vt 0.398481 0.831734
vt 0.577667 0.348570
vt 0.343262 0.308937
vt 0.390522 0.834064
vt 0.343012 0.316416
vt 0.395635 0.839528
vt 0.577438 0.357188
vt 0.570837 0.353665
vt 0.403065 0.838645
vt 0.336985 0.320877
vt 0.584315 0.354198
vt 0.335434 0.239432
vt 0.272133 0.549606
vt 0.358992 0.773047
vt 0.336985 0.230860
vt 0.278782 0.543977
vt 0.343012 0.235320
vt 0.271905 0.540988
vt 0.350700 0.772748
vt 0.354317 0.766198
vt 0.265303 0.544510
vt 0.343262 0.242799
vt 0.353836 0.779542
vt 0.209023 0.586042
vt 0.275209 0.028101
vt 0.402604 0.717356
vt 0.200825 0.588986
vt 0.281858 0.022473
vt 0.201674 0.581536
vt 0.274981 0.019483
vt 0.400327 0.709377
vt 0.407674 0.710793
vt 0.268379 0.023006
vt 0.208026 0.577579
vt 0.394834 0.714459
vt 0.212099 0.064538
vt 0.273979 0.376386
vt 0.469047 0.741624
vt 0.203901 0.067481
vt 0.280627 0.370758
vt 0.204750 0.060031
vt 0.273750 0.367768
vt 0.475931 0.736992
vt 0.476855 0.744417
vt 0.267148 0.371291
vt 0.211102 0.056075
vt 0.469401 0.733339
vt 0.514557 0.312133
vt 0.466499 0.812314
vt 0.210869 0.412823
vt 0.513559 0.320596
vt 0.466255 0.820603
vt 0.507208 0.316640
vt 0.473031 0.817430
vt 0.203519 0.408316
vt 0.209871 0.404360
vt 0.474487 0.810090
vt 0.506358 0.309190
vt 0.202670 0.415766
vt 0.489251 0.239432
vt 0.054718 0.658572
vt 0.739199 0.739610
vt 0.490801 0.230860
vt 0.046520 0.655629
vt 0.496829 0.235320
vt 0.047369 0.663079
vt 0.745731 0.734494
vt 0.747188 0.741834
vt 0.053721 0.667035
vt 0.738955 0.731321
vt 0.497079 0.242799
vt 0.117828 0.695009
vt 0.642091 0.137240
vt 0.741747 0.810300
vt 0.124477 0.700638
vt 0.643641 0.145811
vt 0.117600 0.703627
vt 0.649669 0.141351
vt 0.748631 0.814932
vt 0.742101 0.818585
vt 0.649919 0.133872
vt 0.110998 0.700104
vt 0.749555 0.807507
vt 0.675305 0.834568
vt 0.642091 0.064366
vt 0.489251 0.658744
vt 0.680374 0.841131
vt 0.649919 0.067734
vt 0.673027 0.842546
vt 0.649669 0.060255
vt 0.496829 0.662855
vt 0.490801 0.667316
vt 0.643641 0.055795
vt 0.497079 0.655376
vt 0.667535 0.837465
vt 0.489251 0.585871
vt 0.577255 0.549606
vt 0.631692 0.778877
vt 0.490801 0.577299
vt 0.583903 0.543977
vt 0.496829 0.581760
vt 0.577027 0.540988
vt 0.623401 0.779176
vt 0.626536 0.772382
vt 0.570425 0.544511
vt 0.497079 0.589238
vt 0.627018 0.785726
vt 0.489251 0.312305
vt 0.671181 0.720189
vt 0.514145 0.586042
vt 0.497079 0.308937
vt 0.675765 0.713279
vt 0.496829 0.316416
vt 0.668334 0.712396
vt 0.506796 0.581536
vt 0.513147 0.577579
vt 0.663223 0.717860
vt 0.490801 0.320877
vt 0.505946 0.588986
vt 0.489251 0.064366
vt 0.363021 0.485353
vt 0.928609 0.329462
vt 0.490801 0.055794
vt 0.354822 0.482410
vt 0.496829 0.060255
vt 0.355671 0.489860
vt 0.935493 0.324830
vt 0.936417 0.332255
vt 0.362023 0.493816
vt 0.928962 0.321177
vt 0.497079 0.067734
vt 0.926060 0.400152
vt 0.426131 0.521790
vt 0.668450 0.658572
vt 0.934049 0.397928
vt 0.419300 0.526885
vt 0.932593 0.405268
vt 0.425902 0.530408
vt 0.661100 0.663079
vt 0.660251 0.655629
vt 0.432779 0.527418
vt 0.925816 0.408441
vt 0.667452 0.667036
vt 0.334946 0.658744
vt 0.858042 0.419573
vt 0.731560 0.695009
vt 0.342774 0.655376
vt 0.850084 0.421902
vt 0.342524 0.662855
vt 0.855196 0.427366
vt 0.731331 0.703627
vt 0.724729 0.700104
vt 0.862626 0.426483
vt 0.336496 0.667316
vt 0.738208 0.700638
vt 0.272622 0.203167
vt 0.818554 0.360885
vt 0.334946 0.585871
vt 0.265791 0.198071
vt 0.813879 0.354036
vt 0.272393 0.194549
vt 0.810262 0.360586
vt 0.342524 0.581760
vt 0.342774 0.589238
vt 0.813398 0.367380
vt 0.279270 0.197538
vt 0.336496 0.577299
vt 0.489251 0.137240
vt 0.862166 0.305194
vt 0.209511 0.239603
vt 0.497079 0.133872
vt 0.867235 0.298631
vt 0.496829 0.141351
vt 0.859888 0.297216
vt 0.202162 0.235096
vt 0.208514 0.231140
vt 0.854396 0.302297
vt 0.490801 0.145811
vt 0.201313 0.242547
vt 0.858707 0.029771
vt 0.057044 0.239603
vt 0.640068 0.658744
vt 0.850748 0.027442
vt 0.056046 0.231140
vt 0.855860 0.021978
vt 0.049694 0.235096
vt 0.647646 0.662856
vt 0.641618 0.667316
vt 0.048845 0.242547
vt 0.863290 0.022861
vt 0.647896 0.655377
vt 0.426438 0.549606
vt 0.926724 0.049192
vt 0.640068 0.585871
vt 0.419608 0.544510
vt 0.934713 0.051415
vt 0.426210 0.540988
vt 0.933257 0.044076
vt 0.647645 0.581760
vt 0.647896 0.589239
vt 0.926481 0.040903
vt 0.433087 0.543977
vt 0.641618 0.577299
vt 0.929273 0.119882
vt 0.363328 0.586042
vt 0.515084 0.485353
vt 0.937081 0.117088
vt 0.362331 0.577579
vt 0.936157 0.124513
vt 0.355979 0.581536
vt 0.507735 0.489860
vt 0.506885 0.482410
vt 0.355130 0.588986
vt 0.514087 0.493816
vt 0.929627 0.128166
vt 0.668412 0.485353
vt 0.862831 0.144150
vt 0.578194 0.521790
vt 0.667415 0.493816
vt 0.855061 0.147047
vt 0.661063 0.489860
vt 0.860553 0.152128
vt 0.577966 0.530408
vt 0.571364 0.526885
vt 0.867900 0.150713
vt 0.660214 0.482409
vt 0.584842 0.527418
vt 0.120154 0.203167
vt 0.819218 0.088459
vt 0.731522 0.521789
vt 0.113323 0.198071
vt 0.814062 0.081964
vt 0.119925 0.194549
vt 0.810926 0.088758
vt 0.731294 0.530408
vt 0.724692 0.526885
vt 0.814543 0.095308
vt 0.126802 0.197538
vt 0.738171 0.527418
vt 0.640480 0.239432
vt 0.056564 0.485353
vt 0.539456 0.835183
vt 0.642030 0.230860
vt 0.048365 0.482410
vt 0.648058 0.235320
vt 0.049214 0.489860
vt 0.537178 0.843161
vt 0.531686 0.838080
vt 0.055566 0.493816
vt 0.544525 0.841746
vt 0.648308 0.242799
vt 0.119674 0.521789
vt 0.731357 0.028101
vt 0.495843 0.779492
vt 0.126322 0.527418
vt 0.738005 0.022473
vt 0.119446 0.530408
vt 0.731129 0.019483
vt 0.487552 0.779791
vt 0.490687 0.772997
vt 0.724526 0.023006
vt 0.112844 0.526885
vt 0.491169 0.786341
vt 0.668247 0.064538
vt 0.363328 0.137068
vt 0.535332 0.720804
vt 0.660048 0.067481
vt 0.355130 0.134125
vt 0.660897 0.060031
vt 0.355979 0.141575
vt 0.532486 0.713011
vt 0.539916 0.713894
vt 0.362331 0.145531
vt 0.667249 0.056075
vt 0.527374 0.718475
vt 0.209511 0.312133
vt 0.603350 0.740225
vt 0.426438 0.173505
vt 0.208514 0.320596
vt 0.611339 0.742449
vt 0.202162 0.316640
vt 0.609882 0.735109
vt 0.426210 0.182123
vt 0.419608 0.178600
vt 0.603106 0.731936
vt 0.201313 0.309190
vt 0.433087 0.179133
vt 0.640480 0.312305
vt 0.605898 0.810915
vt 0.272621 0.348570
vt 0.648308 0.308937
vt 0.606252 0.819200
vt 0.648057 0.316416
vt 0.612782 0.815547
vt 0.272393 0.357188
vt 0.265791 0.353665
vt 0.613706 0.808122
vt 0.642030 0.320877
vt 0.279270 0.354198
vt 0.209023 0.658572
vt 0.300297 0.881914
vt 0.338022 0.064366
vt 0.208026 0.667035
vt 0.308105 0.884708
vt 0.201674 0.663079
vt 0.307181 0.877282
vt 0.345600 0.060255
vt 0.345850 0.067734
vt 0.300651 0.873629
vt 0.200825 0.655629
vt 0.339572 0.055795
vt 0.272133 0.695009
vt 0.794373 0.658744
vt 0.297748 0.952604
vt 0.278782 0.700638
vt 0.795923 0.667316
vt 0.271905 0.703627
vt 0.801951 0.662855
vt 0.304281 0.957720
vt 0.297505 0.960893
vt 0.802201 0.655376
vt 0.265303 0.700104
vt 0.305737 0.950380
vt 0.794373 0.585871
vt 0.667632 0.312133
vt 0.229731 0.972025
vt 0.795923 0.577299
vt 0.659433 0.309190
vt 0.801951 0.581760
vt 0.660282 0.316640
vt 0.226884 0.979818
vt 0.221772 0.974354
vt 0.666634 0.320596
vt 0.802201 0.589239
vt 0.234314 0.978935
vt 0.120289 0.028101
vt 0.190242 0.913337
vt 0.730742 0.348570
vt 0.113459 0.023006
vt 0.185567 0.906488
vt 0.120061 0.019483
vt 0.181950 0.913038
vt 0.730513 0.357188
vt 0.723911 0.353665
vt 0.185086 0.919832
vt 0.737390 0.354198
vt 0.126938 0.022473
vt 0.057179 0.064538
vt 0.338022 0.137240
vt 0.233854 0.857646
vt 0.048981 0.067481
vt 0.339572 0.145812
vt 0.049830 0.060031
vt 0.345600 0.141351
vt 0.231576 0.849668
vt 0.238924 0.851083
vt 0.345850 0.133872
vt 0.056182 0.056075
vt 0.226084 0.854750
vt 0.514145 0.658573
vt 0.925285 0.188787
vt 0.426438 0.348570
vt 0.513147 0.667036
vt 0.933274 0.191011
vt 0.506796 0.663079
vt 0.931818 0.183672
vt 0.426210 0.357188
vt 0.419608 0.353665
vt 0.925041 0.180498
vt 0.505946 0.655629
vt 0.433087 0.354198
vt 0.577255 0.695009
vt 0.057044 0.312133
vt 0.927834 0.259477
vt 0.583903 0.700638
vt 0.048845 0.309190
vt 0.577026 0.703627
vt 0.049694 0.316640
vt 0.934718 0.264109
vt 0.928187 0.267762
vt 0.056046 0.320596
vt 0.570424 0.700104
vt 0.935642 0.256684
vt 0.861391 0.283745
vt 0.120154 0.348570
vt 0.794170 0.137240
vt 0.866460 0.290308
vt 0.113323 0.353665
vt 0.859113 0.291723
vt 0.119925 0.357188
vt 0.801748 0.141351
vt 0.795720 0.145812
vt 0.126802 0.354198
vt 0.853621 0.286642
vt 0.801998 0.133872
vt 0.182487 0.485524
vt 0.817779 0.228054
vt 0.794170 0.064366
vt 0.190315 0.482157
vt 0.812623 0.221559
vt 0.190065 0.489636
vt 0.809487 0.228353
vt 0.801747 0.060255
vt 0.801998 0.067734
vt 0.813104 0.234903
vt 0.184037 0.494096
vt 0.795720 0.055794
vt 0.363328 0.312133
vt 0.857267 0.169367
vt 0.182487 0.412651
vt 0.362331 0.320596
vt 0.861851 0.162456
vt 0.355979 0.316640
vt 0.854421 0.161573
vt 0.190065 0.408540
vt 0.190315 0.416019
vt 0.849309 0.167037
vt 0.355129 0.309190
vt 0.184037 0.404079
vt 0.516168 0.064538
vt 0.183102 0.137240
vt 0.811544 0.834519
vt 0.507969 0.067481
vt 0.184652 0.145812
vt 0.508819 0.060031
vt 0.190680 0.141351
vt 0.809266 0.842497
vt 0.803774 0.837416
vt 0.190930 0.133872
vt 0.816613 0.841082
vt 0.515171 0.056075
vt 0.793554 0.312305
vt 0.767931 0.778828
vt 0.183102 0.064367
vt 0.801382 0.308937
vt 0.762775 0.772333
vt 0.801132 0.316416
vt 0.759640 0.779127
vt 0.190680 0.060255
vt 0.190930 0.067734
vt 0.763257 0.785677
vt 0.795105 0.320877
vt 0.184652 0.055795
vt 0.807420 0.720140
vt 0.793554 0.239432
vt 0.578194 0.376386
vt 0.799462 0.717811
vt 0.801382 0.242799
vt 0.804574 0.712347
vt 0.801132 0.235320
vt 0.577965 0.367768
vt 0.584842 0.370758
vt 0.795104 0.230860
vt 0.812004 0.713230
vt 0.571364 0.371291
vt 0.363328 0.658572
vt 0.875438 0.739561
vt 0.515084 0.412823
vt 0.362331 0.667035
vt 0.883427 0.741785
vt 0.355979 0.663079
vt 0.881970 0.734445
vt 0.507735 0.408316
vt 0.514087 0.404360
vt 0.875194 0.731272
vt 0.355130 0.655629
vt 0.506885 0.415766
vt 0.877987 0.810251
vt 0.426438 0.695009
vt 0.579278 0.028101
vt 0.885794 0.807458
vt 0.419608 0.700104
vt 0.884870 0.814883
vt 0.426210 0.703627
vt 0.579050 0.019483
vt 0.585927 0.022473
vt 0.433086 0.700637
vt 0.878340 0.818536
vt 0.572448 0.023006
vt 0.244164 0.500557
vt 0.077048 0.805504
vt 0.069100 0.811729
vt 0.238708 0.510008
vt 0.088013 0.570838
vt 0.074989 0.748402
vt 0.082557 0.561388
vt 0.066614 0.742766
vt 0.131992 0.821192
vt 0.547852 0.224399
vt 0.135455 0.830675
vt 0.542396 0.214949
vt 0.701542 0.152272
vt 0.163433 0.914208
vt 0.696086 0.161723
vt 0.173528 0.914243
vt 0.179486 0.275868
vt 0.129688 0.960319
vt 0.190398 0.275868
vt 0.132775 0.969931
vt 0.130007 0.867866
vt 0.396623 0.049333
vt 0.133159 0.858275
vt 0.391167 0.039883
vt 0.090474 0.152273
vt 0.928811 0.602273
vt 0.085018 0.161723
vt 0.938899 0.601910
vt 0.549463 0.152272
vt 0.896912 0.649680
vt 0.544007 0.161723
vt 0.900376 0.659163
vt 0.893581 0.557287
vt 0.245394 0.152273
vt 0.896353 0.547579
vt 0.239938 0.161723
vt 0.760953 0.328367
vt 0.150500 0.048304
vt 0.156442 0.038013
vt 0.766894 0.338658
vt 0.485463 0.449088
vt 0.210048 0.804303
vt 0.496375 0.449088
vt 0.201672 0.809938
vt 0.701707 0.397618
vt 0.212107 0.747200
vt 0.696251 0.388168
vt 0.204159 0.740976
vt 0.263719 0.823906
vt 0.701745 0.570838
vt 0.266491 0.833613
vt 0.696289 0.561388
vt 0.331954 0.275868
vt 0.378798 0.802350
vt 0.342866 0.275868
vt 0.370422 0.807985
vt 0.242318 0.570838
vt 0.380857 0.745247
vt 0.236862 0.561388
vt 0.372909 0.739023
vt 0.432469 0.821953
vt 0.547852 0.327338
vt 0.435241 0.831660
vt 0.542396 0.336788
vt 0.057109 0.622307
vt 0.456649 0.223369
vt 0.045225 0.622307
vt 0.462591 0.213078
vt 0.088013 0.673777
vt 0.740399 0.774957
vt 0.082557 0.683227
vt 0.750488 0.774594
vt 0.638611 0.100803
vt 0.708501 0.822365
vt 0.649523 0.100803
vt 0.711964 0.831847
vt 0.705170 0.729971
vt 0.485771 0.275868
vt 0.496683 0.275868
vt 0.707941 0.720264
vt 0.365411 0.449088
vt 0.456649 0.048304
vt 0.353528 0.449088
vt 0.462591 0.038013
vt 0.396315 0.500557
vt 0.927260 0.364804
vt 0.390860 0.510008
vt 0.937349 0.365168
vt 0.396623 0.224399
vt 0.128661 0.728798
vt 0.131432 0.719091
vt 0.391167 0.214949
vt 0.895362 0.317397
vt 0.485771 0.100803
vt 0.496683 0.100803
vt 0.898825 0.307915
vt 0.245394 0.049333
vt 0.435800 0.729559
vt 0.239938 0.039883
vt 0.439264 0.720077
vt 0.396623 0.570838
vt 0.927925 0.084539
vt 0.391167 0.561388
vt 0.938013 0.084175
vt 0.839024 0.059156
vt 0.090339 0.224399
vt 0.830648 0.053521
vt 0.084883 0.214949
vt 0.058954 0.449088
vt 0.607878 0.223369
vt 0.047071 0.449088
vt 0.613820 0.213078
vt 0.089859 0.500557
vt 0.517708 0.807292
vt 0.084403 0.510008
vt 0.509760 0.813516
vt 0.701542 0.049333
vt 0.515649 0.750190
vt 0.696086 0.039883
vt 0.507274 0.744554
vt 0.572652 0.822980
vt 0.637000 0.275868
vt 0.647912 0.275868
vt 0.576115 0.832462
vt 0.089859 0.397618
vt 0.163890 0.773785
vt 0.084403 0.388168
vt 0.173979 0.773422
vt 0.242318 0.673777
vt 0.298949 0.917257
vt 0.236862 0.683227
vt 0.309037 0.917620
vt 0.790893 0.622307
vt 0.263719 0.962243
vt 0.801805 0.622307
vt 0.266491 0.971951
vt 0.244164 0.397618
vt 0.467699 0.776966
vt 0.238708 0.388168
vt 0.477787 0.777330
vt 0.547440 0.673777
vt 0.926485 0.224135
vt 0.541984 0.683227
vt 0.936574 0.223771
vt 0.090339 0.327338
vt 0.894587 0.271542
vt 0.084883 0.336788
vt 0.898050 0.281024
vt 0.242806 0.327338
vt 0.604550 0.775573
vt 0.237350 0.336788
vt 0.614639 0.775209
vt 0.150500 0.153302
vt 0.518558 0.100803
vt 0.156442 0.163593
vt 0.506675 0.100803
vt 0.179622 0.100803
vt 0.789796 0.806628
vt 0.190534 0.100803
vt 0.781848 0.812852
vt 0.790074 0.275868
vt 0.787737 0.749525
vt 0.800986 0.275868
vt 0.779362 0.743890
vt 0.844740 0.822316
vt 0.549463 0.049333
vt 0.544007 0.039883
vt 0.848203 0.831798
vt 0.609489 0.048304
vt 0.456649 0.674806
vt 0.615431 0.038013
vt 0.462591 0.685098
vt 0.305420 0.153302
vt 0.059569 0.100803
vt 0.047686 0.100803
vt 0.311362 0.163593
vt 0.670803 0.449088
vt 0.608405 0.501587
vt 0.658920 0.449088
vt 0.614347 0.511878
vt 0.304190 0.501587
vt 0.148040 0.569808
vt 0.310132 0.511878
vt 0.153981 0.559517
vt 0.365718 0.622307
vt 0.517474 0.449088
vt 0.353835 0.622307
vt 0.505591 0.449088
vt 0.302833 0.223369
vt 0.302345 0.569808
vt 0.308774 0.213078
vt 0.308286 0.559517
vt 0.761568 0.153302
vt 0.150365 0.328367
vt 0.767510 0.163593
vt 0.156306 0.338658
vt 0.267050 0.869850
vt 0.334542 0.100803
vt 0.270514 0.860367
vt 0.345454 0.100803
vt 0.790855 0.449088
vt 0.075407 0.942475
vt 0.801767 0.449088
vt 0.067219 0.948380
vt 0.485771 0.622307
vt 0.653557 0.806677
vt 0.645609 0.812901
vt 0.496683 0.622307
vt 0.670840 0.622307
vt 0.456342 0.501587
vt 0.462283 0.511878
vt 0.658957 0.622307
vt 0.700926 0.327338
vt 0.210048 0.942640
vt 0.695471 0.336788
vt 0.201672 0.948275
vt 0.396316 0.397618
vt 0.075603 0.885336
vt 0.390860 0.388168
vt 0.067457 0.879374
vt 0.608405 0.396589
vt 0.760953 0.223369
vt 0.766894 0.213078
vt 0.614347 0.386298
vt 0.547440 0.570838
vt 0.651498 0.749574
vt 0.541984 0.561388
vt 0.643123 0.743939
vt 0.609489 0.153302
vt 0.148040 0.674807
vt 0.615431 0.163593
vt 0.153981 0.685098
vt 0.090474 0.049334
vt 0.212106 0.885537
vt 0.085018 0.039883
vt 0.204158 0.879313
vt 0.304190 0.396589
vt 0.214490 0.100803
vt 0.310132 0.386298
vt 0.202606 0.100803
vt 0.516947 0.275868
vt 0.213259 0.449088
vt 0.201376 0.449088
vt 0.505064 0.275868
vt 0.607878 0.328367
vt 0.302833 0.328367
vt 0.308774 0.338659
vt 0.613820 0.338658
vt 0.670022 0.275868
vt 0.761771 0.569808
vt 0.658139 0.275868
vt 0.767713 0.559517
vt 0.059434 0.275868
vt 0.607466 0.674807
vt 0.047551 0.275868
vt 0.613408 0.685098
vt 0.761771 0.674807
vt 0.302344 0.674807
vt 0.308286 0.685098
vt 0.767713 0.685098
vt 0.211413 0.622307
vt 0.305421 0.048304
vt 0.199530 0.622307
vt 0.311362 0.038013
vt 0.761734 0.396589
vt 0.456342 0.396589
vt 0.767675 0.386298
vt 0.462283 0.386298
vt 0.701745 0.673777
vt 0.892031 0.409791
vt 0.894803 0.419498
vt 0.696289 0.683227
vt 0.891256 0.179148
vt 0.396623 0.327338
vt 0.894027 0.169441
vt 0.391167 0.336788
vt 0.177161 0.622307
vt 0.841969 0.633993
vt 0.834020 0.640217
vt 0.188073 0.622307
vt 0.331466 0.622307
vt 0.838360 0.390188
vt 0.342378 0.622307
vt 0.829984 0.395823
vt 0.149885 0.501587
vt 0.761568 0.048304
vt 0.155827 0.511878
vt 0.767510 0.038013
vt 0.790690 0.100803
vt 0.839643 0.255854
vt 0.831695 0.262078
vt 0.801602 0.100803
vt 0.333312 0.449088
vt 0.839910 0.576890
vt 0.344224 0.449088
vt 0.831534 0.571254
vt 0.242807 0.224399
vt 0.840418 0.333085
vt 0.237351 0.214949
vt 0.832470 0.326861
vt 0.179007 0.449088
vt 0.837584 0.198752
vt 0.189919 0.449088
vt 0.829209 0.193116
vt 0.365718 0.275868
vt 0.149885 0.396589
vt 0.353835 0.275868
vt 0.155827 0.386298
vt 0.636588 0.622308
vt 0.892695 0.039553
vt 0.895467 0.029845
vt 0.647500 0.622308
vt 0.396623 0.152273
vt 0.569321 0.730586
vt 0.391167 0.161723
vt 0.572092 0.720879
vt 0.637527 0.449088
vt 0.267050 0.731512
vt 0.270514 0.722030
vt 0.648439 0.449088
vt 0.516535 0.622308
vt 0.456649 0.328367
vt 0.462591 0.338658
vt 0.504652 0.622308
vt 0.548379 0.500557
vt 0.896026 0.131946
vt 0.899490 0.141429
vt 0.542923 0.510008
vt 0.211902 0.275868
vt 0.456649 0.153302
vt 0.462591 0.163593
vt 0.200019 0.275868
vt 0.548379 0.397618
vt 0.841409 0.729922
vt 0.844180 0.720215
vt 0.542923 0.388168
vt 0.700926 0.224399
vt 0.298949 0.778919
vt 0.695470 0.214949
vt 0.309037 0.779283
vt 0.701707 0.500557
vt 0.841083 0.116259
vt 0.696251 0.510007
vt 0.833135 0.122483
vt 0.456649 0.569808
vt 0.607466 0.569809
vt 0.462591 0.559517
vt 0.613408 0.559518
vt 0.396623 0.673777
vt 0.876638 0.774909
vt 0.391167 0.683227
vt 0.886727 0.774545
vt 0.365718 0.100803
vt 0.670637 0.100803
vt 0.658754 0.100803
vt 0.353835 0.100803
vt 0.150365 0.223369
vt 0.761733 0.501587
vt 0.156306 0.213078
vt 0.767675 0.511878
vt 0.204580 0.482946
vt 0.210167 0.491982
vt 0.204637 0.490605
vt 0.095513 0.840481
vt 0.203341 0.488538
vt 0.507029 0.236418
vt 0.092688 0.835583
vt 0.102828 0.838478
vt 0.097843 0.841146
vt 0.508325 0.234351
vt 0.513855 0.232974
vt 0.508268 0.242010
vt 0.268589 0.525712
vt 0.279208 0.526032
vt 0.274985 0.529901
vt 0.118834 0.541494
vt 0.272547 0.529812
vt 0.047518 0.779193
vt 0.123057 0.545363
vt 0.112438 0.545684
vt 0.116396 0.541583
vt 0.047431 0.776772
vt 0.051216 0.772572
vt 0.051596 0.783109
vt 0.098328 0.713657
vt 0.088423 0.717275
vt 0.090888 0.712187
vt 0.048486 0.580790
vt 0.093164 0.711355
vt 0.425006 0.195144
vt 0.054017 0.579413
vt 0.048430 0.588449
vt 0.047190 0.582857
vt 0.427444 0.195055
vt 0.431667 0.198924
vt 0.421048 0.199245
vt 0.362626 0.232974
vt 0.357040 0.242010
vt 0.355800 0.236418
vt 0.120680 0.368274
vt 0.357096 0.234351
vt 0.168017 0.732727
vt 0.124903 0.372144
vt 0.114284 0.372464
vt 0.118242 0.368363
vt 0.169510 0.734635
vt 0.168917 0.740258
vt 0.162415 0.731956
vt 0.165431 0.815612
vt 0.171318 0.806863
vt 0.172315 0.812429
vt 0.050332 0.407571
vt 0.170963 0.814439
vt 0.576235 0.195144
vt 0.055862 0.406194
vt 0.050275 0.415229
vt 0.049036 0.409638
vt 0.578673 0.195055
vt 0.582895 0.198924
vt 0.572277 0.199245
vt 0.661958 0.134661
vt 0.667545 0.143697
vt 0.662015 0.142320
vt 0.170594 0.875310
vt 0.660719 0.140253
vt 0.355800 0.061353
vt 0.169779 0.880905
vt 0.163610 0.872353
vt 0.169177 0.873345
vt 0.357096 0.059286
vt 0.362627 0.057909
vt 0.357040 0.066945
vt 0.725967 0.177427
vt 0.736585 0.177747
vt 0.732362 0.181616
vt 0.189489 0.317232
vt 0.729924 0.181527
vt 0.170326 0.953154
vt 0.184026 0.318954
vt 0.189058 0.309598
vt 0.190631 0.315076
vt 0.168895 0.955109
vt 0.163322 0.956063
vt 0.169550 0.947554
vt 0.189058 0.242138
vt 0.184027 0.232782
vt 0.189489 0.234505
vt 0.800858 0.490452
vt 0.190631 0.236661
vt 0.094779 0.978909
vt 0.795395 0.492174
vt 0.800427 0.482818
vt 0.802000 0.488296
vt 0.092477 0.978153
vt 0.089847 0.973147
vt 0.099865 0.976440
vt 0.800427 0.415358
vt 0.795395 0.406002
vt 0.800857 0.407724
vt 0.427136 0.368274
vt 0.802000 0.409880
vt 0.046938 0.915018
vt 0.431359 0.372144
vt 0.420741 0.372464
vt 0.424698 0.368363
vt 0.046946 0.912595
vt 0.050894 0.908548
vt 0.050858 0.919093
vt 0.100295 0.851539
vt 0.090255 0.854763
vt 0.092919 0.849776
vt 0.356788 0.407571
vt 0.095226 0.849035
vt 0.425006 0.020078
vt 0.362319 0.406194
vt 0.356732 0.415229
vt 0.355492 0.409638
vt 0.427444 0.019989
vt 0.431667 0.023859
vt 0.421048 0.024179
vt 0.050890 0.134662
vt 0.056477 0.143697
vt 0.050947 0.142320
vt 0.934431 0.563123
vt 0.049651 0.140253
vt 0.276215 0.181617
vt 0.933837 0.568746
vt 0.927336 0.560444
vt 0.932937 0.561216
vt 0.273777 0.181528
vt 0.269819 0.177427
vt 0.280438 0.177747
vt 0.114899 0.177427
vt 0.125518 0.177747
vt 0.121295 0.181617
vt 0.508640 0.140253
vt 0.118857 0.181528
vt 0.937236 0.640917
vt 0.509879 0.134661
vt 0.515466 0.143697
vt 0.509936 0.142320
vt 0.935883 0.642927
vt 0.930352 0.644100
vt 0.936239 0.635352
vt 0.857609 0.664071
vt 0.867748 0.666966
vt 0.862763 0.669634
vt 0.577846 0.181527
vt 0.860434 0.668969
vt 0.188306 0.661515
vt 0.573888 0.177427
vt 0.584506 0.177747
vt 0.580284 0.181616
vt 0.187164 0.663671
vt 0.181701 0.665394
vt 0.186733 0.656037
vt 0.337852 0.492174
vt 0.342883 0.482818
vt 0.344456 0.488295
vt 0.812351 0.605260
vt 0.343314 0.490451
vt 0.187164 0.580944
vt 0.816136 0.601060
vt 0.816516 0.611598
vt 0.812438 0.607681
vt 0.188306 0.583100
vt 0.186733 0.588578
vt 0.181701 0.579221
vt 0.863248 0.542146
vt 0.853343 0.545763
vt 0.855808 0.540675
vt 0.344456 0.409880
vt 0.858084 0.539844
vt 0.205867 0.142320
vt 0.342883 0.415358
vt 0.337852 0.406002
vt 0.343314 0.407724
vt 0.204571 0.140253
vt 0.205811 0.134661
vt 0.211398 0.143697
vt 0.490003 0.492174
vt 0.495035 0.482818
vt 0.496608 0.488296
vt 0.225946 0.840518
vt 0.495466 0.490452
vt 0.660922 0.582857
vt 0.223482 0.835430
vt 0.233386 0.839047
vt 0.228222 0.841349
vt 0.662218 0.580790
vt 0.667748 0.579413
vt 0.662161 0.588449
vt 0.495035 0.415358
vt 0.490003 0.406002
vt 0.495466 0.407724
vt 0.732528 0.368274
vt 0.496608 0.409880
vt 0.182489 0.775933
vt 0.736751 0.372144
vt 0.726132 0.372464
vt 0.730090 0.368363
vt 0.182577 0.773512
vt 0.186654 0.769595
vt 0.186274 0.780133
vt 0.237886 0.714226
vt 0.227747 0.717121
vt 0.230572 0.712224
vt 0.662180 0.407571
vt 0.232902 0.711558
vt 0.648671 0.488295
vt 0.667711 0.406194
vt 0.662124 0.415229
vt 0.660884 0.409638
vt 0.647529 0.490451
vt 0.642067 0.492174
vt 0.647099 0.482818
vt 0.735970 0.198924
vt 0.725351 0.199244
vt 0.729309 0.195144
vt 0.307374 0.740276
vt 0.731747 0.195055
vt 0.647529 0.407724
vt 0.306377 0.745841
vt 0.300490 0.737092
vt 0.306021 0.738266
vt 0.648671 0.409880
vt 0.647099 0.415358
vt 0.642067 0.406002
vt 0.297474 0.820749
vt 0.303975 0.812447
vt 0.304569 0.818070
vt 0.661399 0.234351
vt 0.303075 0.819977
vt 0.730128 0.541583
vt 0.666930 0.232974
vt 0.661343 0.242010
vt 0.660103 0.236418
vt 0.732566 0.541494
vt 0.736788 0.545363
vt 0.726170 0.545684
vt 0.336494 0.318954
vt 0.341526 0.309598
vt 0.343099 0.315076
vt 0.394697 0.838565
vt 0.341957 0.317232
vt 0.578673 0.356682
vt 0.392232 0.833476
vt 0.402136 0.837094
vt 0.396972 0.839396
vt 0.576235 0.356593
vt 0.572277 0.352492
vt 0.582895 0.352813
vt 0.341526 0.242139
vt 0.336494 0.232782
vt 0.341957 0.234505
vt 0.273139 0.541494
vt 0.343099 0.236661
vt 0.351239 0.773980
vt 0.277362 0.545363
vt 0.266743 0.545684
vt 0.270701 0.541583
vt 0.351327 0.771559
vt 0.355404 0.767642
vt 0.355024 0.778180
vt 0.208322 0.579413
vt 0.202735 0.588449
vt 0.201495 0.582857
vt 0.276215 0.019989
vt 0.202791 0.580790
vt 0.399322 0.710271
vt 0.280438 0.023859
vt 0.269819 0.024179
vt 0.273777 0.020078
vt 0.401652 0.709605
vt 0.406636 0.712273
vt 0.396497 0.715168
vt 0.211398 0.057909
vt 0.205811 0.066945
vt 0.204571 0.061353
vt 0.274985 0.368274
vt 0.205867 0.059286
vt 0.474771 0.736312
vt 0.279207 0.372144
vt 0.268589 0.372464
vt 0.272546 0.368363
vt 0.476124 0.738322
vt 0.475127 0.743888
vt 0.469240 0.735139
vt 0.508268 0.309727
vt 0.513855 0.318762
vt 0.508325 0.317385
vt 0.471825 0.818024
vt 0.507029 0.315318
vt 0.203341 0.409638
vt 0.466224 0.818796
vt 0.472726 0.810494
vt 0.473319 0.816116
vt 0.204637 0.407571
vt 0.210167 0.406194
vt 0.204580 0.415230
vt 0.495343 0.242139
vt 0.490311 0.232782
vt 0.495773 0.234505
vt 0.047190 0.661757
vt 0.496915 0.236661
vt 0.744525 0.733900
vt 0.048430 0.656166
vt 0.054017 0.665201
vt 0.048486 0.663824
vt 0.746019 0.735807
vt 0.745426 0.741430
vt 0.738924 0.733128
vt 0.112438 0.698931
vt 0.123057 0.699252
vt 0.118834 0.703121
vt 0.648613 0.142167
vt 0.116396 0.703032
vt 0.748824 0.813601
vt 0.643151 0.143889
vt 0.648183 0.134533
vt 0.649755 0.140011
vt 0.747471 0.815611
vt 0.741940 0.816784
vt 0.747827 0.808036
vt 0.669197 0.836755
vt 0.679337 0.839651
vt 0.674352 0.842318
vt 0.649755 0.061596
vt 0.672022 0.841653
vt 0.496916 0.661515
vt 0.648183 0.067073
vt 0.643151 0.057717
vt 0.648613 0.059440
vt 0.495773 0.663671
vt 0.490311 0.665393
vt 0.495343 0.656037
vt 0.495343 0.588578
vt 0.490311 0.579221
vt 0.495773 0.580944
vt 0.578261 0.541494
vt 0.496915 0.583100
vt 0.624027 0.780365
vt 0.582484 0.545363
vt 0.571865 0.545684
vt 0.575823 0.541583
vt 0.623940 0.777944
vt 0.627725 0.773744
vt 0.628105 0.784282
vt 0.490311 0.318954
vt 0.495343 0.309598
vt 0.496915 0.315076
vt 0.669672 0.712528
vt 0.495773 0.317232
vt 0.506617 0.582858
vt 0.674837 0.714830
vt 0.664932 0.718447
vt 0.667396 0.713359
vt 0.507913 0.580791
vt 0.513443 0.579414
vt 0.507856 0.588449
vt 0.495343 0.067073
vt 0.490311 0.057717
vt 0.495773 0.059439
vt 0.355492 0.488538
vt 0.496915 0.061595
vt 0.934333 0.324150
vt 0.356732 0.482946
vt 0.362319 0.491982
vt 0.356789 0.490605
vt 0.935685 0.326161
vt 0.934688 0.331726
vt 0.928802 0.322977
vt 0.925786 0.406634
vt 0.932287 0.398332
vt 0.932881 0.403954
vt 0.424698 0.529812
vt 0.931387 0.405862
vt 0.662218 0.663824
vt 0.420740 0.525712
vt 0.431359 0.526032
vt 0.427136 0.529902
vt 0.660922 0.661757
vt 0.662161 0.656166
vt 0.667748 0.665201
vt 0.336006 0.665393
vt 0.341038 0.656037
vt 0.342611 0.661515
vt 0.854258 0.426403
vt 0.341469 0.663671
vt 0.732566 0.703121
vt 0.851793 0.421314
vt 0.861698 0.424932
vt 0.856534 0.427234
vt 0.730127 0.703032
vt 0.726170 0.698931
vt 0.736788 0.699252
vt 0.277850 0.198924
vt 0.267232 0.199245
vt 0.271189 0.195144
vt 0.810888 0.359397
vt 0.273627 0.195055
vt 0.341468 0.580944
vt 0.814966 0.355480
vt 0.814586 0.366018
vt 0.810801 0.361818
vt 0.342610 0.583100
vt 0.341038 0.588578
vt 0.336006 0.579221
vt 0.490311 0.143889
vt 0.495343 0.134533
vt 0.496915 0.140011
vt 0.861213 0.297443
vt 0.495773 0.142167
vt 0.201983 0.236418
vt 0.866198 0.300111
vt 0.856058 0.303006
vt 0.858883 0.298109
vt 0.203280 0.234351
vt 0.208810 0.232974
vt 0.203223 0.242010
vt 0.862362 0.024412
vt 0.852457 0.028029
vt 0.854922 0.022941
vt 0.050812 0.234351
vt 0.857198 0.022110
vt 0.647732 0.661515
vt 0.056342 0.232974
vt 0.050755 0.242010
vt 0.049516 0.236418
vt 0.646590 0.663671
vt 0.641128 0.665394
vt 0.646160 0.656037
vt 0.431667 0.545363
vt 0.421048 0.545684
vt 0.425006 0.541583
vt 0.933545 0.045389
vt 0.427444 0.541494
vt 0.646590 0.580944
vt 0.932951 0.051012
vt 0.926450 0.042710
vt 0.932051 0.043481
vt 0.647732 0.583100
vt 0.646160 0.588578
vt 0.641128 0.579222
vt 0.929466 0.126366
vt 0.935353 0.117617
vt 0.936350 0.123183
vt 0.357096 0.580790
vt 0.934997 0.125193
vt 0.508852 0.490605
vt 0.362626 0.579413
vt 0.357040 0.588449
vt 0.355800 0.582857
vt 0.507556 0.488538
vt 0.508795 0.482946
vt 0.514382 0.491982
vt 0.662124 0.482946
vt 0.667711 0.491982
vt 0.662180 0.490605
vt 0.859548 0.151235
vt 0.660884 0.488538
vt 0.579200 0.529902
vt 0.856723 0.146337
vt 0.866863 0.149232
vt 0.861878 0.151900
vt 0.576762 0.529812
vt 0.572804 0.525712
vt 0.583423 0.526032
vt 0.125382 0.198924
vt 0.114764 0.199245
vt 0.118721 0.195144
vt 0.811465 0.087526
vt 0.121159 0.195055
vt 0.732528 0.529901
vt 0.815250 0.083326
vt 0.815630 0.093864
vt 0.811553 0.089947
vt 0.730090 0.529812
vt 0.726132 0.525712
vt 0.736751 0.526032
vt 0.646572 0.242138
vt 0.641540 0.232782
vt 0.647002 0.234505
vt 0.049036 0.488538
vt 0.648144 0.236661
vt 0.538503 0.842934
vt 0.050275 0.482946
vt 0.055862 0.491982
vt 0.050332 0.490605
vt 0.536173 0.842268
vt 0.533348 0.837371
vt 0.543488 0.840266
vt 0.114284 0.525712
vt 0.124902 0.526032
vt 0.120680 0.529902
vt 0.732363 0.019989
vt 0.118242 0.529812
vt 0.488178 0.780981
vt 0.736585 0.023859
vt 0.725967 0.024179
vt 0.729925 0.020078
vt 0.488091 0.778559
vt 0.491876 0.774359
vt 0.492256 0.784897
vt 0.667545 0.057909
vt 0.661958 0.066944
vt 0.660719 0.061353
vt 0.355800 0.140253
vt 0.662015 0.059286
vt 0.531548 0.713974
vt 0.357040 0.134661
vt 0.362627 0.143697
vt 0.357096 0.142320
vt 0.533824 0.713143
vt 0.538988 0.715445
vt 0.529083 0.719063
vt 0.203223 0.309727
vt 0.208810 0.318762
vt 0.203279 0.317385
vt 0.610170 0.736423
vt 0.201983 0.315318
vt 0.427444 0.181617
vt 0.609577 0.742046
vt 0.603075 0.733743
vt 0.608677 0.734515
vt 0.425006 0.181528
vt 0.421048 0.177427
vt 0.431667 0.177747
vt 0.641540 0.318954
vt 0.646572 0.309598
vt 0.648144 0.315076
vt 0.611622 0.816227
vt 0.647002 0.317232
vt 0.273627 0.356682
vt 0.606091 0.817400
vt 0.611978 0.808651
vt 0.612975 0.814217
vt 0.271189 0.356593
vt 0.267231 0.352492
vt 0.277850 0.352813
vt 0.202735 0.656166
vt 0.208322 0.665201
vt 0.202791 0.663824
vt 0.307373 0.878613
vt 0.201495 0.661757
vt 0.344544 0.059439
vt 0.306377 0.884178
vt 0.300490 0.875430
vt 0.306021 0.876603
vt 0.345686 0.061595
vt 0.344114 0.067073
vt 0.339082 0.057717
vt 0.266743 0.698931
vt 0.277362 0.699252
vt 0.273139 0.703121
vt 0.800895 0.663671
vt 0.270701 0.703032
vt 0.304569 0.956407
vt 0.795433 0.665393
vt 0.800464 0.656037
vt 0.802037 0.661515
vt 0.303075 0.958314
vt 0.297474 0.959086
vt 0.303975 0.950784
vt 0.800464 0.588578
vt 0.795433 0.579221
vt 0.800895 0.580944
vt 0.660103 0.315318
vt 0.802037 0.583100
vt 0.228222 0.979686
vt 0.661343 0.309727
vt 0.666930 0.318762
vt 0.661400 0.317385
vt 0.225946 0.978855
vt 0.223481 0.973767
vt 0.233386 0.977384
vt 0.125518 0.023859
vt 0.114899 0.024179
vt 0.118857 0.020078
vt 0.182576 0.911849
vt 0.121295 0.019989
vt 0.731747 0.356682
vt 0.186654 0.907932
vt 0.186274 0.918470
vt 0.182489 0.914270
vt 0.729309 0.356593
vt 0.725352 0.352492
vt 0.735970 0.352813
vt 0.056478 0.057909
vt 0.050891 0.066945
vt 0.049651 0.061353
vt 0.344545 0.142167
vt 0.050947 0.059286
vt 0.230571 0.850561
vt 0.339082 0.143889
vt 0.344114 0.134533
vt 0.345686 0.140011
vt 0.232901 0.849896
vt 0.237886 0.852564
vt 0.227747 0.855459
vt 0.507856 0.656166
vt 0.513443 0.665201
vt 0.507913 0.663824
vt 0.932106 0.184985
vt 0.506617 0.661757
vt 0.427444 0.356682
vt 0.931512 0.190607
vt 0.925011 0.182305
vt 0.930612 0.183077
vt 0.425006 0.356593
vt 0.421048 0.352492
vt 0.431667 0.352813
vt 0.571865 0.698931
vt 0.582483 0.699252
vt 0.578261 0.703121
vt 0.049515 0.315318
vt 0.575823 0.703032
vt 0.934910 0.262779
vt 0.050755 0.309727
vt 0.056342 0.318762
vt 0.050812 0.317385
vt 0.933558 0.264789
vt 0.928027 0.265962
vt 0.933913 0.257213
vt 0.855283 0.285933
vt 0.865423 0.288828
vt 0.860438 0.291496
vt 0.118721 0.356593
vt 0.858108 0.290830
vt 0.801834 0.140011
vt 0.114764 0.352492
vt 0.125382 0.352813
vt 0.121159 0.356682
vt 0.800692 0.142167
vt 0.795230 0.143889
vt 0.800261 0.134533
vt 0.183547 0.492174
vt 0.188578 0.482818
vt 0.190151 0.488296
vt 0.810026 0.227121
vt 0.189009 0.490452
vt 0.800692 0.059439
vt 0.813811 0.222921
vt 0.814191 0.233459
vt 0.810113 0.229543
vt 0.801834 0.061595
vt 0.800261 0.067073
vt 0.795230 0.057717
vt 0.357040 0.309727
vt 0.362626 0.318762
vt 0.357096 0.317385
vt 0.855759 0.161705
vt 0.355800 0.315318
vt 0.189009 0.407724
vt 0.860923 0.164007
vt 0.851018 0.167625
vt 0.853483 0.162536
vt 0.190151 0.409880
vt 0.188579 0.415358
vt 0.183547 0.406002
vt 0.515467 0.057909
vt 0.509880 0.066944
vt 0.508640 0.061353
vt 0.189624 0.142167
vt 0.509936 0.059286
vt 0.810591 0.842269
vt 0.184162 0.143889
vt 0.189194 0.134533
vt 0.190766 0.140011
vt 0.808261 0.841604
vt 0.805436 0.836707
vt 0.815576 0.839602
vt 0.794614 0.318954
vt 0.799646 0.309598
vt 0.801219 0.315076
vt 0.760179 0.777895
vt 0.800077 0.317232
vt 0.189624 0.059440
vt 0.763964 0.773695
vt 0.764344 0.784233
vt 0.760266 0.780317
vt 0.190766 0.061596
vt 0.189194 0.067073
vt 0.184162 0.057717
vt 0.811076 0.714781
vt 0.801171 0.718399
vt 0.803636 0.713310
vt 0.801219 0.236660
vt 0.805912 0.712479
vt 0.576762 0.368363
vt 0.799646 0.242138
vt 0.794614 0.232782
vt 0.800077 0.234504
vt 0.579200 0.368274
vt 0.583423 0.372144
vt 0.572804 0.372464
vt 0.357040 0.656166
vt 0.362627 0.665201
vt 0.357096 0.663824
vt 0.882258 0.735759
vt 0.355800 0.661757
vt 0.507556 0.409638
vt 0.881665 0.741381
vt 0.875163 0.733079
vt 0.880764 0.733851
vt 0.508852 0.407571
vt 0.514382 0.406194
vt 0.508795 0.415230
vt 0.878179 0.816736
vt 0.884066 0.807987
vt 0.885063 0.813552
vt 0.425006 0.703032
vt 0.883710 0.815563
vt 0.577846 0.020078
vt 0.421048 0.698931
vt 0.431667 0.699252
vt 0.427444 0.703121
vt 0.580284 0.019989
vt 0.584507 0.023859
vt 0.573888 0.024179
vt 0.225417 0.491253
vt 0.239887 0.507966
vt 0.081216 0.826102
vt 0.222225 0.500776
vt 0.070909 0.810312
vt 0.089485 0.821507
vt 0.261595 0.512140
vt 0.254944 0.519666
vt 0.058050 0.796520
vt 0.064494 0.789594
vt 0.105445 0.559255
vt 0.083736 0.563429
vt 0.056688 0.758731
vt 0.098794 0.551729
vt 0.068520 0.744049
vt 0.063613 0.765175
vt 0.069267 0.580142
vt 0.066074 0.570619
vt 0.077663 0.727558
vt 0.086242 0.731545
vt 0.112980 0.828215
vt 0.134667 0.828517
vt 0.525913 0.224180
vt 0.117576 0.836484
vt 0.543575 0.216990
vt 0.529105 0.233703
vt 0.151054 0.814309
vt 0.152869 0.823593
vt 0.558632 0.205290
vt 0.565283 0.212816
vt 0.682795 0.142968
vt 0.697264 0.159681
vt 0.679603 0.152491
vt 0.172915 0.895454
vt 0.171231 0.914235
vt 0.163577 0.893941
vt 0.718973 0.163855
vt 0.712322 0.171381
vt 0.172786 0.933027
vt 0.163438 0.934475
vt 0.180802 0.296755
vt 0.188041 0.275868
vt 0.150455 0.963542
vt 0.190645 0.294759
vt 0.132072 0.967743
vt 0.149008 0.954193
vt 0.180802 0.254981
vt 0.190645 0.256978
vt 0.114681 0.975030
vt 0.110415 0.966586
vt 0.149283 0.874124
vt 0.132442 0.860458
vt 0.374684 0.049115
vt 0.150795 0.864786
vt 0.392346 0.041925
vt 0.377877 0.058638
vt 0.110776 0.861466
vt 0.115101 0.853052
vt 0.407403 0.030224
vt 0.414054 0.037751
vt 0.071727 0.142968
vt 0.086197 0.159681
vt 0.068535 0.152491
vt 0.937545 0.583159
vt 0.936604 0.601992
vt 0.928155 0.582017
vt 0.107905 0.163856
vt 0.101254 0.171382
vt 0.938899 0.620708
vt 0.929615 0.622524
vt 0.530716 0.142968
vt 0.545186 0.159681
vt 0.917790 0.652081
vt 0.527524 0.152491
vt 0.899588 0.657005
vt 0.915975 0.642797
vt 0.566894 0.163855
vt 0.560243 0.171381
vt 0.882497 0.664972
vt 0.877901 0.656703
vt 0.913090 0.562779
vt 0.895722 0.549788
vt 0.256175 0.171381
vt 0.914232 0.553388
vt 0.241117 0.159681
vt 0.262825 0.163855
vt 0.874114 0.551651
vt 0.878102 0.543073
vt 0.223455 0.152491
vt 0.226647 0.142968
vt 0.743358 0.339584
vt 0.765392 0.336055
vt 0.750184 0.347870
vt 0.139732 0.028802
vt 0.154939 0.040616
vt 0.132905 0.037087
vt 0.779465 0.318738
vt 0.172775 0.047879
vt 0.783227 0.328792
vt 0.169012 0.057933
vt 0.486779 0.469975
vt 0.494018 0.449088
vt 0.496622 0.467979
vt 0.212722 0.825147
vt 0.203578 0.808656
vt 0.221300 0.821159
vt 0.486779 0.428201
vt 0.496622 0.430197
vt 0.191746 0.793973
vt 0.198672 0.787529
vt 0.719139 0.386035
vt 0.697430 0.390210
vt 0.193109 0.756185
vt 0.712488 0.378509
vt 0.205967 0.742392
vt 0.199552 0.763111
vt 0.682961 0.406923
vt 0.679768 0.397400
vt 0.216275 0.726603
vt 0.224544 0.731198
vt 0.244252 0.829542
vt 0.265860 0.831405
vt 0.679806 0.570619
vt 0.248240 0.838120
vt 0.697468 0.563429
vt 0.682998 0.580142
vt 0.283228 0.818414
vt 0.284370 0.827804
vt 0.712525 0.551729
vt 0.719176 0.559255
vt 0.333270 0.296756
vt 0.340509 0.275868
vt 0.343113 0.294759
vt 0.381472 0.823194
vt 0.372328 0.806703
vt 0.390050 0.819206
vt 0.333270 0.254981
vt 0.343113 0.256978
vt 0.360496 0.792020
vt 0.367422 0.785576
vt 0.259749 0.559255
vt 0.238041 0.563429
vt 0.361859 0.754231
vt 0.253099 0.551729
vt 0.374717 0.740439
vt 0.368302 0.761158
vt 0.223572 0.580142
vt 0.220379 0.570619
vt 0.385025 0.724649
vt 0.393294 0.729245
vt 0.413002 0.827589
vt 0.434610 0.829451
vt 0.558632 0.346447
vt 0.416990 0.836167
vt 0.543575 0.334746
vt 0.565283 0.338921
vt 0.451978 0.816460
vt 0.525913 0.327556
vt 0.453120 0.825851
vt 0.529105 0.318033
vt 0.056192 0.601461
vt 0.048231 0.622307
vt 0.445881 0.203867
vt 0.045603 0.603230
vt 0.461088 0.215681
vt 0.439054 0.212152
vt 0.056192 0.643154
vt 0.478924 0.222944
vt 0.045603 0.641385
vt 0.475161 0.232999
vt 0.069267 0.664473
vt 0.083736 0.681185
vt 0.749134 0.755844
vt 0.066074 0.673995
vt 0.748192 0.774677
vt 0.739743 0.754701
vt 0.105444 0.685360
vt 0.098794 0.692886
vt 0.750488 0.793393
vt 0.741204 0.795209
vt 0.639926 0.121690
vt 0.647165 0.100803
vt 0.729378 0.824765
vt 0.649770 0.119694
vt 0.711176 0.829689
vt 0.727563 0.815481
vt 0.639926 0.079916
vt 0.649770 0.081912
vt 0.694085 0.837656
vt 0.689489 0.829388
vt 0.724678 0.735463
vt 0.707311 0.722472
vt 0.725820 0.726073
vt 0.496930 0.256978
vt 0.494326 0.275868
vt 0.487087 0.254981
vt 0.685702 0.724335
vt 0.496930 0.294759
vt 0.689691 0.715757
vt 0.487087 0.296756
vt 0.364494 0.428242
vt 0.356533 0.449088
vt 0.445881 0.028801
vt 0.353905 0.430010
vt 0.461088 0.040616
vt 0.439054 0.037087
vt 0.364494 0.469934
vt 0.353905 0.468165
vt 0.478924 0.047879
vt 0.475161 0.057933
vt 0.377569 0.491253
vt 0.392038 0.507966
vt 0.937349 0.346369
vt 0.374377 0.500776
vt 0.935053 0.365085
vt 0.928065 0.344553
vt 0.413747 0.512140
vt 0.935995 0.383918
vt 0.407096 0.519666
vt 0.926605 0.385061
vt 0.414054 0.212816
vt 0.392346 0.216990
vt 0.407404 0.205290
vt 0.113182 0.714585
vt 0.130802 0.721300
vt 0.109193 0.723162
vt 0.377877 0.233703
vt 0.149311 0.724900
vt 0.374684 0.224180
vt 0.148169 0.734291
vt 0.914424 0.324281
vt 0.898037 0.310073
vt 0.916240 0.314997
vt 0.496930 0.081912
vt 0.494326 0.100803
vt 0.487087 0.079916
vt 0.876351 0.310374
vt 0.496930 0.119694
vt 0.880947 0.302106
vt 0.487087 0.121690
vt 0.262825 0.037751
vt 0.241117 0.041925
vt 0.421385 0.714268
vt 0.256175 0.030225
vt 0.438476 0.722235
vt 0.416789 0.722536
vt 0.226648 0.058638
vt 0.223455 0.049115
vt 0.456678 0.727158
vt 0.454863 0.736443
vt 0.414054 0.559255
vt 0.392346 0.563429
vt 0.407404 0.551729
vt 0.936660 0.065425
vt 0.935718 0.084258
vt 0.927269 0.064283
vt 0.377877 0.580142
vt 0.938013 0.102974
vt 0.374684 0.570619
vt 0.928729 0.104790
vt 0.850276 0.042300
vt 0.832554 0.054803
vt 0.841698 0.038312
vt 0.068400 0.224180
vt 0.086061 0.216990
vt 0.071592 0.233703
vt 0.827648 0.075930
vt 0.101119 0.205290
vt 0.820722 0.069485
vt 0.107770 0.212816
vt 0.058038 0.428241
vt 0.050077 0.449088
vt 0.597109 0.203867
vt 0.047449 0.430010
vt 0.612317 0.215681
vt 0.590283 0.212152
vt 0.058038 0.469934
vt 0.047449 0.468165
vt 0.630152 0.222944
vt 0.626390 0.232998
vt 0.071112 0.491253
vt 0.085582 0.507966
vt 0.521876 0.827890
vt 0.067920 0.500776
vt 0.511569 0.812100
vt 0.530145 0.823294
vt 0.107290 0.512140
vt 0.100639 0.519666
vt 0.498710 0.798308
vt 0.505154 0.791381
vt 0.718973 0.037751
vt 0.697265 0.041925
vt 0.497348 0.760519
vt 0.712322 0.030224
vt 0.509180 0.745836
vt 0.504273 0.766963
vt 0.682795 0.058638
vt 0.679603 0.049115
vt 0.518323 0.729345
vt 0.526902 0.733333
vt 0.553640 0.830003
vt 0.575327 0.830304
vt 0.558236 0.838271
vt 0.648158 0.256978
vt 0.645554 0.275868
vt 0.638315 0.254981
vt 0.591714 0.816097
vt 0.648158 0.294759
vt 0.593529 0.825381
vt 0.638315 0.296755
vt 0.107290 0.386035
vt 0.085582 0.390210
vt 0.172625 0.754671
vt 0.100639 0.378509
vt 0.171683 0.773504
vt 0.163235 0.753529
vt 0.071112 0.406923
vt 0.067920 0.397400
vt 0.173979 0.792220
vt 0.164695 0.794036
vt 0.223572 0.664473
vt 0.238041 0.681185
vt 0.220379 0.673995
vt 0.309037 0.898821
vt 0.306742 0.917538
vt 0.299753 0.897005
vt 0.259749 0.685360
vt 0.253098 0.692886
vt 0.307683 0.936370
vt 0.298293 0.937513
vt 0.792208 0.643195
vt 0.799447 0.622307
vt 0.284370 0.966141
vt 0.802051 0.641198
vt 0.265860 0.969742
vt 0.283228 0.956751
vt 0.792208 0.601420
vt 0.802051 0.603417
vt 0.248240 0.976457
vt 0.244251 0.967879
vt 0.261595 0.386035
vt 0.239887 0.390210
vt 0.477787 0.758531
vt 0.254944 0.378509
vt 0.475492 0.777247
vt 0.468504 0.756715
vt 0.225417 0.406923
vt 0.222225 0.397400
vt 0.476434 0.796080
vt 0.467043 0.797223
vt 0.528693 0.664473
vt 0.543163 0.681186
vt 0.525501 0.673995
vt 0.935220 0.205021
vt 0.934278 0.223854
vt 0.925830 0.203878
vt 0.564871 0.685360
vt 0.558220 0.692886
vt 0.936574 0.242570
vt 0.927290 0.244386
vt 0.071592 0.318033
vt 0.086061 0.334746
vt 0.915465 0.273943
vt 0.068400 0.327556
vt 0.897262 0.278866
vt 0.913649 0.264659
vt 0.107770 0.338921
vt 0.101119 0.346447
vt 0.880172 0.286833
vt 0.875576 0.278565
vt 0.224060 0.318033
vt 0.238529 0.334746
vt 0.220867 0.327556
vt 0.613285 0.756459
vt 0.612343 0.775292
vt 0.603894 0.755316
vt 0.260238 0.338921
vt 0.253587 0.346447
vt 0.614639 0.794008
vt 0.605355 0.795824
vt 0.132905 0.164519
vt 0.154939 0.160991
vt 0.139732 0.172805
vt 0.507053 0.119880
vt 0.509681 0.100803
vt 0.517642 0.121649
vt 0.169012 0.143673
vt 0.172775 0.153728
vt 0.507053 0.081725
vt 0.517642 0.079956
vt 0.180937 0.121691
vt 0.188176 0.100803
vt 0.793964 0.827226
vt 0.190781 0.119694
vt 0.783656 0.811436
vt 0.802233 0.822630
vt 0.180937 0.079916
vt 0.190781 0.081913
vt 0.770798 0.797643
vt 0.777242 0.790717
vt 0.791390 0.296755
vt 0.798629 0.275868
vt 0.801233 0.294759
vt 0.769436 0.759855
vt 0.781267 0.745172
vt 0.776361 0.766299
vt 0.791390 0.254981
vt 0.801233 0.256978
vt 0.790411 0.728681
vt 0.798990 0.732669
vt 0.825728 0.829339
vt 0.847415 0.829640
vt 0.830324 0.837607
vt 0.527524 0.049115
vt 0.545186 0.041925
vt 0.530717 0.058638
vt 0.863802 0.815432
vt 0.560244 0.030224
vt 0.865617 0.824716
vt 0.566894 0.037751
vt 0.628001 0.057933
vt 0.613928 0.040616
vt 0.478924 0.675232
vt 0.631764 0.047879
vt 0.461088 0.682495
vt 0.475161 0.665177
vt 0.591894 0.037087
vt 0.598721 0.028801
vt 0.445881 0.694309
vt 0.439054 0.686024
vt 0.287825 0.164519
vt 0.309859 0.160990
vt 0.294652 0.172805
vt 0.048064 0.119880
vt 0.050692 0.100803
vt 0.058653 0.121650
vt 0.323932 0.143673
vt 0.048064 0.081726
vt 0.327695 0.153727
vt 0.058653 0.079957
vt 0.669886 0.428241
vt 0.661925 0.449088
vt 0.630679 0.502012
vt 0.659297 0.430010
vt 0.612844 0.509275
vt 0.626917 0.491958
vt 0.669886 0.469934
vt 0.659297 0.468165
vt 0.597637 0.521090
vt 0.590810 0.512804
vt 0.286595 0.512804
vt 0.308629 0.509275
vt 0.293421 0.521089
vt 0.137271 0.550306
vt 0.152478 0.562120
vt 0.130444 0.558591
vt 0.322702 0.491957
vt 0.326464 0.502012
vt 0.170314 0.569383
vt 0.166551 0.579438
vt 0.364802 0.601461
vt 0.356841 0.622307
vt 0.505969 0.468165
vt 0.354213 0.603230
vt 0.508597 0.449088
vt 0.516558 0.469934
vt 0.364802 0.643154
vt 0.354213 0.641385
vt 0.505969 0.430011
vt 0.516558 0.428242
vt 0.321345 0.232999
vt 0.307272 0.215681
vt 0.325107 0.222944
vt 0.291576 0.550306
vt 0.306783 0.562120
vt 0.284749 0.558591
vt 0.285238 0.212152
vt 0.292064 0.203867
vt 0.324619 0.569383
vt 0.320856 0.579438
vt 0.743973 0.164519
vt 0.766007 0.160990
vt 0.750799 0.172805
vt 0.172639 0.328792
vt 0.154804 0.336056
vt 0.168877 0.318738
vt 0.780080 0.143673
vt 0.783842 0.153727
vt 0.139596 0.347870
vt 0.132770 0.339584
vt 0.286113 0.876733
vt 0.269726 0.862525
vt 0.345701 0.081913
vt 0.287928 0.867449
vt 0.343097 0.100803
vt 0.335858 0.079916
vt 0.248039 0.862826
vt 0.252635 0.854558
vt 0.345701 0.119694
vt 0.335858 0.121690
vt 0.792171 0.469975
vt 0.799410 0.449088
vt 0.078758 0.963221
vt 0.802014 0.467978
vt 0.069082 0.947037
vt 0.087202 0.958956
vt 0.792171 0.428201
vt 0.802014 0.430197
vt 0.056778 0.932748
vt 0.063490 0.926081
vt 0.487087 0.643195
vt 0.494325 0.622307
vt 0.496930 0.641198
vt 0.657725 0.827274
vt 0.647417 0.811485
vt 0.665994 0.822679
vt 0.487087 0.601420
vt 0.634559 0.797692
vt 0.496930 0.603417
vt 0.641003 0.790766
vt 0.669923 0.601461
vt 0.661963 0.622307
vt 0.659335 0.603230
vt 0.478616 0.502012
vt 0.460781 0.509275
vt 0.474854 0.491958
vt 0.669923 0.643154
vt 0.659335 0.641385
vt 0.445573 0.521090
vt 0.438747 0.512804
vt 0.682180 0.318033
vt 0.696649 0.334746
vt 0.212722 0.963484
vt 0.678988 0.327556
vt 0.203578 0.946993
vt 0.221300 0.959496
vt 0.718358 0.338921
vt 0.711707 0.346447
vt 0.191746 0.932311
vt 0.198672 0.925866
vt 0.413747 0.386036
vt 0.392038 0.390210
vt 0.056908 0.894935
vt 0.407096 0.378509
vt 0.069310 0.880731
vt 0.063574 0.901647
vt 0.377569 0.406923
vt 0.374377 0.397400
vt 0.079098 0.864613
vt 0.087512 0.868936
vt 0.626917 0.406218
vt 0.612844 0.388901
vt 0.630679 0.396164
vt 0.750184 0.203867
vt 0.765392 0.215681
vt 0.743358 0.212152
vt 0.590810 0.385372
vt 0.597637 0.377086
vt 0.783227 0.222944
vt 0.779465 0.232998
vt 0.564871 0.559255
vt 0.543163 0.563430
vt 0.633197 0.759903
vt 0.558220 0.551729
vt 0.645028 0.745221
vt 0.640122 0.766348
vt 0.528693 0.580142
vt 0.525501 0.570620
vt 0.654172 0.728730
vt 0.662750 0.732718
vt 0.591894 0.164519
vt 0.613928 0.160990
vt 0.170314 0.675232
vt 0.598720 0.172805
vt 0.152478 0.682495
vt 0.166551 0.665177
vt 0.628001 0.143673
vt 0.137271 0.694309
vt 0.631764 0.153727
vt 0.130444 0.686024
vt 0.107905 0.037751
vt 0.086197 0.041925
vt 0.101255 0.030225
vt 0.193109 0.894522
vt 0.205967 0.880729
vt 0.199552 0.901448
vt 0.071727 0.058638
vt 0.068535 0.049115
vt 0.216275 0.864940
vt 0.224543 0.869535
vt 0.322702 0.406218
vt 0.308629 0.388900
vt 0.202984 0.119880
vt 0.326464 0.396163
vt 0.205612 0.100803
vt 0.213573 0.121649
vt 0.286595 0.385372
vt 0.293421 0.377086
vt 0.202984 0.081726
vt 0.213573 0.079957
vt 0.516031 0.255022
vt 0.508070 0.275868
vt 0.505442 0.256791
vt 0.201754 0.468165
vt 0.204381 0.449088
vt 0.212342 0.469934
vt 0.516031 0.296715
vt 0.201754 0.430011
vt 0.505442 0.294946
vt 0.212342 0.428242
vt 0.590283 0.339584
vt 0.612317 0.336056
vt 0.597109 0.347870
vt 0.325107 0.328793
vt 0.307271 0.336056
vt 0.321345 0.318738
vt 0.626390 0.318738
vt 0.292064 0.347870
vt 0.630152 0.328793
vt 0.285238 0.339585
vt 0.669105 0.255022
vt 0.661144 0.275868
vt 0.751002 0.550306
vt 0.658516 0.256791
vt 0.766210 0.562120
vt 0.744176 0.558591
vt 0.669105 0.296715
vt 0.658516 0.294946
vt 0.784045 0.569383
vt 0.780283 0.579438
vt 0.058517 0.255022
vt 0.050556 0.275868
vt 0.629740 0.675232
vt 0.047929 0.256791
vt 0.611905 0.682495
vt 0.625978 0.665177
vt 0.058517 0.296715
vt 0.596697 0.694309
vt 0.047929 0.294946
vt 0.589871 0.686024
vt 0.744176 0.686024
vt 0.766210 0.682495
vt 0.751002 0.694309
vt 0.324619 0.675232
vt 0.306783 0.682495
vt 0.320856 0.665177
vt 0.780283 0.665177
vt 0.291576 0.694309
vt 0.784045 0.675232
vt 0.284749 0.686024
vt 0.210497 0.601461
vt 0.202536 0.622307
vt 0.199908 0.603230
vt 0.294652 0.028801
vt 0.309859 0.040616
vt 0.287825 0.037087
vt 0.210497 0.643154
vt 0.199908 0.641385
vt 0.327695 0.047879
vt 0.323932 0.057933
vt 0.780246 0.406218
vt 0.766173 0.388901
vt 0.784008 0.396164
vt 0.445573 0.377086
vt 0.460781 0.388901
vt 0.438747 0.385372
vt 0.744139 0.385372
vt 0.750965 0.377086
vt 0.478616 0.396164
vt 0.474854 0.406218
vt 0.682998 0.664473
vt 0.697468 0.681185
vt 0.679806 0.673995
vt 0.912681 0.413689
vt 0.894172 0.417289
vt 0.911540 0.404298
vt 0.719176 0.685360
vt 0.712525 0.692886
vt 0.876552 0.424005
vt 0.872563 0.415427
vt 0.910765 0.184641
vt 0.893397 0.171650
vt 0.407404 0.346447
vt 0.911906 0.175250
vt 0.392346 0.334746
vt 0.414054 0.338921
vt 0.871788 0.173512
vt 0.374684 0.327556
vt 0.875777 0.164934
vt 0.377876 0.318033
vt 0.178477 0.643195
vt 0.185716 0.622307
vt 0.188320 0.641198
vt 0.846137 0.654590
vt 0.835829 0.638801
vt 0.854405 0.649995
vt 0.178477 0.601420
vt 0.188320 0.603417
vt 0.822971 0.625008
vt 0.829414 0.618082
vt 0.332782 0.643195
vt 0.340021 0.622307
vt 0.342625 0.641198
vt 0.841034 0.411032
vt 0.831890 0.394541
vt 0.849612 0.407044
vt 0.332782 0.601420
vt 0.342625 0.603417
vt 0.820058 0.379858
vt 0.826984 0.373414
vt 0.132290 0.512804
vt 0.154324 0.509275
vt 0.139116 0.521089
vt 0.750799 0.028801
vt 0.766007 0.040616
vt 0.743973 0.037087
vt 0.168397 0.491958
vt 0.172159 0.502012
vt 0.783842 0.047879
vt 0.780080 0.057933
vt 0.792005 0.121690
vt 0.799244 0.100803
vt 0.801848 0.119694
vt 0.843811 0.276452
vt 0.833504 0.260662
vt 0.852080 0.271857
vt 0.792005 0.079916
vt 0.801848 0.081912
vt 0.820645 0.246870
vt 0.827089 0.239944
vt 0.334627 0.469975
vt 0.341866 0.449088
vt 0.344470 0.467978
vt 0.821608 0.587219
vt 0.833440 0.572537
vt 0.828534 0.593663
vt 0.334627 0.428200
vt 0.344470 0.430197
vt 0.842584 0.556046
vt 0.851162 0.560034
vt 0.260238 0.212816
vt 0.238529 0.216990
vt 0.253587 0.205290
vt 0.821420 0.342070
vt 0.834279 0.328277
vt 0.827864 0.348996
vt 0.224060 0.233703
vt 0.220868 0.224180
vt 0.844586 0.312488
vt 0.852855 0.317083
vt 0.180322 0.469975
vt 0.187561 0.449088
vt 0.190166 0.467978
vt 0.819283 0.209081
vt 0.831115 0.194398
vt 0.826209 0.215525
vt 0.180322 0.428201
vt 0.190165 0.430197
vt 0.840259 0.177907
vt 0.848837 0.181895
vt 0.364802 0.255022
vt 0.356841 0.275868
vt 0.354213 0.256791
vt 0.139116 0.377086
vt 0.154324 0.388901
vt 0.132290 0.385372
vt 0.364802 0.296715
vt 0.354213 0.294946
vt 0.172159 0.396164
vt 0.168397 0.406218
vt 0.637903 0.643195
vt 0.645142 0.622308
vt 0.647746 0.641198
vt 0.877216 0.025339
vt 0.894836 0.032054
vt 0.873227 0.033917
vt 0.637903 0.601420
vt 0.647747 0.603417
vt 0.913346 0.035654
vt 0.912204 0.045045
vt 0.377876 0.142968
vt 0.392346 0.159681
vt 0.553842 0.716372
vt 0.374684 0.152491
vt 0.571462 0.723088
vt 0.549853 0.724950
vt 0.414054 0.163855
vt 0.407404 0.171381
vt 0.589971 0.726688
vt 0.588829 0.736079
vt 0.638842 0.469975
vt 0.646081 0.449088
vt 0.648686 0.467978
vt 0.252635 0.716221
vt 0.269726 0.724188
vt 0.248039 0.724489
vt 0.638842 0.428201
vt 0.648685 0.430197
vt 0.287928 0.729112
vt 0.286113 0.738396
vt 0.515619 0.601461
vt 0.507658 0.622308
vt 0.505030 0.603230
vt 0.478924 0.328793
vt 0.461088 0.336056
vt 0.475161 0.318738
vt 0.515619 0.643154
vt 0.445881 0.347870
vt 0.505030 0.641385
vt 0.439054 0.339584
vt 0.529632 0.491253
vt 0.544102 0.507966
vt 0.526440 0.500776
vt 0.916904 0.134347
vt 0.898702 0.139271
vt 0.915089 0.125063
vt 0.565810 0.512140
vt 0.559159 0.519666
vt 0.881611 0.147238
vt 0.877015 0.138970
vt 0.210985 0.255022
vt 0.203024 0.275868
vt 0.200396 0.256791
vt 0.478924 0.153727
vt 0.461088 0.160990
vt 0.475161 0.143673
vt 0.210985 0.296715
vt 0.445881 0.172805
vt 0.200396 0.294946
vt 0.439054 0.164519
vt 0.565810 0.386035
vt 0.544102 0.390210
vt 0.559159 0.378509
vt 0.825930 0.715708
vt 0.843550 0.722424
vt 0.821941 0.724286
vt 0.529632 0.406923
vt 0.526440 0.397400
vt 0.862059 0.726024
vt 0.860917 0.735415
vt 0.718358 0.212816
vt 0.696649 0.216990
vt 0.711707 0.205290
vt 0.309037 0.760484
vt 0.306742 0.779200
vt 0.299754 0.758668
vt 0.682180 0.233703
vt 0.678987 0.224180
vt 0.307684 0.798033
vt 0.298293 0.799176
vt 0.682961 0.491253
vt 0.697430 0.507966
vt 0.679768 0.500776
vt 0.845251 0.136856
vt 0.834943 0.121067
vt 0.853520 0.132261
vt 0.719138 0.512140
vt 0.712488 0.519666
vt 0.822085 0.107274
vt 0.828528 0.100348
vt 0.475161 0.579438
vt 0.461088 0.562120
vt 0.478924 0.569383
vt 0.596697 0.550306
vt 0.611905 0.562120
vt 0.589871 0.558591
vt 0.439054 0.558591
vt 0.445881 0.550306
vt 0.629740 0.569383
vt 0.625978 0.579438
vt 0.377877 0.664473
vt 0.392346 0.681185
vt 0.374684 0.673995
vt 0.885373 0.755795
vt 0.884431 0.774628
vt 0.875982 0.754652
vt 0.414054 0.685360
vt 0.407403 0.692886
vt 0.886727 0.793344
vt 0.877443 0.795160
vt 0.364802 0.079957
vt 0.356841 0.100803
vt 0.354213 0.081726
vt 0.659132 0.119880
vt 0.661759 0.100803
vt 0.669720 0.121649
vt 0.364802 0.121649
vt 0.659132 0.081725
vt 0.354213 0.119880
vt 0.669720 0.079956
vt 0.168877 0.232999
vt 0.154804 0.215681
vt 0.172639 0.222944
vt 0.784008 0.502012
vt 0.766172 0.509275
vt 0.780245 0.491958
vt 0.132770 0.212152
vt 0.139596 0.203867
vt 0.750965 0.521089
vt 0.744138 0.512804
vt 0.235085 0.449088
vt 0.254731 0.482254
vt 0.091764 0.793980
vt 0.125579 0.803635
vt 0.558419 0.242702
vt 0.538773 0.275868
vt 0.293277 0.482685
vt 0.090497 0.758837
vt 0.137127 0.588710
vt 0.098581 0.589141
vt 0.078934 0.622307
vt 0.445737 0.242271
vt 0.407191 0.242702
vt 0.123529 0.746772
vt 0.387544 0.275868
vt 0.145211 0.774459
vt 0.138973 0.415490
vt 0.100426 0.415922
vt 0.596965 0.242271
vt 0.080780 0.449088
vt 0.692463 0.100803
vt 0.712109 0.133969
vt 0.144741 0.914144
vt 0.124169 0.885623
vt 0.407191 0.067637
vt 0.387544 0.100803
vt 0.750655 0.134401
vt 0.123973 0.942522
vt 0.139452 0.309466
vt 0.158351 0.275868
vt 0.139452 0.242271
vt 0.090566 0.931540
vt 0.750821 0.482686
vt 0.769720 0.449088
vt 0.750821 0.415490
vt 0.090687 0.896374
vt 0.445429 0.415490
vt 0.406883 0.415922
vt 0.445737 0.067205
vt 0.387236 0.449088
vt 0.081395 0.100803
vt 0.101042 0.133969
vt 0.910131 0.602947
vt 0.888449 0.575260
vt 0.255962 0.133969
vt 0.294508 0.134401
vt 0.139588 0.134401
vt 0.890499 0.632123
vt 0.540384 0.100803
vt 0.560031 0.133969
vt 0.598577 0.134401
vt 0.137127 0.655905
vt 0.156026 0.622307
vt 0.856685 0.622468
vt 0.312177 0.449088
vt 0.855418 0.587325
vt 0.236315 0.100803
vt 0.293277 0.415490
vt 0.445429 0.482686
vt 0.464328 0.449088
vt 0.225556 0.793868
vt 0.258588 0.805933
vt 0.712312 0.589141
vt 0.692666 0.622307
vt 0.226823 0.758725
vt 0.712275 0.415922
vt 0.692628 0.449088
vt 0.597493 0.482685
vt 0.616392 0.449088
vt 0.260638 0.749070
vt 0.750040 0.242271
vt 0.711494 0.242702
vt 0.597493 0.415490
vt 0.280269 0.778246
vt 0.750858 0.588710
vt 0.691847 0.275868
vt 0.291920 0.309466
vt 0.310819 0.275868
vt 0.394306 0.791915
vt 0.427338 0.803980
vt 0.558419 0.309034
vt 0.596966 0.309466
vt 0.291920 0.242271
vt 0.395573 0.756772
vt 0.291432 0.588710
vt 0.252886 0.589141
vt 0.233239 0.622307
vt 0.429388 0.747117
vt 0.294508 0.067205
vt 0.255962 0.067637
vt 0.449019 0.776293
vt 0.254731 0.415922
vt 0.098581 0.655473
vt 0.721720 0.775631
vt 0.700038 0.747944
vt 0.464636 0.275868
vt 0.702088 0.804807
vt 0.617476 0.100803
vt 0.598577 0.067205
vt 0.445737 0.655905
vt 0.464636 0.622307
vt 0.668273 0.795152
vt 0.445737 0.588710
vt 0.667006 0.760009
vt 0.596553 0.588710
vt 0.558007 0.589142
vt 0.445737 0.309466
vt 0.538361 0.622308
vt 0.406883 0.482254
vt 0.908581 0.364131
vt 0.888949 0.334955
vt 0.464636 0.100803
vt 0.712312 0.655473
vt 0.886899 0.391818
vt 0.291432 0.655905
vt 0.310331 0.622307
vt 0.750858 0.655905
vt 0.853868 0.379753
vt 0.855135 0.344610
vt 0.253374 0.242702
vt 0.445737 0.134401
vt 0.233727 0.275868
vt 0.100906 0.242702
vt 0.081259 0.275868
vt 0.596553 0.655905
vt 0.615453 0.622308
vt 0.887563 0.057526
vt 0.854532 0.069591
vt 0.407191 0.589141
vt 0.909245 0.085213
vt 0.387544 0.622307
vt 0.539300 0.449088
vt 0.558947 0.482254
vt 0.889614 0.114389
vt 0.712275 0.482254
vt 0.855799 0.104734
vt 0.100426 0.482254
vt 0.532424 0.795767
vt 0.566239 0.805422
vt 0.615865 0.275868
vt 0.138973 0.482686
vt 0.531157 0.760624
vt 0.750655 0.067205
vt 0.712109 0.067637
vt 0.564189 0.748560
vt 0.407191 0.133969
vt 0.253374 0.309034
vt 0.585871 0.776246
vt 0.252886 0.655473
vt 0.280269 0.916583
vt 0.260637 0.887407
vt 0.313407 0.100803
vt 0.258587 0.944270
vt 0.769758 0.622307
vt 0.225556 0.932205
vt 0.711494 0.309034
vt 0.750040 0.309466
vt 0.226823 0.897062
vt 0.139588 0.067206
vt 0.101042 0.067637
vt 0.558007 0.655474
vt 0.907806 0.224808
vt 0.886124 0.197122
vt 0.407191 0.309034
vt 0.888174 0.253984
vt 0.100906 0.309034
vt 0.769555 0.100803
vt 0.854360 0.244330
vt 0.157872 0.449088
vt 0.853092 0.209186
vt 0.158487 0.100803
vt 0.804512 0.795103
vt 0.838327 0.804758
vt 0.560031 0.067637
vt 0.768939 0.275868
vt 0.803245 0.759960
vt 0.558947 0.415922
vt 0.836277 0.747895
vt 0.407191 0.655473
vt 0.857958 0.775582
vt 0.314798 0.647208
vt 0.314798 0.597407
vt 0.272705 0.226384
vt 0.229576 0.251284
vt 0.469103 0.075903
vt 0.117912 0.572823
vt 0.383393 0.251284
vt 0.119758 0.399603
vt 0.688312 0.125387
vt 0.534622 0.251284
vt 0.077108 0.300452
vt 0.162338 0.473988
vt 0.383393 0.300452
vt 0.162338 0.424187
vt 0.426522 0.325353
vt 0.619919 0.597407
vt 0.688477 0.473672
vt 0.120237 0.226384
vt 0.731606 0.498572
vt 0.426522 0.572823
vt 0.731440 0.051319
vt 0.383393 0.125387
vt 0.426522 0.150287
vt 0.272705 0.325353
vt 0.620331 0.250968
vt 0.536233 0.125387
vt 0.316643 0.473988
vt 0.232164 0.125387
vt 0.468795 0.473988
vt 0.275293 0.150287
vt 0.272217 0.572823
vt 0.275293 0.051319
vt 0.274062 0.399603
vt 0.230934 0.424504
vt 0.577751 0.325353
vt 0.773406 0.250968
vt 0.383393 0.646891
vt 0.579362 0.051319
vt 0.536233 0.076219
vt 0.731606 0.399603
vt 0.730825 0.226384
vt 0.731643 0.572823
vt 0.315286 0.300769
vt 0.688515 0.597723
vt 0.162818 0.300769
vt 0.774187 0.473988
vt 0.426214 0.399604
vt 0.077244 0.125387
vt 0.383393 0.076219
vt 0.316643 0.424187
vt 0.451736 0.753272
vt 0.232164 0.076219
vt 0.272217 0.671792
vt 0.239583 0.877709
vt 0.120373 0.150288
vt 0.621943 0.125703
vt 0.469103 0.597407
vt 0.577339 0.572823
vt 0.534210 0.597724
vt 0.469103 0.250968
vt 0.239583 0.739372
vt 0.868559 0.124086
vt 0.911962 0.108233
vt 0.859010 0.752426
vt 0.814579 0.739739
vt 0.282986 0.755225
vt 0.383085 0.424504
vt 0.426214 0.498572
vt 0.867895 0.325257
vt 0.620331 0.300769
vt 0.229576 0.300452
vt 0.731440 0.150287
vt 0.162818 0.250968
vt 0.774021 0.125703
vt 0.120237 0.325353
vt 0.619919 0.647208
vt 0.840070 0.087707
vt 0.102553 0.951381
vt 0.687696 0.251284
vt 0.730825 0.325353
vt 0.236889 0.952426
vt 0.865201 0.399974
vt 0.909633 0.387287
vt 0.468795 0.424188
vt 0.076629 0.424504
vt 0.119758 0.498572
vt 0.588587 0.799267
vt 0.315286 0.250968
vt 0.450071 0.799449
vt 0.274063 0.498572
vt 0.579362 0.150287
vt 0.773406 0.300769
vt 0.426522 0.671792
vt 0.469102 0.647208
vt 0.621943 0.075903
vt 0.160493 0.647208
vt 0.101831 0.738616
vt 0.117912 0.671792
vt 0.678340 0.739788
vt 0.577339 0.671792
vt 0.864426 0.188965
vt 0.146262 0.751302
vt 0.722771 0.752474
vt 0.426522 0.226384
vt 0.074783 0.597723
vt 0.840956 0.605441
vt 0.869445 0.641820
vt 0.724436 0.798652
vt 0.774224 0.647208
vt 0.687696 0.300452
vt 0.120373 0.051319
vt 0.534210 0.646891
vt 0.317874 0.075903
vt 0.911297 0.341110
vt 0.102810 0.876616
vt 0.426522 0.051319
vt 0.211094 0.775752
vt 0.236889 0.814089
vt 0.688515 0.646891
vt 0.586922 0.753090
vt 0.077108 0.251284
vt 0.469103 0.125703
vt 0.379844 0.773799
vt 0.405639 0.812136
vt 0.229088 0.646891
vt 0.911183 0.579790
vt 0.317874 0.125703
vt 0.077244 0.076219
vt 0.788783 0.778076
vt 0.817272 0.814456
vt 0.912848 0.625968
vt 0.146706 0.891047
vt 0.542491 0.740404
vt 0.688312 0.076219
vt 0.838630 0.227302
vt 0.867120 0.263682
vt 0.146547 0.937254
vt 0.620858 0.424187
vt 0.578278 0.399604
vt 0.162953 0.075903
vt 0.211094 0.914089
vt 0.774224 0.597407
vt 0.281321 0.801403
vt 0.535149 0.424504
vt 0.535149 0.473672
vt 0.910297 0.062056
vt 0.652544 0.778125
vt 0.681033 0.814505
vt 0.860675 0.798603
vt 0.577751 0.226384
vt 0.162953 0.125704
vt 0.774021 0.075903
vt 0.516695 0.778740
vt 0.545184 0.815120
vt 0.147927 0.797479
vt 0.908858 0.201652
vt 0.383085 0.473672
vt 0.469102 0.300769
vt 0.383393 0.597723
vt 0.865865 0.049370
vt 0.910522 0.247829
vt 0.578278 0.498572
vt 0.620858 0.473988
vt 0.688477 0.424504
vt 0.075521 0.913905
vt 0.774187 0.424187
vt 0.076629 0.473672
vt 0.534622 0.300452
vt 0.866751 0.567104
vt 0.160493 0.597407
vt 0.076035 0.776953
vt 0.104524 0.813332
vt 0.074783 0.646891
vt 0.282986 0.893562
vt 0.408333 0.737419
vt 0.229088 0.597723
vt 0.839405 0.361637
vt 0.731644 0.671792
vt 0.281321 0.939740
vt 0.204768 0.489080
vt 0.096925 0.839950
vt 0.508456 0.235876
vt 0.273802 0.528937
vt 0.117651 0.542458
vt 0.048372 0.777950
vt 0.092334 0.712614
vt 0.048617 0.582315
vt 0.426261 0.196019
vt 0.357227 0.235876
vt 0.119497 0.369239
vt 0.168056 0.734235
vt 0.170894 0.812933
vt 0.050463 0.409096
vt 0.577490 0.196019
vt 0.662145 0.140795
vt 0.169157 0.874853
vt 0.357227 0.060811
vt 0.731179 0.180652
vt 0.189245 0.315725
vt 0.168886 0.953601
vt 0.189245 0.236012
vt 0.800614 0.488945
vt 0.093908 0.977678
vt 0.800614 0.409231
vt 0.425953 0.369239
vt 0.047840 0.913810
vt 0.094347 0.850261
vt 0.356919 0.409096
vt 0.426261 0.020954
vt 0.051078 0.140795
vt 0.932977 0.562723
vt 0.275032 0.180652
vt 0.120112 0.180652
vt 0.510067 0.140795
vt 0.935814 0.641421
vt 0.861845 0.668438
vt 0.579101 0.180652
vt 0.186920 0.662164
vt 0.343070 0.488945
vt 0.813292 0.606438
vt 0.186920 0.582451
vt 0.857254 0.541103
vt 0.343070 0.409231
vt 0.205998 0.140795
vt 0.495222 0.488945
vt 0.227392 0.840090
vt 0.662349 0.582315
vt 0.495222 0.409231
vt 0.731345 0.369239
vt 0.183430 0.774755
vt 0.231983 0.712755
vt 0.662311 0.409096
vt 0.647285 0.488945
vt 0.730564 0.196019
vt 0.305952 0.739772
vt 0.647285 0.409231
vt 0.303115 0.818470
vt 0.661530 0.235876
vt 0.731383 0.542459
vt 0.341713 0.315725
vt 0.396143 0.838137
vt 0.577490 0.355717
vt 0.341713 0.236012
vt 0.271956 0.542458
vt 0.352180 0.772802
vt 0.202922 0.582315
vt 0.275032 0.020954
vt 0.400733 0.710801
vt 0.205998 0.060811
vt 0.273802 0.369239
vt 0.474702 0.737819
vt 0.508456 0.315860
vt 0.471865 0.816517
vt 0.204768 0.409096
vt 0.495529 0.236012
vt 0.048617 0.662300
vt 0.744565 0.735407
vt 0.117651 0.702156
vt 0.648369 0.140660
vt 0.747403 0.814105
vt 0.673433 0.841122
vt 0.648369 0.060946
vt 0.495530 0.662164
vt 0.495529 0.582451
vt 0.577078 0.542459
vt 0.624881 0.779122
vt 0.495529 0.315725
vt 0.668843 0.713787
vt 0.508044 0.582315
vt 0.495529 0.060946
vt 0.356919 0.489080
vt 0.934264 0.325657
vt 0.931427 0.404355
vt 0.425953 0.528937
vt 0.662349 0.662300
vt 0.341225 0.662164
vt 0.855704 0.425975
vt 0.731383 0.702156
vt 0.272444 0.196019
vt 0.811742 0.360640
vt 0.341225 0.582451
vt 0.495529 0.140660
vt 0.860295 0.298640
vt 0.203410 0.235876
vt 0.856368 0.023369
vt 0.050942 0.235876
vt 0.646346 0.662165
vt 0.426261 0.542459
vt 0.932091 0.044989
vt 0.646346 0.582451
vt 0.934928 0.123687
vt 0.357227 0.582315
vt 0.508983 0.489080
vt 0.662311 0.489080
vt 0.860959 0.150704
vt 0.578017 0.528937
vt 0.119976 0.196019
vt 0.812406 0.088704
vt 0.731345 0.528937
vt 0.646758 0.236011
vt 0.050463 0.489080
vt 0.537584 0.841738
vt 0.119497 0.528937
vt 0.731180 0.020954
vt 0.489032 0.779738
vt 0.662145 0.060811
vt 0.357227 0.140795
vt 0.532994 0.714402
vt 0.203410 0.315860
vt 0.608716 0.736023
vt 0.426261 0.180652
vt 0.646758 0.315725
vt 0.611554 0.814720
vt 0.272444 0.355717
vt 0.202922 0.662300
vt 0.305952 0.878109
vt 0.344301 0.060946
vt 0.271956 0.702156
vt 0.800651 0.662164
vt 0.303115 0.956807
vt 0.800651 0.582451
vt 0.661530 0.315861
vt 0.227392 0.978427
vt 0.120112 0.020954
vt 0.183430 0.913092
vt 0.730564 0.355717
vt 0.051078 0.060811
vt 0.344301 0.140660
vt 0.231983 0.851092
vt 0.508044 0.662300
vt 0.930652 0.184585
vt 0.426261 0.355717
vt 0.577078 0.702156
vt 0.050942 0.315860
vt 0.933489 0.263282
vt 0.859520 0.290300
vt 0.119976 0.355717
vt 0.800448 0.140660
vt 0.188765 0.488945
vt 0.810967 0.228300
vt 0.800448 0.060946
vt 0.357227 0.315860
vt 0.854929 0.162964
vt 0.188765 0.409231
vt 0.510067 0.060811
vt 0.189380 0.140660
vt 0.809673 0.841073
vt 0.799833 0.315725
vt 0.761120 0.779073
vt 0.189380 0.060946
vt 0.805082 0.713738
vt 0.799833 0.236011
vt 0.578017 0.369239
vt 0.357227 0.662300
vt 0.880804 0.735358
vt 0.508983 0.409096
vt 0.883642 0.814056
vt 0.426261 0.702156
vt 0.579101 0.020954
vt 0.222966 0.498654
vt 0.083107 0.824975
vt 0.256411 0.517963
vt 0.059597 0.794955
vt 0.100260 0.553432
vt 0.058344 0.760181
vt 0.066816 0.572741
vt 0.079630 0.728545
vt 0.116566 0.834529
vt 0.526654 0.226302
vt 0.152382 0.821447
vt 0.560099 0.206993
vt 0.680344 0.150369
vt 0.170733 0.895168
vt 0.713789 0.169678
vt 0.170602 0.933298
vt 0.188437 0.295177
vt 0.150052 0.961378
vt 0.188437 0.256559
vt 0.113748 0.973036
vt 0.150377 0.866947
vt 0.375426 0.051237
vt 0.114154 0.855039
vt 0.408870 0.031927
vt 0.069277 0.150370
vt 0.935354 0.582960
vt 0.102721 0.169679
vt 0.936728 0.621065
vt 0.528266 0.150369
vt 0.917302 0.649935
vt 0.561710 0.169678
vt 0.881486 0.663017
vt 0.913900 0.555564
vt 0.257641 0.169678
vt 0.877235 0.545095
vt 0.224197 0.150369
vt 0.748539 0.345717
vt 0.138087 0.030955
vt 0.782185 0.326292
vt 0.171732 0.050380
vt 0.494414 0.468397
vt 0.214689 0.824159
vt 0.494414 0.429779
vt 0.193402 0.792524
vt 0.713954 0.380212
vt 0.194656 0.757750
vt 0.680510 0.399521
vt 0.218165 0.727729
vt 0.247373 0.836097
vt 0.680547 0.572741
vt 0.284038 0.825629
vt 0.713992 0.553432
vt 0.340905 0.295178
vt 0.383439 0.822206
vt 0.340905 0.256559
vt 0.362152 0.790571
vt 0.254565 0.553432
vt 0.363406 0.755797
vt 0.221121 0.572741
vt 0.386915 0.725776
vt 0.416123 0.834144
vt 0.560099 0.344744
vt 0.452788 0.823676
vt 0.526654 0.325435
vt 0.048290 0.602882
vt 0.444236 0.206020
vt 0.048290 0.641732
vt 0.477881 0.225445
vt 0.066816 0.671874
vt 0.746942 0.755644
vt 0.100260 0.691183
vt 0.748316 0.793750
vt 0.647562 0.120112
vt 0.728891 0.822619
vt 0.647562 0.081494
vt 0.693075 0.835701
vt 0.725488 0.728248
vt 0.494722 0.256559
vt 0.688823 0.717780
vt 0.494722 0.295177
vt 0.356592 0.429663
vt 0.444236 0.030954
vt 0.356592 0.468513
vt 0.477881 0.050379
vt 0.375118 0.498654
vt 0.935177 0.346012
vt 0.408562 0.517963
vt 0.933804 0.384118
vt 0.408870 0.206993
vt 0.112315 0.716607
vt 0.375426 0.226302
vt 0.148980 0.727076
vt 0.915752 0.317143
vt 0.494722 0.081494
vt 0.879936 0.304061
vt 0.494722 0.120112
vt 0.257641 0.031927
vt 0.420375 0.716223
vt 0.224197 0.051237
vt 0.456190 0.729305
vt 0.408870 0.553432
vt 0.934468 0.065226
vt 0.375426 0.572741
vt 0.935842 0.103331
vt 0.843665 0.039300
vt 0.069141 0.226302
vt 0.822378 0.070935
vt 0.102585 0.206993
vt 0.050136 0.429663
vt 0.595465 0.206020
vt 0.050136 0.468513
vt 0.629110 0.225445
vt 0.068661 0.498654
vt 0.523767 0.826763
vt 0.102106 0.517963
vt 0.500257 0.796742
vt 0.713789 0.031927
vt 0.499004 0.761968
vt 0.680344 0.051236
vt 0.520290 0.730333
vt 0.557226 0.836316
vt 0.645950 0.256559
vt 0.593042 0.823235
vt 0.645950 0.295177
vt 0.102106 0.380212
vt 0.170433 0.754472
vt 0.068662 0.399521
vt 0.171807 0.792577
vt 0.221121 0.671874
vt 0.306866 0.898464
vt 0.254565 0.691183
vt 0.305492 0.936570
vt 0.799843 0.641617
vt 0.284038 0.963966
vt 0.799843 0.602998
vt 0.247373 0.974434
vt 0.256411 0.380212
vt 0.475616 0.758174
vt 0.222966 0.399522
vt 0.474242 0.796280
vt 0.526242 0.671874
vt 0.933029 0.204821
vt 0.559687 0.691183
vt 0.934402 0.242927
vt 0.069141 0.325435
vt 0.914977 0.271797
vt 0.102585 0.344744
vt 0.879161 0.284878
vt 0.221609 0.325435
vt 0.611093 0.756260
vt 0.255053 0.344744
vt 0.612467 0.794365
vt 0.138087 0.170652
vt 0.509740 0.120228
vt 0.171732 0.151227
vt 0.509740 0.081378
vt 0.188573 0.120112
vt 0.795854 0.826099
vt 0.188573 0.081494
vt 0.772345 0.796078
vt 0.799025 0.295177
vt 0.771092 0.761304
vt 0.799025 0.256559
vt 0.792378 0.729669
vt 0.829314 0.835652
vt 0.528266 0.051236
vt 0.865130 0.822570
vt 0.561710 0.031927
vt 0.630721 0.050380
vt 0.477881 0.672731
vt 0.597076 0.030954
vt 0.444236 0.692156
vt 0.293007 0.170652
vt 0.050751 0.120228
vt 0.326652 0.151227
vt 0.050751 0.081378
vt 0.661984 0.429663
vt 0.629637 0.499511
vt 0.661984 0.468513
vt 0.595992 0.518936
vt 0.291777 0.518936
vt 0.135626 0.552459
vt 0.325422 0.499511
vt 0.169271 0.571884
vt 0.356900 0.602882
vt 0.508656 0.468513
vt 0.356900 0.641732
vt 0.508656 0.429663
vt 0.324065 0.225445
vt 0.289931 0.552459
vt 0.290419 0.206020
vt 0.323576 0.571884
vt 0.749155 0.170651
vt 0.171597 0.326292
vt 0.782800 0.151226
vt 0.137951 0.345717
vt 0.287440 0.869595
vt 0.343493 0.081494
vt 0.251624 0.856513
vt 0.343493 0.120112
vt 0.799806 0.468397
vt 0.080692 0.962170
vt 0.799806 0.429779
vt 0.058386 0.931245
vt 0.494722 0.641617
vt 0.659615 0.826148
vt 0.494722 0.602998
vt 0.636106 0.796127
vt 0.662022 0.602882
vt 0.477574 0.499511
vt 0.662022 0.641733
vt 0.443928 0.518936
vt 0.679729 0.325435
vt 0.214688 0.962496
vt 0.713173 0.344744
vt 0.193402 0.930861
vt 0.408562 0.380212
vt 0.058506 0.896448
vt 0.375118 0.399521
vt 0.081024 0.865678
vt 0.629637 0.398664
vt 0.748539 0.206020
vt 0.595992 0.379239
vt 0.782185 0.225445
vt 0.559687 0.553432
vt 0.634852 0.761353
vt 0.526242 0.572741
vt 0.656139 0.729718
vt 0.597076 0.170651
vt 0.169271 0.672731
vt 0.630721 0.151226
vt 0.135626 0.692156
vt 0.102721 0.031928
vt 0.194656 0.896087
vt 0.069277 0.051237
vt 0.218165 0.866066
vt 0.325422 0.398664
vt 0.205671 0.120228
vt 0.291777 0.379239
vt 0.205671 0.081378
vt 0.508129 0.256443
vt 0.204441 0.468513
vt 0.508129 0.295293
vt 0.204441 0.429663
vt 0.595465 0.345717
vt 0.324064 0.326292
vt 0.629110 0.326292
vt 0.290419 0.345717
vt 0.661203 0.256443
vt 0.749358 0.552459
vt 0.661203 0.295293
vt 0.783003 0.571884
vt 0.050616 0.256443
vt 0.628698 0.672731
vt 0.050615 0.295293
vt 0.595053 0.692156
vt 0.749358 0.692156
vt 0.323576 0.672731
vt 0.783003 0.672731
vt 0.289931 0.692156
vt 0.202595 0.602882
vt 0.293007 0.030955
vt 0.202595 0.641732
vt 0.326652 0.050380
vt 0.782965 0.398664
vt 0.443928 0.379239
vt 0.749320 0.379239
vt 0.477574 0.398664
vt 0.680547 0.671874
vt 0.912350 0.411514
vt 0.713992 0.691183
vt 0.875685 0.421982
vt 0.911575 0.177426
vt 0.408870 0.344744
vt 0.874910 0.166957
vt 0.375426 0.325435
vt 0.186112 0.641617
vt 0.848027 0.653463
vt 0.186112 0.602998
vt 0.824518 0.623443
vt 0.340417 0.641617
vt 0.843000 0.410044
vt 0.340417 0.602998
vt 0.821714 0.378409
vt 0.137472 0.518936
vt 0.749155 0.030954
vt 0.171117 0.499511
vt 0.782800 0.050379
vt 0.799640 0.120112
vt 0.845702 0.275325
vt 0.799640 0.081494
vt 0.822192 0.245304
vt 0.342262 0.468397
vt 0.823264 0.588669
vt 0.342262 0.429779
vt 0.844550 0.557034
vt 0.255053 0.206993
vt 0.822968 0.343635
vt 0.221609 0.226302
vt 0.846477 0.313614
vt 0.187957 0.468397
vt 0.820939 0.210531
vt 0.187957 0.429779
vt 0.842225 0.178895
vt 0.356900 0.256443
vt 0.137472 0.379239
vt 0.356900 0.295293
vt 0.171117 0.398664
vt 0.645538 0.641617
vt 0.876349 0.027361
vt 0.645538 0.602999
vt 0.913014 0.037830
vt 0.375426 0.150369
vt 0.552975 0.718395
vt 0.408870 0.169678
vt 0.589639 0.728864
vt 0.646477 0.468397
vt 0.251625 0.718176
vt 0.646477 0.429779
vt 0.287441 0.731258
vt 0.507717 0.602882
vt 0.477881 0.326292
vt 0.507717 0.641733
vt 0.444236 0.345717
vt 0.527182 0.498654
vt 0.916417 0.132201
vt 0.560626 0.517963
vt 0.880601 0.145283
vt 0.203083 0.256443
vt 0.477881 0.151226
vt 0.203083 0.295293
vt 0.444236 0.170651
vt 0.560626 0.380212
vt 0.825063 0.717731
vt 0.527182 0.399522
vt 0.861727 0.728199
vt 0.713173 0.206993
vt 0.306866 0.760127
vt 0.679729 0.226302
vt 0.305492 0.798233
vt 0.680510 0.498654
vt 0.847141 0.135729
vt 0.713954 0.517963
vt 0.823632 0.105709
vt 0.477881 0.571884
vt 0.595053 0.552459
vt 0.444236 0.552459
vt 0.628698 0.571884
vt 0.375426 0.671874
vt 0.883181 0.755595
vt 0.408870 0.691183
vt 0.884555 0.793701
vt 0.356900 0.081378
vt 0.661819 0.120228
vt 0.356900 0.120228
vt 0.661819 0.081378
vt 0.171597 0.225445
vt 0.782965 0.499511
vt 0.137951 0.206020
vt 0.749320 0.518936
vt 0.230934 0.473672
s 1
usemtl Mat-FootBall
f 1823/2533/1 257/417/2 1779/2478/3 2163/2913/4
f 823/1246/5 110/165/6 1567/2213/7 2674/3424/8
f 552/885/9 1527/2163/10 2271/3021/11 2136/2886/12
f 1015/1503/13 260/421/14 1825/2536/15 2803/3553/16
f 1828/2539/17 266/431/18 1027/1519/19 2804/3554/20
f 1021/1510/21 264/429/22 1855/2573/23 2818/3568/24
f 1643/2308/25 595/942/26 2067/2817/27 2193/2943/28
f 1824/2534/29 665/1035/30 1825/2535/15 2802/3552/31
f 2772/3522/32 1760/2454/33 639/1001/34 1764/2459/35
f 2164/2914/36 1646/2312/37 266/431/18 1828/2539/17
f 2804/3554/20 1824/2534/29 663/1033/38 1828/2539/17
f 595/942/26 1642/2307/39 2713/3463/40 1646/2312/37
f 1855/2573/23 264/429/22 1644/2309/41 2165/2915/42
f 1644/2309/41 264/429/22 1020/1509/43 2712/3462/44
f 2850/3600/45 1037/1532/46 273/443/47 1919/2653/48
f 1860/2579/49 675/1049/50 2102/2852/51 2166/2916/52
f 2165/2915/42 2065/2815/53 23/23/54 2102/2852/51
f 1860/2579/49 273/443/47 1036/1531/55 2820/3570/56
f 243/393/57 993/1473/58 2615/3365/59 1451/2068/60
f 1924/2659/61 699/1081/62 2104/2854/63 2233/2983/64
f 1856/2574/65 677/1051/66 1857/2575/67 2818/3568/24
f 1919/2653/48 273/443/47 1860/2579/49 2166/2916/52
f 2820/3570/56 1856/2574/65 675/1049/50 1860/2579/49
f 1029/1521/68 277/451/69 1921/2656/70 2851/3601/71
f 1292/1869/72 75/105/73 777/1185/74 2536/3286/75
f 737/1132/76 41/46/77 1271/1843/78 2526/3276/79
f 1920/2654/80 701/1084/81 1921/2655/70 2850/3600/45
f 1430/2042/82 243/393/57 1451/2068/60 2167/2917/83
f 1450/2067/84 523/846/85 1451/2068/60 2615/3365/59
f 676/1050/86 1862/2582/87 2231/2981/88 2101/2851/89
f 14/14/90 2021/2771/91 2167/2917/83 2094/2844/92
f 456/757/93 1271/1843/78 2168/2918/94 1992/2742/95
f 182/287/96 919/1375/97 2579/3329/98 1379/1978/99
f 1276/1849/100 456/757/93 1992/2742/95 2267/3017/101
f 2168/2918/94 1271/1843/78 41/46/77 1627/2288/102
f 672/1045/103 1847/2563/104 2189/2939/105 2037/2787/106
f 739/1135/107 45/53/108 1273/1845/109 2527/3277/110
f 1444/2059/111 54/69/112 750/1149/113 2612/3362/114
f 1876/2599/115 681/1057/116 1997/2747/117 2175/2925/118
f 1272/1844/119 458/759/120 1273/1846/109 2526/3276/79
f 1871/2593/121 54/69/112 1444/2059/111 2169/2919/122
f 754/1155/123 57/73/124 1873/2596/125 2827/3577/126
f 1868/2589/127 413/683/128 1216/1771/129 2824/3574/130
f 1516/2149/131 546/877/132 2000/2750/133 2247/2997/134
f 1872/2594/135 683/1059/136 1873/2595/125 2826/3576/137
f 2170/2920/138 1511/2143/139 55/70/140 1875/2598/141
f 658/1026/142 1814/2522/143 2175/2925/118 2146/2896/144
f 757/1159/145 59/77/146 1513/2145/147 2647/3397/148
f 1492/2119/149 320/525/150 1092/1605/151 2636/3386/152
f 1292/1869/72 462/765/153 2004/2754/154 2234/2984/155
f 1512/2144/156 548/879/157 1513/2146/147 2646/3396/158
f 2171/2921/159 1287/1863/160 68/93/161 1971/2718/162
f 687/1065/163 1887/2613/164 2184/2934/165 2128/2878/166
f 772/1179/167 71/97/168 1289/1866/169 2535/3285/170
f 35/35/171 730/1123/172 2531/3281/173 1283/1858/174
f 787/1198/175 82/117/176 1975/2723/177 2878/3628/178
f 1748/2439/179 633/993/180 1988/2738/181 2330/3080/182
f 1288/1864/183 464/767/184 1289/1865/169 2534/3284/185
f 1743/2433/186 35/35/171 1283/1858/174 2172/2922/187
f 1998/2748/188 547/878/189 1518/2152/190 2317/3067/191
f 2882/3632/192 1263/1833/193 33/33/194 1747/2438/195
f 1332/1919/196 131/201/197 849/1281/198 2556/3306/199
f 1556/2199/200 561/897/201 2148/2898/202 2237/2987/203
f 1744/2434/204 635/996/205 1745/2435/206 2762/3512/207
f 2173/2923/208 1551/2193/209 391/646/210 1772/2469/211
f 1189/1735/212 395/653/213 1553/2195/214 2667/3417/215
f 1836/2549/216 404/669/217 1200/1749/218 2808/3558/219
f 2108/2858/220 684/1061/221 1879/2603/222 2238/2988/223
f 1868/2589/127 678/1053/224 2151/2901/225 2176/2926/226
f 1552/2194/227 563/899/228 1553/2196/214 2666/3416/229
f 1863/2583/230 404/669/217 1836/2549/216 2174/2924/231
f 913/1366/232 180/285/233 1639/2303/234 2710/3460/235
f 1204/1755/236 407/673/237 1865/2586/238 2823/3573/239
f 1876/2599/115 411/681/240 1209/1761/241 2828/3578/242
f 694/1074/243 1910/2642/244 2177/2927/245 2089/2839/246
f 1811/2518/247 658/1026/142 2146/2896/144 2177/2927/245
f 1864/2584/248 680/1055/249 1865/2585/238 2822/3572/250
f 2175/2925/118 1814/2522/143 411/681/240 1876/2599/115
f 2828/3578/242 1872/2594/135 681/1057/116 1876/2599/115
f 658/1026/142 1810/2517/251 2797/3547/252 1814/2522/143
f 1878/2602/253 413/683/128 1868/2589/127 2176/2926/226
f 2869/3619/254 1055/1556/255 287/467/256 1958/2702/257
f 2845/3595/258 1181/1724/259 385/635/260 1910/2642/244
f 2824/3574/130 1864/2584/248 678/1053/224 1868/2589/127
f 712/1098/261 1958/2702/257 2178/2928/262 2087/2837/263
f 1910/2642/244 385/635/260 1811/2518/247 2177/2927/245
f 2247/2997/134 2000/2750/133 28/28/264 2002/2752/265
f 694/1074/243 1906/2637/266 2845/3595/258 1910/2642/244
f 1810/2517/251 658/1026/142 1811/2518/247 2795/3545/267
f 679/1054/268 1870/2592/269 2263/3013/270 2152/2902/271
f 2146/2896/144 19/19/272 2089/2839/246 2177/2927/245
f 2848/3598/273 1912/2644/274 696/1077/275 1916/2649/276
f 1884/2609/277 287/467/256 1054/1555/278 2832/3582/279
f 1468/2089/280 293/478/281 1060/1563/282 2624/3374/283
f 708/1093/284 1943/2683/285 2179/2929/286 2117/2867/287
f 1958/2702/257 287/467/256 1884/2609/277 2178/2928/262
f 466/770/288 1302/1882/289 2240/2990/290 2010/2760/291
f 712/1098/261 1954/2697/292 2869/3619/254 1958/2702/257
f 1620/2279/293 299/489/294 1065/1569/295 2700/3450/296
f 1066/1570/297 299/489/294 1943/2683/285 2862/3612/298
f 2238/2988/223 2107/2857/299 29/29/300 2108/2858/220
f 1948/2689/301 708/1093/284 2117/2867/287 2181/2931/302
f 1943/2683/285 299/489/294 1620/2279/293 2179/2929/286
f 1069/1575/303 302/493/304 1945/2686/305 2863/3613/306
f 1980/2729/307 306/501/308 1074/1581/309 2880/3630/310
f 528/853/311 1463/2083/312 2182/2932/313 2111/2861/314
f 1475/2098/315 532/858/316 2105/2855/317 2283/3033/318
f 1944/2684/319 710/1095/320 1945/2685/305 2862/3612/298
f 2180/2930/321 1478/2102/322 306/501/308 1980/2729/307
f 532/858/316 1474/2097/323 2629/3379/324 1478/2102/322
f 1948/2689/301 308/503/325 1081/1591/326 2864/3614/327
f 2174/2924/231 2123/2873/328 28/28/264 2151/2901/225
f 1979/2728/329 721/1110/330 2015/2765/331 2208/2958/332
f 1492/2119/149 537/865/333 2119/2869/334 2248/2998/335
f 536/863/336 1480/2104/337 2632/3382/338 1485/2110/339
f 1982/2732/340 308/503/325 1948/2689/301 2181/2931/302
f 2864/3614/327 1944/2684/319 708/1093/284 1948/2689/301
f 721/1110/330 1978/2727/341 2881/3631/342 1982/2732/340
f 2088/2838/343 2220/2970/344 2087/2837/263 29/29/300
f 540/869/345 1495/2123/346 2183/2933/347 2126/2876/348
f 1463/2083/312 285/465/349 1956/2699/350 2182/2932/313
f 2868/3618/351 1952/2694/352 711/1097/353 1956/2699/350
f 2182/2932/313 2085/2835/354 27/27/355 2111/2861/314
f 1500/2129/356 540/869/345 2126/2876/348 2296/3046/357
f 1464/2084/358 530/855/359 1465/2085/360 2622/3372/361
f 2183/2933/347 1495/2123/346 321/526/362 1835/2548/363
f 2829/3579/364 1217/1772/365 413/683/128 1878/2602/253
f 1099/1615/366 325/533/367 1497/2125/368 2639/3389/369
f 2813/3563/370 1205/1756/371 405/670/372 1846/2562/373
f 1892/2619/374 687/1065/163 2128/2878/166 2185/2935/375
f 1496/2124/376 542/871/377 1497/2126/368 2638/3388/378
f 2184/2934/165 1887/2613/164 328/538/379 1972/2719/380
f 526/850/381 1462/2082/382 2213/2963/383 2070/2820/384
f 1108/1627/385 332/545/386 1889/2615/387 2835/3585/388
f 1892/2619/374 336/551/389 1117/1639/390 2836/3586/391
f 2769/3519/392 1127/1652/393 343/563/394 1758/2452/395
f 1923/2658/396 700/1082/397 2103/2853/398 2284/3034/399
f 1888/2614/400 689/1067/401 1889/2616/387 2834/3584/402
f 1926/2662/403 336/551/389 1892/2619/374 2185/2935/375
f 2836/3586/391 1888/2614/400 687/1065/163 1892/2619/374
f 700/1082/397 1922/2657/404 2853/3603/405 1926/2662/403
f 1758/2452/395 343/563/394 1564/2209/406 2186/2936/407
f 1564/2209/406 343/563/394 1126/1651/408 2672/3422/409
f 2286/3036/410 2061/2811/411 7/7/412 2062/2812/413
f 2633/3383/414 1084/1594/415 313/513/416 1486/2112/417
f 1755/2448/418 637/998/419 2059/2809/420 2205/2955/421
f 23/23/54 2059/2809/420 2186/2936/407 2129/2879/422
f 313/513/416 1083/1593/423 2643/3393/424 1507/2138/425
f 535/862/426 1486/2112/417 2187/2937/427 2001/2751/428
f 2233/2983/64 2104/2854/63 23/23/54 2129/2879/422
f 535/862/426 1482/2107/429 2633/3383/414 1486/2112/417
f 1692/2369/430 612/965/431 2138/2888/432 2242/2992/433
f 641/1003/434 1760/2454/33 2772/3522/32 1765/2460/435
f 1486/2112/417 313/513/416 1507/2138/425 2187/2937/427
f 1506/2137/436 544/874/437 1507/2138/425 2643/3393/424
f 565/902/438 1566/2212/439 2249/2999/440 2130/2880/441
f 17/17/442 2001/2751/428 2187/2937/427 2122/2872/443
f 474/781/444 1319/1903/445 2188/2938/446 2032/2782/447
f 2232/2982/448 2064/2814/449 17/17/442 2122/2872/443
f 1324/1909/450 474/781/444 2032/2782/447 2253/3003/451
f 2188/2938/446 1319/1903/445 111/166/452 1571/2218/453
f 2153/2903/454 570/909/455 1575/2223/456 2313/3063/457
f 829/1255/458 115/173/459 1321/1905/460 2551/3301/461
f 1959/2703/462 439/729/463 1636/2299/464 2199/2949/465
f 1628/2289/466 124/189/467 840/1269/468 2704/3454/469
f 1340/1929/470 425/705/471 1227/1785/472 2560/3310/473
f 1852/2569/474 672/1045/103 2037/2787/106 2212/2962/475
f 1320/1904/476 476/783/477 1321/1906/460 2550/3300/478
f 1951/2693/479 229/369/480 1676/2349/481 2219/2969/482
f 1847/2563/104 124/189/467 1628/2289/466 2189/2939/105
f 1228/1786/483 425/705/471 1583/2233/484 2682/3432/485
f 844/1275/486 127/193/487 1849/2566/488 2815/3565/489
f 133/203/490 856/1291/491 2759/3509/492 1739/2428/493
f 196/311/494 937/1399/495 2659/3409/496 1539/2178/497
f 478/786/498 1330/1917/499 2557/3307/500 1334/1922/501
f 1848/2564/502 674/1047/503 1849/2565/488 2814/3564/504
f 1334/1922/501 133/203/490 1739/2428/493 2190/2940/505
f 1738/2427/506 631/990/507 1739/2428/493 2759/3509/492
f 555/889/508 1535/2173/509 2195/2945/510 2074/2824/511
f 11/11/512 2027/2777/513 2190/2940/505 2039/2789/514
f 483/793/515 1343/1933/516 2191/2941/517 2042/2792/518
f 1524/2159/519 355/585/520 1137/1665/521 2652/3402/522
f 1348/1939/523 483/793/515 2042/2792/518 2246/2996/524
f 1691/2368/525 613/966/526 2137/2887/527 2243/2993/528
f 1337/1925/529 375/619/530 1163/1700/531 2558/3308/532
f 2191/2941/517 1343/1933/516 138/213/533 1683/2358/534
f 654/1021/535 1799/2503/536 2281/3031/537 2095/2845/538
f 862/1299/539 141/217/540 1345/1936/541 2563/3313/542
f 105/155/543 820/1243/544 2555/3305/545 1331/1918/546
f 2630/3380/547 764/1168/548 62/82/549 1479/2103/550
f 1612/2269/551 582/925/552 2028/2778/553 2289/3039/554
f 1344/1934/555 485/795/556 1345/1935/541 2562/3312/557
f 1607/2263/558 105/155/543 1331/1918/546 2192/2942/559
f 1330/1917/499 478/786/498 1331/1918/546 2555/3305/545
f 2038/2788/560 673/1046/561 1854/2572/562 2331/3081/563
f 813/1233/564 109/163/565 1609/2266/566 2695/3445/567
f 495/809/568 1375/1973/569 2193/2943/28 2068/2818/570
f 2068/2818/570 2193/2943/28 2067/2817/27 32/32/571
f 1608/2264/572 584/928/573 1609/2265/566 2694/3444/574
f 2193/2943/28 1375/1973/569 181/286/575 1643/2308/25
f 1642/2307/39 595/942/26 1643/2308/25 2711/3461/576
f 514/834/577 1430/2042/82 2167/2917/83 2021/2771/91
f 919/1375/97 185/293/578 1377/1975/579 2579/3329/98
f 525/849/580 1455/2073/581 2194/2944/582 2072/2822/583
f 265/430/584 1024/1515/585 2819/3569/586 1859/2578/587
f 636/997/588 1751/2443/589 2197/2947/590 2064/2814/449
f 1376/1974/591 497/811/592 1377/1976/579 2578/3328/593
f 1327/1913/594 104/154/595 1315/1898/596 2288/3038/597
f 2194/2944/582 1455/2073/581 188/298/598 1787/2488/599
f 2131/2881/600 549/881/601 1519/2153/602 2287/3037/603
f 928/1387/604 192/305/605 1457/2075/606 2619/3369/607
f 2781/3531/608 1138/1666/609 355/585/520 1782/2482/610
f 1540/2179/611 555/889/508 2074/2824/511 2196/2946/612
f 1456/2074/613 527/851/614 1457/2076/606 2618/3368/615
f 2195/2945/510 1535/2173/509 195/310/616 1740/2429/617
f 937/1399/495 199/317/618 1537/2175/619 2659/3409/496
f 1540/2179/611 203/323/620 946/1411/621 2660/3410/622
f 2766/3516/623 911/1364/624 175/275/625 1751/2443/589
f 2882/3632/192 1747/2438/195 634/994/626 1983/2733/627
f 1536/2174/628 557/891/629 1537/2176/619 2658/3408/630
f 1750/2442/631 203/323/620 1540/2179/611 2196/2946/612
f 2660/3410/622 1536/2174/628 555/889/508 1540/2179/611
f 634/994/626 1746/2437/632 2765/3515/633 1750/2442/631
f 1718/2402/634 237/382/635 1420/2029/636 2261/3011/637
f 1751/2443/589 175/275/625 1387/1988/638 2197/2947/590
f 175/275/625 910/1363/639 2583/3333/640 1387/1988/638
f 1719/2403/641 118/178/642 1324/1909/450 2253/3003/451
f 2745/3495/643 1241/1804/644 433/718/645 1710/2392/646
f 1756/2449/647 636/997/588 2064/2814/449 2232/2982/448
f 2073/2823/648 556/890/649 1542/2182/650 2251/3001/651
f 619/974/652 1710/2392/646 2198/2948/653 2053/2803/654
f 1588/2239/655 433/718/645 1240/1803/656 2684/3434/657
f 1707/2388/658 619/974/652 2053/2803/654 2203/2953/659
f 1752/2444/660 638/1000/661 1753/2445/662 2766/3516/623
f 1710/2392/646 433/718/645 1588/2239/655 2198/2948/653
f 619/974/652 1706/2387/663 2745/3495/643 1710/2392/646
f 1636/2299/464 439/729/463 1245/1809/664 2708/3458/665
f 1246/1810/666 439/729/463 1959/2703/462 2870/3620/667
f 2254/3004/668 2139/2889/669 26/26/670 2157/2907/671
f 1249/1815/672 442/733/673 1961/2706/674 2871/3621/675
f 1716/2399/676 621/977/677 2088/2838/343 2221/2971/678
f 623/979/679 1712/2394/680 2748/3498/681 1717/2400/682
f 1964/2709/683 714/1101/684 2161/2911/685 2255/3005/686
f 2199/2949/465 2113/2863/687 27/27/355 2161/2911/685
f 2726/3476/688 974/1448/689 224/359/690 1671/2343/691
f 1595/2248/692 577/918/693 2156/2906/694 2201/2951/695
f 1960/2704/696 716/1103/697 1961/2705/674 2870/3620/667
f 2200/2950/698 1598/2252/699 448/743/700 1604/2259/701
f 577/918/693 1594/2247/702 2689/3439/703 1598/2252/699
f 418/693/704 1218/1773/705 2687/3437/706 1595/2248/692
f 872/1312/707 146/226/708 1351/1943/709 2566/3316/710
f 2054/2804/711 2203/2953/659 2053/2803/654 26/26/670
f 2201/2951/695 1574/2222/712 418/693/704 1595/2248/692
f 1594/2247/702 577/918/693 1595/2248/692 2687/3437/706
f 2162/2912/713 715/1102/714 1966/2712/715 2311/3061/716
f 886/1330/717 159/249/718 1935/2673/719 2858/3608/720
f 1356/1949/721 486/797/722 2048/2798/723 2326/3076/724
f 2202/2952/725 1351/1943/709 146/226/708 1796/2499/726
f 874/1315/727 150/233/728 1353/1945/729 2567/3317/730
f 159/249/718 885/1329/731 2743/3493/732 1707/2388/658
f 91/131/733 802/1219/734 2739/3489/735 1699/2378/736
f 1940/2679/737 705/1089/738 2054/2804/711 2241/2991/739
f 1352/1944/740 488/799/741 1353/1946/729 2566/3316/710
f 2880/3630/310 1976/2724/742 720/1109/743 1980/2729/307
f 1935/2673/719 159/249/718 1707/2388/658 2203/2953/659
f 1706/2387/663 619/974/652 1707/2388/658 2743/3493/732
f 702/1085/744 1927/2663/745 2301/3051/746 2159/2909/747
f 889/1335/748 162/253/749 1937/2676/750 2859/3609/751
f 490/802/752 1366/1962/753 2204/2954/754 2045/2795/755
f 2241/2991/739 2054/2804/711 26/26/670 2058/2808/756
f 904/1354/757 173/273/758 1367/1963/759 2574/3324/760
f 1936/2674/761 707/1091/762 1937/2675/750 2858/3608/720
f 2204/2954/754 1366/1962/753 168/263/763 1763/2458/764
f 490/802/752 1362/1957/765 2573/3323/766 1366/1962/753
f 492/805/767 1367/1963/759 2205/2955/421 2060/2810/768
f 1364/1959/769 166/261/770 894/1341/771 2572/3322/772
f 1372/1969/773 492/805/767 2060/2810/768 2250/3000/774
f 1300/1879/775 465/769/776 2012/2762/777 2235/2985/778
f 494/807/779 1368/1964/780 2576/3326/781 1373/1970/782
f 2205/2955/421 1367/1963/759 173/273/758 1755/2448/418
f 1754/2447/783 637/998/419 1755/2448/418 2767/3517/784
f 2122/2872/443 544/874/437 1510/2142/785 2232/2982/448
f 907/1359/786 176/277/787 1369/1966/788 2575/3325/789
f 2730/3480/790 866/1304/791 140/215/792 1679/2353/793
f 1388/1989/794 202/322/795 943/1407/796 2584/3334/797
f 2046/2796/798 2206/2956/799 2045/2795/755 16/16/800
f 1679/2353/793 140/215/792 1363/1958/801 2206/2956/799
f 1362/1957/765 490/802/752 1363/1958/801 2571/3321/802
f 2056/2806/803 706/1090/804 1942/2682/805 2305/3055/806
f 858/1293/807 144/223/808 1681/2356/809 2731/3481/810
f 465/769/776 1295/1873/811 2207/2957/812 2012/2762/777
f 688/1066/813 1894/2622/814 2282/3032/815 2127/2877/816
f 335/550/817 1114/1635/818 2671/3421/819 1563/2208/820
f 603/953/821 1663/2333/822 2208/2958/332 2016/2766/823
f 1680/2354/824 611/964/825 1681/2355/809 2730/3480/790
f 2207/2957/812 1295/1873/811 76/106/826 1651/2318/827
f 669/1041/828 1839/2553/829 2236/2986/830 2149/2899/831
f 784/1195/832 80/113/833 1297/1875/834 2539/3289/835
f 1652/2319/836 399/659/837 1198/1747/838 2716/3466/839
f 1668/2339/840 603/953/821 2016/2766/823 2328/3078/841
f 1296/1874/842 467/771/843 1297/1876/834 2538/3288/844
f 2208/2958/332 1663/2333/822 83/118/845 1979/2728/329
f 1978/2727/341 721/1110/330 1979/2728/329 2879/3629/846
f 1048/1546/847 285/465/349 1463/2083/312 2622/3372/361
f 793/1207/848 87/125/849 1665/2335/850 2723/3473/851
f 615/969/852 1695/2373/853 2209/2959/854 2020/2770/855
f 1484/2109/856 314/514/857 1087/1599/858 2632/3382/338
f 471/777/859 1311/1893/860 2210/2960/861 2024/2774/862
f 1664/2334/863 605/955/864 1665/2336/850 2722/3472/865
f 2209/2959/854 1695/2373/853 90/130/866 1795/2498/867
f 486/797/722 1351/1943/709 2202/2952/725 2048/2798/723
f 802/1219/734 94/137/868 1697/2375/869 2739/3489/735
f 1436/2049/870 251/406/871 1006/1491/872 2608/3358/873
f 1316/1899/874 471/777/859 2024/2774/862 2217/2967/875
f 1696/2374/876 617/971/877 1697/2376/869 2738/3488/878
f 2210/2960/861 1311/1893/860 103/153/879 1611/2268/880
f 2134/2884/881 601/950/882 1662/2332/883 2289/3039/554
f 817/1239/884 106/157/885 1313/1896/886 2547/3297/887
f 70/95/888 775/1183/889 2543/3293/890 1307/1888/891
f 2758/3508/892 854/1288/893 132/202/894 1735/2423/895
f 1312/1894/896 473/779/897 1313/1895/886 2546/3296/898
f 1967/2713/899 70/95/888 1307/1888/891 2211/2961/900
f 616/970/901 1702/2382/902 2277/3027/903 2018/2768/904
f 2621/3371/905 938/1400/906 196/311/494 1462/2082/382
f 2011/2761/907 598/946/908 1654/2322/909 2237/2987/203
f 2565/3315/910 875/1316/911 147/227/912 1350/1942/913
f 1968/2714/914 719/1108/915 1969/2715/916 2874/3624/917
f 2212/2962/475 1735/2423/895 132/202/894 1852/2569/474
f 2816/3566/918 1848/2564/502 672/1045/103 1852/2569/474
f 7/7/412 2070/2820/384 2213/2963/383 2073/2823/648
f 2750/3500/919 836/1264/920 118/178/642 1719/2403/641
f 526/850/381 1458/2077/921 2621/3371/905 1462/2082/382
f 1736/2424/922 632/991/923 1737/2426/924 2758/3508/892
f 2191/2941/517 2041/2791/925 22/22/926 2042/2792/518
f 1462/2082/382 196/311/494 1539/2178/497 2213/2963/383
f 1538/2177/927 556/890/649 1539/2178/497 2659/3409/496
f 634/994/626 1750/2442/631 2196/2946/612 1983/2733/627
f 1460/2079/928 194/309/929 930/1389/930 2620/3370/931
f 2761/3511/932 931/1390/933 194/309/929 1742/2432/934
f 1989/2739/935 588/933/936 1623/2283/937 2252/3002/938
f 2072/2822/583 11/11/512 2039/2789/514 2214/2964/939
f 1835/2548/363 667/1038/940 2125/2875/941 2183/2933/347
f 530/855/359 1464/2084/358 2624/3374/283 1469/2091/942
f 1742/2432/934 194/309/929 1460/2079/928 2214/2964/939
f 2620/3370/931 1456/2074/613 525/849/580 1460/2079/928
f 2757/3507/943 1172/1712/944 378/623/945 1734/2422/946
f 1782/2482/610 355/585/520 1524/2159/519 2215/2965/947
f 646/1010/948 1778/2477/949 2781/3531/608 1782/2482/610
f 723/1113/950 39/43/951 1745/2436/206 2763/3513/952
f 1660/2329/953 378/623/945 1171/1711/954 2720/3470/955
f 2721/3471/956 1169/1708/957 377/622/958 1662/2332/883
f 1731/2418/959 628/986/960 2140/2890/961 2303/3053/962
f 507/825/963 1407/2013/964 2218/2968/965 2080/2830/966
f 477/785/967 1327/1913/594 2288/3038/597 2026/2776/968
f 1734/2422/946 378/623/945 1660/2329/953 2216/2966/969
f 628/986/960 1730/2417/970 2757/3507/943 1734/2422/946
f 1316/1899/874 110/165/6 822/1245/971 2548/3298/972
f 2773/3523/973 1147/1678/974 362/597/975 1766/2462/976
f 1572/2219/977 567/905/978 2029/2779/979 2313/3063/457
f 1539/2178/497 556/890/649 2073/2823/648 2213/2963/383
f 632/991/923 1736/2424/922 2760/3510/980 1741/2430/981
f 1567/2213/7 110/165/6 1316/1899/874 2217/2967/875
f 2548/3298/972 1312/1894/896 471/777/859 1316/1899/874
f 826/1251/982 113/169/983 1569/2216/984 2675/3425/985
f 2288/3038/597 2025/2775/986 6/6/987 2026/2776/968
f 1844/2559/988 406/671/989 1207/1759/990 2812/3562/991
f 976/1450/992 229/369/480 1951/2693/479 2866/3616/993
f 1568/2214/994 569/907/995 1569/2215/984 2674/3424/8
f 1407/2013/964 216/346/996 1724/2409/997 2218/2968/965
f 2752/3502/998 1720/2404/999 624/981/1000 1724/2409/997
f 2218/2968/965 2033/2783/1001 18/18/1002 2080/2830/966
f 1676/2349/481 229/369/480 975/1449/1003 2728/3478/1004
f 119/179/1005 838/1267/1006 2751/3501/1007 1723/2408/1008
f 979/1455/1009 232/373/1010 1953/2696/1011 2867/3617/1012
f 1408/2014/1013 509/827/1014 1409/2016/1015 2594/3344/1016
f 568/906/1017 1570/2217/1018 2677/3427/1019 1574/2222/712
f 2746/3496/1020 980/1456/1021 230/370/1022 1711/2393/1023
f 502/818/1024 1394/1997/1025 2589/3339/1026 1398/2002/1027
f 1674/2347/1028 607/958/1029 1675/2348/1030 2727/3477/1031
f 1412/2019/1032 223/358/1033 970/1443/1034 2596/3346/1035
f 1952/2694/352 713/1099/1036 1953/2695/1011 2866/3616/993
f 2220/2970/344 1711/2393/1023 230/370/1022 1955/2698/1037
f 1954/2697/292 712/1098/261 1955/2698/1037 2867/3617/1012
f 637/998/419 1758/2452/395 2186/2936/407 2059/2809/420
f 982/1459/1038 234/377/1039 1713/2395/1040 2747/3497/1041
f 2842/3592/1042 992/1472/1043 238/383/1044 1903/2633/1045
f 2221/2971/678 2088/2838/343 29/29/300 2090/2840/1046
f 502/818/1024 1398/2002/1027 2222/2972/1047 1994/2744/1048
f 208/333/1049 948/1413/1050 2599/3349/1051 1419/2028/1052
f 1903/2633/1045 238/383/1044 1716/2399/676 2221/2971/678
f 2748/3498/681 1712/2394/680 621/977/677 1716/2399/676
f 984/1461/1053 242/391/1054 1905/2636/1055 2843/3593/1056
f 350/575/1057 1135/1663/1058 2719/3469/1059 1659/2328/1060
f 2569/3319/1061 877/1318/1062 152/237/1063 1358/1952/1064
f 1904/2634/1065 695/1076/1066 1905/2635/1055 2842/3592/1042
f 1398/2002/1027 208/333/1049 1419/2028/1052 2222/2972/1047
f 1418/2027/1067 511/830/1068 1419/2028/1052 2599/3349/1051
f 2825/3575/1069 1214/1768/1070 412/682/1071 1870/2592/269
f 19/19/272 1994/2744/1048 2222/2972/1047 2078/2828/1072
f 152/237/1063 876/1317/1073 2839/3589/1074 1899/2628/1075
f 487/798/1076 1358/1952/1064 2223/2973/1077 2047/2797/1078
f 1874/2597/1079 682/1058/1080 1875/2598/141 2827/3577/126
f 1061/1564/1081 293/478/281 1631/2293/1082 2706/3456/1083
f 1355/1948/1084 487/798/1076 2047/2797/1078 2279/3029/1085
f 2223/2973/1077 1358/1952/1064 152/237/1063 1899/2628/1075
f 2733/3483/1086 1007/1492/1087 251/406/871 1686/2362/1088
f 618/973/1089 1703/2383/1090 2300/3050/1091 2055/2805/1092
f 487/798/1076 1354/1947/1093 2569/3319/1061 1358/1952/1064
f 697/1078/1094 1918/2652/1095 2224/2974/1096 2116/2866/1097
f 1915/2648/1098 697/1078/1094 2116/2866/1097 2225/2975/1099
f 2224/2974/1096 1918/2652/1095 300/490/1100 1947/2688/1101
f 2770/3520/1102 899/1348/1103 167/262/1104 1759/2453/1105
f 697/1078/1094 1914/2647/1106 2849/3599/1107 1918/2652/1095
f 292/477/1108 1056/1557/1109 2847/3597/1110 1915/2648/1098
f 2239/2989/1111 2110/2860/1112 4/4/1113 2118/2868/1114
f 1467/2088/1115 529/854/1116 2112/2862/1117 2308/3058/1118
f 2225/2975/1099 1470/2092/1119 292/477/1108 1915/2648/1098
f 1914/2647/1106 697/1078/1094 1915/2648/1098 2847/3597/1110
f 529/854/1116 1466/2087/1120 2625/3375/1121 1470/2092/1119
f 1566/2212/439 342/562/1122 1508/2139/1123 2249/2999/440
f 703/1086/1124 1934/2672/1125 2226/2976/1126 2160/2910/1127
f 2692/3442/1128 1600/2254/1129 579/921/1130 1604/2259/701
f 8/8/1131 2160/2910/1127 2226/2976/1126 2162/2912/713
f 1555/2198/1132 562/898/1133 2147/2897/1134 2323/3073/1135
f 533/859/1136 1472/2094/1137 2628/3378/1138 1477/2101/1139
f 2226/2976/1126 1934/2672/1125 440/730/1140 1963/2708/1141
f 580/922/1142 1606/2262/1143 2255/3005/686 2082/2832/1144
f 703/1086/1124 1930/2667/1145 2857/3607/1146 1934/2672/1125
f 432/717/1147 1236/1797/1148 2855/3605/1149 1931/2668/1150
f 2533/3283/1151 767/1172/1152 63/83/1153 1286/1862/1154
f 1587/2238/1155 574/914/1156 2158/2908/1157 2291/3041/1158
f 2227/2977/1159 1590/2242/1160 432/717/1147 1931/2668/1150
f 1930/2667/1145 703/1086/1124 1931/2668/1150 2855/3605/1149
f 592/938/1161 1638/2302/1162 2306/3056/1163 2114/2864/1164
f 574/914/1156 1586/2237/1165 2685/3435/1166 1590/2242/1160
f 2052/2802/1167 691/1070/1168 1902/2632/1169 2228/2978/1170
f 420/695/1171 1225/1783/1172 2679/3429/1173 1579/2228/1174
f 2056/2806/803 9/9/1175 2052/2802/1167 2228/2978/1170
f 2228/2978/1170 1902/2632/1169 160/250/1176 1939/2678/1177
f 639/1001/34 1759/2453/1105 2241/2991/739 2058/2808/756
f 1428/2039/1178 513/833/1179 2022/2772/1180 2319/3069/1181
f 1762/2457/1182 640/1002/1183 1763/2458/764 2771/3521/1184
f 2709/3459/1185 1253/1820/1186 441/731/1187 1638/2302/1162
f 2229/2979/1188 1423/2033/1189 97/142/1190 1700/2379/1191
f 2740/3490/1192 1696/2374/876 615/969/852 1700/2379/1191
f 811/1231/1193 101/149/1194 1425/2035/1195 2603/3353/1196
f 1686/2362/1088 251/406/871 1436/2049/870 2230/2980/1197
f 2821/3571/1198 1034/1528/1199 272/442/1200 1862/2582/87
f 1424/2034/1201 515/835/1202 1425/2036/1195 2602/3352/1203
f 1452/2069/1204 272/442/1200 1033/1527/1205 2616/3366/1206
f 1859/2578/587 676/1050/86 2101/2851/89 2339/3089/1207
f 2129/2879/422 564/901/1208 1559/2203/1209 2233/2983/64
f 2319/3069/1181 2022/2772/1180 22/22/926 2091/2841/1210
f 1339/1928/1211 481/790/1212 2141/2891/1213 2273/3023/1214
f 614/967/1215 1688/2364/1216 2736/3486/1217 1693/2370/1218
f 1862/2582/87 272/442/1200 1452/2069/1204 2231/2981/88
f 676/1050/86 1858/2577/1219 2821/3571/1198 1862/2582/87
f 1111/1630/1220 334/549/1221 1559/2203/1209 2670/3420/1222
f 2232/2982/448 1510/2142/785 341/561/1223 1756/2449/647
f 2768/3518/1224 1752/2444/660 636/997/588 1756/2449/647
f 778/1186/1225 75/105/73 1647/2313/1226 2714/3464/1227
f 2852/3602/1228 1920/2654/80 699/1081/62 1924/2659/61
f 1114/1635/818 337/553/1229 1561/2206/1230 2671/3421/819
f 1971/2718/162 718/1106/1231 2003/2753/1232 2171/2921/159
f 548/879/157 1512/2144/156 2648/3398/1233 1517/2150/1234
f 1559/2203/1209 334/549/1221 1924/2659/61 2233/2983/64
f 597/945/1235 1647/2313/1226 2234/2984/155 2009/2759/1236
f 1300/1879/775 82/117/176 786/1197/1237 2540/3290/1238
f 1647/2313/1226 75/105/73 1292/1869/72 2234/2984/155
f 1767/2463/1239 279/454/1240 1475/2098/315 2283/3033/318
f 781/1191/1241 78/109/1242 1649/2316/1243 2715/3465/1244
f 1560/2204/1245 566/903/1246 1561/2205/1230 2670/3420/1222
f 2536/3286/75 1288/1864/183 462/765/153 1292/1869/72
f 2234/2984/155 2004/2754/154 25/25/1247 2009/2759/1236
f 1975/2723/177 82/117/176 1300/1879/775 2235/2985/778
f 1556/2199/200 398/658/1248 1195/1743/1249 2668/3418/1250
f 2810/3560/1251 1199/1748/1252 399/659/837 1839/2553/829
f 1648/2314/1253 599/947/1254 1649/2315/1243 2714/3464/1227
f 2540/3290/1238 1296/1874/842 465/769/776 1300/1879/775
f 2717/3467/1255 1196/1744/1256 398/658/1248 1654/2322/909
f 1839/2553/829 399/659/837 1652/2319/836 2236/2986/830
f 2860/3610/1257 1936/2674/761 705/1089/738 1940/2679/737
f 1191/1737/1258 403/667/1259 1841/2556/1260 2811/3561/1261
f 1976/2724/742 722/1111/1262 1977/2725/1263 2878/3628/178
f 2716/3466/839 1648/2314/1253 597/945/1235 1652/2319/836
f 2236/2986/830 2009/2759/1236 25/25/1247 2149/2899/831
f 1654/2322/909 398/658/1248 1556/2199/200 2237/2987/203
f 2637/3387/1264 1100/1616/1265 322/527/1266 1494/2122/1267
f 2830/3580/1268 1046/1544/1269 280/455/1270 1879/2603/222
f 1840/2554/1271 671/1044/1272 1841/2555/1260 2810/3560/1251
f 2668/3418/1250 1552/2194/227 561/897/201 1556/2199/200
f 2865/3615/1273 1079/1588/1274 307/502/1275 1950/2692/1276
f 1879/2603/222 280/455/1270 1771/2468/1277 2238/2988/223
f 1038/1533/1278 284/463/1279 1881/2606/1280 2831/3581/1281
f 1996/2746/1282 520/842/1283 1446/2062/1284 2264/3014/1285
f 561/897/201 1551/2193/209 2173/2923/208 2148/2898/202
f 2541/3291/1286 794/1208/1287 84/119/1288 1302/1882/289
f 1476/2099/1289 307/502/1275 1078/1587/1290 2628/3378/1138
f 1554/2197/1291 562/898/1133 1555/2198/1132 2667/3417/215
f 2143/2893/1292 29/29/300 2107/2857/299 2262/3012/1293
f 1880/2604/1294 686/1064/1295 1881/2605/1280 2830/3580/1268
f 1950/2692/1276 307/502/1275 1476/2099/1289 2239/2989/1111
f 1299/1878/1296 466/770/288 2010/2760/291 2299/3049/1297
f 84/119/1288 793/1207/848 2723/3473/851 1667/2338/1298
f 392/647/1299 1189/1735/212 2667/3417/215 1555/2198/1132
f 2240/2990/290 1302/1882/289 84/119/1288 1667/2338/1298
f 2017/2767/1300 651/1017/1301 1791/2493/1302 2328/3078/841
f 466/770/288 1298/1877/1303 2541/3291/1286 1302/1882/289
f 1668/2339/840 89/129/1304 795/1209/1305 2724/3474/1306
f 901/1351/1307 171/269/1308 1761/2455/1309 2771/3521/1184
f 1759/2453/1105 167/262/1104 1940/2679/737 2241/2991/739
f 1764/2459/35 639/1001/34 2058/2808/756 2272/3022/1310
f 2558/3308/532 1163/1700/531 371/611/1311 1335/1923/1312
f 369/609/1313 1155/1689/1314 2559/3309/1315 1339/1928/1211
f 364/599/1316 1153/1687/1317 2735/3485/1318 1691/2368/525
f 1335/1923/1312 371/611/1311 1692/2369/430 2242/2992/433
f 2736/3486/1217 1688/2364/1216 612/965/431 1692/2369/430
f 2138/2888/432 26/26/670 2139/2889/669 2242/2992/433
f 553/886/1319 1534/2172/1320 2243/2993/528 2135/2885/1321
f 1964/2709/683 447/742/1322 1258/1827/1323 2872/3622/1324
f 1531/2168/1325 553/886/1319 2135/2885/1321 2341/3091/1326
f 2243/2993/528 1534/2172/1320 364/599/1316 1691/2368/525
f 21/21/1327 2135/2885/1321 2243/2993/528 2137/2887/527
f 553/886/1319 1530/2167/1328 2657/3407/1329 1534/2172/1320
f 655/1022/1330 1806/2512/1331 2244/2994/1332 2096/2846/1333
f 1532/2169/1334 362/597/975 1146/1677/1335 2656/3406/1336
f 1803/2508/1337 655/1022/1330 2096/2846/1333 2245/2995/1338
f 903/1353/1339 179/283/1340 1753/2446/662 2767/3517/784
f 557/891/629 1536/2174/628 2660/3410/622 1541/2180/1341
f 2244/2994/1332 1806/2512/1331 258/418/1342 1827/2538/1343
f 595/942/26 1646/2312/37 2164/2914/36 2067/2817/27
f 655/1022/1330 1802/2507/1344 2793/3543/1345 1806/2512/1331
f 250/405/1346 1002/1485/1347 2791/3541/1348 1803/2508/1337
f 517/838/1349 1438/2052/1350 2245/2995/1338 2092/2842/1351
f 1435/2048/1352 517/838/1349 2092/2842/1351 2276/3026/1353
f 2245/2995/1338 1438/2052/1350 250/405/1346 1803/2508/1337
f 1802/2507/1344 655/1022/1330 1803/2508/1337 2791/3541/1348
f 2099/2849/1354 645/1009/1355 1775/2473/1356 2340/3090/1357
f 517/838/1349 1434/2047/1358 2609/3359/1359 1438/2052/1350
f 2098/2848/1360 32/32/571 2067/2817/27 2164/2914/36
f 2789/3539/1361 868/1306/1362 145/225/1363 1798/2502/1364
f 544/874/437 1506/2137/436 2645/3395/1365 1510/2142/785
f 2741/3491/1366 805/1222/1367 96/141/1368 1702/2382/902
f 534/861/1369 1479/2103/550 2247/2997/134 2002/2752/265
f 1798/2502/1364 145/225/1363 1348/1939/523 2246/2996/524
f 2564/3314/1370 1344/1934/555 483/793/515 1348/1939/523
f 1093/1606/1371 320/525/150 1831/2543/1372 2806/3556/1373
f 2648/3398/1233 1512/2144/156 546/877/132 1516/2149/131
f 2229/2979/1188 2020/2770/855 22/22/926 2022/2772/1180
f 766/1171/1374 66/89/1375 1481/2105/1376 2631/3381/1377
f 1479/2103/550 62/82/549 1516/2149/131 2247/2997/134
f 1484/2109/856 534/861/1369 2002/2752/265 2329/3079/1378
f 2123/2873/328 666/1037/1379 1831/2543/1372 2248/2998/335
f 1831/2543/1372 320/525/150 1492/2119/149 2248/2998/335
f 1748/2439/179 201/321/1380 939/1401/1381 2764/3514/1382
f 1508/2139/1123 342/562/1122 1123/1647/1383 2644/3394/1384
f 2661/3411/1385 944/1408/1386 202/322/795 1542/2182/650
f 565/902/438 1562/2207/1387 2673/3423/1388 1566/2212/439
f 2673/3423/1388 1124/1648/1389 342/562/1122 1566/2212/439
f 1503/2133/1390 315/515/1391 1491/2118/1392 2316/3066/1393
f 2329/3079/1378 2002/2752/265 28/28/264 2119/2869/334
f 1832/2544/1394 668/1039/1395 1833/2545/1396 2806/3556/1373
f 1563/2208/820 565/902/438 2130/2880/441 2282/3032/815
f 2249/2999/440 2121/2871/1397 5/5/1398 2130/2880/441
f 1372/1969/773 180/285/233 912/1365/1399 2576/3326/781
f 1043/1540/1400 279/454/1240 1767/2463/1239 2774/3524/1401
f 1639/2303/234 180/285/233 1372/1969/773 2250/3000/774
f 2576/3326/781 1368/1964/780 492/805/767 1372/1969/773
f 733/1126/1402 40/45/1403 1623/2283/937 2702/3452/1404
f 1542/2182/650 202/322/795 1388/1989/794 2251/3001/651
f 1383/1983/1405 174/274/1406 1371/1968/1407 2286/3036/410
f 556/890/649 1538/2177/927 2661/3411/1385 1542/2182/650
f 1640/2304/1408 596/943/1409 1641/2305/1410 2710/3460/235
f 2251/3001/651 2062/2812/413 7/7/412 2073/2823/648
f 2033/2783/1001 624/981/1000 1719/2403/641 2253/3003/451
f 1268/1839/1411 40/45/1403 732/1125/1412 2524/3274/1413
f 1659/2328/1060 601/950/882 2134/2884/881 2275/3025/1414
f 560/895/1415 1544/2184/1416 2664/3414/1417 1549/2190/1418
f 1623/2283/937 40/45/1403 1268/1839/1411 2252/3002/938
f 838/1267/1006 122/185/1419 1721/2405/1420 2751/3501/1007
f 1324/1909/450 118/178/642 835/1263/1421 2552/3302/1422
f 1279/1853/1423 34/34/1424 1267/1838/1425 2334/3084/1426
f 1624/2284/1427 590/935/1428 1625/2285/1429 2702/3452/1404
f 2552/3302/1422 1320/1904/476 474/781/444 1324/1909/450
f 1583/2233/484 425/705/471 1340/1929/470 2254/3004/668
f 2610/3360/1430 749/1148/1431 49/59/1432 1439/2053/1433
f 1231/1791/1434 428/709/1435 1585/2236/1436 2683/3433/1437
f 1720/2404/999 626/983/1438 1721/2406/1420 2750/3500/919
f 2258/3008/1439 2034/2784/1440 20/20/1441 2035/2785/1442
f 2560/3310/473 1336/1924/1443 480/789/1444 1340/1929/470
f 2083/2833/1445 606/957/1446 1671/2343/691 2256/3006/1447
f 2872/3622/1324 1960/2704/696 714/1101/684 1964/2709/683
f 1591/2243/1448 420/695/1171 1579/2228/1174 2292/3042/1449
f 580/922/1142 1602/2257/1450 2693/3443/1451 1606/2262/1143
f 1584/2234/1452 575/915/1453 1585/2235/1436 2682/3432/485
f 1606/2262/1143 447/742/1322 1964/2709/683 2255/3005/686
f 1603/2258/1454 580/922/1142 2082/2832/1144 2256/3006/1447
f 2161/2911/685 27/27/355 2082/2832/1144 2255/3005/686
f 1671/2343/691 224/359/690 1603/2258/1454 2256/3006/1447
f 224/359/690 973/1447/1455 2691/3441/1456 1603/2258/1454
f 2690/3440/1457 971/1444/1458 223/358/1033 1599/2253/1459
f 2256/3006/1447 2082/2832/1144 27/27/355 2083/2833/1445
f 1602/2257/1450 580/922/1142 1603/2258/1454 2691/3441/1456
f 2798/3548/1460 839/1268/1461 119/179/1005 1815/2523/1462
f 1966/2712/715 446/741/1463 1596/2249/1464 2311/3061/716
f 973/1447/1455 227/365/1465 1601/2255/1466 2691/3441/1456
f 1672/2344/1467 608/960/1468 1673/2345/1469 2726/3476/688
f 1599/2253/1459 223/358/1033 1412/2019/1032 2257/3007/1470
f 2596/3346/1035 1408/2014/1013 507/825/963 1412/2019/1032
f 457/758/1471 1278/1852/1472 2259/3009/1473 1990/2740/1474
f 1815/2523/1462 119/179/1005 1723/2408/1008 2258/3008/1439
f 831/1257/1475 123/187/1476 1817/2526/1477 2799/3549/1478
f 1600/2254/1129 581/923/1479 1601/2256/1466 2690/3440/1457
f 1820/2529/1480 660/1029/1481 2035/2785/1442 2332/3082/1482
f 2777/3527/1483 1183/1726/1484 390/645/1485 1774/2472/1486
f 621/977/677 1711/2393/1023 2220/2970/344 2088/2838/343
f 2529/3279/1487 742/1138/1488 47/57/1489 1278/1852/1472
f 47/57/1489 741/1137/1490 2611/3361/1491 1443/2058/1492
f 2075/2825/1493 20/20/1441 2034/2784/1440 2260/3010/1494
f 457/758/1471 1274/1847/1495 2529/3279/1487 1278/1852/1472
f 1816/2524/1496 662/1032/1497 1817/2525/1477 2798/3548/1460
f 1278/1852/1472 47/57/1489 1443/2058/1492 2259/3009/1473
f 1442/2057/1498 520/842/1283 1443/2058/1492 2611/3361/1491
f 681/1057/116 1871/2593/121 2169/2919/122 1997/2747/117
f 2/2/1499 1990/2740/1474 2259/3009/1473 1996/2746/1282
f 1404/2009/1500 215/345/1501 957/1425/1502 2592/3342/1503
f 2753/3503/1504 958/1426/1505 215/345/1501 1726/2412/1506
f 210/335/1507 955/1423/1508 2591/3341/1509 1403/2008/1510
f 1420/2029/636 237/382/635 988/1467/1511 2600/3350/1512
f 1726/2412/1506 215/345/1501 1404/2009/1500 2260/3010/1494
f 622/978/1513 1714/2397/1514 2749/3499/1515 1718/2402/634
f 622/978/1513 1718/2402/634 2261/3011/637 2086/2836/1516
f 2335/3085/1517 1993/2743/1518 20/20/1441 2075/2825/1493
f 1715/2398/1519 622/978/1513 2086/2836/1516 2309/3059/1520
f 2261/3011/637 2077/2827/1521 12/12/1522 2086/2836/1516
f 1548/2189/1523 390/645/1485 1182/1725/1524 2664/3414/1417
f 222/357/1525 966/1437/1526 2727/3477/1031 1675/2348/1030
f 1812/2519/1527 412/682/1071 1213/1767/1528 2796/3546/1529
f 1774/2472/1486 390/645/1485 1548/2189/1523 2262/3012/1293
f 1867/2588/1530 679/1054/268 2152/2902/271 2297/3047/1531
f 2179/2929/286 2049/2799/1532 30/30/1533 2117/2867/287
f 2274/3024/1534 2090/2840/1046 29/29/300 2143/2893/1292
f 1777/2475/1535 263/428/1536 1019/1508/1537 2778/3528/1538
f 1870/2592/269 412/682/1071 1812/2519/1527 2263/3013/270
f 2078/2828/1072 511/830/1068 1422/2032/1539 2320/3070/1540
f 679/1054/268 1866/2587/1541 2825/3575/1069 1870/2592/269
f 1998/2748/188 2/2/1499 1996/2746/1282 2264/3014/1285
f 2264/3014/1285 1446/2062/1284 56/71/1542 1515/2148/1543
f 998/1480/1544 244/394/1545 1431/2043/1546 2606/3356/1547
f 1995/2745/1548 519/841/1549 1439/2053/1433 2266/3016/1550
f 2598/3348/1551 956/1424/1552 210/335/1507 1415/2023/1553
f 1999/2749/1554 682/1058/1080 1878/2602/253 2176/2926/226
f 2145/2895/1555 657/1025/1556 1807/2513/1557 2318/3068/1558
f 1415/2023/1553 210/335/1507 1403/2008/1510 2265/3015/1559
f 2138/2888/432 612/965/431 1687/2363/1560 2272/3022/1310
f 2034/2784/1440 625/982/1561 1726/2412/1506 2260/3010/1494
f 2266/3016/1550 1994/2744/1048 19/19/272 1995/2745/1548
f 49/59/1432 748/1147/1562 2587/3337/1563 1395/1998/1564
f 643/1006/1565 1770/2467/1566 2777/3527/1483 1774/2472/1486
f 1898/2627/1567 691/1070/1168 1899/2628/1075 2839/3589/1074
f 12/12/1522 2076/2826/1568 2270/3020/1569 2079/2829/1570
f 1416/2024/1571 512/832/1572 1417/2025/1573 2598/3348/1551
f 1439/2053/1433 49/59/1432 1395/1998/1564 2266/3016/1550
f 1394/1997/1025 502/818/1024 1395/1998/1564 2587/3337/1563
f 2075/2825/1493 504/821/1574 1399/2003/1575 2335/3085/1517
f 661/1030/1576 1822/2532/1577 2268/3018/1578 2036/2786/1579
f 2646/3396/158 755/1156/1580 55/70/140 1511/2143/139
f 625/982/1561 1722/2407/1581 2753/3503/1504 1726/2412/1506
f 1396/1999/1582 501/817/1583 1993/2743/1518 2335/3085/1517
f 1440/2054/1584 521/844/1585 1441/2055/1586 2610/3360/1430
f 1391/1993/1587 48/58/1588 1276/1849/100 2267/3017/101
f 2528/3278/1589 1272/1844/119 456/757/93 1276/1849/100
f 748/1147/1562 52/65/1590 1393/1995/1591 2587/3337/1563
f 349/574/1592 1132/1659/1593 2651/3401/1594 1523/2158/1595
f 6/6/987 2036/2786/1579 2268/3018/1578 2038/2788/560
f 1392/1994/1596 503/819/1597 1393/1996/1591 2586/3336/1598
f 1822/2532/1577 125/190/1599 1851/2568/1600 2268/3018/1578
f 1850/2567/1601 673/1046/561 1851/2568/1600 2815/3565/489
f 2040/2790/1602 630/989/1603 1735/2423/895 2212/2962/475
f 2553/3303/1604 832/1258/1605 117/177/1606 1326/1912/1607
f 117/177/1606 831/1257/1475 2799/3549/1478 1819/2528/1608
f 2705/3455/1609 848/1280/1610 126/191/1611 1630/2292/1612
f 1323/1908/1613 475/782/1614 2030/2780/1615 2293/3043/1616
f 2269/3019/1617 1326/1912/1607 117/177/1606 1819/2528/1608
f 1818/2527/1618 661/1030/1576 1819/2528/1608 2799/3549/1478
f 1991/2741/1619 589/934/1620 1630/2292/1612 2332/3082/1482
f 475/782/1614 1322/1907/1621 2553/3303/1604 1326/1912/1607
f 2030/2780/1615 6/6/987 2025/2775/986 2293/3043/1616
f 2270/3020/1569 1406/2012/1622 217/347/1623 1411/2018/1624
f 1532/2169/1334 552/885/9 2136/2886/12 2304/3054/1625
f 1142/1672/1626 356/586/1627 1527/2163/10 2654/3404/1628
f 2107/2857/299 643/1006/1565 1774/2472/1486 2262/3012/1293
f 1596/2249/1464 446/741/1463 1254/1821/1629 2688/3438/1630
f 1676/2349/481 606/957/1446 2083/2833/1445 2219/2969/482
f 509/827/1014 1408/2014/1013 2596/3346/1035 1413/2020/1631
f 2271/3021/11 1527/2163/10 356/586/1627 1780/2479/1632
f 1144/1675/1633 360/593/1634 1529/2165/1635 2655/3405/1636
f 2861/3611/1637 895/1342/1638 166/261/770 1942/2682/805
f 1153/1687/1317 367/605/1639 1689/2365/1640 2735/3485/1318
f 1528/2164/1641 554/887/1642 1529/2166/1635 2654/3404/1628
f 1687/2363/1560 363/598/1643 1764/2459/35 2272/3022/1310
f 2272/3022/1310 2058/2808/756 26/26/670 2138/2888/432
f 1727/2413/1644 369/609/1313 1339/1928/1211 2273/3023/1214
f 1159/1695/1645 372/613/1646 1729/2416/1647 2755/3505/1648
f 1732/2419/1649 627/985/1650 2142/2892/1651 2290/3040/1652
f 2140/2890/961 21/21/1327 2137/2887/527 2303/3053/962
f 2141/2891/1213 24/24/1653 2142/2892/1651 2273/3023/1214
f 2143/2893/1292 558/893/1654 1543/2183/1655 2274/3024/1534
f 2681/3431/1656 1232/1792/1657 426/706/1658 1582/2232/1659
f 2071/2821/1660 649/1014/1661 1790/2492/1662 2275/3025/1414
f 1728/2414/1663 629/987/1664 1729/2415/1647 2754/3504/1665
f 2274/3024/1534 1543/2183/1655 383/633/1666 1908/2639/1667
f 2844/3594/1668 1904/2634/1065 693/1073/1669 1908/2639/1667
f 245/395/1670 1000/1483/1671 2607/3357/1672 1435/2048/1352
f 2231/2981/88 2093/2843/1673 1/1/1674 2101/2851/89
f 1790/2492/1662 350/575/1057 1659/2328/1060 2275/3025/1414
f 1431/2043/1546 244/394/1545 1428/2039/1178 2319/3069/1181
f 649/1014/1661 1786/2487/1675 2785/3535/1676 1790/2492/1662
f 2614/3364/1677 1001/1484/1678 245/395/1670 1447/2063/1679
f 628/986/960 1734/2422/946 2216/2966/969 2140/2890/961
f 2276/3026/1353 2092/2842/1351 1/1/1674 2093/2843/1673
f 2093/2843/1673 522/845/1680 1447/2063/1679 2276/3026/1353
f 2697/3447/1681 1165/1702/1682 376/621/1683 1614/2272/1684
f 1447/2063/1679 245/395/1670 1435/2048/1352 2276/3026/1353
f 1434/2047/1358 517/838/1349 1435/2048/1352 2607/3357/1672
f 2007/2757/1685 469/774/1686 1310/1892/1687 2278/3028/1688
f 2645/3395/1365 1120/1642/1689 341/561/1223 1510/2142/785
f 1626/2287/1690 589/934/1620 1627/2288/102 2703/3453/1691
f 1699/2378/736 616/970/901 2018/2768/904 2327/3077/1692
f 1448/2064/1693 524/848/1694 1449/2065/1695 2614/3364/1677
f 1702/2382/902 96/141/1368 1308/1889/1696 2277/3027/903
f 5/5/1398 2124/2874/1697 2295/3045/1698 2127/2877/816
f 616/970/901 1698/2377/1699 2741/3491/1366 1702/2382/902
f 98/143/1700 811/1231/1193 2603/3353/1196 1427/2038/1701
f 796/1210/1702 89/129/1304 1791/2493/1302 2786/3536/1703
f 147/227/912 874/1315/727 2567/3317/730 1355/1948/1084
f 1708/2389/1704 618/973/1089 2055/2805/1092 2301/3051/746
f 1705/2385/1705 165/260/1706 893/1340/1707 2742/3492/1708
f 2278/3028/1688 1310/1892/1687 98/143/1700 1427/2038/1701
f 1426/2037/1709 514/834/577 1427/2038/1701 2603/3353/1196
f 9/9/1175 2043/2793/1710 2279/3029/1085 2047/2797/1078
f 700/1082/397 1926/2662/403 2185/2935/375 2103/2853/398
f 1347/1938/1711 484/794/1712 2043/2793/1710 2280/3030/1713
f 1307/1888/891 469/774/1686 2007/2757/1685 2211/2961/900
f 473/779/897 1312/1894/896 2548/3298/972 1317/1900/1714
f 2279/3029/1085 1350/1942/913 147/227/912 1355/1948/1084
f 1354/1947/1093 487/798/1076 1355/1948/1084 2567/3317/730
f 2049/2799/1532 585/929/1715 1615/2273/1716 2326/3076/724
f 484/794/1712 1346/1937/1717 2565/3315/910 1350/1942/913
f 2570/3320/1718 863/1300/1719 139/214/1720 1359/1953/1721
f 1684/2359/1722 252/407/1723 1009/1495/1724 2732/3482/1725
f 2044/2794/1726 2280/3030/1713 2043/2793/1710 9/9/1175
f 1363/1958/801 490/802/752 2045/2795/755 2206/2956/799
f 488/799/741 1352/1944/740 2568/3318/1727 1357/1950/1728
f 1359/1953/1721 139/214/1720 1347/1938/1711 2280/3030/1713
f 1346/1937/1717 484/794/1712 1347/1938/1711 2563/3313/542
f 2019/2769/1729 652/1018/1730 1798/2502/1364 2246/2996/524
f 865/1303/1731 143/221/1732 1361/1955/1733 2571/3321/802
f 2790/3540/1734 1010/1496/1735 252/407/1723 1799/2503/536
f 1932/2669/1736 441/731/1187 1252/1819/1737 2856/3606/1738
f 2837/3587/1739 1115/1636/1740 335/550/817 1894/2622/814
f 1360/1954/1741 491/803/1742 1361/1956/1733 2570/3320/1718
f 1799/2503/536 252/407/1723 1684/2359/1722 2281/3031/537
f 2732/3482/1725 1680/2354/824 609/961/1743 1684/2359/1722
f 1002/1485/1347 256/415/1744 1801/2506/1745 2791/3541/1348
f 1894/2622/814 335/550/817 1563/2208/820 2282/3032/815
f 357/587/1746 1144/1675/1633 2655/3405/1636 1531/2168/1325
f 2106/2856/1747 642/1005/1748 1767/2463/1239 2283/3033/318
f 1800/2504/1749 656/1024/1750 1801/2505/1745 2790/3540/1734
f 1562/2207/1387 565/902/438 1563/2208/820 2671/3421/819
f 827/1252/1751 111/166/452 1319/1903/445 2550/3300/478
f 2130/2880/441 5/5/1398 2127/2877/816 2282/3032/815
f 279/454/1240 1042/1539/1752 2627/3377/1753 1475/2098/315
f 1500/2129/356 327/537/1754 1101/1617/1755 2640/3390/1756
f 2617/3367/1757 1030/1522/1758 271/441/1759 1454/2072/1760
f 1474/2097/323 532/858/316 1475/2098/315 2627/3377/1753
f 2118/2868/1114 709/1094/1761 1950/2692/1276 2239/2989/1111
f 2103/2853/398 14/14/90 2094/2844/92 2284/3034/399
f 678/1053/224 1863/2583/230 2174/2924/231 2151/2901/225
f 709/1094/1761 1946/2687/1762 2865/3615/1273 1950/2692/1276
f 2577/3327/1763 920/1376/1764 182/287/96 1374/1972/1765
f 1768/2464/1766 644/1007/1767 1769/2466/1768 2774/3524/1401
f 2284/3034/399 1454/2072/1760 271/441/1759 1923/2658/396
f 1922/2657/404 700/1082/397 1923/2658/396 2851/3601/71
f 2062/2812/413 498/813/1769 1383/1983/1405 2286/3036/410
f 1371/1968/1407 493/806/1770 2061/2811/411 2286/3036/410
f 1740/2429/617 630/989/1603 2040/2790/1602 2195/2945/510
f 527/851/614 1456/2074/613 2620/3370/931 1461/2080/1771
f 2285/3035/1772 1374/1972/1765 182/287/96 1379/1978/99
f 2069/2819/1773 648/1013/1774 1783/2483/1775 2338/3088/1776
f 493/806/1770 1370/1967/1777 2577/3327/1763 1374/1972/1765
f 174/274/1406 907/1359/786 2575/3325/789 1371/1968/1407
f 2582/3332/1778 908/1360/1779 174/274/1406 1383/1983/1405
f 736/1131/1780 43/49/1781 1625/2286/1429 2703/3453/1691
f 922/1378/1782 187/297/1783 1783/2483/1775 2782/3532/1784
f 910/1363/639 178/281/1785 1385/1985/1786 2583/3333/640
f 1787/2488/599 649/1014/1661 2071/2821/1660 2194/2944/582
f 497/811/592 1376/1974/591 2580/3330/1787 1381/1980/1788
f 1370/1967/1777 493/806/1770 1371/1968/1407 2575/3325/789
f 2065/2815/53 594/941/1789 1639/2303/234 2250/3000/774
f 2554/3304/1790 818/1240/1791 104/154/595 1327/1913/594
f 26/26/670 2053/2803/654 2198/2948/653 2157/2907/671
f 2287/3037/603 2069/2819/1773 32/32/571 2131/2881/600
f 1384/1984/1792 500/815/1793 1385/1986/1786 2582/3332/1778
f 2197/2947/590 2063/2813/1794 17/17/442 2064/2814/449
f 2287/3037/603 1519/2153/602 348/573/1795 1788/2489/1796
f 820/1243/544 108/161/1797 1329/1915/1798 2555/3305/545
f 104/154/595 817/1239/884 2547/3297/887 1315/1898/596
f 1458/2077/921 526/850/381 1459/2078/1799 2619/3369/607
f 2805/3555/1800 1025/1516/1801 265/430/584 1830/2542/1802
f 1520/2154/1803 551/883/1804 1521/2155/1805 2650/3400/1806
f 1332/1919/196 477/785/967 2026/2776/968 2331/3081/563
f 567/905/978 1567/2213/7 2217/2967/875 2029/2779/979
f 2188/2938/446 2031/2781/1807 18/18/1002 2032/2782/447
f 1612/2269/551 377/622/958 1168/1707/1808 2696/3446/1809
f 2289/3039/554 2028/2778/553 11/11/512 2134/2884/881
f 1328/1914/1810 479/787/1811 1329/1916/1798 2554/3304/1790
f 1662/2332/883 377/622/958 1612/2269/551 2289/3039/554
f 2696/3446/1809 1608/2264/572 582/925/552 1612/2269/551
f 571/910/1812 1582/2232/1659 2291/3041/1158 2154/2904/1813
f 2756/3506/1814 1728/2414/1663 627/985/1650 1732/2419/1649
f 583/926/1815 1610/2267/1816 2697/3447/1681 1614/2272/1684
f 1795/2498/867 652/1018/1730 2019/2769/1729 2209/2959/854
f 605/955/864 1664/2334/863 2724/3474/1306 1669/2340/1817
f 1614/2272/1684 376/621/1683 1732/2419/1649 2290/3040/1652
f 426/706/1658 1231/1791/1434 2683/3433/1437 1587/2238/1155
f 576/917/1818 1591/2243/1448 2292/3042/1449 2155/2905/1819
f 2263/3013/270 2145/2895/1555 3/3/1820 2152/2902/271
f 1586/2237/1165 574/914/1156 1587/2238/1155 2683/3433/1437
f 962/1432/1821 216/346/996 1407/2013/964 2594/3344/1016
f 571/910/1812 1578/2227/1822 2681/3431/1656 1582/2232/1659
f 1582/2232/1659 426/706/1658 1587/2238/1155 2291/3041/1158
f 1579/2228/1174 571/910/1812 2154/2904/1813 2292/3042/1449
f 577/918/693 1598/2252/699 2200/2950/698 2156/2906/694
f 8/8/1131 2154/2904/1813 2291/3041/1158 2158/2908/1157
f 2686/3436/1823 1226/1784/1824 420/695/1171 1591/2243/1448
f 112/167/1825 829/1255/458 2551/3301/461 1323/1908/1613
f 2155/2905/1819 2292/3042/1449 2154/2904/1813 8/8/1131
f 1578/2227/1822 571/910/1812 1579/2228/1174 2679/3429/1173
f 2141/2891/1213 481/790/1212 1342/1932/1826 2302/3052/1827
f 2549/3299/1828 830/1256/1829 112/167/1825 1318/1902/1830
f 2025/2775/986 472/778/1831 1318/1902/1830 2293/3043/1616
f 1779/2478/3 646/1010/948 2097/2847/1832 2163/2913/4
f 63/83/1153 766/1171/1374 2631/3381/1377 1483/2108/1833
f 2542/3292/1834 773/1180/1835 69/94/1836 1303/1883/1837
f 1592/2244/1838 578/920/1839 1593/2245/1840 2686/3436/1823
f 2293/3043/1616 1318/1902/1830 112/167/1825 1323/1908/1613
f 1322/1907/1621 475/782/1614 1323/1908/1613 2551/3301/461
f 541/870/1841 1502/2132/1842 2295/3045/1698 2124/2874/1697
f 2189/2939/105 1989/2739/935 31/31/1843 2037/2787/106
f 1682/2357/1844 610/962/1845 1683/2358/534 2731/3481/810
f 2641/3391/1846 1109/1628/1847 329/539/1848 1502/2132/1842
f 1628/2289/466 588/933/936 1989/2739/935 2189/2939/105
f 476/783/477 1320/1904/476 2552/3302/1422 1325/1910/1849
f 1303/1883/1837 69/94/1836 1291/1868/1850 2294/3044/1851
f 1499/2128/1852 541/870/1841 2124/2874/1697 2315/3065/1853
f 2207/2957/812 2011/2761/907 15/15/1854 2012/2762/777
f 329/539/1848 1108/1627/385 2835/3585/388 1891/2618/1855
f 469/774/1686 1306/1887/1856 2545/3295/1857 1310/1892/1687
f 856/1291/491 136/209/1858 1737/2425/924 2759/3509/492
f 2742/3492/1708 893/1340/1707 161/251/1859 1703/2383/1090
f 1304/1884/1860 470/775/1861 1305/1886/1862 2542/3292/1834
f 2295/3045/1698 1502/2132/1842 329/539/1848 1891/2618/1855
f 1890/2617/1863 688/1066/813 1891/2618/1855 2835/3585/388
f 541/870/1841 1498/2127/1864 2641/3391/1846 1502/2132/1842
f 2216/2966/969 2133/2883/1865 21/21/1327 2140/2890/961
f 2877/3627/1866 1102/1618/1867 327/537/1754 1974/2722/1868
f 315/515/1391 1090/1603/1869 2635/3385/1870 1491/2118/1392
f 670/1042/1871 1846/2562/373 2297/3047/1531 2150/2900/1872
f 1974/2722/1868 327/537/1754 1500/2129/356 2296/3046/357
f 2640/3390/1756 1496/2124/376 540/869/345 1500/2129/356
f 2669/3419/1873 1192/1738/1874 397/657/1875 1558/2202/1876
f 1866/2587/1541 679/1054/268 1867/2588/1530 2823/3573/239
f 2013/2763/1877 720/1109/743 1975/2723/177 2235/2985/778
f 670/1042/1871 1842/2557/1878 2813/3563/370 1846/2562/373
f 1846/2562/373 405/670/372 1867/2588/1530 2297/3047/1531
f 1843/2558/1879 670/1042/1871 2150/2900/1872 2298/3048/1880
f 2152/2902/271 3/3/1820 2150/2900/1872 2297/3047/1531
f 397/657/1875 1191/1737/1258 2811/3561/1261 1843/2558/1879
f 77/107/1881 784/1195/832 2539/3289/835 1299/1878/1296
f 3/3/1820 2147/2897/1134 2298/3048/1880 2150/2900/1872
f 2298/3048/1880 1558/2202/1876 397/657/1875 1843/2558/1879
f 1842/2557/1878 670/1042/1871 1843/2558/1879 2811/3561/1261
f 2125/2875/941 667/1038/940 1838/2552/1882 2314/3064/1883
f 562/898/1133 1554/2197/1291 2669/3419/1873 1558/2202/1876
f 1730/2417/970 628/986/960 1731/2418/959 2755/3505/1648
f 3/3/1820 2144/2894/1884 2323/3073/1135 2147/2897/1134
f 790/1203/1885 85/121/1886 1977/2726/1263 2879/3629/846
f 566/903/1246 1560/2204/1245 2672/3422/409 1565/2210/1887
f 2299/3049/1297 1294/1872/1888 77/107/1881 1299/1878/1296
f 1298/1877/1303 466/770/288 1299/1878/1296 2539/3289/835
f 2854/3604/1889 1244/1808/1890 434/719/1891 1927/2663/745
f 2738/3488/878 800/1216/1892 90/130/866 1695/2373/853
f 2545/3295/1857 812/1232/1893 98/143/1700 1310/1892/1687
f 481/790/1212 1338/1927/1894 2561/3311/1895 1342/1932/1826
f 1700/2379/1191 615/969/852 2020/2770/855 2229/2979/1188
f 467/771/843 1296/1874/842 2540/3290/1238 1301/1880/1896
f 2300/3050/1091 1703/2383/1090 161/251/1859 1900/2629/1897
f 2743/3493/732 885/1329/731 165/259/1706 1705/2386/1705
f 1708/2389/1704 434/719/1891 1243/1807/1898 2744/3494/1899
f 1932/2669/1736 702/1085/744 2159/2909/747 2306/3056/1163
f 1927/2663/745 434/719/1891 1708/2389/1704 2301/3051/746
f 2744/3494/1899 1704/2384/1900 618/973/1089 1708/2389/1704
f 1236/1797/1148 438/727/1901 1929/2666/1902 2855/3605/1149
f 2846/3596/1903 1064/1568/1904 294/479/1905 1911/2643/1906
f 2137/2887/527 613/966/526 1694/2372/1907 2303/3053/962
f 1928/2664/1908 704/1088/1909 1929/2665/1902 2854/3604/1889
f 1342/1932/1826 427/707/1910 1580/2229/1911 2302/3052/1827
f 2680/3430/1912 1576/2224/1913 570/909/455 1580/2229/1911
f 613/966/526 1690/2367/1914 2737/3487/1915 1694/2372/1907
f 2737/3487/1915 1160/1696/1916 370/610/1917 1694/2372/1907
f 2809/3559/1918 1208/1760/1919 406/671/989 1838/2552/1882
f 1380/1979/1920 495/809/568 2068/2818/570 2338/3088/1776
f 485/795/556 1344/1934/555 2564/3314/1370 1349/1940/1921
f 1694/2372/1907 370/610/1917 1731/2418/959 2303/3053/962
f 1177/1719/1922 386/637/1923 1545/2186/1924 2663/3413/1925
f 2657/3407/1329 1154/1688/1926 364/599/1316 1534/2172/1320
f 2136/2886/12 16/16/800 2057/2807/1927 2304/3054/1625
f 1611/2268/880 583/926/1815 2023/2773/1928 2210/2960/861
f 617/971/877 1696/2374/876 2740/3490/1192 1701/2380/1929
f 1766/2462/976 362/597/975 1532/2169/1334 2304/3054/1625
f 2656/3406/1336 1528/2164/1641 552/885/9 1532/2169/1334
f 1942/2682/805 166/261/770 1364/1959/769 2305/3055/806
f 706/1090/804 1938/2677/1930 2861/3611/1637 1942/2682/805
f 2572/3322/772 1360/1954/1741 489/801/1931 1364/1959/769
f 696/1077/275 1911/2643/1906 2307/3057/1932 2115/2865/1933
f 2856/3606/1738 1928/2664/1908 702/1085/744 1932/2669/1736
f 592/938/1161 1634/2297/1934 2709/3459/1185 1638/2302/1162
f 1638/2302/1162 441/731/1187 1932/2669/1736 2306/3056/1163
f 1635/2298/1935 592/938/1161 2114/2864/1164 2307/3057/1932
f 2159/2909/747 13/13/1936 2114/2864/1164 2306/3056/1163
f 1911/2643/1906 294/479/1905 1635/2298/1935 2307/3057/1932
f 294/479/1905 1063/1567/1937 2707/3457/1938 1635/2298/1935
f 286/466/1939 1051/1551/1940 2623/3373/1941 1467/2088/1115
f 2115/2865/1933 2307/3057/1932 2114/2864/1164 13/13/1936
f 1634/2297/1934 592/938/1161 1635/2298/1935 2707/3457/1938
f 2031/2781/1807 568/906/1017 1574/2222/712 2201/2951/695
f 685/1062/1942 1886/2612/1943 2308/3058/1118 2109/2859/1944
f 2833/3583/1945 1052/1552/1946 286/466/1939 1886/2612/1943
f 154/239/1947 883/1327/1948 2699/3449/1949 1619/2278/1950
f 2729/3479/1951 983/1460/1952 231/371/1953 1678/2352/1954
f 1912/2644/274 698/1080/1955 1913/2645/1956 2846/3596/1903
f 1886/2612/1943 286/466/1939 1467/2088/1115 2308/3058/1118
f 1466/2087/1120 529/854/1116 1467/2088/1115 2623/3373/1941
f 2113/2863/687 591/937/1957 1631/2293/1082 2321/3071/1958
f 685/1062/1942 1882/2607/1959 2833/3583/1945 1886/2612/1943
f 2689/3439/703 1262/1832/1960 448/743/700 1598/2252/699
f 607/958/1029 1678/2352/1954 2309/3059/1520 2084/2834/1961
f 1666/2337/1962 604/954/1963 1667/2338/1298 2723/3473/851
f 2144/2894/1884 559/894/1964 1550/2192/1965 2323/3073/1135
f 2597/3347/1966 967/1438/1967 222/357/1525 1414/2022/1968
f 637/998/419 1754/2447/783 2769/3519/392 1758/2452/395
f 689/1067/401 1888/2614/400 2836/3586/391 1893/2620/1969
f 2309/3059/1520 1678/2352/1954 231/371/1953 1715/2398/1519
f 1714/2397/1514 622/978/1513 1715/2398/1519 2747/3497/1041
f 693/1073/1669 1903/2633/1045 2221/2971/678 2090/2840/1046
f 607/958/1029 1674/2347/1028 2729/3479/1951 1678/2352/1954
f 2079/2829/1570 508/826/1970 1414/2022/1968 2310/3060/1971
f 1834/2547/1972 667/1038/940 1835/2548/363 2807/3557/1973
f 2873/3623/1974 1255/1822/1975 446/741/1463 1966/2712/715
f 2084/2834/1961 12/12/1522 2079/2829/1570 2310/3060/1971
f 1414/2022/1968 222/357/1525 1675/2348/1030 2310/3060/1971
f 1987/2737/1976 460/762/1977 1286/1862/1154 2312/3062/1978
f 1097/1612/1979 321/526/362 1495/2123/346 2638/3388/378
f 715/1102/714 1962/2707/1980 2873/3623/1974 1966/2712/715
f 2688/3438/1630 1592/2244/1838 576/917/1818 1596/2249/1464
f 1223/1780/1981 419/694/1982 1575/2223/456 2678/3428/1983
f 1482/2107/429 535/862/426 1483/2108/1833 2631/3381/1377
f 460/762/1977 1282/1857/1984 2533/3283/1151 1286/1862/1154
f 1286/1862/1154 63/83/1153 1483/2108/1833 2312/3062/1978
f 1572/2219/977 419/694/1982 1222/1779/1985 2676/3426/1986
f 2119/2869/334 537/865/333 1487/2113/1987 2329/3079/1378
f 2175/2925/118 1997/2747/117 19/19/272 2146/2896/144
f 2797/3547/252 1210/1762/1988 411/681/240 1814/2522/143
f 2313/3063/457 2029/2779/979 24/24/1653 2153/2903/454
f 1283/1858/174 460/762/1977 1987/2737/1976 2172/2922/187
f 464/767/184 1288/1864/183 2536/3286/75 1293/1870/1989
f 1575/2223/456 419/694/1982 1572/2219/977 2313/3063/457
f 2676/3426/1986 1568/2214/994 567/905/978 1572/2219/977
f 538/866/1990 1494/2122/1267 2315/3065/1853 2120/2870/1991
f 2812/3562/991 1840/2554/1271 669/1041/828 1844/2559/988
f 472/778/1831 1314/1897/1992 2549/3299/1828 1318/1902/1830
f 667/1038/940 1834/2547/1972 2809/3559/1918 1838/2552/1882
f 1576/2224/1913 572/911/1993 1577/2226/1994 2678/3428/1983
f 1838/2552/1882 406/671/989 1844/2559/988 2314/3064/1883
f 322/527/1266 1099/1615/366 2639/3389/369 1499/2128/1852
f 2121/2871/1397 543/873/1995 1503/2133/1390 2316/3066/1393
f 1498/2127/1864 541/870/1841 1499/2128/1852 2639/3389/369
f 538/866/1990 1490/2117/1996 2637/3387/1264 1494/2122/1267
f 1494/2122/1267 322/527/1266 1499/2128/1852 2315/3065/1853
f 1491/2118/1392 538/866/1990 2120/2870/1991 2316/3066/1393
f 2003/2753/1232 718/1106/1231 1974/2722/1868 2296/3046/357
f 5/5/1398 2120/2870/1991 2315/3065/1853 2124/2874/1697
f 2876/3626/1997 1968/2714/914 717/1105/1998 1972/2719/380
f 2642/3392/1999 1091/1604/2000 315/515/1391 1503/2133/1390
f 2649/3399/2001 760/1162/2002 61/81/2003 1518/2152/190
f 2316/3066/1393 2120/2870/1991 5/5/1398 2121/2871/1397
f 1972/2719/380 717/1105/1998 2008/2758/2004 2184/2934/165
f 542/871/377 1496/2124/376 2640/3390/1756 1501/2130/2005
f 1490/2117/1996 538/866/1990 1491/2118/1392 2635/3385/1870
f 2794/3544/2006 1178/1720/2007 384/634/2008 1807/2513/1557
f 1570/2217/1018 568/906/1017 1571/2218/453 2675/3425/985
f 2317/3067/191 1986/2736/2009 2/2/1499 1998/2748/188
f 1504/2134/2010 545/876/2011 1505/2135/2012 2642/3392/1999
f 1518/2152/190 61/81/2003 1284/1859/2013 2317/3067/191
f 2091/2841/1210 516/837/2014 1431/2043/1546 2319/3069/1181
f 384/634/2008 1177/1719/1922 2663/3413/1925 1547/2188/2015
f 2170/2920/138 1999/2749/1554 28/28/264 2000/2750/133
f 1396/1999/1582 209/334/2016 952/1419/2017 2588/3338/2018
f 1315/1898/596 472/778/1831 2025/2775/986 2288/3038/597
f 551/883/1804 1520/2154/1803 2652/3402/522 1525/2160/2019
f 1807/2513/1557 384/634/2008 1547/2188/2015 2318/3068/1558
f 1000/1483/1671 248/401/2020 1433/2045/2021 2607/3357/1672
f 1428/2039/1178 244/394/1545 997/1479/2022 2604/3354/2023
f 1514/2147/2024 547/878/189 1515/2148/1543 2647/3397/148
f 29/29/300 2087/2837/263 2178/2928/262 2108/2858/220
f 2701/3451/2025 1073/1580/2026 301/491/2027 1622/2282/2028
f 1808/2514/2029 659/1027/2030 1809/2516/2031 2794/3544/2006
f 2604/3354/2023 1424/2034/1201 513/833/1179 1428/2039/1178
f 2089/2839/246 19/19/272 2078/2828/1072 2320/3070/1540
f 2210/2960/861 2023/2773/1928 24/24/1653 2024/2774/862
f 1906/2637/266 694/1074/243 1907/2638/2032 2843/3593/1056
f 2277/3027/903 2006/2756/2033 10/10/2034 2018/2768/904
f 511/830/1068 1418/2027/1067 2601/3351/2035 1422/2032/1539
f 1432/2044/2036 518/839/2037 1433/2046/2021 2606/3356/1547
f 1422/2032/1539 236/381/2038 1907/2638/2032 2320/3070/1540
f 2110/2860/1112 531/857/2039 1471/2093/2040 2322/3072/2041
f 2780/3530/2042 1776/2474/2043 645/1009/1355 1780/2479/1632
f 1039/1534/2044 278/453/2045 1471/2093/2040 2626/3376/2046
f 1436/2049/870 516/837/2014 2091/2841/1210 2230/2980/1197
f 515/835/1202 1424/2034/1201 2604/3354/2023 1429/2040/2047
f 1631/2293/1082 293/478/281 1468/2089/280 2321/3071/1958
f 2624/3374/283 1464/2084/358 528/853/311 1468/2089/280
f 2322/3072/2041 2109/2859/1944 4/4/1113 2110/2860/1112
f 1882/2607/1959 685/1062/1942 1883/2608/2048 2831/3581/1281
f 1042/1539/1752 281/457/2049 1473/2096/2050 2627/3377/1753
f 1632/2294/2051 593/939/2052 1633/2296/2053 2706/3456/1083
f 1471/2093/2040 278/453/2045 1883/2608/2048 2322/3072/2041
f 2665/3415/2054 1190/1736/2055 392/647/1299 1550/2192/1965
f 532/858/316 1478/2102/322 2180/2930/321 2105/2855/317
f 1916/2649/276 301/491/2027 1072/1579/2056 2848/3598/273
f 559/894/1964 1546/2187/2057 2665/3415/2054 1550/2192/1965
f 1550/2192/1965 392/647/1299 1555/2198/1132 2323/3073/1135
f 586/930/2058 1622/2282/2028 2324/3074/2059 2050/2800/2060
f 2051/2801/2061 690/1069/2062 1895/2623/2063 2325/3075/2064
f 2613/3363/2065 758/1160/2066 56/71/1542 1446/2062/1284
f 586/930/2058 1618/2277/2067 2701/3451/2025 1622/2282/2028
f 1836/2549/216 666/1037/1379 2123/2873/328 2174/2924/231
f 563/899/228 1552/2194/227 2668/3418/1250 1557/2200/2068
f 1622/2282/2028 301/491/2027 1916/2649/276 2324/3074/2059
f 1619/2278/1950 586/930/2058 2050/2800/2060 2325/3075/2064
f 13/13/1936 2050/2800/2060 2324/3074/2059 2115/2865/1933
f 1895/2623/2063 154/239/1947 1619/2278/1950 2325/3075/2064
f 2838/3588/2069 884/1328/2070 154/239/1947 1895/2623/2063
f 2698/3448/2071 881/1324/2072 153/238/2073 1615/2273/1716
f 2325/3075/2064 2050/2800/2060 13/13/1936 2051/2801/2061
f 1618/2277/2067 586/930/2058 1619/2278/1950 2699/3449/1949
f 2881/3631/342 1082/1592/2074 308/503/325 1982/2732/340
f 2014/2764/2075 604/954/1963 1670/2342/2076 2327/3077/1692
f 1946/2687/1762 709/1094/1761 1947/2688/1101 2863/3613/306
f 883/1327/1948 157/245/2077 1617/2275/2078 2699/3449/1949
f 1896/2624/2079 692/1072/2080 1897/2625/2081 2838/3588/2069
f 1615/2273/1716 153/238/2073 1356/1949/721 2326/3076/724
f 2568/3318/1727 1352/1944/740 486/797/722 1356/1949/721
f 2018/2768/904 10/10/2034 2014/2764/2075 2327/3077/1692
f 1698/2377/1699 616/970/901 1699/2378/736 2739/3489/735
f 604/954/1963 1666/2337/1962 2725/3475/2082 1670/2342/2076
f 1616/2274/2083 587/931/2084 1617/2276/2078 2698/3448/2071
f 1670/2342/2076 91/131/733 1699/2378/736 2327/3077/1692
f 513/833/1179 1423/2033/1189 2229/2979/1188 2022/2772/1180
f 1088/1600/2085 314/514/857 1487/2113/1987 2634/3384/2086
f 1610/2267/1816 583/926/1815 1611/2268/880 2695/3445/567
f 1794/2497/2087 652/1018/1730 1795/2498/867 2787/3537/2088
f 799/1215/2089 92/133/2090 1793/2496/2091 2787/3537/2088
f 1791/2493/1302 89/129/1304 1668/2339/840 2328/3078/841
f 2724/3474/1306 1664/2334/863 603/953/821 1668/2339/840
f 2063/2813/1794 499/814/2092 1390/1992/2093 2330/3080/182
f 1487/2113/1987 314/514/857 1484/2109/856 2329/3079/1378
f 1090/1603/1869 318/521/2094 1489/2115/2095 2635/3385/1870
f 1792/2494/2096 653/1019/2097 1793/2495/2091 2786/3536/1703
f 2632/3382/338 1480/2104/337 534/861/1369 1484/2109/856
f 2817/3567/2098 850/1282/2099 131/201/197 1854/2572/562
f 2171/2921/159 2003/2753/1232 25/25/1247 2004/2754/154
f 2764/3514/1382 1744/2434/204 633/993/180 1748/2439/179
f 547/878/189 1514/2147/2024 2649/3399/2001 1518/2152/190
f 499/814/2092 1386/1987/2100 2585/3335/2101 1390/1992/2093
f 1488/2114/2102 539/867/2103 1489/2116/2095 2634/3384/2086
f 1390/1992/2093 201/321/1380 1748/2439/179 2330/3080/182
f 1854/2572/562 131/201/197 1332/1919/196 2331/3081/563
f 673/1046/561 1850/2567/1601 2817/3567/2098 1854/2572/562
f 2556/3306/199 1328/1914/1810 477/785/967 1332/1919/196
f 454/754/2104 1270/1842/2105 2333/3083/2106 1985/2735/2107
f 2800/3550/2108 1816/2524/1496 660/1029/1481 1820/2529/1480
f 589/934/1620 1626/2287/1690 2705/3455/1609 1630/2292/1612
f 1630/2292/1612 126/191/1611 1820/2529/1480 2332/3082/1482
f 42/47/2109 739/1135/107 2527/3277/110 1275/1848/2110
f 1986/2736/2009 459/761/2111 1279/1853/1423 2334/3084/1426
f 1274/1847/1495 457/758/1471 1275/1848/2110 2527/3277/110
f 2267/3017/101 1992/2742/95 20/20/1441 1993/2743/1518
f 454/754/2104 1266/1837/2112 2525/3275/2113 1270/1842/2105
f 1270/1842/2105 42/47/2109 1275/1848/2110 2333/3083/2106
f 1267/1838/1425 454/754/2104 1985/2735/2107 2334/3084/1426
f 501/817/1583 1391/1993/1587 2267/3017/101 1993/2743/1518
f 2/2/1499 1985/2735/2107 2333/3083/2106 1990/2740/1474
f 2169/2919/122 1995/2745/1548 19/19/272 1997/2747/117
f 728/1120/2114 34/34/1424 1279/1853/1423 2530/3280/2115
f 1180/1723/2116 388/641/2117 1809/2515/2031 2795/3545/267
f 953/1420/2118 209/334/2016 1399/2003/1575 2590/3340/2119
f 2334/3084/1426 1985/2735/2107 2/2/1499 1986/2736/2009
f 1444/2059/111 519/841/1549 1995/2745/1548 2169/2919/122
f 458/759/120 1272/1844/119 2528/3278/1589 1277/1850/2120
f 1266/1837/2112 454/754/2104 1267/1838/1425 2523/3273/2121
f 1133/1660/2122 349/574/1592 1655/2323/2123 2718/3468/2124
f 1970/2717/2125 718/1106/1231 1971/2718/162 2875/3625/2126
f 2776/3526/2127 1768/2464/1766 642/1005/1748 1772/2469/211
f 2133/2883/1865 600/949/2128 1655/2323/2123 2336/3086/2129
f 1280/1854/2130 461/763/2131 1281/1856/2132 2530/3280/2115
f 2172/2922/187 1987/2737/1976 17/17/442 1988/2738/181
f 1399/2003/1575 209/334/2016 1396/1999/1582 2335/3085/1517
f 2588/3338/2018 1392/1994/1596 501/817/1583 1396/1999/1582
f 2066/2816/2133 496/810/2134 1382/1982/2135 2337/3087/2136
f 1655/2323/2123 349/574/1592 1523/2158/1595 2336/3086/2129
f 1135/1663/1058 353/581/2137 1657/2325/2138 2719/3469/1059
f 1400/2004/2139 506/823/2140 1401/2006/2141 2590/3340/2119
f 2581/3331/2142 929/1388/2143 189/299/2144 1382/1982/2135
f 496/810/2134 1378/1977/2145 2581/3331/2142 1382/1982/2135
f 189/299/2144 928/1387/604 2619/3369/607 1459/2078/1799
f 33/33/194 723/1113/950 2763/3513/952 1747/2438/195
f 1656/2324/2146 602/951/2147 1657/2326/2138 2718/3468/2124
f 1382/1982/2135 189/299/2144 1459/2078/1799 2337/3087/2136
f 2070/2820/384 7/7/412 2066/2816/2133 2337/3087/2136
f 2039/2789/514 631/990/507 1742/2432/934 2214/2964/939
f 2100/2850/2148 664/1034/2149 1830/2542/1802 2339/3089/1207
f 2760/3510/980 1736/2424/922 630/989/1603 1740/2429/617
f 1786/2487/1675 649/1014/1661 1787/2488/599 2783/3533/2150
f 925/1383/2151 190/301/2152 1785/2486/2153 2783/3533/2150
f 1783/2483/1775 187/297/1783 1380/1979/1920 2338/3088/1776
f 2580/3330/1787 1376/1974/591 495/809/568 1380/1979/1920
f 2101/2851/89 1/1/1674 2100/2850/2148 2339/3089/1207
f 1858/2577/1219 676/1050/86 1859/2578/587 2819/3569/586
f 664/1034/2149 1826/2537/2154 2805/3555/1800 1830/2542/1802
f 1784/2484/2155 650/1015/2156 1785/2485/2153 2782/3532/1784
f 1830/2542/1802 265/430/584 1859/2578/587 2339/3089/1207
f 2778/3528/1538 1019/1508/1537 259/419/2157 1775/2473/1356
f 2132/2882/2158 550/882/2159 1526/2162/2160 2341/3091/1326
f 2605/3355/2161 994/1474/2162 243/393/57 1430/2042/82
f 2792/3542/2163 1800/2504/1749 654/1021/535 1804/2509/2164
f 2779/3529/2165 1011/1497/2166 263/427/1536 1777/2476/1535
f 1775/2473/1356 259/419/2157 1804/2509/2164 2340/3090/1357
f 2340/3090/1357 2095/2845/538 16/16/800 2099/2849/1354
f 1530/2167/1328 553/886/1319 1531/2168/1325 2655/3405/1636
f 550/882/2159 1522/2157/2167 2653/3403/2168 1526/2162/2160
f 1526/2162/2160 357/587/1746 1531/2168/1325 2341/3091/1326
f 2342/3092/2169 726/1117/2170 39/43/951 723/1113/950
f 2057/2807/1927 640/1002/1183 1766/2462/976 2304/3054/1625
f 1690/2367/1914 613/966/526 1691/2368/525 2735/3485/1318
f 554/887/1642 1528/2164/1641 2656/3406/1336 1533/2170/2171
f 723/1113/950 33/33/194 724/1114/2172 2342/3092/2169
f 36/36/2173 724/1114/2172 2522/3272/2174 1265/1836/2175
f 2342/3092/2169 725/1115/2176 37/38/2177 726/1117/2170
f 2344/3094/2178 730/1123/172 35/35/171 731/1124/2179
f 731/1124/2179 39/44/951 726/1118/2170 2344/3094/2178
f 37/39/2177 725/1116/2176 2343/3093/2180 729/1121/2181
f 724/1114/2172 36/36/2173 725/1115/2176 2342/3092/2169
f 2343/3093/2180 727/1119/2182 34/34/1424 728/1120/2114
f 728/1120/2114 38/42/2183 729/1121/2181 2343/3093/2180
f 46/55/2184 732/1125/1412 2345/3095/2185 735/1129/2186
f 737/1132/76 45/54/108 738/1133/2187 2346/3096/2188
f 733/1126/1402 43/48/1781 734/1127/2189 2345/3095/2185
f 732/1125/1412 40/45/1403 733/1126/1402 2345/3095/2185
f 43/48/1781 733/1126/1402 2702/3452/1404 1625/2285/1429
f 41/46/77 736/1131/1780 2703/3453/1691 1627/2288/102
f 734/1127/2189 44/50/2190 735/1129/2186 2345/3095/2185
f 2347/3097/2191 739/1135/107 42/47/2109 740/1136/2192
f 740/1136/2192 46/56/2184 735/1130/2186 2347/3097/2191
f 44/51/2190 734/1128/2189 2346/3096/2188 738/1133/2187
f 2346/3096/2188 736/1131/1780 41/46/77 737/1132/76
f 1275/1848/2110 457/758/1471 1990/2740/1474 2333/3083/2106
f 744/1141/2193 53/67/2194 741/1137/1490 2348/3098/2195
f 746/1144/2196 52/66/1590 747/1145/2197 2349/3099/2198
f 742/1138/1488 50/60/2199 743/1139/2200 2348/3098/2195
f 741/1137/1490 47/57/1489 742/1138/1488 2348/3098/2195
f 1277/1851/2120 50/60/2199 742/1138/1488 2529/3279/1487
f 743/1139/2200 51/62/2201 744/1141/2193 2348/3098/2195
f 2350/3100/2202 748/1147/1562 49/59/1432 749/1148/1431
f 749/1148/1431 53/68/2194 744/1142/2193 2350/3100/2202
f 51/63/2201 743/1140/2200 2349/3099/2198 747/1145/2197
f 2349/3099/2198 745/1143/2203 48/58/1588 746/1144/2196
f 1449/2065/1695 249/403/2204 1001/1484/1678 2614/3364/1677
f 1395/1998/1564 502/818/1024 1994/2744/1048 2266/3016/1550
f 60/79/2205 750/1149/113 2351/3101/2206 753/1153/2207
f 755/1156/1580 59/78/146 756/1157/2208 2352/3102/2209
f 2528/3278/1589 745/1143/2203 50/61/2199 1277/1850/2120
f 751/1150/2210 57/72/124 752/1151/2211 2351/3101/2206
f 750/1149/113 54/69/112 751/1150/2210 2351/3101/2206
f 57/72/124 751/1150/2210 2826/3576/137 1873/2595/125
f 55/70/140 754/1155/123 2827/3577/126 1875/2598/141
f 752/1151/2211 58/74/2212 753/1153/2207 2351/3101/2206
f 2353/3103/2213 757/1159/145 56/71/1542 758/1160/2066
f 758/1160/2066 60/80/2205 753/1154/2207 2353/3103/2213
f 58/75/2212 752/1152/2211 2352/3102/2209 756/1157/2208
f 2352/3102/2209 754/1155/123 55/70/140 755/1156/1580
f 67/91/2214 759/1161/2215 2354/3104/2216 762/1165/2217
f 764/1168/548 66/90/1375 765/1169/2218 2355/3105/2219
f 68/93/161 768/1173/2220 2875/3625/2126 1971/2718/162
f 760/1162/2002 64/84/2221 761/1163/2222 2354/3104/2216
f 759/1161/2215 61/81/2003 760/1162/2002 2354/3104/2216
f 1517/2151/1234 64/84/2221 760/1162/2002 2649/3399/2001
f 1516/2149/131 62/82/549 763/1167/2223 2648/3398/1233
f 761/1163/2222 65/86/2224 762/1165/2217 2354/3104/2216
f 2356/3106/2225 766/1171/1374 63/83/1153 767/1172/1152
f 767/1172/1152 67/92/2214 762/1166/2217 2356/3106/2225
f 65/87/2224 761/1164/2222 2355/3105/2219 765/1169/2218
f 2355/3105/2219 763/1167/2223 62/82/549 764/1168/548
f 1483/2108/1833 535/862/426 2001/2751/428 2312/3062/1978
f 771/1177/2226 74/103/2227 768/1173/2220 2357/3107/2228
f 773/1180/1835 73/102/2229 774/1181/2230 2358/3108/2231
f 2648/3398/1233 763/1167/2223 64/85/2221 1517/2150/1234
f 769/1174/2232 71/96/168 770/1175/2233 2357/3107/2228
f 768/1173/2220 68/93/161 769/1174/2232 2357/3107/2228
f 71/96/168 769/1174/2232 2534/3284/185 1289/1865/169
f 770/1175/2233 72/98/2234 771/1177/2226 2357/3107/2228
f 2359/3109/2235 775/1183/889 70/95/888 776/1184/2236
f 776/1184/2236 74/104/2227 771/1178/2226 2359/3109/2235
f 72/99/2234 770/1176/2233 2358/3108/2231 774/1181/2230
f 2358/3108/2231 772/1179/167 69/94/1836 773/1180/1835
f 81/115/2237 777/1185/74 2360/3110/2238 780/1189/2239
f 782/1192/2240 80/114/833 783/1193/2241 2361/3111/2242
f 778/1186/1225 78/108/1242 779/1187/2243 2360/3110/2238
f 777/1185/74 75/105/73 778/1186/1225 2360/3110/2238
f 78/108/1242 778/1186/1225 2714/3464/1227 1649/2315/1243
f 76/106/826 781/1191/1241 2715/3465/1244 1651/2318/827
f 779/1187/2243 79/110/2244 780/1189/2239 2360/3110/2238
f 2362/3112/2245 784/1195/832 77/107/1881 785/1196/2246
f 785/1196/2246 81/116/2237 780/1190/2239 2362/3112/2245
f 79/111/2244 779/1188/2243 2361/3111/2242 783/1193/2241
f 2361/3111/2242 781/1191/1241 76/106/826 782/1192/2240
f 470/775/1861 1304/1884/1860 2544/3294/2247 1309/1890/2248
f 10/10/2034 2010/2760/291 2240/2990/290 2014/2764/2075
f 88/127/2249 786/1197/1237 2363/3113/2250 789/1201/2251
f 791/1204/2252 87/126/849 792/1205/2253 2364/3114/2254
f 787/1198/175 85/120/1886 788/1199/2255 2363/3113/2250
f 786/1197/1237 82/117/176 787/1198/175 2363/3113/2250
f 85/120/1886 787/1198/175 2878/3628/178 1977/2725/1263
f 83/118/845 790/1203/1885 2879/3629/846 1979/2728/329
f 788/1199/2255 86/122/2256 789/1201/2251 2363/3113/2250
f 2365/3115/2257 793/1207/848 84/119/1288 794/1208/1287
f 794/1208/1287 88/128/2249 789/1202/2251 2365/3115/2257
f 86/123/2256 788/1200/2255 2364/3114/2254 792/1205/2253
f 2364/3114/2254 790/1203/1885 83/118/845 791/1204/2252
f 1673/2345/1469 228/367/2258 974/1448/689 2726/3476/688
f 95/139/2259 795/1209/1305 2366/3116/2260 798/1213/2261
f 800/1216/1892 94/138/868 801/1217/2262 2367/3117/2263
f 796/1210/1702 92/132/2090 797/1211/2264 2366/3116/2260
f 795/1209/1305 89/129/1304 796/1210/1702 2366/3116/2260
f 92/132/2090 796/1210/1702 2786/3536/1703 1793/2495/2091
f 90/130/866 799/1215/2089 2787/3537/2088 1795/2498/867
f 797/1211/2264 93/134/2265 798/1213/2261 2366/3116/2260
f 2368/3118/2266 802/1219/734 91/131/733 803/1220/2267
f 803/1220/2267 95/140/2259 798/1214/2261 2368/3118/2266
f 93/135/2265 797/1212/2264 2367/3117/2263 801/1217/2262
f 2367/3117/2263 799/1215/2089 90/130/866 800/1216/1892
f 102/151/2268 804/1221/2269 2369/3119/2270 807/1225/2271
f 809/1228/2272 101/150/1194 810/1229/2273 2370/3120/2274
f 103/153/879 813/1233/564 2695/3445/567 1611/2268/880
f 805/1222/1367 99/144/2275 806/1223/2276 2369/3119/2270
f 804/1221/2269 96/141/1368 805/1222/1367 2369/3119/2270
f 1701/2381/1929 99/144/2275 805/1222/1367 2741/3491/1366
f 1700/2379/1191 97/142/1190 808/1227/2277 2740/3490/1192
f 806/1223/2276 100/146/2278 807/1225/2271 2369/3119/2270
f 2371/3121/2279 811/1231/1193 98/143/1700 812/1232/1893
f 812/1232/1893 102/152/2268 807/1226/2271 2371/3121/2279
f 100/147/2278 806/1224/2276 2370/3120/2274 810/1229/2273
f 2370/3120/2274 808/1227/2277 97/142/1190 809/1228/2272
f 1427/2038/1701 514/834/577 2021/2771/91 2278/3028/1688
f 816/1237/2280 109/163/565 813/1233/564 2372/3122/2281
f 818/1240/1791 108/162/1797 819/1241/2282 2373/3123/2283
f 2740/3490/1192 808/1227/2277 99/145/2275 1701/2380/1929
f 814/1234/2284 106/156/885 815/1235/2285 2372/3122/2281
f 813/1233/564 103/153/879 814/1234/2284 2372/3122/2281
f 106/156/885 814/1234/2284 2546/3296/898 1313/1895/886
f 815/1235/2285 107/158/2286 816/1237/2280 2372/3122/2281
f 2374/3124/2287 820/1243/544 105/155/543 821/1244/2288
f 821/1244/2288 109/164/565 816/1238/2280 2374/3124/2287
f 107/159/2286 815/1236/2285 2373/3123/2283 819/1241/2282
f 2373/3123/2283 817/1239/884 104/154/595 818/1240/1791
f 587/931/2084 1616/2274/2083 2700/3450/296 1621/2280/2289
f 1331/1918/546 478/786/498 2027/2777/513 2192/2942/559
f 116/175/2290 822/1245/971 2375/3125/2291 825/1249/2292
f 827/1252/1751 115/174/459 828/1253/2293 2376/3126/2294
f 823/1246/5 113/168/983 824/1247/2295 2375/3125/2291
f 822/1245/971 110/165/6 823/1246/5 2375/3125/2291
f 113/168/983 823/1246/5 2674/3424/8 1569/2215/984
f 111/166/452 826/1251/982 2675/3425/985 1571/2218/453
f 824/1247/2295 114/170/2296 825/1249/2292 2375/3125/2291
f 2377/3127/2297 829/1255/458 112/167/1825 830/1256/1829
f 830/1256/1829 116/176/2290 825/1250/2292 2377/3127/2297
f 114/171/2296 824/1248/2295 2376/3126/2294 828/1253/2293
f 2376/3126/2294 826/1251/982 111/166/452 827/1252/1751
f 834/1261/2298 123/187/1476 831/1257/1475 2378/3128/2299
f 836/1264/920 122/186/1419 837/1265/2300 2379/3129/2301
f 832/1258/1605 120/180/2302 833/1259/2303 2378/3128/2299
f 831/1257/1475 117/177/1606 832/1258/1605 2378/3128/2299
f 1325/1911/1849 120/180/2302 832/1258/1605 2553/3303/1604
f 833/1259/2303 121/182/2304 834/1261/2298 2378/3128/2299
f 2380/3130/2305 838/1267/1006 119/179/1005 839/1268/1461
f 839/1268/1461 123/188/1476 834/1262/2298 2380/3130/2305
f 121/183/2304 833/1260/2303 2379/3129/2301 837/1265/2300
f 2379/3129/2301 835/1263/1421 118/178/642 836/1264/920
f 130/199/2306 840/1269/468 2381/3131/2307 843/1273/2308
f 845/1276/2309 129/198/2310 846/1277/2311 2382/3132/2312
f 665/1035/30 1824/2534/29 2804/3554/20 1829/2540/2313
f 2552/3302/1422 835/1263/1421 120/181/2302 1325/1910/1849
f 841/1270/2314 127/192/487 842/1271/2315 2381/3131/2307
f 840/1269/468 124/189/467 841/1270/2314 2381/3131/2307
f 127/192/487 841/1270/2314 2814/3564/504 1849/2565/488
f 125/190/1599 844/1275/486 2815/3565/489 1851/2568/1600
f 842/1271/2315 128/194/2316 843/1273/2308 2381/3131/2307
f 2383/3133/2317 847/1279/2318 126/191/1611 848/1280/1610
f 848/1280/1610 130/200/2306 843/1274/2308 2383/3133/2317
f 128/195/2316 842/1272/2315 2382/3132/2312 846/1277/2311
f 2382/3132/2312 844/1275/486 125/190/1599 845/1276/2309
f 593/939/2052 1632/2294/2051 2708/3458/665 1637/2300/2319
f 2800/3550/2108 847/1279/2318 129/197/2310 1821/2530/2320
f 137/211/2321 849/1281/198 2384/3134/2322 852/1285/2323
f 854/1288/893 136/210/1858 855/1289/2324 2385/3135/2325
f 1745/2435/206 39/44/951 731/1124/2179 2762/3512/207
f 138/213/533 858/1293/807 2731/3481/810 1683/2358/534
f 850/1282/2099 134/204/2326 851/1283/2327 2384/3134/2322
f 849/1281/198 131/201/197 850/1282/2099 2384/3134/2322
f 1853/2571/2328 134/204/2326 850/1282/2099 2817/3567/2098
f 1852/2569/474 132/202/894 853/1287/2329 2816/3566/918
f 851/1283/2327 135/206/2330 852/1285/2323 2384/3134/2322
f 2386/3136/2331 856/1291/491 133/203/490 857/1292/2332
f 857/1292/2332 137/212/2321 852/1286/2323 2386/3136/2331
f 135/207/2330 851/1284/2327 2385/3135/2325 855/1289/2324
f 2385/3135/2325 853/1287/2329 132/202/894 854/1288/893
f 861/1297/2333 144/223/808 858/1293/807 2387/3137/2334
f 863/1300/1719 143/222/1732 864/1301/2335 2388/3138/2336
f 2816/3566/918 853/1287/2329 134/205/2326 1853/2570/2328
f 859/1294/2337 141/216/540 860/1295/2338 2387/3137/2334
f 858/1293/807 138/213/533 859/1294/2337 2387/3137/2334
f 141/216/540 859/1294/2337 2562/3312/557 1345/1935/541
f 860/1295/2338 142/218/2339 861/1297/2333 2387/3137/2334
f 2389/3139/2340 865/1303/1731 140/215/792 866/1304/791
f 866/1304/791 144/224/808 861/1298/2333 2389/3139/2340
f 142/219/2339 860/1296/2338 2388/3138/2336 864/1301/2335
f 2388/3138/2336 862/1299/539 139/214/1720 863/1300/1719
f 16/16/800 2045/2795/755 2204/2954/754 2057/2807/1927
f 151/235/2341 867/1305/2342 2390/3140/2343 870/1309/2344
f 872/1312/707 150/234/728 873/1313/2345 2391/3141/2346
f 868/1306/1362 148/228/2347 869/1307/2348 2390/3140/2343
f 867/1305/2342 145/225/1363 868/1306/1362 2390/3140/2343
f 1797/2501/2349 148/228/2347 868/1306/1362 2789/3539/1361
f 1796/2499/726 146/226/708 871/1311/2350 2788/3538/2351
f 869/1307/2348 149/230/2352 870/1309/2344 2390/3140/2343
f 2392/3142/2353 874/1315/727 147/227/912 875/1316/911
f 875/1316/911 151/236/2341 870/1310/2344 2392/3142/2353
f 149/231/2352 869/1308/2348 2391/3141/2346 873/1313/2345
f 2391/3141/2346 871/1311/2350 146/226/708 872/1312/707
f 2849/3599/1107 1070/1576/2354 300/490/1100 1918/2652/1095
f 879/1321/2355 158/248/2356 876/1317/1073 2393/3143/2357
f 881/1324/2072 157/246/2077 882/1325/2358 2394/3144/2359
f 2788/3538/2351 871/1311/2350 148/229/2347 1797/2500/2349
f 877/1318/1062 155/240/2360 878/1319/2361 2393/3143/2357
f 876/1317/1073 152/237/1063 877/1318/1062 2393/3143/2357
f 1357/1951/1728 155/240/2360 877/1318/1062 2569/3319/1061
f 878/1319/2361 156/242/2362 879/1321/2355 2393/3143/2357
f 2395/3145/2363 883/1327/1948 154/239/1947 884/1328/2070
f 884/1328/2070 158/247/2356 879/1322/2355 2395/3145/2363
f 156/243/2362 878/1320/2361 2394/3144/2359 882/1325/2358
f 2394/3144/2359 880/1323/2364 153/238/2073 881/1324/2072
f 1905/2635/1055 242/392/1054 992/1472/1043 2842/3592/1042
f 888/1333/2365 165/259/1706 885/1329/731 2396/3146/2366
f 890/1336/2367 164/258/2368 891/1337/2369 2397/3147/2370
f 2568/3318/1727 880/1323/2364 155/241/2360 1357/1950/1728
f 886/1330/717 162/252/749 887/1331/2371 2396/3146/2366
f 885/1329/731 159/249/718 886/1330/717 2396/3146/2366
f 162/252/749 886/1330/717 2858/3608/720 1937/2675/750
f 160/250/1176 889/1335/748 2859/3609/751 1939/2678/1177
f 887/1331/2371 163/254/2372 888/1333/2365 2396/3146/2366
f 2398/3148/2373 892/1339/2374 161/251/1859 893/1340/1707
f 893/1340/1707 165/260/1706 888/1334/2365 2398/3148/2373
f 163/255/2372 887/1332/2371 2397/3147/2370 891/1337/2369
f 2397/3147/2370 889/1335/748 160/250/1176 890/1336/2367
f 2840/3590/2375 892/1339/2374 164/257/2368 1901/2630/2376
f 172/271/2377 894/1341/771 2399/3149/2378 897/1345/2379
f 899/1348/1103 171/270/1308 900/1349/2380 2400/3150/2381
f 173/273/758 903/1353/1339 2767/3517/784 1755/2448/418
f 895/1342/1638 169/264/2382 896/1343/2383 2399/3149/2378
f 894/1341/771 166/261/770 895/1342/1638 2399/3149/2378
f 1941/2681/2384 169/264/2382 895/1342/1638 2861/3611/1637
f 1940/2679/737 167/262/1104 898/1347/2385 2860/3610/1257
f 896/1343/2383 170/266/2386 897/1345/2379 2399/3149/2378
f 2401/3151/2387 901/1351/1307 168/263/763 902/1352/2388
f 902/1352/2388 172/272/2377 897/1346/2379 2401/3151/2387
f 170/267/2386 896/1344/2383 2400/3150/2381 900/1349/2380
f 1368/1964/780 494/807/779 1369/1965/788 2574/3324/760
f 2400/3150/2381 898/1347/2385 167/262/1104 899/1348/1103
f 906/1357/2389 179/283/1340 903/1353/1339 2402/3152/2390
f 908/1360/1779 178/282/1785 909/1361/2391 2403/3153/2392
f 503/819/1597 1392/1994/1596 2588/3338/2018 1397/2001/2393
f 2860/3610/1257 898/1347/2385 169/265/2382 1941/2680/2384
f 904/1354/757 176/276/787 905/1355/2394 2402/3152/2390
f 903/1353/1339 173/273/758 904/1354/757 2402/3152/2390
f 176/276/787 904/1354/757 2574/3324/760 1369/1965/788
f 905/1355/2394 177/278/2395 906/1357/2389 2402/3152/2390
f 2404/3154/2396 910/1363/639 175/275/625 911/1364/624
f 911/1364/624 179/284/1340 906/1358/2389 2404/3154/2396
f 177/279/2395 905/1356/2394 2403/3153/2392 909/1361/2391
f 2403/3153/2392 907/1359/786 174/274/1406 908/1360/1779
f 186/295/2397 912/1365/1399 2405/3155/2398 915/1369/2399
f 917/1372/2400 185/294/578 918/1373/2401 2406/3156/2402
f 7/7/412 2061/2811/411 2285/3035/1772 2066/2816/2133
f 913/1366/232 183/288/2403 914/1367/2404 2405/3155/2398
f 912/1365/1399 180/285/233 913/1366/232 2405/3155/2398
f 183/288/2403 913/1366/232 2710/3460/235 1641/2305/1410
f 181/286/575 916/1371/2405 2711/3461/576 1643/2308/25
f 914/1367/2404 184/290/2406 915/1369/2399 2405/3155/2398
f 2407/3157/2407 919/1375/97 182/287/96 920/1376/1764
f 920/1376/1764 186/296/2397 915/1370/2399 2407/3157/2407
f 184/291/2406 914/1368/2404 2406/3156/2402 918/1373/2401
f 2406/3156/2402 916/1371/2405 181/286/575 917/1372/2400
f 500/815/1793 1384/1984/1792 2584/3334/797 1389/1991/2408
f 193/307/2409 921/1377/2410 2408/3158/2411 924/1381/2412
f 926/1384/2413 192/306/605 927/1385/2414 2409/3159/2415
f 922/1378/1782 190/300/2152 923/1379/2416 2408/3158/2411
f 921/1377/2410 187/297/1783 922/1378/1782 2408/3158/2411
f 190/300/2152 922/1378/1782 2782/3532/1784 1785/2485/2153
f 188/298/598 925/1383/2151 2783/3533/2150 1787/2488/599
f 923/1379/2416 191/302/2417 924/1381/2412 2408/3158/2411
f 2410/3160/2418 928/1387/604 189/299/2144 929/1388/2143
f 929/1388/2143 193/308/2409 924/1382/2412 2410/3160/2418
f 191/303/2417 923/1380/2416 2409/3159/2415 927/1385/2414
f 2409/3159/2415 925/1383/2151 188/298/598 926/1384/2413
f 1459/2078/1799 526/850/381 2070/2820/384 2337/3087/2136
f 200/319/2419 930/1389/930 2411/3161/2420 933/1393/2421
f 935/1396/2422 199/318/618 936/1397/2423 2412/3162/2424
f 931/1390/933 197/312/2425 932/1391/2426 2411/3161/2420
f 930/1389/930 194/309/929 931/1390/933 2411/3161/2420
f 1741/2431/981 197/312/2425 931/1390/933 2761/3511/932
f 1740/2429/617 195/310/616 934/1395/2427 2760/3510/980
f 932/1391/2426 198/314/2428 933/1393/2421 2411/3161/2420
f 2413/3163/2429 937/1399/495 196/311/494 938/1400/906
f 938/1400/906 200/320/2419 933/1394/2421 2413/3163/2429
f 198/315/2428 932/1392/2426 2412/3162/2424 936/1397/2423
f 2412/3162/2424 934/1395/2427 195/310/616 935/1396/2422
f 1753/2445/662 179/284/1340 911/1364/624 2766/3516/623
f 207/331/2430 939/1401/1381 2414/3164/2431 942/1405/2432
f 944/1408/1386 206/330/2433 945/1409/2434 2415/3165/2435
f 2760/3510/980 934/1395/2427 197/313/2425 1741/2430/981
f 940/1402/2436 204/324/2437 941/1403/2438 2414/3164/2431
f 939/1401/1381 201/321/1380 940/1402/2436 2414/3164/2431
f 1389/1990/2408 204/324/2437 940/1402/2436 2585/3335/2101
f 941/1403/2438 205/326/2439 942/1405/2432 2414/3164/2431
f 2416/3166/2440 946/1411/621 203/323/620 947/1412/2441
f 947/1412/2441 207/332/2430 942/1406/2432 2416/3166/2440
f 205/327/2439 941/1404/2438 2415/3165/2435 945/1409/2434
f 2415/3165/2435 943/1407/796 202/322/795 944/1408/1386
f 2660/3410/622 946/1411/621 206/329/2433 1541/2180/1341
f 951/1417/2442 214/344/2443 948/1413/1050 2417/3167/2444
f 953/1420/2118 213/342/2445 954/1421/2446 2418/3168/2447
f 949/1414/2448 211/336/2449 950/1415/2450 2417/3167/2444
f 948/1413/1050 208/333/1049 949/1414/2448 2417/3167/2444
f 1397/2000/2393 211/336/2449 949/1414/2448 2589/3339/1026
f 950/1415/2450 212/338/2451 951/1417/2442 2417/3167/2444
f 2419/3169/2452 955/1423/1508 210/335/1507 956/1424/1552
f 956/1424/1552 214/343/2443 951/1418/2442 2419/3169/2452
f 212/339/2451 950/1416/2450 2418/3168/2447 954/1421/2446
f 2418/3168/2447 952/1419/2017 209/334/2016 953/1420/2118
f 505/822/2453 1402/2007/2454 2593/3343/2455 1406/2012/1622
f 221/355/2456 957/1425/1502 2420/3170/2457 960/1429/2458
f 962/1432/1821 220/354/2459 963/1433/2460 2421/3171/2461
f 958/1426/1505 218/348/2462 959/1427/2463 2420/3170/2457
f 957/1425/1502 215/345/1501 958/1426/1505 2420/3170/2457
f 1725/2410/2464 218/348/2462 958/1426/1505 2753/3503/1504
f 1724/2409/997 216/346/996 961/1431/2465 2752/3502/998
f 959/1427/2463 219/350/2466 960/1429/2458 2420/3170/2457
f 2422/3172/2467 964/1435/2468 217/347/1623 965/1436/2469
f 965/1436/2469 221/356/2456 960/1430/2458 2422/3172/2467
f 219/351/2466 959/1428/2463 2421/3171/2461 963/1433/2460
f 2421/3171/2461 961/1431/2465 216/346/996 962/1432/1821
f 969/1441/2470 228/368/2258 966/1437/1526 2423/3173/2471
f 971/1444/1458 227/366/1465 972/1445/2472 2424/3174/2473
f 1609/2265/566 109/164/565 821/1244/2288 2694/3444/574
f 967/1438/1967 225/360/2474 968/1439/2475 2423/3173/2471
f 966/1437/1526 222/357/1525 967/1438/1967 2423/3173/2471
f 1413/2021/1631 225/360/2474 967/1438/1967 2597/3347/1966
f 968/1439/2475 226/362/2476 969/1441/2470 2423/3173/2471
f 2425/3175/2477 973/1447/1455 224/359/690 974/1448/689
f 974/1448/689 228/367/2258 969/1442/2470 2425/3175/2477
f 226/363/2476 968/1440/2475 2424/3174/2473 972/1445/2472
f 2424/3174/2473 970/1443/1034 223/358/1033 971/1444/1458
f 1681/2355/809 144/224/808 866/1304/791 2730/3480/790
f 235/379/2478 975/1449/1003 2426/3176/2479 978/1453/2480
f 980/1456/1021 234/378/1039 981/1457/2481 2427/3177/2482
f 626/983/1438 1720/2404/999 2752/3502/998 1725/2411/2464
f 2596/3346/1035 970/1443/1034 225/361/2474 1413/2020/1631
f 236/381/2038 984/1461/1053 2843/3593/1056 1907/2638/2032
f 976/1450/992 232/372/1010 977/1451/2483 2426/3176/2479
f 975/1449/1003 229/369/480 976/1450/992 2426/3176/2479
f 232/372/1010 976/1450/992 2866/3616/993 1953/2695/1011
f 230/370/1022 979/1455/1009 2867/3617/1012 1955/2698/1037
f 977/1451/2483 233/374/2484 978/1453/2480 2426/3176/2479
f 2428/3178/2485 982/1459/1038 231/371/1953 983/1460/1952
f 983/1460/1952 235/380/2478 978/1454/2480 2428/3178/2485
f 233/375/2484 977/1452/2483 2427/3177/2482 981/1457/2481
f 2427/3177/2482 979/1455/1009 230/370/1022 980/1456/1021
f 987/1465/2486 242/391/1054 984/1461/1053 2429/3179/2487
f 989/1468/2488 241/390/2489 990/1469/2490 2430/3180/2491
f 985/1462/2492 239/384/2493 986/1463/2494 2429/3179/2487
f 984/1461/1053 236/381/2038 985/1462/2492 2429/3179/2487
f 1421/2030/2495 239/384/2493 985/1462/2492 2601/3351/2035
f 986/1463/2494 240/386/2496 987/1465/2486 2429/3179/2487
f 2431/3181/2497 991/1471/2498 238/383/1044 992/1472/1043
f 992/1472/1043 242/392/1054 987/1466/2486 2431/3181/2497
f 240/387/2496 986/1464/2494 2430/3180/2491 990/1469/2490
f 2430/3180/2491 988/1467/1511 237/382/635 989/1468/2488
f 2748/3498/681 991/1471/2498 241/389/2489 1717/2400/682
f 996/1477/2499 249/404/2204 993/1473/58 2432/3182/2500
f 998/1480/1544 248/402/2020 999/1481/2501 2433/3183/2502
f 2600/3350/1512 988/1467/1511 239/385/2493 1421/2031/2495
f 994/1474/2162 246/396/2503 995/1475/2504 2432/3182/2500
f 993/1473/58 243/393/57 994/1474/2162 2432/3182/2500
f 1429/2041/2047 246/396/2503 994/1474/2162 2605/3355/2161
f 995/1475/2504 247/398/2505 996/1477/2499 2432/3182/2500
f 2434/3184/2506 1000/1483/1671 245/395/1670 1001/1484/1678
f 1001/1484/1678 249/403/2204 996/1478/2499 2434/3184/2506
f 247/399/2505 995/1476/2504 2433/3183/2502 999/1481/2501
f 2433/3183/2502 997/1479/2022 244/394/1545 998/1480/1544
f 1005/1489/2507 256/415/1744 1002/1485/1347 2435/3185/2508
f 1007/1492/1087 255/414/2509 1008/1493/2510 2436/3186/2511
f 2604/3354/2023 997/1479/2022 246/397/2503 1429/2040/2047
f 1003/1486/2512 253/408/2513 1004/1487/2514 2435/3185/2508
f 1002/1485/1347 250/405/1346 1003/1486/2512 2435/3185/2508
f 1437/2050/2515 253/408/2513 1003/1486/2512 2609/3359/1359
f 1004/1487/2514 254/410/2516 1005/1489/2507 2435/3185/2508
f 2437/3187/2517 1009/1495/1724 252/407/1723 1010/1496/1735
f 1010/1496/1735 256/416/1744 1005/1490/2507 2437/3187/2517
f 254/411/2516 1004/1488/2514 2436/3186/2511 1008/1493/2510
f 2436/3186/2511 1006/1491/872 251/406/871 1007/1492/1087
f 2732/3482/1725 1009/1495/1724 255/413/2509 1685/2360/2518
f 1014/1501/2519 263/427/1536 1011/1497/2166 2438/3188/2520
f 1016/1504/2521 262/426/2522 1017/1505/2523 2439/3189/2524
f 659/1027/2030 1808/2514/2029 2796/3546/1529 1813/2521/2525
f 1012/1498/2526 260/420/14 1013/1499/2527 2438/3188/2520
f 1011/1497/2166 257/417/2 1012/1498/2526 2438/3188/2520
f 260/420/14 1012/1498/2526 2802/3552/31 1825/2535/15
f 258/418/1342 1015/1503/13 2803/3553/16 1827/2538/1343
f 1013/1499/2527 261/422/2528 1014/1501/2519 2438/3188/2520
f 2440/3190/2529 1018/1507/2530 259/419/2157 1019/1508/1537
f 1019/1508/1537 263/428/1536 1014/1502/2519 2440/3190/2529
f 261/423/2528 1013/1500/2527 2439/3189/2524 1017/1505/2523
f 2439/3189/2524 1015/1503/13 258/418/1342 1016/1504/2521
f 2792/3542/2163 1018/1507/2530 262/425/2522 1805/2510/2531
f 270/439/2532 1020/1509/43 2441/3191/2533 1023/1513/2534
f 1025/1516/1801 269/438/2535 1026/1517/2536 2442/3192/2537
f 668/1039/1395 1832/2544/1394 2808/3558/219 1837/2550/2538
f 271/441/1759 1029/1521/68 2851/3601/71 1923/2658/396
f 1021/1510/21 267/432/2539 1022/1511/2540 2441/3191/2533
f 1020/1509/43 264/429/22 1021/1510/21 2441/3191/2533
f 267/432/2539 1021/1510/21 2818/3568/24 1857/2575/67
f 1022/1511/2540 268/434/2541 1023/1513/2534 2441/3191/2533
f 2443/3193/2542 1027/1519/19 266/431/18 1028/1520/2543
f 1028/1520/2543 270/440/2532 1023/1514/2534 2443/3193/2542
f 268/435/2541 1022/1512/2540 2442/3192/2537 1026/1517/2536
f 2442/3192/2537 1024/1515/585 265/430/584 1025/1516/1801
f 599/947/1254 1648/2314/1253 2716/3466/839 1653/2320/2544
f 2804/3554/20 1027/1519/19 269/437/2535 1829/2540/2313
f 1032/1525/2545 277/451/69 1029/1521/68 2444/3194/2546
f 1034/1528/1199 276/450/2547 1035/1529/2548 2445/3195/2549
f 680/1055/249 1864/2584/248 2824/3574/130 1869/2590/2550
f 278/453/2045 1038/1533/1278 2831/3581/1281 1883/2608/2048
f 1030/1522/1758 274/444/2551 1031/1523/2552 2444/3194/2546
f 1029/1521/68 271/441/1759 1030/1522/1758 2444/3194/2546
f 1453/2070/2553 274/444/2551 1030/1522/1758 2617/3367/1757
f 1031/1523/2552 275/446/2554 1032/1525/2545 2444/3194/2546
f 2446/3196/2555 1036/1531/55 273/443/47 1037/1532/46
f 1037/1532/46 277/452/69 1032/1526/2545 2446/3196/2555
f 275/447/2554 1031/1524/2552 2445/3195/2549 1035/1529/2548
f 1472/2094/1137 533/859/1136 1473/2095/2050 2626/3376/2046
f 2445/3195/2549 1033/1527/1205 272/442/1200 1034/1528/1199
f 2820/3570/56 1036/1531/55 276/449/2547 1861/2580/2556
f 1041/1537/2557 284/463/1279 1038/1533/1278 2447/3197/2558
f 1043/1540/1400 283/462/2559 1044/1541/2560 2448/3198/2561
f 2616/3366/1206 1033/1527/1205 274/445/2551 1453/2071/2553
f 1956/2699/350 285/465/349 1047/1545/2562 2868/3618/351
f 1039/1534/2044 281/456/2049 1040/1535/2563 2447/3197/2558
f 1038/1533/1278 278/453/2045 1039/1534/2044 2447/3197/2558
f 281/456/2049 1039/1534/2044 2626/3376/2046 1473/2095/2050
f 1040/1535/2563 282/458/2564 1041/1537/2557 2447/3197/2558
f 2449/3199/2565 1045/1543/2566 280/455/1270 1046/1544/1269
f 1046/1544/1269 284/464/1279 1041/1538/2557 2449/3199/2565
f 282/459/2564 1040/1536/2563 2448/3198/2561 1044/1541/2560
f 2448/3198/2561 1042/1539/1752 279/454/1240 1043/1540/1400
f 291/475/2567 1047/1545/2562 2450/3200/2568 1050/1549/2569
f 1052/1552/1946 290/474/2570 1053/1553/2571 2451/3201/2572
f 2180/2930/321 2013/2763/1877 15/15/1854 2105/2855/317
f 1048/1546/847 288/468/2573 1049/1547/2574 2450/3200/2568
f 1047/1545/2562 285/465/349 1048/1546/847 2450/3200/2568
f 288/468/2573 1048/1546/847 2622/3372/361 1465/2085/360
f 1049/1547/2574 289/470/2575 1050/1549/2569 2450/3200/2568
f 2452/3202/2576 1054/1555/278 287/467/256 1055/1556/255
f 1055/1556/255 291/476/2567 1050/1550/2569 2452/3202/2576
f 289/471/2575 1049/1548/2574 2451/3201/2572 1053/1553/2571
f 2451/3201/2572 1051/1551/1940 286/466/1939 1052/1552/1946
f 716/1103/697 1960/2704/696 2872/3622/1324 1965/2710/2577
f 2832/3582/279 1054/1555/278 290/473/2570 1885/2610/2578
f 1059/1561/2579 298/488/2580 1056/1557/1109 2453/3203/2581
f 1061/1564/1081 297/486/2582 1062/1565/2583 2454/3204/2584
f 1057/1558/2585 295/480/2586 1058/1559/2587 2453/3203/2581
f 1056/1557/1109 292/477/1108 1057/1558/2585 2453/3203/2581
f 1469/2090/942 295/480/2586 1057/1558/2585 2625/3375/1121
f 1058/1559/2587 296/482/2588 1059/1561/2579 2453/3203/2581
f 2455/3205/2589 1063/1567/1937 294/479/1905 1064/1568/1904
f 1064/1568/1904 298/487/2580 1059/1562/2579 2455/3205/2589
f 296/483/2588 1058/1560/2587 2454/3204/2584 1062/1565/2583
f 2454/3204/2584 1060/1563/282 293/478/281 1061/1564/1081
f 1921/2655/70 277/452/69 1037/1532/46 2850/3600/45
f 305/499/2590 1065/1569/295 2456/3206/2591 1068/1573/2592
f 1070/1576/2354 304/498/2593 1071/1577/2594 2457/3207/2595
f 1066/1570/297 302/492/304 1067/1571/2596 2456/3206/2591
f 1065/1569/295 299/489/294 1066/1570/297 2456/3206/2591
f 302/492/304 1066/1570/297 2862/3612/298 1945/2685/305
f 300/490/1100 1069/1575/303 2863/3613/306 1947/2688/1101
f 1067/1571/2596 303/494/2597 1068/1573/2592 2456/3206/2591
f 2458/3208/2598 1072/1579/2056 301/491/2027 1073/1580/2026
f 1073/1580/2026 305/500/2590 1068/1574/2592 2458/3208/2598
f 303/495/2597 1067/1572/2596 2457/3207/2595 1071/1577/2594
f 2457/3207/2595 1069/1575/303 300/490/1100 1070/1576/2354
f 590/935/1428 1624/2284/1427 2704/3454/469 1629/2290/2599
f 2848/3598/273 1072/1579/2056 304/497/2593 1917/2650/2600
f 312/511/2601 1074/1581/309 2459/3209/2602 1077/1585/2603
f 1079/1588/1274 311/510/2604 1080/1589/2605 2460/3210/2606
f 713/1099/1036 1952/2694/352 2868/3618/351 1957/2700/2607
f 1075/1582/2608 309/504/2609 1076/1583/2610 2459/3209/2602
f 1074/1581/309 306/501/308 1075/1582/2608 2459/3209/2602
f 1477/2100/1139 309/504/2609 1075/1582/2608 2629/3379/324
f 1076/1583/2610 310/506/2611 1077/1585/2603 2459/3209/2602
f 2461/3211/2612 1081/1591/326 308/503/325 1082/1592/2074
f 1082/1592/2074 312/512/2601 1077/1586/2603 2461/3211/2612
f 310/507/2611 1076/1584/2610 2460/3210/2606 1080/1589/2605
f 2460/3210/2606 1078/1587/1290 307/502/1275 1079/1588/1274
f 2864/3614/327 1081/1591/326 311/509/2604 1949/2690/2613
f 1086/1597/2614 319/524/2615 1083/1593/423 2462/3212/2616
f 1088/1600/2085 318/522/2094 1089/1601/2617 2463/3213/2618
f 1084/1594/415 316/516/2619 1085/1595/2620 2462/3212/2616
f 1083/1593/423 313/513/416 1084/1594/415 2462/3212/2616
f 1485/2111/339 316/516/2619 1084/1594/415 2633/3383/414
f 1085/1595/2620 317/518/2621 1086/1597/2614 2462/3212/2616
f 2464/3214/2622 1090/1603/1869 315/515/1391 1091/1604/2000
f 1091/1604/2000 319/523/2615 1086/1598/2614 2464/3214/2622
f 317/519/2621 1085/1596/2620 2463/3213/2618 1089/1601/2617
f 2463/3213/2618 1087/1599/858 314/514/857 1088/1600/2085
f 326/535/2623 1092/1605/151 2465/3215/2624 1095/1609/2625
f 1097/1612/1979 325/534/367 1098/1613/2626 2466/3216/2627
f 2632/3382/338 1087/1599/858 316/517/2619 1485/2110/339
f 1093/1606/1371 323/528/2628 1094/1607/2629 2465/3215/2624
f 1092/1605/151 320/525/150 1093/1606/1371 2465/3215/2624
f 323/528/2628 1093/1606/1371 2806/3556/1373 1833/2545/1396
f 321/526/362 1096/1611/2630 2807/3557/1973 1835/2548/363
f 1094/1607/2629 324/530/2631 1095/1609/2625 2465/3215/2624
f 2467/3217/2632 1099/1615/366 322/527/1266 1100/1616/1265
f 1100/1616/1265 326/536/2623 1095/1610/2625 2467/3217/2632
f 324/531/2631 1094/1608/2629 2466/3216/2627 1098/1613/2626
f 2466/3216/2627 1096/1611/2630 321/526/362 1097/1612/1979
f 1505/2135/2012 319/523/2615 1091/1604/2000 2642/3392/1999
f 333/547/2633 1101/1617/1755 2468/3218/2634 1104/1621/2635
f 1106/1624/2636 332/546/386 1107/1625/2637 2469/3219/2638
f 1897/2625/2081 158/247/2356 884/1328/2070 2838/3588/2069
f 1924/2659/61 334/549/1221 1110/1629/2639 2852/3602/1228
f 1102/1618/1867 330/540/2640 1103/1619/2641 2468/3218/2634
f 1101/1617/1755 327/537/1754 1102/1618/1867 2468/3218/2634
f 1973/2720/2642 330/540/2640 1102/1618/1867 2877/3627/1866
f 1972/2719/380 328/538/379 1105/1623/2643 2876/3626/1997
f 1103/1619/2641 331/542/2644 1104/1621/2635 2468/3218/2634
f 2470/3220/2645 1108/1627/385 329/539/1848 1109/1628/1847
f 1109/1628/1847 333/548/2633 1104/1622/2635 2470/3220/2645
f 331/543/2644 1103/1620/2641 2469/3219/2638 1107/1625/2637
f 2469/3219/2638 1105/1623/2643 328/538/379 1106/1624/2636
f 1929/2665/1902 438/728/1901 1244/1808/1890 2854/3604/1889
f 340/559/2646 1110/1629/2639 2471/3221/2647 1113/1633/2648
f 1115/1636/1740 339/558/2649 1116/1637/2650 2472/3222/2651
f 2876/3626/1997 1105/1623/2643 330/541/2640 1973/2721/2642
f 1756/2449/647 341/561/1223 1119/1641/2652 2768/3518/1224
f 1111/1630/1220 337/552/1229 1112/1631/2653 2471/3221/2647
f 1110/1629/2639 334/549/1221 1111/1630/1220 2471/3221/2647
f 337/552/1229 1111/1630/1220 2670/3420/1222 1561/2205/1230
f 1112/1631/2653 338/554/2654 1113/1633/2648 2471/3221/2647
f 2473/3223/2655 1117/1639/390 336/551/389 1118/1640/2656
f 1118/1640/2656 340/560/2646 1113/1634/2648 2473/3223/2655
f 338/555/2654 1112/1632/2653 2472/3222/2651 1116/1637/2650
f 2472/3222/2651 1114/1635/818 335/550/817 1115/1636/1740
f 2836/3586/391 1117/1639/390 339/557/2649 1893/2620/1969
f 347/571/2657 1119/1641/2652 2474/3224/2658 1122/1645/2659
f 1124/1648/1389 346/570/2660 1125/1649/2661 2475/3225/2662
f 1788/2489/1796 348/573/1795 1128/1653/2663 2784/3534/2664
f 1120/1642/1689 344/564/2665 1121/1643/2666 2474/3224/2658
f 1119/1641/2652 341/561/1223 1120/1642/1689 2474/3224/2658
f 1509/2140/2667 344/564/2665 1120/1642/1689 2645/3395/1365
f 1121/1643/2666 345/566/2668 1122/1645/2659 2474/3224/2658
f 2476/3226/2669 1126/1651/408 343/563/394 1127/1652/393
f 1127/1652/393 347/572/2657 1122/1646/2659 2476/3226/2669
f 345/567/2668 1121/1644/2666 2475/3225/2662 1125/1649/2661
f 2475/3225/2662 1123/1647/1383 342/562/1122 1124/1648/1389
f 354/583/2670 1128/1653/2663 2477/3227/2671 1131/1657/2672
f 1133/1660/2122 353/582/2137 1134/1661/2673 2478/3228/2674
f 2644/3394/1384 1123/1647/1383 344/565/2665 1509/2141/2667
f 1129/1654/2675 351/576/2676 1130/1655/2677 2477/3227/2671
f 1128/1653/2663 348/573/1795 1129/1654/2675 2477/3227/2671
f 351/576/2676 1129/1654/2675 2650/3400/1806 1521/2155/1805
f 1130/1655/2677 352/578/2678 1131/1657/2672 2477/3227/2671
f 2479/3229/2679 1135/1663/1058 350/575/1057 1136/1664/2680
f 1136/1664/2680 354/584/2670 1131/1658/2672 2479/3229/2679
f 352/579/2678 1130/1656/2677 2478/3228/2674 1134/1661/2673
f 2478/3228/2674 1132/1659/1593 349/574/1592 1133/1660/2122
f 653/1019/2097 1792/2494/2096 2788/3538/2351 1797/2500/2349
f 361/595/2681 1137/1665/521 2480/3230/2682 1140/1669/2683
f 1142/1672/1626 360/594/1634 1143/1673/2684 2481/3231/2685
f 1138/1666/609 358/588/2686 1139/1667/2687 2480/3230/2682
f 1137/1665/521 355/585/520 1138/1666/609 2480/3230/2682
f 1781/2480/2688 358/588/2686 1138/1666/609 2781/3531/608
f 1780/2479/1632 356/586/1627 1141/1671/2689 2780/3530/2042
f 1139/1667/2687 359/590/2690 1140/1669/2683 2480/3230/2682
f 2482/3232/2691 1144/1675/1633 357/587/1746 1145/1676/2692
f 1145/1676/2692 361/596/2681 1140/1670/2683 2482/3232/2691
f 359/591/2690 1139/1668/2687 2481/3231/2685 1143/1673/2684
f 2481/3231/2685 1141/1671/2689 356/586/1627 1142/1672/1626
f 2793/3543/1345 1016/1504/2521 258/418/1342 1806/2512/1331
f 368/607/2693 1146/1677/1335 2483/3233/2694 1149/1681/2695
f 1151/1684/2696 367/606/1639 1152/1685/2697 2484/3234/2698
f 1147/1678/974 365/600/2699 1148/1679/2700 2483/3233/2694
f 1146/1677/1335 362/597/975 1147/1678/974 2483/3233/2694
f 1765/2461/435 365/600/2699 1147/1678/974 2773/3523/973
f 1764/2459/35 363/598/1643 1150/1683/2701 2772/3522/32
f 1148/1679/2700 366/602/2702 1149/1681/2695 2483/3233/2694
f 2485/3235/2703 1153/1687/1317 364/599/1316 1154/1688/1926
f 1154/1688/1926 368/608/2693 1149/1682/2695 2485/3235/2703
f 366/603/2702 1148/1680/2700 2484/3234/2698 1152/1685/2697
f 2484/3234/2698 1150/1683/2701 363/598/1643 1151/1684/2696
f 1158/1693/2704 375/620/530 1155/1689/1314 2486/3236/2705
f 1160/1696/1916 374/618/2706 1161/1697/2707 2487/3237/2708
f 2772/3522/32 1150/1683/2701 365/601/2699 1765/2460/435
f 1732/2419/1649 376/621/1683 1164/1701/2709 2756/3506/1814
f 1156/1690/2710 372/612/1646 1157/1691/2711 2486/3236/2705
f 1155/1689/1314 369/609/1313 1156/1690/2710 2486/3236/2705
f 372/612/1646 1156/1690/2710 2754/3504/1665 1729/2415/1647
f 1157/1691/2711 373/614/2712 1158/1693/2704 2486/3236/2705
f 2488/3238/2713 1162/1699/2714 371/611/1311 1163/1700/531
f 1163/1700/531 375/619/530 1158/1694/2704 2488/3238/2713
f 373/615/2712 1157/1692/2711 2487/3237/2708 1161/1697/2707
f 2487/3237/2708 1159/1695/1645 370/610/1917 1160/1696/1916
f 2736/3486/1217 1162/1699/2714 374/617/2706 1693/2370/1218
f 382/631/2715 1164/1701/2709 2489/3239/2716 1167/1705/2717
f 1169/1708/957 381/630/2718 1170/1709/2719 2490/3240/2720
f 1908/2639/1667 383/633/1666 1173/1713/2721 2844/3594/1668
f 1165/1702/1682 379/624/2722 1166/1703/2723 2489/3239/2716
f 1164/1701/2709 376/621/1683 1165/1702/1682 2489/3239/2716
f 1613/2270/2724 379/624/2722 1165/1702/1682 2697/3447/1681
f 1166/1703/2723 380/626/2725 1167/1705/2717 2489/3239/2716
f 2491/3241/2726 1171/1711/954 378/623/945 1172/1712/944
f 1172/1712/944 382/632/2715 1167/1706/2717 2491/3241/2726
f 380/627/2725 1166/1704/2723 2490/3240/2720 1170/1709/2719
f 1544/2184/1416 560/895/1415 1545/2185/1924 2662/3412/2727
f 2490/3240/2720 1168/1707/1808 377/622/958 1169/1708/957
f 1913/2645/1956 298/487/2580 1064/1568/1904 2846/3596/1903
f 389/643/2728 1173/1713/2721 2492/3242/2729 1176/1717/2730
f 1178/1720/2007 388/642/2117 1179/1721/2731 2493/3243/2732
f 1817/2525/1477 123/188/1476 839/1268/1461 2798/3548/1460
f 2696/3446/1809 1168/1707/1808 379/625/2722 1613/2271/2724
f 1174/1714/2733 386/636/1923 1175/1715/2734 2492/3242/2729
f 1173/1713/2721 383/633/1666 1174/1714/2733 2492/3242/2729
f 386/636/1923 1174/1714/2733 2662/3412/2727 1545/2185/1924
f 1175/1715/2734 387/638/2735 1176/1717/2730 2492/3242/2729
f 2494/3244/2736 1180/1723/2116 385/635/260 1181/1724/259
f 1181/1724/259 389/644/2728 1176/1718/2730 2494/3244/2736
f 387/639/2735 1175/1716/2734 2493/3243/2732 1179/1721/2731
f 2493/3243/2732 1177/1719/1922 384/634/2008 1178/1720/2007
f 396/655/2737 1182/1725/1524 2495/3245/2738 1185/1729/2739
f 1187/1732/2740 395/654/213 1188/1733/2741 2496/3246/2742
f 1183/1726/1484 393/648/2743 1184/1727/2744 2495/3245/2738
f 1182/1725/1524 390/645/1485 1183/1726/1484 2495/3245/2738
f 1773/2470/2745 393/648/2743 1183/1726/1484 2777/3527/1483
f 1772/2469/211 391/646/210 1186/1731/2746 2776/3526/2127
f 1184/1727/2744 394/650/2747 1185/1729/2739 2495/3245/2738
f 2497/3247/2748 1189/1735/212 392/647/1299 1190/1736/2055
f 1190/1736/2055 396/656/2737 1185/1730/2739 2497/3247/2748
f 394/651/2747 1184/1728/2744 2496/3246/2742 1188/1733/2741
f 2496/3246/2742 1186/1731/2746 391/646/210 1187/1732/2740
f 1194/1741/2749 403/667/1259 1191/1737/1258 2498/3248/2750
f 1196/1744/1256 402/666/2751 1197/1745/2752 2499/3249/2753
f 602/951/2147 1656/2324/2146 2720/3470/955 1661/2330/2754
f 1192/1738/1874 400/660/2755 1193/1739/2756 2498/3248/2750
f 1191/1737/1258 397/657/1875 1192/1738/1874 2498/3248/2750
f 1557/2201/2068 400/660/2755 1192/1738/1874 2669/3419/1873
f 1193/1739/2756 401/662/2757 1194/1741/2749 2498/3248/2750
f 2500/3250/2758 1198/1747/838 399/659/837 1199/1748/1252
f 1199/1748/1252 403/668/1259 1194/1742/2749 2500/3250/2758
f 401/663/2757 1193/1740/2756 2499/3249/2753 1197/1745/2752
f 2499/3249/2753 1195/1743/1249 398/658/1248 1196/1744/1256
f 1841/2555/1260 403/668/1259 1199/1748/1252 2810/3560/1251
f 2716/3466/839 1198/1747/838 402/665/2751 1653/2320/2544
f 410/679/2759 1200/1749/218 2501/3251/2760 1203/1753/2761
f 1205/1756/371 409/678/2762 1206/1757/2763 2502/3252/2764
f 674/1047/503 1848/2564/502 2816/3566/918 1853/2570/2328
f 2668/3418/1250 1195/1743/1249 400/661/2755 1557/2200/2068
f 1201/1750/2765 407/672/237 1202/1751/2766 2501/3251/2760
f 1200/1749/218 404/669/217 1201/1750/2765 2501/3251/2760
f 407/672/237 1201/1750/2765 2822/3572/250 1865/2585/238
f 405/670/372 1204/1755/236 2823/3573/239 1867/2588/1530
f 1202/1751/2766 408/674/2767 1203/1753/2761 2501/3251/2760
f 2503/3253/2768 1207/1759/990 406/671/989 1208/1760/1919
f 1208/1760/1919 410/680/2759 1203/1754/2761 2503/3253/2768
f 408/675/2767 1202/1752/2766 2502/3252/2764 1206/1757/2763
f 2502/3252/2764 1204/1755/236 405/670/372 1205/1756/371
f 1881/2605/1280 284/464/1279 1046/1544/1269 2830/3580/1268
f 2812/3562/991 1207/1759/990 409/677/2762 1845/2560/2769
f 417/691/2770 1209/1761/241 2504/3254/2771 1212/1765/2772
f 1214/1768/1070 416/690/2773 1215/1769/2774 2505/3255/2775
f 683/1059/136 1872/2594/135 2828/3578/242 1877/2600/2776
f 1210/1762/1988 414/684/2777 1211/1763/2778 2504/3254/2771
f 1209/1761/241 411/681/240 1210/1762/1988 2504/3254/2771
f 1813/2520/2525 414/684/2777 1210/1762/1988 2797/3547/252
f 1211/1763/2778 415/686/2779 1212/1765/2772 2504/3254/2771
f 2506/3256/2780 1216/1771/129 413/683/128 1217/1772/365
f 1217/1772/365 417/692/2770 1212/1766/2772 2506/3256/2780
f 415/687/2779 1211/1764/2778 2505/3255/2775 1215/1769/2774
f 2505/3255/2775 1213/1767/1528 412/682/1071 1214/1768/1070
f 2824/3574/130 1216/1771/129 416/689/2773 1869/2590/2550
f 1221/1777/2781 424/704/2782 1218/1773/705 2507/3257/2783
f 1223/1780/1981 423/702/2784 1224/1781/2785 2508/3258/2786
f 1219/1774/2787 421/696/2788 1220/1775/2789 2507/3257/2783
f 1218/1773/705 418/693/704 1219/1774/2787 2507/3257/2783
f 1573/2221/2790 421/696/2788 1219/1774/2787 2677/3427/1019
f 1220/1775/2789 422/698/2791 1221/1777/2781 2507/3257/2783
f 2509/3259/2792 1225/1783/1172 420/695/1171 1226/1784/1824
f 1226/1784/1824 424/703/2782 1221/1778/2781 2509/3259/2792
f 422/699/2791 1220/1776/2789 2508/3258/2786 1224/1781/2785
f 2508/3258/2786 1222/1779/1985 419/694/1982 1223/1780/1981
f 431/715/2793 1227/1785/472 2510/3260/2794 1230/1789/2795
f 1232/1792/1657 430/714/2796 1233/1793/2797 2511/3261/2798
f 2676/3426/1986 1222/1779/1985 421/697/2788 1573/2220/2790
f 1228/1786/483 428/708/1435 1229/1787/2799 2510/3260/2794
f 1227/1785/472 425/705/471 1228/1786/483 2510/3260/2794
f 428/708/1435 1228/1786/483 2682/3432/485 1585/2235/1436
f 1229/1787/2799 429/710/2800 1230/1789/2795 2510/3260/2794
f 2512/3262/2801 1234/1795/2802 427/707/1910 1235/1796/2803
f 1235/1796/2803 431/716/2793 1230/1790/2795 2512/3262/2801
f 429/711/2800 1229/1788/2799 2511/3261/2798 1233/1793/2797
f 2511/3261/2798 1231/1791/1434 426/706/1658 1232/1792/1657
f 1239/1801/2804 438/727/1901 1236/1797/1148 2513/3263/2805
f 1241/1804/644 437/726/2806 1242/1805/2807 2514/3264/2808
f 1237/1798/2809 435/720/2810 1238/1799/2811 2513/3263/2805
f 1236/1797/1148 432/717/1147 1237/1798/2809 2513/3263/2805
f 1589/2241/2812 435/720/2810 1237/1798/2809 2685/3435/1166
f 1238/1799/2811 436/722/2813 1239/1801/2804 2513/3263/2805
f 2515/3265/2814 1243/1807/1898 434/719/1891 1244/1808/1890
f 1244/1808/1890 438/728/1901 1239/1802/2804 2515/3265/2814
f 436/723/2813 1238/1800/2811 2514/3264/2808 1242/1805/2807
f 2514/3264/2808 1240/1803/656 433/718/645 1241/1804/644
f 445/739/2815 1245/1809/664 2516/3266/2816 1248/1813/2817
f 1250/1816/2818 444/738/2819 1251/1817/2820 2517/3267/2821
f 707/1091/762 1936/2674/761 2860/3610/1257 1941/2680/2384
f 2684/3434/657 1240/1803/656 435/721/2810 1589/2240/2812
f 1246/1810/666 442/732/673 1247/1811/2822 2516/3266/2816
f 1245/1809/664 439/729/463 1246/1810/666 2516/3266/2816
f 442/732/673 1246/1810/666 2870/3620/667 1961/2705/674
f 440/730/1140 1249/1815/672 2871/3621/675 1963/2708/1141
f 1247/1811/2822 443/734/2823 1248/1813/2817 2516/3266/2816
f 2518/3268/2824 1252/1819/1737 441/731/1187 1253/1820/1186
f 1253/1820/1186 445/740/2815 1248/1814/2817 2518/3268/2824
f 443/735/2823 1247/1812/2822 2517/3267/2821 1251/1817/2820
f 2517/3267/2821 1249/1815/672 440/730/1140 1250/1816/2818
f 596/943/1409 1640/2304/1408 2712/3462/44 1645/2310/2825
f 581/923/1479 1600/2254/1129 2692/3442/1128 1605/2260/2826
f 2856/3606/1738 1252/1819/1737 444/737/2819 1933/2670/2827
f 452/751/2828 1254/1821/1629 2519/3269/2829 1257/1825/2830
f 1259/1828/2831 451/750/2832 1260/1829/2833 2520/3270/2834
f 1255/1822/1975 449/744/2835 1256/1823/2836 2519/3269/2829
f 1254/1821/1629 446/741/1463 1255/1822/1975 2519/3269/2829
f 1965/2711/2577 449/744/2835 1255/1822/1975 2873/3623/1974
f 1256/1823/2836 450/746/2837 1257/1825/2830 2519/3269/2829
f 2521/3271/2838 1261/1831/2839 448/743/700 1262/1832/1960
f 1262/1832/1960 452/752/2828 1257/1826/2830 2521/3271/2838
f 450/747/2837 1256/1824/2836 2520/3270/2834 1260/1829/2833
f 2882/3632/192 1983/2733/627 31/31/1843 1984/2734/2840
f 2520/3270/2834 1258/1827/1323 447/742/1322 1259/1828/2831
f 2523/3273/2121 727/1119/2182 36/37/2173 1265/1835/2175
f 455/756/2841 1264/1834/2842 2524/3274/1413 1269/1840/2843
f 2872/3622/1324 1258/1827/1323 449/745/2835 1965/2710/2577
f 453/753/2844 1263/1833/193 2882/3632/192 1984/2734/2840
f 1263/1833/193 453/753/2844 1264/1834/2842 2522/3272/2174
f 724/1114/2172 33/33/194 1263/1833/193 2522/3272/2174
f 2523/3273/2121 1265/1835/2175 455/755/2841 1266/1837/2112
f 2343/3093/2180 725/1116/2176 36/37/2173 727/1119/2182
f 1266/1837/2112 455/755/2841 1269/1841/2843 2525/3275/2113
f 2524/3274/1413 732/1125/1412 46/55/2184 1269/1840/2843
f 1268/1839/1411 453/753/2844 1984/2734/2840 2252/3002/938
f 1269/1841/2843 46/56/2184 740/1136/2192 2525/3275/2113
f 2524/3274/1413 1264/1834/2842 453/753/2844 1268/1839/1411
f 2526/3276/79 1271/1843/78 456/757/93 1272/1844/119
f 520/842/1283 1442/2057/1498 2613/3363/2065 1446/2062/1284
f 2168/2918/94 1991/2741/1619 20/20/1441 1992/2742/95
f 462/765/153 1287/1863/160 2171/2921/159 2004/2754/154
f 2527/3277/110 1273/1845/109 458/760/120 1274/1847/1495
f 1404/2009/1500 504/821/1574 2075/2825/1493 2260/3010/1494
f 2347/3097/2191 738/1134/2187 45/53/108 739/1135/107
f 1274/1847/1495 458/760/120 1277/1851/2120 2529/3279/1487
f 2801/3551/2845 845/1276/2309 125/190/1599 1822/2532/1577
f 461/763/2131 1280/1854/2130 2532/3282/2846 1285/1860/2847
f 2530/3280/2115 1279/1853/1423 459/761/2111 1280/1854/2130
f 2349/3099/2198 743/1140/2200 50/61/2199 745/1143/2203
f 2531/3281/173 1281/1855/2132 461/764/2131 1282/1857/1984
f 2344/3094/2178 729/1122/2181 38/41/2183 730/1123/172
f 1282/1857/1984 461/764/2131 1285/1861/2847 2533/3283/1151
f 2532/3282/2846 759/1161/2215 67/91/2214 1285/1860/2847
f 633/993/180 1743/2433/186 2172/2922/187 1988/2738/181
f 1282/1857/1984 460/762/1977 1283/1858/174 2531/3281/173
f 1284/1859/2013 459/761/2111 1986/2736/2009 2317/3067/191
f 1285/1861/2847 67/92/2214 767/1172/1152 2533/3283/1151
f 2532/3282/2846 1280/1854/2130 459/761/2111 1284/1859/2013
f 2534/3284/185 1287/1863/160 462/765/153 1288/1864/183
f 1201/1750/2765 404/669/217 1863/2583/230 2822/3572/250
f 2001/2751/428 17/17/442 1987/2737/1976 2312/3062/1978
f 2535/3285/170 1289/1866/169 464/768/184 1290/1867/2848
f 1900/2629/1897 690/1069/2062 2051/2801/2061 2300/3050/1091
f 2358/3108/2231 770/1176/2233 71/97/168 772/1179/167
f 1290/1867/2848 464/768/184 1293/1871/1989 2537/3287/2849
f 2536/3286/75 777/1185/74 81/115/2237 1293/1870/1989
f 2006/2756/2033 468/773/2850 1303/1883/1837 2294/3044/1851
f 1290/1867/2848 463/766/2851 1291/1868/1850 2535/3285/170
f 1293/1871/1989 81/116/2237 785/1196/2246 2537/3287/2849
f 1652/2319/836 597/945/1235 2009/2759/1236 2236/2986/830
f 2538/3288/844 1295/1873/811 465/769/776 1296/1874/842
f 2540/3290/1238 786/1197/1237 88/127/2249 1301/1880/1896
f 2722/3472/865 791/1204/2252 83/118/845 1663/2333/822
f 1291/1868/1850 463/766/2851 2005/2755/2852 2294/3044/1851
f 2539/3289/835 1297/1875/834 467/772/843 1298/1877/1303
f 2559/3309/1315 1155/1689/1314 375/620/530 1337/1926/529
f 2362/3112/2245 783/1194/2241 80/113/833 784/1195/832
f 1298/1877/1303 467/772/843 1301/1881/1896 2541/3291/1286
f 2005/2755/2852 463/766/2851 1294/1872/1888 2299/3049/1297
f 721/1110/330 1982/2732/340 2181/2931/302 2015/2765/331
f 1301/1881/1896 88/128/2249 794/1208/1287 2541/3291/1286
f 2542/3292/1834 1303/1883/1837 468/773/2850 1304/1884/1860
f 2724/3474/1306 795/1209/1305 95/139/2259 1669/2340/1817
f 2543/3293/890 1305/1885/1862 470/776/1861 1306/1887/1856
f 1364/1959/769 489/801/1931 2044/2794/1726 2305/3055/806
f 2359/3109/2235 774/1182/2230 73/101/2229 775/1183/889
f 1306/1887/1856 470/776/1861 1309/1891/2248 2545/3295/1857
f 2544/3294/2247 804/1221/2269 102/151/2268 1309/1890/2248
f 2008/2758/2004 717/1105/1998 1967/2713/899 2211/2961/900
f 1306/1887/1856 469/774/1686 1307/1888/891 2543/3293/890
f 1308/1889/1696 468/773/2850 2006/2756/2033 2277/3027/903
f 1309/1891/2248 102/152/2268 812/1232/1893 2545/3295/1857
f 2544/3294/2247 1304/1884/1860 468/773/2850 1308/1889/1696
f 2546/3296/898 1311/1893/860 471/777/859 1312/1894/896
f 2547/3297/887 1313/1896/886 473/780/897 1314/1897/1992
f 2373/3123/2283 815/1236/2285 106/157/885 817/1239/884
f 1314/1897/1992 473/780/897 1317/1901/1714 2549/3299/1828
f 2548/3298/972 822/1245/971 116/175/2290 1317/1900/1714
f 2023/2773/1928 583/926/1815 1614/2272/1684 2290/3040/1652
f 1314/1897/1992 472/778/1831 1315/1898/596 2547/3297/887
f 1317/1901/1714 116/176/2290 830/1256/1829 2549/3299/1828
f 2217/2967/875 2024/2774/862 24/24/1653 2029/2779/979
f 2550/3300/478 1319/1903/445 474/781/444 1320/1904/476
f 1819/2528/1608 661/1030/1576 2036/2786/1579 2269/3019/1617
f 479/787/1811 1328/1914/1810 2556/3306/199 1333/1920/2853
f 859/1294/2337 138/213/533 1343/1933/516 2562/3312/557
f 1820/2529/1480 126/191/1611 847/1279/2318 2800/3550/2108
f 2551/3301/461 1321/1905/460 476/784/477 1322/1907/1621
f 1411/2018/1624 508/826/1970 2079/2829/1570 2270/3020/1569
f 2377/3127/2297 828/1254/2293 115/173/459 829/1255/458
f 1322/1907/1621 476/784/477 1325/1911/1849 2553/3303/1604
f 2085/2835/354 711/1097/353 1951/2693/479 2219/2969/482
f 2157/2907/671 573/913/2854 1583/2233/484 2254/3004/668
f 2554/3304/1790 1327/1913/594 477/785/967 1328/1914/1810
f 2379/3129/2301 833/1260/2303 120/181/2302 835/1263/1421
f 2555/3305/545 1329/1915/1798 479/788/1811 1330/1917/499
f 1683/2358/534 610/962/1845 2041/2791/925 2191/2941/517
f 2374/3124/2287 819/1242/2282 108/161/1797 820/1243/544
f 1330/1917/499 479/788/1811 1333/1921/2853 2557/3307/500
f 2556/3306/199 849/1281/198 137/211/2321 1333/1920/2853
f 917/1372/2400 181/286/575 1375/1973/569 2578/3328/593
f 2618/3368/615 926/1384/2413 188/298/598 1455/2073/581
f 1333/1921/2853 137/212/2321 857/1292/2332 2557/3307/500
f 2331/3081/563 2026/2776/968 6/6/987 2038/2788/560
f 2558/3308/532 1335/1923/1312 480/789/1444 1336/1924/1443
f 1336/1924/1443 482/792/2855 1337/1925/529 2558/3308/532
f 1340/1929/470 480/789/1444 2139/2889/669 2254/3004/668
f 2559/3309/1315 1337/1926/529 482/791/2855 1338/1927/1894
f 2756/3506/1814 1164/1701/2709 382/631/2715 1733/2420/2856
f 1338/1927/1894 482/791/2855 1341/1930/2857 2561/3311/1895
f 2560/3310/473 1227/1785/472 431/715/2793 1341/1931/2857
f 2785/3535/1676 1136/1664/2680 350/575/1057 1790/2492/1662
f 1338/1927/1894 481/790/1212 1339/1928/1211 2559/3309/1315
f 1341/1930/2857 431/716/2793 1235/1796/2803 2561/3311/1895
f 2693/3443/1451 1259/1828/2831 447/742/1322 1606/2262/1143
f 2562/3312/557 1343/1933/516 483/793/515 1344/1934/555
f 2685/3435/1166 1237/1798/2809 432/717/1147 1590/2242/1160
f 582/925/552 1607/2263/558 2192/2942/559 2028/2778/553
f 2153/2903/454 24/24/1653 2141/2891/1213 2302/3052/1827
f 2563/3313/542 1345/1936/541 485/796/556 1346/1937/1717
f 1804/2509/2164 654/1021/535 2095/2845/538 2340/3090/1357
f 2388/3138/2336 860/1296/2338 141/217/540 862/1299/539
f 1346/1937/1717 485/796/556 1349/1941/1921 2565/3315/910
f 2564/3314/1370 867/1305/2342 151/235/2341 1349/1940/1921
f 489/801/1931 1359/1953/1721 2280/3030/1713 2044/2794/1726
f 1349/1941/1921 151/236/2341 875/1316/911 2565/3315/910
f 652/1018/1730 1794/2497/2087 2789/3539/1361 1798/2502/1364
f 2566/3316/710 1351/1943/709 486/797/722 1352/1944/740
f 691/1070/1168 1898/2627/1567 2841/3591/2858 1902/2632/1169
f 491/803/1742 1360/1954/1741 2572/3322/772 1365/1960/2859
f 2202/2952/725 2017/2767/1300 30/30/1533 2048/2798/723
f 2567/3317/730 1353/1945/729 488/800/741 1354/1947/1093
f 1947/2688/1101 709/1094/1761 2118/2868/1114 2224/2974/1096
f 2392/3142/2353 873/1314/2345 150/233/728 874/1315/727
f 1354/1947/1093 488/800/741 1357/1951/1728 2569/3319/1061
f 688/1066/813 1890/2617/1863 2837/3587/1739 1894/2622/814
f 484/794/1712 1350/1942/913 2279/3029/1085 2043/2793/1710
f 2629/3379/324 1075/1582/2608 306/501/308 1478/2102/322
f 2725/3475/2082 803/1220/2267 91/131/733 1670/2342/2076
f 2570/3320/1718 1359/1953/1721 489/801/1931 1360/1954/1741
f 2394/3144/2359 878/1320/2361 155/241/2360 880/1323/2364
f 2571/3321/802 1361/1955/1733 491/804/1742 1362/1957/765
f 1684/2359/1722 609/961/1743 2046/2796/798 2281/3031/537
f 2389/3139/2340 864/1302/2335 143/221/1732 865/1303/1731
f 1362/1957/765 491/804/1742 1365/1961/2859 2573/3323/766
f 2572/3322/772 894/1341/771 172/271/2377 1365/1960/2859
f 609/961/1743 1679/2353/793 2206/2956/799 2046/2796/798
f 782/1192/2240 76/106/826 1295/1873/811 2538/3288/844
f 1650/2317/2860 598/946/908 1651/2318/827 2715/3465/1244
f 1365/1961/2859 172/272/2377 902/1352/2388 2573/3323/766
f 2305/3055/806 2044/2794/1726 9/9/1175 2056/2806/803
f 2574/3324/760 1367/1963/759 492/805/767 1368/1964/780
f 2575/3325/789 1369/1966/788 494/808/779 1370/1967/1777
f 2403/3153/2392 905/1356/2394 176/277/787 907/1359/786
f 1370/1967/1777 494/808/779 1373/1971/782 2577/3327/1763
f 2576/3326/781 912/1365/1399 186/295/2397 1373/1970/782
f 1129/1654/2675 348/573/1795 1519/2153/602 2650/3400/1806
f 2784/3534/2664 1784/2484/2155 648/1013/1774 1788/2489/1796
f 1373/1971/782 186/296/2397 920/1376/1764 2577/3327/1763
f 916/1371/2405 183/289/2403 1641/2306/1410 2711/3461/576
f 2578/3328/593 1375/1973/569 495/809/568 1376/1974/591
f 2580/3330/1787 921/1377/2410 193/307/2409 1381/1980/1788
f 2579/3329/98 1377/1975/579 497/812/592 1378/1977/2145
f 2407/3157/2407 918/1374/2401 185/293/578 919/1375/97
f 1378/1977/2145 497/812/592 1381/1981/1788 2581/3331/2142
f 1788/2489/1796 648/1013/1774 2069/2819/1773 2287/3037/603
f 493/806/1770 1374/1972/1765 2285/3035/1772 2061/2811/411
f 1381/1981/1788 193/308/2409 929/1388/2143 2581/3331/2142
f 2338/3088/1776 2068/2818/570 32/32/571 2069/2819/1773
f 2582/3332/1778 1383/1983/1405 498/813/1769 1384/1984/1792
f 2620/3370/931 930/1389/930 200/319/2419 1461/2080/1771
f 2194/2944/582 2071/2821/1660 11/11/512 2072/2822/583
f 1379/1978/99 496/810/2134 2066/2816/2133 2285/3035/1772
f 2583/3333/640 1385/1985/1786 500/816/1793 1386/1987/2100
f 2404/3154/2396 909/1362/2391 178/281/1785 910/1363/639
f 1386/1987/2100 500/816/1793 1389/1990/2408 2585/3335/2101
f 1851/2568/1600 673/1046/561 2038/2788/560 2268/3018/1578
f 2584/3334/797 943/1407/796 204/325/2437 1389/1991/2408
f 714/1101/684 1959/2703/462 2199/2949/465 2161/2911/685
f 1386/1987/2100 499/814/2092 1387/1988/638 2583/3333/640
f 1388/1989/794 498/813/1769 2062/2812/413 2251/3001/651
f 2584/3334/797 1384/1984/1792 498/813/1769 1388/1989/794
f 2586/3336/1598 1391/1993/1587 501/817/1583 1392/1994/1596
f 2415/3165/2435 941/1404/2438 204/325/2437 943/1407/796
f 1387/1988/638 499/814/2092 2063/2813/1794 2197/2947/590
f 2587/3337/1563 1393/1995/1591 503/820/1597 1394/1997/1025
f 1899/2628/1075 691/1070/1168 2052/2802/1167 2223/2973/1077
f 2350/3100/2202 747/1146/2197 52/65/1590 748/1147/1562
f 1394/1997/1025 503/820/1597 1397/2000/2393 2589/3339/1026
f 1523/2158/1595 550/882/2159 2132/2882/2158 2336/3086/2129
f 2588/3338/2018 952/1419/2017 211/337/2449 1397/2001/2393
f 741/1137/1490 53/67/2194 1441/2056/1586 2611/3361/1491
f 955/1423/1508 213/341/2445 1401/2005/2141 2591/3341/1509
f 506/823/2140 1400/2004/2139 2592/3342/1503 1405/2010/2861
f 2590/3340/2119 1399/2003/1575 504/821/1574 1400/2004/2139
f 2418/3168/2447 950/1416/2450 211/337/2449 952/1419/2017
f 2591/3341/1509 1401/2005/2141 506/824/2140 1402/2007/2454
f 1780/2479/1632 645/1009/1355 2099/2849/1354 2271/3021/11
f 2419/3169/2452 954/1422/2446 213/341/2445 955/1423/1508
f 1402/2007/2454 506/824/2140 1405/2011/2861 2593/3343/2455
f 2592/3342/1503 957/1425/1502 221/355/2456 1405/2010/2861
f 2077/2827/1521 510/829/2862 1415/2023/1553 2265/3015/1559
f 1402/2007/2454 505/822/2453 1403/2008/1510 2591/3341/1509
f 1405/2011/2861 221/356/2456 965/1436/2469 2593/3343/2455
f 2592/3342/1503 1400/2004/2139 504/821/1574 1404/2009/1500
f 2594/3344/1016 1407/2013/964 507/825/963 1408/2014/1013
f 1417/2025/1573 214/343/2443 956/1424/1552 2598/3348/1551
f 1412/2019/1032 507/825/963 2080/2830/966 2257/3007/1470
f 1403/2008/1510 505/822/2453 2076/2826/1568 2265/3015/1559
f 2595/3345/2863 1409/2015/1015 509/828/1014 1410/2017/2864
f 2422/3172/2467 963/1434/2460 220/353/2459 964/1435/2468
f 1410/2017/2864 509/828/1014 1413/2021/1631 2597/3347/1966
f 2076/2826/1568 505/822/2453 1406/2012/1622 2270/3020/1569
f 2677/3427/1019 1219/1774/2787 418/693/704 1574/2222/712
f 660/1029/1481 1815/2523/1462 2258/3008/1439 2035/2785/1442
f 2598/3348/1551 1415/2023/1553 510/829/2862 1416/2024/1571
f 2424/3174/2473 968/1440/2475 225/361/2474 970/1443/1034
f 2599/3349/1051 1417/2026/1573 512/831/1572 1418/2027/1067
f 1418/2027/1067 512/831/1572 1421/2030/2495 2601/3351/2035
f 9/9/1175 2047/2797/1078 2223/2973/1077 2052/2802/1167
f 1420/2029/636 510/829/2862 2077/2827/1521 2261/3011/637
f 2600/3350/1512 1416/2024/1571 510/829/2862 1420/2029/636
f 2602/3352/1203 1423/2033/1189 513/833/1179 1424/2034/1201
f 2430/3180/2491 986/1464/2494 239/385/2493 988/1467/1511
f 1419/2028/1052 511/830/1068 2078/2828/1072 2222/2972/1047
f 2603/3353/1196 1425/2035/1195 515/836/1202 1426/2037/1709
f 1627/2288/102 589/934/1620 1991/2741/1619 2168/2918/94
f 2371/3121/2279 810/1230/2273 101/149/1194 811/1231/1193
f 1426/2037/1709 515/836/1202 1429/2041/2047 2605/3355/2161
f 768/1173/2220 74/103/2227 1969/2716/916 2875/3625/2126
f 2601/3351/2035 985/1462/2492 236/381/2038 1422/2032/1539
f 518/839/2037 1432/2044/2036 2608/3358/873 1437/2051/2515
f 2606/3356/1547 1431/2043/1546 516/837/2014 1432/2044/2036
f 2433/3183/2502 995/1476/2504 246/397/2503 997/1479/2022
f 1441/2055/1586 53/68/2194 749/1148/1431 2610/3360/1430
f 2607/3357/1672 1433/2045/2021 518/840/2037 1434/2047/1358
f 2434/3184/2506 999/1482/2501 248/401/2020 1000/1483/1671
f 1434/2047/1358 518/840/2037 1437/2050/2515 2609/3359/1359
f 661/1030/1576 1818/2527/1618 2801/3551/2845 1822/2532/1577
f 2608/3358/873 1006/1491/872 253/409/2513 1437/2051/2515
f 993/1473/58 249/404/2204 1449/2066/1695 2615/3365/59
f 2608/3358/873 1432/2044/2036 516/837/2014 1436/2049/870
f 2610/3360/1430 1439/2053/1433 519/841/1549 1440/2054/1584
f 2436/3186/2511 1004/1488/2514 253/409/2513 1006/1491/872
f 2163/2913/4 2097/2847/1832 32/32/571 2098/2848/1360
f 2611/3361/1491 1441/2056/1586 521/843/1585 1442/2057/1498
f 2612/3362/114 750/1149/113 60/79/2205 1445/2061/2865
f 1442/2057/1498 521/843/1585 1445/2060/2865 2613/3363/2065
f 2294/3044/1851 2005/2755/2852 10/10/2034 2006/2756/2033
f 2749/3499/1515 989/1468/2488 237/382/635 1718/2402/634
f 1276/1849/100 48/58/1588 745/1143/2203 2528/3278/1589
f 1445/2060/2865 60/80/2205 758/1160/2066 2613/3363/2065
f 2612/3362/114 1440/2054/1584 519/841/1549 1444/2059/111
f 2614/3364/1677 1447/2063/1679 522/845/1680 1448/2064/1693
f 1443/2058/1492 520/842/1283 1996/2746/1282 2259/3009/1473
f 2615/3365/59 1449/2066/1695 524/847/1694 1450/2067/84
f 2609/3359/1359 1003/1486/2512 250/405/1346 1438/2052/1350
f 1450/2067/84 524/847/1694 1453/2070/2553 2617/3367/1757
f 751/1150/2210 54/69/112 1871/2593/121 2826/3576/137
f 1452/2069/1204 522/845/1680 2093/2843/1673 2231/2981/88
f 2616/3366/1206 1448/2064/1693 522/845/1680 1452/2069/1204
f 2618/3368/615 1455/2073/581 525/849/580 1456/2074/613
f 2445/3195/2549 1031/1524/2552 274/445/2551 1033/1527/1205
f 2658/3408/630 935/1396/2422 195/310/616 1535/2173/509
f 1451/2068/60 523/846/85 2094/2844/92 2167/2917/83
f 2619/3369/607 1457/2075/606 527/852/614 1458/2077/921
f 2410/3160/2418 927/1386/2414 192/305/605 928/1387/604
f 1458/2077/921 527/852/614 1461/2081/1771 2621/3371/905
f 1461/2081/1771 200/320/2419 938/1400/906 2621/3371/905
f 631/990/507 1738/2427/506 2761/3511/932 1742/2432/934
f 2622/3372/361 1463/2083/312 528/853/311 1464/2084/358
f 2764/3514/1382 939/1401/1381 207/331/2430 1749/2441/2866
f 1468/2089/280 528/853/311 2111/2861/314 2321/3071/1958
f 2623/3373/1941 1465/2086/360 530/856/359 1466/2087/1120
f 1963/2708/1141 715/1102/714 2162/2912/713 2226/2976/1126
f 2451/3201/2572 1049/1548/2574 288/469/2573 1051/1551/1940
f 1466/2087/1120 530/856/359 1469/2090/942 2625/3375/1121
f 2624/3374/283 1060/1563/282 295/481/2586 1469/2091/942
f 4/4/1113 2109/2859/1944 2308/3058/1118 2112/2862/1117
f 12/12/1522 2084/2834/1961 2309/3059/1520 2086/2836/1516
f 1063/1567/1937 297/485/2582 1633/2295/2053 2707/3457/1938
f 2626/3376/2046 1471/2093/2040 531/857/2039 1472/2094/1137
f 2454/3204/2584 1058/1560/2587 295/481/2586 1060/1563/282
f 2627/3377/1753 1473/2096/2050 533/860/1136 1474/2097/323
f 1051/1551/1940 288/469/2573 1465/2086/360 2623/3373/1941
f 2448/3198/2561 1040/1536/2563 281/457/2049 1042/1539/1752
f 1474/2097/323 533/860/1136 1477/2100/1139 2629/3379/324
f 2628/3378/1138 1078/1587/1290 309/505/2609 1477/2101/1139
f 2283/3033/318 2105/2855/317 15/15/1854 2106/2856/1747
f 1476/2099/1289 531/857/2039 2110/2860/1112 2239/2989/1111
f 2628/3378/1138 1472/2094/1137 531/857/2039 1476/2099/1289
f 2630/3380/547 1479/2103/550 534/861/1369 1480/2104/337
f 2460/3210/2606 1076/1584/2610 309/505/2609 1078/1587/1290
f 1480/2104/337 536/863/336 1481/2106/1376 2630/3380/547
f 2631/3381/1377 1481/2105/1376 536/864/336 1482/2107/429
f 1571/2218/453 568/906/1017 2031/2781/1807 2188/2938/446
f 2356/3106/2225 765/1170/2218 66/89/1375 766/1171/1374
f 1482/2107/429 536/864/336 1485/2111/339 2633/3383/414
f 1187/1732/2740 391/646/210 1551/2193/209 2666/3416/229
f 2585/3335/2101 940/1402/2436 201/321/1380 1390/1992/2093
f 539/867/2103 1488/2114/2102 2636/3386/152 1493/2120/2867
f 2634/3384/2086 1487/2113/1987 537/865/333 1488/2114/2102
f 2463/3213/2618 1085/1596/2620 316/517/2619 1087/1599/858
f 2635/3385/1870 1489/2115/2095 539/868/2103 1490/2117/1996
f 2464/3214/2622 1089/1602/2617 318/521/2094 1090/1603/1869
f 1490/2117/1996 539/868/2103 1493/2121/2867 2637/3387/1264
f 2636/3386/152 1092/1605/151 326/535/2623 1493/2120/2867
f 1493/2121/2867 326/536/2623 1100/1616/1265 2637/3387/1264
f 2636/3386/152 1488/2114/2102 537/865/333 1492/2119/149
f 2638/3388/378 1495/2123/346 540/869/345 1496/2124/376
f 2640/3390/1756 1101/1617/1755 333/547/2633 1501/2130/2005
f 2183/2933/347 2125/2875/941 25/25/1247 2126/2876/348
f 2834/3584/402 1106/1624/2636 328/538/379 1887/2613/164
f 2639/3389/369 1497/2125/368 542/872/377 1498/2127/1864
f 2467/3217/2632 1098/1614/2626 325/533/367 1099/1615/366
f 1498/2127/1864 542/872/377 1501/2131/2005 2641/3391/1846
f 1501/2131/2005 333/548/2633 1109/1628/1847 2641/3391/1846
f 718/1106/1231 1970/2717/2125 2877/3627/1866 1974/2722/1868
f 2642/3392/1999 1503/2133/1390 543/873/1995 1504/2134/2010
f 2852/3602/1228 1110/1629/2639 340/559/2646 1925/2661/2868
f 2643/3393/424 1505/2136/2012 545/875/2011 1506/2137/436
f 1506/2137/436 545/875/2011 1509/2140/2667 2645/3395/1365
f 841/1270/2314 124/189/467 1847/2563/104 2814/3564/504
f 1508/2139/1123 543/873/1995 2121/2871/1397 2249/2999/440
f 2644/3394/1384 1504/2134/2010 543/873/1995 1508/2139/1123
f 2646/3396/158 1511/2143/139 546/877/132 1512/2144/156
f 2475/3225/2662 1121/1644/2666 344/565/2665 1123/1647/1383
f 769/1174/2232 68/93/161 1287/1863/160 2534/3284/185
f 1507/2138/425 544/874/437 2122/2872/443 2187/2937/427
f 2647/3397/148 1513/2145/147 548/880/157 1514/2147/2024
f 2353/3103/2213 756/1158/2208 59/77/146 757/1159/145
f 1514/2147/2024 548/880/157 1517/2151/1234 2649/3399/2001
f 2650/3400/1806 1519/2153/602 549/881/601 1520/2154/1803
f 1547/2188/2015 559/894/1964 2144/2894/1884 2318/3068/1558
f 2355/3105/2219 761/1164/2222 64/85/2221 763/1167/2223
f 1132/1659/1593 351/577/2676 1521/2156/1805 2651/3401/1594
f 1515/2148/1543 547/878/189 1998/2748/188 2264/3014/1285
f 2651/3401/1594 1521/2156/1805 551/884/1804 1522/2157/2167
f 2478/3228/2674 1130/1656/2677 351/577/2676 1132/1659/1593
f 1522/2157/2167 551/884/1804 1525/2161/2019 2653/3403/2168
f 2652/3402/522 1137/1665/521 361/595/2681 1525/2160/2019
f 1522/2157/2167 550/882/2159 1523/2158/1595 2651/3401/1594
f 1524/2159/519 549/881/601 2131/2881/600 2215/2965/947
f 1525/2161/2019 361/596/2681 1145/1676/2692 2653/3403/2168
f 2652/3402/522 1520/2154/1803 549/881/601 1524/2159/519
f 2654/3404/1628 1527/2163/10 552/885/9 1528/2164/1641
f 2656/3406/1336 1146/1677/1335 368/607/2693 1533/2170/2171
f 2271/3021/11 2099/2849/1354 16/16/800 2136/2886/12
f 2655/3405/1636 1529/2165/1635 554/888/1642 1530/2167/1328
f 1827/2538/1343 664/1034/2149 2100/2850/2148 2244/2994/1332
f 2482/3232/2691 1143/1674/2684 360/593/1634 1144/1675/1633
f 1530/2167/1328 554/888/1642 1533/2171/2171 2657/3407/1329
f 1826/2537/2154 664/1034/2149 1827/2538/1343 2803/3553/16
f 1533/2171/2171 368/608/2693 1154/1688/1926 2657/3407/1329
f 640/1002/1183 1762/2457/1182 2773/3523/973 1766/2462/976
f 2658/3408/630 1535/2173/509 555/889/508 1536/2174/628
f 370/610/1917 1159/1695/1645 2755/3505/1648 1731/2418/959
f 2195/2945/510 2040/2790/1602 31/31/1843 2074/2824/511
f 2659/3409/496 1537/2175/619 557/892/629 1538/2177/927
f 2413/3163/2429 936/1398/2423 199/317/618 937/1399/495
f 1538/2177/927 557/892/629 1541/2181/1341 2661/3411/1385
f 2097/2847/1832 646/1010/948 1782/2482/610 2215/2965/947
f 2074/2824/511 31/31/1843 1983/2733/627 2196/2946/612
f 2662/3412/2727 1543/2183/1655 558/893/1654 1544/2184/1416
f 2416/3166/2440 945/1410/2434 206/329/2433 946/1411/621
f 1380/1979/1920 187/297/1783 921/1377/2410 2580/3330/1787
f 2663/3413/1925 1545/2186/1924 560/896/1415 1546/2187/2057
f 876/1317/1073 158/248/2356 1897/2626/2081 2839/3589/1074
f 2493/3243/2732 1175/1716/2734 386/637/1923 1177/1719/1922
f 1546/2187/2057 560/896/1415 1549/2191/1418 2665/3415/2054
f 2664/3414/1417 1182/1725/1524 396/655/2737 1549/2190/1418
f 1546/2187/2057 559/894/1964 1547/2188/2015 2663/3413/1925
f 1548/2189/1523 558/893/1654 2143/2893/1292 2262/3012/1293
f 1549/2191/1418 396/656/2737 1190/1736/2055 2665/3415/2054
f 2664/3414/1417 1544/2184/1416 558/893/1654 1548/2189/1523
f 2666/3416/229 1551/2193/209 561/897/201 1552/2194/227
f 2173/2923/208 2106/2856/1747 15/15/1854 2148/2898/202
f 2667/3417/215 1553/2195/214 563/900/228 1554/2197/1291
f 2497/3247/2748 1188/1734/2741 395/653/213 1189/1735/212
f 1554/2197/1291 563/900/228 1557/2201/2068 2669/3419/1873
f 280/455/1270 1045/1543/2566 2775/3525/2869 1771/2468/1277
f 2670/3420/1222 1559/2203/1209 564/901/1208 1560/2204/1245
f 2499/3249/2753 1193/1740/2756 400/661/2755 1195/1743/1249
f 2671/3421/819 1561/2206/1230 566/904/1246 1562/2207/1387
f 2472/3222/2651 1112/1632/2653 337/553/1229 1114/1635/818
f 1562/2207/1387 566/904/1246 1565/2211/1887 2673/3423/1388
f 1724/2409/997 624/981/1000 2033/2783/1001 2218/2968/965
f 2672/3422/409 1126/1651/408 346/569/2660 1565/2210/1887
f 1891/2618/1855 688/1066/813 2127/2877/816 2295/3045/1698
f 1564/2209/406 564/901/1208 2129/2879/422 2186/2936/407
f 2672/3422/409 1560/2204/1245 564/901/1208 1564/2209/406
f 569/907/995 1568/2214/994 2676/3426/1986 1573/2220/2790
f 2674/3424/8 1567/2213/7 567/905/978 1568/2214/994
f 2476/3226/2669 1125/1650/2661 346/569/2660 1126/1651/408
f 2675/3425/985 1569/2216/984 569/908/995 1570/2217/1018
f 1796/2499/726 651/1017/1301 2017/2767/1300 2202/2952/725
f 2376/3126/2294 824/1248/2295 113/169/983 826/1251/982
f 1570/2217/1018 569/908/995 1573/2221/2790 2677/3427/1019
f 478/786/498 1334/1922/501 2190/2940/505 2027/2777/513
f 775/1183/889 73/101/2229 1305/1885/1862 2543/3293/890
f 1225/1783/1172 423/701/2784 1577/2225/1994 2679/3429/1173
f 572/911/1993 1576/2224/1913 2680/3430/1912 1581/2230/2870
f 2678/3428/1983 1575/2223/456 570/909/455 1576/2224/1913
f 2508/3258/2786 1220/1776/2789 421/697/2788 1222/1779/1985
f 18/18/1002 2031/2781/1807 2201/2951/695 2156/2906/694
f 2679/3429/1173 1577/2225/1994 572/912/1993 1578/2227/1822
f 69/94/1836 772/1179/167 2535/3285/170 1291/1868/1850
f 2509/3259/2792 1224/1782/2785 423/701/2784 1225/1783/1172
f 1578/2227/1822 572/912/1993 1581/2231/2870 2681/3431/1656
f 966/1437/1526 228/368/2258 1673/2346/1469 2727/3477/1031
f 2680/3430/1912 1234/1795/2802 430/713/2796 1581/2230/2870
f 1596/2249/1464 576/917/1818 2155/2905/1819 2311/3061/716
f 1580/2229/1911 570/909/455 2153/2903/454 2302/3052/1827
f 575/915/1453 1584/2234/1452 2684/3434/657 1589/2240/2812
f 2682/3432/485 1583/2233/484 573/913/2854 1584/2234/1452
f 2512/3262/2801 1233/1794/2797 430/713/2796 1234/1795/2802
f 1593/2245/1840 424/703/2782 1226/1784/1824 2686/3436/1823
f 2683/3433/1437 1585/2236/1436 575/916/1453 1586/2237/1165
f 1939/2678/1177 706/1090/804 2056/2806/803 2228/2978/1170
f 2511/3261/2798 1229/1788/2799 428/709/1435 1231/1791/1434
f 1586/2237/1165 575/916/1453 1589/2241/2812 2685/3435/1166
f 1588/2239/655 573/913/2854 2157/2907/671 2198/2948/653
f 2684/3434/657 1584/2234/1452 573/913/2854 1588/2239/655
f 2686/3436/1823 1591/2243/1448 576/917/1818 1592/2244/1838
f 2514/3264/2808 1238/1800/2811 435/721/2810 1240/1803/656
f 2687/3437/706 1593/2246/1840 578/919/1839 1594/2247/702
f 1594/2247/702 578/919/1839 1597/2250/2871 2689/3439/703
f 1723/2408/1008 625/982/1561 2034/2784/1440 2258/3008/1439
f 2688/3438/1630 1254/1821/1629 452/751/2828 1597/2251/2871
f 2788/3538/2351 1792/2494/2096 651/1017/1301 1796/2499/726
f 1597/2250/2871 452/752/2828 1262/1832/1960 2689/3439/703
f 2311/3061/716 2155/2905/1819 8/8/1131 2162/2912/713
f 2690/3440/1457 1599/2253/1459 579/921/1130 1600/2254/1129
f 2557/3307/500 857/1292/2332 133/203/490 1334/1922/501
f 2691/3441/1456 1601/2255/1466 581/924/1479 1602/2257/1450
f 2425/3175/2477 972/1446/2472 227/365/1465 973/1447/1455
f 1602/2257/1450 581/924/1479 1605/2261/2826 2693/3443/1451
f 1460/2079/928 525/849/580 2072/2822/583 2214/2964/939
f 2692/3442/1128 1261/1831/2839 451/749/2832 1605/2260/2826
f 2081/2831/2872 579/921/1130 1599/2253/1459 2257/3007/1470
f 1604/2259/701 579/921/1130 2081/2831/2872 2200/2950/698
f 2694/3444/574 1607/2263/558 582/925/552 1608/2264/572
f 2521/3271/2838 1260/1830/2833 451/749/2832 1261/1831/2839
f 2695/3445/567 1609/2266/566 584/927/573 1610/2267/1816
f 1218/1773/705 424/704/2782 1593/2246/1840 2687/3437/706
f 1610/2267/1816 584/927/573 1613/2270/2724 2697/3447/1681
f 601/950/882 1658/2327/2873 2721/3471/956 1662/2332/883
f 2698/3448/2071 1615/2273/1716 585/929/1715 1616/2274/2083
f 2490/3240/2720 1166/1704/2723 379/625/2722 1168/1707/1808
f 2142/2892/1651 24/24/1653 2023/2773/1928 2290/3040/1652
f 2699/3449/1949 1617/2275/2078 587/932/2084 1618/2277/2067
f 2395/3145/2363 882/1326/2358 157/245/2077 883/1327/1948
f 1618/2277/2067 587/932/2084 1621/2281/2289 2701/3451/2025
f 2700/3450/296 1065/1569/295 305/499/2590 1621/2280/2289
f 1620/2279/293 585/929/1715 2049/2799/1532 2179/2929/286
f 1621/2281/2289 305/500/2590 1073/1580/2026 2701/3451/2025
f 2700/3450/296 1616/2274/2083 585/929/1715 1620/2279/293
f 2702/3452/1404 1623/2283/937 588/933/936 1624/2284/1427
f 2880/3630/310 1074/1581/309 312/511/2601 1981/2730/2874
f 2703/3453/1691 1625/2286/1429 590/936/1428 1626/2287/1690
f 730/1123/172 38/41/2183 1281/1855/2132 2531/3281/173
f 2346/3096/2188 734/1128/2189 43/49/1781 736/1131/1780
f 1626/2287/1690 590/936/1428 1629/2291/2599 2705/3455/1609
f 2704/3454/469 840/1269/468 130/199/2306 1629/2290/2599
f 546/877/132 1511/2143/139 2170/2920/138 2000/2750/133
f 2252/3002/938 1984/2734/2840 31/31/1843 1989/2739/935
f 1629/2291/2599 130/200/2306 848/1280/1610 2705/3455/1609
f 2704/3454/469 1624/2284/1427 588/933/936 1628/2289/466
f 2706/3456/1083 1631/2293/1082 591/937/1957 1632/2294/2051
f 2035/2785/1442 20/20/1441 1991/2741/1619 2332/3082/1482
f 2707/3457/1938 1633/2295/2053 593/940/2052 1634/2297/1934
f 1883/2608/2048 685/1062/1942 2109/2859/1944 2322/3072/2041
f 2455/3205/2589 1062/1566/2583 297/485/2582 1063/1567/1937
f 1634/2297/1934 593/940/2052 1637/2301/2319 2709/3459/1185
f 2708/3458/665 1245/1809/664 445/739/2815 1637/2300/2319
f 1916/2649/276 696/1077/275 2115/2865/1933 2324/3074/2059
f 1636/2299/464 591/937/1957 2113/2863/687 2199/2949/465
f 1637/2301/2319 445/740/2815 1253/1820/1186 2709/3459/1185
f 2708/3458/665 1632/2294/2051 591/937/1957 1636/2299/464
f 2710/3460/235 1639/2303/234 594/941/1789 1640/2304/1408
f 2711/3461/576 1641/2306/1410 596/944/1409 1642/2307/39
f 1644/2309/41 594/941/1789 2065/2815/53 2165/2915/42
f 2406/3156/2402 914/1368/2404 183/289/2403 916/1371/2405
f 1642/2307/39 596/944/1409 1645/2311/2825 2713/3463/40
f 2712/3462/44 1020/1509/43 270/439/2532 1645/2310/2825
f 2250/3000/774 2060/2810/768 23/23/54 2065/2815/53
f 1645/2311/2825 270/440/2532 1028/1520/2543 2713/3463/40
f 2712/3462/44 1640/2304/1408 594/941/1789 1644/2309/41
f 2714/3464/1227 1647/2313/1226 597/945/1235 1648/2314/1253
f 2715/3465/1244 1649/2316/1243 599/948/1254 1650/2317/2860
f 2361/3111/2242 779/1188/2243 78/109/1242 781/1191/1241
f 1650/2317/2860 599/948/1254 1653/2321/2544 2717/3467/1255
f 2016/2766/823 2208/2958/332 2015/2765/331 30/30/1533
f 2840/3590/2375 1896/2624/2079 690/1069/2062 1900/2629/1897
f 1844/2559/988 669/1041/828 2149/2899/831 2314/3064/1883
f 2718/3468/2124 1655/2323/2123 600/949/2128 1656/2324/2146
f 1771/2468/1277 643/1006/1565 2107/2857/299 2238/2988/223
f 2500/3250/2758 1197/1746/2752 402/665/2751 1198/1747/838
f 1651/2318/827 598/946/908 2011/2761/907 2207/2957/812
f 2719/3469/1059 1657/2325/2138 602/952/2147 1658/2327/2873
f 2479/3229/2679 1134/1662/2673 353/581/2137 1135/1663/1058
f 1658/2327/2873 602/952/2147 1661/2331/2754 2721/3471/956
f 2720/3470/955 1171/1711/954 381/629/2718 1661/2330/2754
f 1658/2327/2873 601/950/882 1659/2328/1060 2719/3469/1059
f 1660/2329/953 600/949/2128 2133/2883/1865 2216/2966/969
f 2720/3470/955 1656/2324/2146 600/949/2128 1660/2329/953
f 2722/3472/865 1663/2333/822 603/953/821 1664/2334/863
f 2491/3241/2726 1170/1710/2719 381/629/2718 1171/1711/954
f 2723/3473/851 1665/2335/850 605/956/864 1666/2337/1962
f 2365/3115/2257 792/1206/2253 87/125/849 793/1207/848
f 1666/2337/1962 605/956/864 1669/2341/1817 2725/3475/2082
f 480/789/1444 1335/1923/1312 2242/2992/433 2139/2889/669
f 705/1089/738 1935/2673/719 2203/2953/659 2054/2804/711
f 1669/2341/1817 95/140/2259 803/1220/2267 2725/3475/2082
f 2726/3476/688 1671/2343/691 606/957/1446 1672/2344/1467
f 2209/2959/854 2019/2769/1729 22/22/926 2020/2770/855
f 1667/2338/1298 604/954/1963 2014/2764/2075 2240/2990/290
f 2727/3477/1031 1673/2346/1469 608/959/1468 1674/2347/1028
f 2728/3478/1004 975/1449/1003 235/379/2478 1677/2351/2875
f 1674/2347/1028 608/959/1468 1677/2350/2875 2729/3479/1951
f 2148/2898/202 15/15/1854 2011/2761/907 2237/2987/203
f 1677/2350/2875 235/380/2478 983/1460/1952 2729/3479/1951
f 2728/3478/1004 1672/2344/1467 606/957/1446 1676/2349/481
f 2730/3480/790 1679/2353/793 609/961/1743 1680/2354/824
f 2731/3481/810 1681/2356/809 611/963/825 1682/2357/1844
f 1682/2357/1844 611/963/825 1685/2361/2518 2733/3483/1086
f 2028/2778/553 2192/2942/559 2027/2777/513 11/11/512
f 2281/3031/537 2046/2796/798 16/16/800 2095/2845/538
f 2734/3484/2876 1687/2363/1560 612/965/431 1688/2364/1216
f 1308/1889/1696 96/141/1368 804/1221/2269 2544/3294/2247
f 2437/3187/2517 1008/1494/2510 255/413/2509 1009/1495/1724
f 1688/2364/1216 614/967/1215 1689/2366/1640 2734/3484/2876
f 2091/2841/1210 22/22/926 2041/2791/925 2230/2980/1197
f 2735/3485/1318 1689/2365/1640 614/968/1215 1690/2367/1914
f 2485/3235/2703 1152/1686/2697 367/605/1639 1153/1687/1317
f 1690/2367/1914 614/968/1215 1693/2371/1218 2737/3487/1915
f 1/1/1674 2096/2846/1333 2244/2994/1332 2100/2850/2148
f 627/985/1650 1727/2413/1644 2273/3023/1214 2142/2892/1651
f 2738/3488/878 1695/2373/853 615/969/852 1696/2374/876
f 2488/3238/2713 1161/1698/2707 374/617/2706 1162/1699/2714
f 1174/1714/2733 383/633/1666 1543/2183/1655 2662/3412/2727
f 814/1234/2284 103/153/879 1311/1893/860 2546/3296/898
f 21/21/1327 2132/2882/2158 2341/3091/1326 2135/2885/1321
f 2739/3489/735 1697/2375/869 617/972/877 1698/2377/1699
f 2368/3118/2266 801/1218/2262 94/137/868 802/1219/734
f 1698/2377/1699 617/972/877 1701/2381/1929 2741/3491/1366
f 2742/3492/1708 1703/2383/1090 618/973/1089 1704/2384/1900
f 2370/3120/2274 806/1224/2276 99/145/2275 808/1227/2277
f 1704/2384/1900 620/976/2877 1705/2385/1705 2742/3492/1708
f 2300/3050/1091 2051/2801/2061 13/13/1936 2055/2805/1092
f 2743/3493/732 1705/2386/1705 620/975/2877 1706/2387/663
f 1706/2387/663 620/975/2877 1709/2391/2878 2745/3495/643
f 2744/3494/1899 1243/1807/1898 437/725/2806 1709/2390/2878
f 2573/3323/766 902/1352/2388 168/263/763 1366/1962/753
f 2041/2791/925 610/962/1845 1686/2362/1088 2230/2980/1197
f 2301/3051/746 2055/2805/1092 13/13/1936 2159/2909/747
f 2746/3496/1020 1711/2393/1023 621/977/677 1712/2394/680
f 2321/3071/1958 2111/2861/314 27/27/355 2113/2863/687
f 2515/3265/2814 1242/1806/2807 437/725/2806 1243/1807/1898
f 1712/2394/680 623/979/679 1713/2396/1040 2746/3496/1020
f 2747/3497/1041 1713/2395/1040 623/980/679 1714/2397/1514
f 2428/3178/2485 981/1458/2481 234/377/1039 982/1459/1038
f 1714/2397/1514 623/980/679 1717/2401/682 2749/3499/1515
f 2589/3339/1026 949/1414/2448 208/333/1049 1398/2002/1027
f 2750/3500/919 1719/2403/641 624/981/1000 1720/2404/999
f 2431/3181/2497 990/1470/2490 241/389/2489 991/1471/2498
f 2751/3501/1007 1721/2405/1420 626/984/1438 1722/2407/1581
f 2380/3130/2305 837/1266/2300 122/185/1419 838/1267/1006
f 1722/2407/1581 626/984/1438 1725/2410/2464 2753/3503/1504
f 2752/3502/998 961/1431/2465 218/349/2462 1725/2411/2464
f 1722/2407/1581 625/982/1561 1723/2408/1008 2751/3501/1007
f 2253/3003/451 2032/2782/447 18/18/1002 2033/2783/1001
f 629/987/1664 1728/2414/1663 2756/3506/1814 1733/2420/2856
f 2754/3504/1665 1727/2413/1644 627/985/1650 1728/2414/1663
f 2265/3015/1559 2076/2826/1568 12/12/1522 2077/2827/1521
f 2421/3171/2461 959/1428/2463 218/349/2462 961/1431/2465
f 2525/3275/2113 740/1136/2192 42/47/2109 1270/1842/2105
f 2755/3505/1648 1729/2416/1647 629/988/1664 1730/2417/970
f 2487/3237/2708 1157/1692/2711 372/613/1646 1159/1695/1645
f 1730/2417/970 629/988/1664 1733/2421/2856 2757/3507/943
f 1733/2421/2856 382/632/2715 1172/1712/944 2757/3507/943
f 2758/3508/892 1735/2423/895 630/989/1603 1736/2424/922
f 964/1435/2468 220/353/2459 1409/2015/1015 2595/3345/2863
f 2844/3594/1668 1173/1713/2721 389/643/2728 1909/2641/2879
f 2759/3509/492 1737/2425/924 632/992/923 1738/2427/506
f 2386/3136/2331 855/1290/2324 136/209/1858 856/1291/491
f 1738/2427/506 632/992/923 1741/2431/981 2761/3511/932
f 1772/2469/211 642/1005/1748 2106/2856/1747 2173/2923/208
f 2694/3444/574 821/1244/2288 105/155/543 1607/2263/558
f 2212/2962/475 2037/2787/106 31/31/1843 2040/2790/1602
f 2762/3512/207 1743/2433/186 633/993/180 1744/2434/204
f 2412/3162/2424 932/1392/2426 197/313/2425 934/1395/2427
f 1739/2428/493 631/990/507 2039/2789/514 2190/2940/505
f 2763/3513/952 1745/2436/206 635/995/205 1746/2437/632
f 1746/2437/632 634/994/626 1747/2438/195 2763/3513/952
f 1746/2437/632 635/995/205 1749/2440/2866 2765/3515/633
f 168/263/763 901/1351/1307 2771/3521/1184 1763/2458/764
f 1264/1834/2842 455/756/2841 1265/1836/2175 2522/3272/2174
f 1749/2440/2866 207/332/2430 947/1412/2441 2765/3515/633
f 2766/3516/623 1751/2443/589 636/997/588 1752/2444/660
f 2330/3080/182 1988/2738/181 17/17/442 2063/2813/1794
f 2767/3517/784 1753/2446/662 638/999/661 1754/2447/783
f 1754/2447/783 638/999/661 1757/2450/2880 2769/3519/392
f 2768/3518/1224 1119/1641/2652 347/571/2657 1757/2451/2880
f 699/1081/62 1919/2653/48 2166/2916/52 2104/2854/63
f 1757/2450/2880 347/572/2657 1127/1652/393 2769/3519/392
f 2770/3520/1102 1759/2453/1105 639/1001/34 1760/2454/33
f 2784/3534/2664 1128/1653/2663 354/583/2670 1789/2490/2881
f 1760/2454/33 641/1003/434 1761/2456/1309 2770/3520/1102
f 2771/3521/1184 1761/2455/1309 641/1004/434 1762/2457/1182
f 2401/3151/2387 900/1350/2380 171/269/1308 901/1351/1307
f 1762/2457/1182 641/1004/434 1765/2461/435 2773/3523/973
f 2060/2810/768 2205/2955/421 2059/2809/420 23/23/54
f 644/1007/1767 1768/2464/1766 2776/3526/2127 1773/2471/2745
f 2774/3524/1401 1767/2463/1239 642/1005/1748 1768/2464/1766
f 2484/3234/2698 1148/1680/2700 365/601/2699 1150/1683/2701
f 1763/2458/764 640/1002/1183 2057/2807/1927 2204/2954/754
f 2775/3525/2869 1769/2465/1768 644/1008/1767 1770/2467/1566
f 2449/3199/2565 1044/1542/2560 283/461/2559 1045/1543/2566
f 1770/2467/1566 644/1008/1767 1773/2470/2745 2777/3527/1483
f 2776/3526/2127 1186/1731/2746 393/649/2743 1773/2471/2745
f 1770/2467/1566 643/1006/1565 1771/2468/1277 2775/3525/2869
f 2778/3528/1538 1775/2473/1356 645/1009/1355 1776/2474/2043
f 1812/2519/1527 657/1025/1556 2145/2895/1555 2263/3013/270
f 2496/3246/2742 1184/1728/2744 393/649/2743 1186/1731/2746
f 1776/2474/2043 647/1012/2882 1777/2475/1535 2778/3528/1538
f 2779/3529/2165 1777/2476/1535 647/1011/2882 1778/2477/949
f 1778/2477/949 647/1011/2882 1781/2480/2688 2781/3531/608
f 2780/3530/2042 1141/1671/2689 358/589/2686 1781/2481/2688
f 663/1033/38 1823/2533/1 2163/2913/4 2098/2848/1360
f 1778/2477/949 646/1010/948 1779/2478/3 2779/3529/2165
f 2653/3403/2168 1145/1676/2692 357/587/1746 1526/2162/2160
f 650/1015/2156 1784/2484/2155 2784/3534/2664 1789/2490/2881
f 2782/3532/1784 1783/2483/1775 648/1013/1774 1784/2484/2155
f 2336/3086/2129 2132/2882/2158 21/21/1327 2133/2883/1865
f 2481/3231/2685 1139/1668/2687 358/589/2686 1141/1671/2689
f 2131/2881/600 32/32/571 2097/2847/1832 2215/2965/947
f 2783/3533/2150 1785/2486/2153 650/1016/2156 1786/2487/1675
f 2409/3159/2415 923/1380/2416 190/301/2152 925/1383/2151
f 1786/2487/1675 650/1016/2156 1789/2491/2881 2785/3535/1676
f 2765/3515/633 947/1412/2441 203/323/620 1750/2442/631
f 1789/2491/2881 354/584/2670 1136/1664/2680 2785/3535/1676
f 2786/3536/1703 1791/2493/1302 651/1017/1301 1792/2494/2096
f 1801/2505/1745 256/416/1744 1010/1496/1735 2790/3540/1734
f 11/11/512 2071/2821/1660 2275/3025/1414 2134/2884/881
f 2787/3537/2088 1793/2496/2091 653/1020/2097 1794/2497/2087
f 2367/3117/2263 797/1212/2264 92/133/2090 799/1215/2089
f 1794/2497/2087 653/1020/2097 1797/2501/2349 2789/3539/1361
f 1045/1543/2566 283/461/2559 1769/2465/1768 2775/3525/2869
f 2874/3624/917 776/1184/2236 70/95/888 1967/2713/899
f 2328/3078/841 2016/2766/823 30/30/1533 2017/2767/1300
f 2790/3540/1734 1799/2503/536 654/1021/535 1800/2504/1749
f 1096/1611/2630 323/529/2628 1833/2546/1396 2807/3557/1973
f 2391/3141/2346 869/1308/2348 148/229/2347 871/1311/2350
f 2042/2792/518 22/22/926 2019/2769/1729 2246/2996/524
f 2791/3541/1348 1801/2506/1745 656/1023/1750 1802/2507/1344
f 1802/2507/1344 656/1023/1750 1805/2511/2531 2793/3543/1345
f 2794/3544/2006 1807/2513/1557 657/1025/1556 1808/2514/2029
f 2440/3190/2529 1017/1506/2523 262/425/2522 1018/1507/2530
f 2795/3545/267 1809/2515/2031 659/1028/2030 1810/2517/251
f 2494/3244/2736 1179/1722/2731 388/641/2117 1180/1723/2116
f 1810/2517/251 659/1028/2030 1813/2520/2525 2797/3547/252
f 34/34/1424 727/1119/2182 2523/3273/2121 1267/1838/1425
f 2796/3546/1529 1213/1767/1528 414/685/2777 1813/2521/2525
f 1907/2638/2032 694/1074/243 2089/2839/246 2320/3070/1540
f 2318/3068/1558 2144/2894/1884 3/3/1820 2145/2895/1555
f 2796/3546/1529 1808/2514/2029 657/1025/1556 1812/2519/1527
f 2798/3548/1460 1815/2523/1462 660/1029/1481 1816/2524/1496
f 2505/3255/2775 1211/1764/2778 414/685/2777 1213/1767/1528
f 2799/3549/1478 1817/2526/1477 662/1031/1497 1818/2527/1618
f 1156/1690/2710 369/609/1313 1727/2413/1644 2754/3504/1665
f 1818/2527/1618 662/1031/1497 1821/2531/2320 2801/3551/2845
f 1024/1515/585 267/433/2539 1857/2576/67 2819/3569/586
f 475/782/1614 1326/1912/1607 2269/3019/1617 2030/2780/1615
f 1410/2017/2864 508/826/1970 1411/2018/1624 2595/3345/2863
f 2802/3552/31 1823/2533/1 663/1033/38 1824/2534/29
f 2383/3133/2317 846/1278/2311 129/197/2310 847/1279/2318
f 2803/3553/16 1825/2536/15 665/1036/30 1826/2537/2154
f 2439/3189/2524 1013/1500/2527 260/421/14 1015/1503/13
f 1826/2537/2154 665/1036/30 1829/2541/2313 2805/3555/1800
f 1284/1859/2013 61/81/2003 759/1161/2215 2532/3282/2846
f 1/1/1674 2092/2842/1351 2245/2995/1338 2096/2846/1333
f 2734/3484/2876 1151/1684/2696 363/598/1643 1687/2363/1560
f 2806/3556/1373 1831/2543/1372 666/1037/1379 1832/2544/1394
f 2443/3193/2542 1026/1518/2536 269/437/2535 1027/1519/19
f 1348/1939/523 145/225/1363 867/1305/2342 2564/3314/1370
f 2807/3557/1973 1833/2546/1396 668/1040/1395 1834/2547/1972
f 1083/1593/423 319/524/2615 1505/2136/2012 2643/3393/424
f 2466/3216/2627 1094/1608/2629 323/529/2628 1096/1611/2630
f 1834/2547/1972 668/1040/1395 1837/2551/2538 2809/3559/1918
f 2808/3558/219 1200/1749/218 410/679/2759 1837/2550/2538
f 2853/3603/405 1118/1640/2656 336/551/389 1926/2662/403
f 2119/2869/334 28/28/264 2123/2873/328 2248/2998/335
f 1837/2551/2538 410/680/2759 1208/1760/1919 2809/3559/1918
f 2808/3558/219 1832/2544/1394 666/1037/1379 1836/2549/216
f 2810/3560/1251 1839/2553/829 669/1041/828 1840/2554/1271
f 2828/3578/242 1209/1761/241 417/691/2770 1877/2600/2776
f 2149/2899/831 25/25/1247 2125/2875/941 2314/3064/1883
f 2811/3561/1261 1841/2556/1260 671/1043/1272 1842/2557/1878
f 1842/2557/1878 671/1043/1272 1845/2561/2769 2813/3563/370
f 562/898/1133 1558/2202/1876 2298/3048/1880 2147/2897/1134
f 463/766/2851 1290/1867/2848 2537/3287/2849 1294/1872/1888
f 2814/3564/504 1847/2563/104 672/1045/103 1848/2564/502
f 2503/3253/2768 1206/1758/2763 409/677/2762 1207/1759/990
f 2815/3565/489 1849/2566/488 674/1048/503 1850/2567/1601
f 2382/3132/2312 842/1272/2315 127/193/487 844/1275/486
f 1850/2567/1601 674/1048/503 1853/2571/2328 2817/3567/2098
f 514/834/577 1426/2037/1709 2605/3355/2161 1430/2042/82
f 6/6/987 2030/2780/1615 2269/3019/1617 2036/2786/1579
f 2593/3343/2455 965/1436/2469 217/347/1623 1406/2012/1622
f 677/1051/66 1856/2574/65 2820/3570/56 1861/2580/2556
f 2818/3568/24 1855/2573/23 675/1049/50 1856/2574/65
f 2385/3135/2325 851/1284/2327 134/205/2326 853/1287/2329
f 217/347/1623 964/1435/2468 2595/3345/2863 1411/2018/1624
f 2819/3569/586 1857/2576/67 677/1052/66 1858/2577/1219
f 2442/3192/2537 1022/1512/2540 267/433/2539 1024/1515/585
f 1858/2577/1219 677/1052/66 1861/2581/2556 2821/3571/1198
f 682/1058/1080 1874/2597/1079 2829/3579/364 1878/2602/253
f 1378/1977/2145 496/810/2134 1379/1978/99 2579/3329/98
f 2166/2916/52 2102/2852/51 23/23/54 2104/2854/63
f 2822/3572/250 1863/2583/230 678/1053/224 1864/2584/248
f 2446/3196/2555 1035/1530/2548 276/449/2547 1036/1531/55
f 2823/3573/239 1865/2586/238 680/1056/249 1866/2587/1541
f 2502/3252/2764 1202/1752/2766 407/673/237 1204/1755/236
f 1866/2587/1541 680/1056/249 1869/2591/2550 2825/3575/1069
f 1875/2598/141 682/1058/1080 1999/2749/1554 2170/2920/138
f 2537/3287/2849 785/1196/2246 77/107/1881 1294/1872/1888
f 385/635/260 1180/1723/2116 2795/3545/267 1811/2518/247
f 2826/3576/137 1871/2593/121 681/1057/116 1872/2594/135
f 2506/3256/2780 1215/1770/2774 416/689/2773 1216/1771/129
f 2827/3577/126 1873/2596/125 683/1060/136 1874/2597/1079
f 2352/3102/2209 752/1152/2211 57/73/124 754/1155/123
f 1874/2597/1079 683/1060/136 1877/2601/2776 2829/3579/364
f 2762/3512/207 731/1124/2179 35/35/171 1743/2433/186
f 948/1413/1050 214/344/2443 1417/2026/1573 2599/3349/1051
f 1877/2601/2776 417/692/2770 1217/1772/365 2829/3579/364
f 2830/3580/1268 1879/2603/222 684/1061/221 1880/2604/1294
f 1955/2698/1037 712/1098/261 2087/2837/263 2220/2970/344
f 2200/2950/698 2081/2831/2872 18/18/1002 2156/2906/694
f 2151/2901/225 28/28/264 1999/2749/1554 2176/2926/226
f 2831/3581/1281 1881/2606/1280 686/1063/1295 1882/2607/1959
f 2868/3618/351 1047/1545/2562 291/475/2567 1957/2700/2607
f 1882/2607/1959 686/1063/1295 1885/2611/2578 2833/3583/1945
f 1884/2609/277 684/1061/221 2108/2858/220 2178/2928/262
f 2832/3582/279 1880/2604/1294 684/1061/221 1884/2609/277
f 2834/3584/402 1887/2613/164 687/1065/163 1888/2614/400
f 508/826/1970 1410/2017/2864 2597/3347/1966 1414/2022/1968
f 2452/3202/2576 1053/1554/2571 290/473/2570 1054/1555/278
f 2184/2934/165 2008/2758/2004 14/14/90 2128/2878/166
f 2835/3585/388 1889/2615/387 689/1068/401 1890/2617/1863
f 2470/3220/2645 1107/1626/2637 332/545/386 1108/1627/385
f 1890/2617/1863 689/1068/401 1893/2621/1969 2837/3587/1739
f 2128/2878/166 14/14/90 2103/2853/398 2185/2935/375
f 2838/3588/2069 1895/2623/2063 690/1069/2062 1896/2624/2079
f 2473/3223/2655 1116/1638/2650 339/557/2649 1117/1639/390
f 2839/3589/1074 1897/2626/2081 692/1071/2080 1898/2627/1567
f 610/962/1845 1682/2357/1844 2733/3483/1086 1686/2362/1088
f 1898/2627/1567 692/1071/2080 1901/2631/2376 2841/3591/2858
f 2586/3336/1598 746/1144/2196 48/58/1588 1391/1993/1587
f 4/4/1113 2116/2866/1097 2224/2974/1096 2118/2868/1114
f 1356/1949/721 153/238/2073 880/1323/2364 2568/3318/1727
f 2842/3592/1042 1903/2633/1045 693/1073/1669 1904/2634/1065
f 2398/3148/2373 891/1338/2369 164/257/2368 892/1339/2374
f 139/214/1720 862/1299/539 2563/3313/542 1347/1938/1711
f 2843/3593/1056 1905/2636/1055 695/1075/1066 1906/2637/266
f 1906/2637/266 695/1075/1066 1909/2640/2879 2845/3595/258
f 1675/2348/1030 607/958/1029 2084/2834/1961 2310/3060/1971
f 1909/2640/2879 389/644/2728 1181/1724/259 2845/3595/258
f 2846/3596/1903 1911/2643/1906 696/1077/275 1912/2644/274
f 1716/2399/676 238/383/1044 991/1471/2498 2748/3498/681
f 2847/3597/1110 1913/2646/1956 698/1079/1955 1914/2647/1106
f 1931/2668/1150 703/1086/1124 2160/2910/1127 2227/2977/1159
f 1914/2647/1106 698/1079/1955 1917/2651/2600 2849/3599/1107
f 2021/2771/91 14/14/90 2007/2757/1685 2278/3028/1688
f 529/854/1116 1470/2092/1119 2225/2975/1099 2112/2862/1117
f 1962/2707/1980 715/1102/714 1963/2708/1141 2871/3621/675
f 2850/3600/45 1919/2653/48 699/1081/62 1920/2654/80
f 2458/3208/2598 1071/1578/2594 304/497/2593 1072/1579/2056
f 2851/3601/71 1921/2656/70 701/1083/81 1922/2657/404
f 1922/2657/404 701/1083/81 1925/2660/2868 2853/3603/405
f 2094/2844/92 523/846/85 1454/2072/1760 2284/3034/399
f 523/846/85 1450/2067/84 2617/3367/1757 1454/2072/1760
f 1925/2660/2868 340/560/2646 1118/1640/2656 2853/3603/405
f 2854/3604/1889 1927/2663/745 702/1085/744 1928/2664/1908
f 140/215/792 865/1303/1731 2571/3321/802 1363/1958/801
f 2855/3605/1149 1929/2666/1902 704/1087/1909 1930/2667/1145
f 809/1228/2272 97/142/1190 1423/2033/1189 2602/3352/1203
f 1930/2667/1145 704/1087/1909 1933/2671/2827 2857/3607/1146
f 574/914/1156 1590/2242/1160 2227/2977/1159 2158/2908/1157
f 1938/2677/1930 706/1090/804 1939/2678/1177 2859/3609/751
f 2858/3608/720 1935/2673/719 705/1089/738 1936/2674/761
f 2518/3268/2824 1251/1818/2820 444/737/2819 1252/1819/1737
f 2859/3609/751 1937/2676/750 707/1092/762 1938/2677/1930
f 2397/3147/2370 887/1332/2371 162/253/749 889/1335/748
f 1938/2677/1930 707/1092/762 1941/2681/2384 2861/3611/1637
f 1980/2729/307 720/1109/743 2013/2763/1877 2180/2930/321
f 2561/3311/1895 1235/1796/2803 427/707/1910 1342/1932/1826
f 710/1095/320 1944/2684/319 2864/3614/327 1949/2690/2613
f 2862/3612/298 1943/2683/285 708/1093/284 1944/2684/319
f 1056/1557/1109 298/488/2580 1913/2646/1956 2847/3597/1110
f 2400/3150/2381 896/1344/2383 169/265/2382 898/1347/2385
f 2863/3613/306 1945/2686/305 710/1096/320 1946/2687/1762
f 2457/3207/2595 1067/1572/2596 302/493/304 1069/1575/303
f 1946/2687/1762 710/1096/320 1949/2691/2613 2865/3615/1273
f 1908/2639/1667 693/1073/1669 2090/2840/1046 2274/3024/1534
f 4/4/1113 2112/2862/1117 2225/2975/1099 2116/2866/1097
f 2857/3607/1146 1250/1816/2818 440/730/1140 1934/2672/1125
f 2117/2867/287 30/30/1533 2015/2765/331 2181/2931/302
f 2866/3616/993 1951/2693/479 711/1097/353 1952/2694/352
f 2010/2760/291 10/10/2034 2005/2755/2852 2299/3049/1297
f 2461/3211/2612 1080/1590/2605 311/509/2604 1081/1591/326
f 2867/3617/1012 1953/2696/1011 713/1100/1036 1954/2697/292
f 2427/3177/2482 977/1452/2483 232/373/1010 979/1455/1009
f 1954/2697/292 713/1100/1036 1957/2701/2607 2869/3619/254
f 2257/3007/1470 2080/2830/966 18/18/1002 2081/2831/2872
f 1956/2699/350 711/1097/353 2085/2835/354 2182/2932/313
f 1957/2701/2607 291/476/2567 1055/1556/255 2869/3619/254
f 2870/3620/667 1959/2703/462 714/1101/684 1960/2704/696
f 2326/3076/724 2048/2798/723 30/30/1533 2049/2799/1532
f 2625/3375/1121 1057/1558/2585 292/477/1108 1470/2092/1119
f 1969/2715/916 74/104/2227 776/1184/2236 2874/3624/917
f 2871/3621/675 1961/2706/674 716/1104/697 1962/2707/1980
f 2517/3267/2821 1247/1812/2822 442/733/673 1249/1815/672
f 1962/2707/1980 716/1104/697 1965/2711/2577 2873/3623/1974
f 8/8/1131 2158/2908/1157 2227/2977/1159 2160/2910/1127
f 2841/3591/2858 890/1336/2367 160/250/1176 1902/2632/1169
f 2874/3624/917 1967/2713/899 717/1105/1998 1968/2714/914
f 2520/3270/2834 1256/1824/2836 449/745/2835 1258/1827/1323
f 2713/3463/40 1028/1520/2543 266/431/18 1646/2312/37
f 2875/3625/2126 1969/2716/916 719/1107/915 1970/2717/2125
f 1970/2717/2125 719/1107/915 1973/2720/2642 2877/3627/1866
f 598/946/908 1650/2317/2860 2717/3467/1255 1654/2322/909
f 2211/2961/900 2007/2757/1685 14/14/90 2008/2758/2004
f 722/1111/1262 1976/2724/742 2880/3630/310 1981/2730/2874
f 2878/3628/178 1975/2723/177 720/1109/743 1976/2724/742
f 2469/3219/2638 1103/1620/2641 330/541/2640 1105/1623/2643
f 2126/2876/348 25/25/1247 2003/2753/1232 2296/3046/357
f 2879/3629/846 1977/2726/1263 722/1112/1262 1978/2727/341
f 2364/3114/2254 788/1200/2255 85/121/1886 790/1203/1885
f 1978/2727/341 722/1112/1262 1981/2731/2874 2881/3631/342
f 2235/2985/778 2012/2762/777 15/15/1854 2013/2763/1877
f 1981/2731/2874 312/512/2601 1082/1592/2074 2881/3631/342
f 2219/2969/482 2083/2833/1445 27/27/355 2085/2835/354
f 38/42/2183 728/1120/2114 2530/3280/2115 1281/1856/2132
f 635/996/205 1744/2434/204 2764/3514/1382 1749/2441/2866
f 2344/3094/2178 726/1118/2170 37/40/2177 729/1122/2181
f 45/54/108 737/1132/76 2526/3276/79 1273/1846/109
f 2347/3097/2191 735/1130/2186 44/52/2190 738/1134/2187
f 52/66/1590 746/1144/2196 2586/3336/1598 1393/1996/1591
f 521/844/1585 1440/2054/1584 2612/3362/114 1445/2061/2865
f 2350/3100/2202 744/1142/2193 51/64/2201 747/1146/2197
f 56/71/1542 757/1159/145 2647/3397/148 1515/2148/1543
f 59/78/146 755/1156/1580 2646/3396/158 1513/2146/147
f 2353/3103/2213 753/1154/2207 58/76/2212 756/1158/2208
f 66/90/1375 764/1168/548 2630/3380/547 1481/2106/1376
f 2356/3106/2225 762/1166/2217 65/88/2224 765/1170/2218
f 73/102/2229 773/1180/1835 2542/3292/1834 1305/1886/1862
f 719/1108/915 1968/2714/914 2876/3626/1997 1973/2721/2642
f 2359/3109/2235 771/1178/2226 72/100/2234 774/1182/2230
f 80/114/833 782/1192/2240 2538/3288/844 1297/1876/834
f 2362/3112/2245 780/1190/2239 79/112/2244 783/1194/2241
f 87/126/849 791/1204/2252 2722/3472/865 1665/2336/850
f 2365/3115/2257 789/1202/2251 86/124/2256 792/1206/2253
f 94/138/868 800/1216/1892 2738/3488/878 1697/2376/869
f 2368/3118/2266 798/1214/2261 93/136/2265 801/1218/2262
f 101/150/1194 809/1228/2272 2602/3352/1203 1425/2036/1195
f 2371/3121/2279 807/1226/2271 100/148/2278 810/1230/2273
f 108/162/1797 818/1240/1791 2554/3304/1790 1329/1916/1798
f 584/928/573 1608/2264/572 2696/3446/1809 1613/2271/2724
f 2374/3124/2287 816/1238/2280 107/160/2286 819/1242/2282
f 115/174/459 827/1252/1751 2550/3300/478 1321/1906/460
f 2377/3127/2297 825/1250/2292 114/172/2296 828/1254/2293
f 122/186/1419 836/1264/920 2750/3500/919 1721/2406/1420
f 662/1032/1497 1816/2524/1496 2800/3550/2108 1821/2530/2320
f 2380/3130/2305 834/1262/2298 121/184/2304 837/1266/2300
f 1821/2531/2320 129/198/2310 845/1276/2309 2801/3551/2845
f 2383/3133/2317 843/1274/2308 128/196/2316 846/1278/2311
f 136/210/1858 854/1288/893 2758/3508/892 1737/2426/924
f 2386/3136/2331 852/1286/2323 135/208/2330 855/1290/2324
f 143/222/1732 863/1300/1719 2570/3320/1718 1361/1956/1733
f 611/964/825 1680/2354/824 2732/3482/1725 1685/2360/2518
f 2389/3139/2340 861/1298/2333 142/220/2339 864/1302/2335
f 150/234/728 872/1312/707 2566/3316/710 1353/1946/729
f 2392/3142/2353 870/1310/2344 149/232/2352 873/1314/2345
f 157/246/2077 881/1324/2072 2698/3448/2071 1617/2276/2078
f 692/1072/2080 1896/2624/2079 2840/3590/2375 1901/2630/2376
f 2395/3145/2363 879/1322/2355 156/244/2362 882/1326/2358
f 1900/2629/1897 161/251/1859 892/1339/2374 2840/3590/2375
f 1901/2631/2376 164/258/2368 890/1336/2367 2841/3591/2858
f 620/976/2877 1704/2384/1900 2744/3494/1899 1709/2390/2878
f 2398/3148/2373 888/1334/2365 163/256/2372 891/1338/2369
f 171/270/1308 899/1348/1103 2770/3520/1102 1761/2456/1309
f 2401/3151/2387 897/1346/2379 170/268/2386 900/1350/2380
f 178/282/1785 908/1360/1779 2582/3332/1778 1385/1986/1786
f 638/1000/661 1752/2444/660 2768/3518/1224 1757/2451/2880
f 2404/3154/2396 906/1358/2389 177/280/2395 909/1362/2391
f 185/294/578 917/1372/2400 2578/3328/593 1377/1976/579
f 2407/3157/2407 915/1370/2399 184/292/2406 918/1374/2401
f 192/306/605 926/1384/2413 2618/3368/615 1457/2076/606
f 2410/3160/2418 924/1382/2412 191/304/2417 927/1386/2414
f 199/318/618 935/1396/2422 2658/3408/630 1537/2176/619
f 2413/3163/2429 933/1394/2421 198/316/2428 936/1398/2423
f 1541/2181/1341 206/330/2433 944/1408/1386 2661/3411/1385
f 2416/3166/2440 942/1406/2432 205/328/2439 945/1410/2434
f 213/342/2445 953/1420/2118 2590/3340/2119 1401/2006/2141
f 512/832/1572 1416/2024/1571 2600/3350/1512 1421/2031/2495
f 2419/3169/2452 951/1418/2442 212/340/2451 954/1422/2446
f 220/354/2459 962/1432/1821 2594/3344/1016 1409/2016/1015
f 2422/3172/2467 960/1430/2458 219/352/2466 963/1434/2460
f 227/366/1465 971/1444/1458 2690/3440/1457 1601/2256/1466
f 608/960/1468 1672/2344/1467 2728/3478/1004 1677/2351/2875
f 2425/3175/2477 969/1442/2470 226/364/2476 972/1446/2472
f 231/371/1953 982/1459/1038 2747/3497/1041 1715/2398/1519
f 234/378/1039 980/1456/1021 2746/3496/1020 1713/2396/1040
f 2428/3178/2485 978/1454/2480 233/376/2484 981/1458/2481
f 1717/2401/682 241/390/2489 989/1468/2488 2749/3499/1515
f 695/1076/1066 1904/2634/1065 2844/3594/1668 1909/2641/2879
f 2431/3181/2497 987/1466/2486 240/388/2496 990/1470/2490
f 248/402/2020 998/1480/1544 2606/3356/1547 1433/2046/2021
f 524/848/1694 1448/2064/1693 2616/3366/1206 1453/2071/2553
f 2434/3184/2506 996/1478/2499 247/400/2505 999/1482/2501
f 1685/2361/2518 255/414/2509 1007/1492/1087 2733/3483/1086
f 656/1024/1750 1800/2504/1749 2792/3542/2163 1805/2510/2531
f 2437/3187/2517 1005/1490/2507 254/412/2516 1008/1494/2510
f 1804/2509/2164 259/419/2157 1018/1507/2530 2792/3542/2163
f 1805/2511/2531 262/426/2522 1016/1504/2521 2793/3543/1345
f 647/1012/2882 1776/2474/2043 2780/3530/2042 1781/2481/2688
f 2440/3190/2529 1014/1502/2519 261/424/2528 1017/1506/2523
f 1829/2541/2313 269/438/2535 1025/1516/1801 2805/3555/1800
f 2443/3193/2542 1023/1514/2534 268/436/2541 1026/1518/2536
f 1861/2581/2556 276/450/2547 1034/1528/1199 2821/3571/1198
f 701/1084/81 1920/2654/80 2852/3602/1228 1925/2661/2868
f 2446/3196/2555 1032/1526/2545 275/448/2554 1035/1530/2548
f 283/462/2559 1043/1540/1400 2774/3524/1401 1769/2466/1768
f 686/1064/1295 1880/2604/1294 2832/3582/279 1885/2610/2578
f 2449/3199/2565 1041/1538/2557 282/460/2564 1044/1542/2560
f 1885/2611/2578 290/474/2570 1052/1552/1946 2833/3583/1945
f 2452/3202/2576 1050/1550/2569 289/472/2575 1053/1554/2571
f 297/486/2582 1061/1564/1081 2706/3456/1083 1633/2296/2053
f 698/1080/1955 1912/2644/274 2848/3598/273 1917/2650/2600
f 2455/3205/2589 1059/1562/2579 296/484/2588 1062/1566/2583
f 1917/2651/2600 304/498/2593 1070/1576/2354 2849/3599/1107
f 2458/3208/2598 1068/1574/2592 303/496/2597 1071/1578/2594
f 1949/2691/2613 311/510/2604 1079/1588/1274 2865/3615/1273
f 2461/3211/2612 1077/1586/2603 310/508/2611 1080/1590/2605
f 318/522/2094 1088/1600/2085 2634/3384/2086 1489/2116/2095
f 545/876/2011 1504/2134/2010 2644/3394/1384 1509/2141/2667
f 2464/3214/2622 1086/1598/2614 317/520/2621 1089/1602/2617
f 325/534/367 1097/1612/1979 2638/3388/378 1497/2126/368
f 2467/3217/2632 1095/1610/2625 324/532/2631 1098/1614/2626
f 332/546/386 1106/1624/2636 2834/3584/402 1889/2616/387
f 2470/3220/2645 1104/1622/2635 331/544/2644 1107/1626/2637
f 1893/2621/1969 339/558/2649 1115/1636/1740 2837/3587/1739
f 2473/3223/2655 1113/1634/2648 338/556/2654 1116/1638/2650
f 1565/2211/1887 346/570/2660 1124/1648/1389 2673/3423/1388
f 2476/3226/2669 1122/1646/2659 345/568/2668 1125/1650/2661
f 353/582/2137 1133/1660/2122 2718/3468/2124 1657/2326/2138
f 2479/3229/2679 1131/1658/2672 352/580/2678 1134/1662/2673
f 360/594/1634 1142/1672/1626 2654/3404/1628 1529/2166/1635
f 2482/3232/2691 1140/1670/2683 359/592/2690 1143/1674/2684
f 367/606/1639 1151/1684/2696 2734/3484/2876 1689/2366/1640
f 2485/3235/2703 1149/1682/2695 366/604/2702 1152/1686/2697
f 1692/2369/430 371/611/1311 1162/1699/2714 2736/3486/1217
f 1693/2371/1218 374/618/2706 1160/1696/1916 2737/3487/1915
f 482/792/2855 1336/1924/1443 2560/3310/473 1341/1931/2857
f 2488/3238/2713 1158/1694/2704 373/616/2712 1161/1698/2707
f 1661/2331/2754 381/630/2718 1169/1708/957 2721/3471/956
f 2491/3241/2726 1167/1706/2717 380/628/2725 1170/1710/2719
f 388/642/2117 1178/1720/2007 2794/3544/2006 1809/2516/2031
f 2494/3244/2736 1176/1718/2730 387/640/2735 1179/1722/2731
f 395/654/213 1187/1732/2740 2666/3416/229 1553/2196/214
f 2497/3247/2748 1185/1730/2739 394/652/2747 1188/1734/2741
f 1653/2321/2544 402/666/2751 1196/1744/1256 2717/3467/1255
f 671/1044/1272 1840/2554/1271 2812/3562/991 1845/2560/2769
f 2500/3250/2758 1194/1742/2749 401/664/2757 1197/1746/2752
f 1845/2561/2769 409/678/2762 1205/1756/371 2813/3563/370
f 2503/3253/2768 1203/1754/2761 408/676/2767 1206/1758/2763
f 1869/2591/2550 416/690/2773 1214/1768/1070 2825/3575/1069
f 2506/3256/2780 1212/1766/2772 415/688/2779 1215/1770/2774
f 423/702/2784 1223/1780/1981 2678/3428/1983 1577/2226/1994
f 578/920/1839 1592/2244/1838 2688/3438/1630 1597/2251/2871
f 2509/3259/2792 1221/1778/2781 422/700/2791 1224/1782/2785
f 1580/2229/1911 427/707/1910 1234/1795/2802 2680/3430/1912
f 1581/2231/2870 430/714/2796 1232/1792/1657 2681/3431/1656
f 2512/3262/2801 1230/1790/2795 429/712/2800 1233/1794/2797
f 1709/2391/2878 437/726/2806 1241/1804/644 2745/3495/643
f 704/1088/1909 1928/2664/1908 2856/3606/1738 1933/2670/2827
f 2515/3265/2814 1239/1802/2804 436/724/2813 1242/1806/2807
f 1933/2671/2827 444/738/2819 1250/1816/2818 2857/3607/1146
f 2518/3268/2824 1248/1814/2817 443/736/2823 1251/1818/2820
f 1604/2259/701 448/743/700 1261/1831/2839 2692/3442/1128
f 1605/2261/2826 451/750/2832 1259/1828/2831 2693/3443/1451
f 2521/3271/2838 1257/1826/2830 450/748/2837 1260/1830/2833
f 257/417/2 1011/1497/2166 2779/3529/2165 1779/2478/3
f 1828/2539/17 663/1033/38 2098/2848/1360 2164/2914/36
f 1012/1498/2526 257/417/2 1823/2533/1 2802/3552/31
f 675/1049/50 1855/2573/23 2165/2915/42 2102/2852/51
