mtllib model.mtl
o object_0
g object_0
usemtl object_0
v 0.05557125806808472 1.5414576530456543 0.025709334760904312 
v 0.05196354538202286 1.524773359298706 0.04140005633234978 
v 0.04691893234848976 1.5330312252044678 0.005404151510447264 
v 0.05451245978474617 1.5024964809417725 0.03367637097835541 
v 0.0655636116862297 1.4839937686920166 0.02123124897480011 
v 0.04730990156531334 1.4867781400680542 0.05037828907370567 
v 0.05910530686378479 1.466071605682373 0.041067227721214294 
v 0.033450473099946976 1.4770103693008423 0.06622838228940964 
v 0.0413188561797142 1.4551942348480225 0.06069542095065117 
v 0.014488408342003822 1.4696197509765625 0.07710804045200348 
v 0.02396865002810955 1.4477462768554688 0.06858719140291214 
v 0 1.464250922203064 0.08011796325445175 
v 0 1.4407641887664795 0.07225208729505539 
v -0.02396865002810955 1.4477462768554688 0.06858719140291214 
v -0.026043972000479698 1.4278572797775269 0.0684729814529419 
v -0.0413188561797142 1.4551942348480225 0.06069542095065117 
v -0.04906124621629715 1.4337379932403564 0.06007492169737816 
v -0.06892484426498413 1.438608169555664 0.04566770792007446 
v -0.014488408342003822 1.4696197509765625 0.07710804045200348 
v 0 1.4915947914123535 0.08777658641338348 
v 0.01007898896932602 1.4932606220245361 0.08673398941755295 
v 0.026378083974123 1.501630187034607 0.07684765011072159 
v 0.04119754210114479 1.5111029148101807 0.060185741633176804 
v -0.01007898896932602 1.4932606220245361 0.08673398941755295 
v -0.033450473099946976 1.4770103693008423 0.06622838228940964 
v -0.05910530686378479 1.466071605682373 0.041067227721214294 
v -0.08446422219276428 1.4657899141311646 0.017607424408197403 
v -0.026378083974123 1.501630187034607 0.07684765011072159 
v -0.04730990156531334 1.4867781400680542 0.05037828907370567 
v -0.0655636116862297 1.4839937686920166 0.02123124897480011 
v -0.07788045704364777 1.4737944602966309 -0.007777013815939426 
v -0.04119754210114479 1.5111029148101807 0.060185741633176804 
v -0.05451245978474617 1.5024964809417725 0.03367637097835541 
v -0.04691893234848976 1.5330312252044678 0.005404151510447264 
v -0.06138749048113823 1.490473747253418 0.0013779735891148448 
v -0.04056534171104431 1.4960196018218994 -0.01588180474936962 
v -0.051174603402614594 1.4706034660339355 -0.02720167674124241 
v -0.028641652315855026 1.4656703472137451 -0.03402947261929512 
v 0.289824903011322 1.3075838088989258 -0.012334357015788555 
v 0.34784749150276184 1.2250512838363647 -0.005017000716179609 
v 0.28143373131752014 1.2832006216049194 -0.032507847994565964 
v 0.3327803611755371 1.184260606765747 -0.018488062545657158 
v 0.24235618114471436 1.2389556169509888 -0.02368689328432083 
v 0.3112090826034546 1.167080283164978 0.004491855390369892 
v 0.24018533527851105 1.2381069660186768 0.014539891853928566 
v 0.3020852506160736 1.1698482036590576 0.02690005674958229 
v 0.37519320845603943 1.112744688987732 0.062203433364629745 
v 0.4102191627025604 1.142665147781372 0.04694969952106476 
v 0.40730974078178406 1.1731300354003906 0.07618839293718338 
v 0.4627668857574463 1.0876308679580688 0.1608632355928421 
v 0.4515320658683777 1.0756524801254272 0.15061865746974945 
v 0.4456009864807129 1.0693950653076172 0.15617701411247253 
v 0.36089402437210083 1.1187009811401367 0.09126570075750351 
v -0.19301395118236542 0.54532790184021 0.03256630524992943 
v -0.2156931608915329 0.5444592237472534 0.03765084594488144 
v -0.1803460419178009 0.5529351234436035 -0.005694173276424408 
v -0.19774353504180908 0.5557075142860413 -0.016658352687954903 
v -0.14587904512882233 0.5599207878112793 -0.0317765437066555 
v -0.14790751039981842 0.5680984258651733 -0.05451265722513199 
v -0.09732690453529358 0.5536092519760132 -0.04495854675769806 
v -0.09414306282997131 0.5753795504570007 -0.041506506502628326 
v -0.060124725103378296 0.5437144041061401 0.0008526202291250229 
v -0.05670733004808426 0.5689645409584045 0.004461986944079399 
v -0.19577616453170776 0.5744381546974182 -0.012535037472844124 
v -0.14522315561771393 0.5947259068489075 -0.049197033047676086 
v -0.07783535122871399 0.6544548869132996 -0.03951392322778702 
v -0.041313618421554565 0.6564884185791016 0.009081358090043068 
v -0.18816150724887848 0.655043363571167 0.0011064819991588593 
v -0.14203357696533203 0.6484348773956299 -0.043998219072818756 
v -0.06288209557533264 0.7391670346260071 -0.028426408767700195 
v -0.027995511889457703 0.7449679970741272 0.010231164284050465 
v -0.1756129264831543 0.7558071613311768 -0.0039754207246005535 
v -0.1319565623998642 0.7394586205482483 -0.035064540803432465 
v -0.055911559611558914 0.815606415271759 -0.03329696133732796 
v -0.02506551519036293 0.8136676549911499 -0.0027421549893915653 
v -0.1622212678194046 0.844767689704895 -0.020177198573946953 
v -0.11819058656692505 0.826727569103241 -0.047254692763090134 
v -0.11412262171506882 0.8627862334251404 -0.0561738982796669 
v -0.04305807873606682 0.8469114303588867 -0.04525180533528328 
v -0.04639407619833946 0.8762686848640442 -0.06966053694486618 
v 0 0.8762176632881165 -0.05533260852098465 
v -0.153220534324646 0.8753420114517212 -0.02642064169049263 
v -0.1708029806613922 0.8907004594802856 0.030669426545500755 
v -0.1827925741672516 0.8579638600349426 0.039053406566381454 
v -0.14247749745845795 0.9236649870872498 -0.03093993104994297 
v -0.10708451271057129 0.9004456400871277 -0.06466662138700485 
v -0.289824903011322 1.3075838088989258 -0.012334357015788555 
v -0.28143373131752014 1.2832006216049194 -0.032507847994565964 
v -0.34784749150276184 1.2250512838363647 -0.005017000716179609 
v -0.3327803611755371 1.184260606765747 -0.018488062545657158 
v -0.4102191627025604 1.142665147781372 0.04694969952106476 
v -0.37519320845603943 1.112744688987732 0.062203433364629745 
v -0.4515320658683777 1.0756524801254272 0.15061865746974945 
v -0.4456009864807129 1.0693950653076172 0.15617701411247253 
v -0.24235618114471436 1.2389556169509888 -0.02368689328432083 
v -0.3112090826034546 1.167080283164978 0.004491855390369892 
v -0.3020852506160736 1.1698482036590576 0.02690005674958229 
v -0.36089402437210083 1.1187009811401367 0.09126570075750351 
v -0.24018533527851105 1.2381069660186768 0.014539891853928566 
v -0.4594308137893677 1.0963321924209595 0.1700851321220398 
v -0.40730974078178406 1.1731300354003906 0.07618839293718338 
v -0.4627668857574463 1.0876308679580688 0.1608632355928421 
v -0.11108121275901794 0.5513032674789429 -0.02480955794453621 
v -0.0851157158613205 0.5447211861610413 0.00708422064781189 
v -0.015709243714809418 0.8431615233421326 -0.0007397278095595539 
v 0 0.852847158908844 -0.025168370455503464 
v 0.04305807873606682 0.8469114303588867 -0.04525180533528328 
v 0.04639407619833946 0.8762686848640442 -0.06966053694486618 
v 0.11412262171506882 0.8627862334251404 -0.0561738982796669 
v 0.10708451271057129 0.9004456400871277 -0.06466662138700485 
v 0.153220534324646 0.8753420114517212 -0.02642064169049263 
v 0.14247749745845795 0.9236649870872498 -0.03093993104994297 
v 0.1708029806613922 0.8907004594802856 0.030669426545500755 
v 0.16000962257385254 0.9399462342262268 0.032926276326179504 
v 0.1622212678194046 0.844767689704895 -0.020177198573946953 
v 0.11819058656692505 0.826727569103241 -0.047254692763090134 
v 0.055911559611558914 0.815606415271759 -0.03329696133732796 
v 0.02506551519036293 0.8136676549911499 -0.0027421549893915653 
v 0.015709243714809418 0.8431615233421326 -0.0007397278095595539 
v 0 0.8460761904716492 0.0027400038670748472 
v -0.19025824964046478 0.7634939551353455 0.06274401396512985 
v -0.2004871666431427 0.6582722067832947 0.06205002963542938 
v -0.21169564127922058 0.568361222743988 0.04104083776473999 
v -0.17281422019004822 0.06291068345308304 0.02040446549654007 
v -0.16257260739803314 0.19715702533721924 0.00039441007538698614 
v -0.1777104139328003 0.08741992712020874 0.048133425414562225 
v -0.1635591834783554 0.1967495083808899 0.01687440276145935 
v -0.2018030285835266 0.09977704286575317 0.05923081934452057 
v -0.17389486730098724 0.20489484071731567 0.03643953055143356 
v -0.19820304214954376 0.21002346277236938 0.0471278615295887 
v -0.1975168138742447 0.37244537472724915 0.052222367376089096 
v -0.22541896998882294 0.20936119556427002 0.021966753527522087 
v -0.22672545909881592 0.3876502811908722 0.00012765303836204112 
v -0.12380228191614151 0.3727925717830658 -0.018825147300958633 
v -0.12852881848812103 0.36086443066596985 0.015995819121599197 
v -0.1588098257780075 0.3619155287742615 0.044490642845630646 
v -0.1832442581653595 0.4743664860725403 0.058526940643787384 
v -0.20330975949764252 0.47767820954322815 0.017622951418161392 
v -0.10891071707010269 0.476072758436203 -0.004279529210180044 
v -0.12509119510650635 0.4692762792110443 0.051064617931842804 
v -0.15286388993263245 0.472870409488678 0.07503744959831238 
v -0.1701962649822235 0.5434778928756714 0.07781859487295151 
v -0.19301395118236542 0.54532790184021 0.03256630524992943 
v -0.12752419710159302 0.5440629124641418 0.08922480046749115 
v -0.08973211795091629 0.5419432520866394 0.051322657614946365 
v -0.0851157158613205 0.5447211861610413 0.00708422064781189 
v 0.027995511889457703 0.7449679970741272 0.010231164284050465 
v 0.06288209557533264 0.7391670346260071 -0.028426408767700195 
v 0.03360919654369354 0.6566306352615356 0.006471486762166023 
v 0.07386209070682526 0.6543894410133362 -0.04708841070532799 
v 0.054395899176597595 0.5688071846961975 0.0037270039319992065 
v 0.09298920631408691 0.575420618057251 -0.04366292059421539 
v 0.05572828650474548 0.543415904045105 -0.0005904436111450195 
v 0.09509005397558212 0.5538851618766785 -0.04906095191836357 
v 0.0851157158613205 0.5447211861610413 0.00708422064781189 
v 0.11108121275901794 0.5513032674789429 -0.02480955794453621 
v 0.1319565623998642 0.7394586205482483 -0.035064540803432465 
v 0.144618958234787 0.647754430770874 -0.05203082039952278 
v 0.145648792386055 0.5953651666641235 -0.051591239869594574 
v 0.14860686659812927 0.5692154169082642 -0.05916967615485191 
v 0.14587904512882233 0.5599207878112793 -0.0317765437066555 
v 0.1756129264831543 0.7558071613311768 -0.0039754207246005535 
v 0.19545944035053253 0.6550379991531372 -0.0023181219585239887 
v 0.19776499271392822 0.5744500756263733 -0.013795601204037666 
v 0.2013358771800995 0.5561051964759827 -0.01911792904138565 
v 0.1803460419178009 0.5529351234436035 -0.005694173276424408 
v 0.1827925741672516 0.8579638600349426 0.039053406566381454 
v 0.19025824964046478 0.7634939551353455 0.06274401396512985 
v 0.20904430747032166 0.6585967540740967 0.06485156714916229 
v 0.2141766995191574 0.5681852102279663 0.04143693298101425 
v 0.2203274965286255 0.5442039966583252 0.038343921303749084 
v -0.03758498653769493 1.5318055152893066 -0.005852364934980869 
v -0.020699888467788696 1.4996740818023682 -0.023372897878289223 
v 0 1.4635015726089478 -0.0365745984017849 
v -0.017809409648180008 1.529535174369812 -0.02089381404221058 
v 0 1.528354287147522 -0.02384403720498085 
v 0 1.4958895444869995 -0.02701614610850811 
v -0.07788045704364777 1.4737944602966309 -0.007777013815939426 
v -0.07943402975797653 1.4750900268554688 -0.011592915281653404 
v -0.08446422219276428 1.4657899141311646 0.017607424408197403 
v -0.08634518086910248 1.4664629697799683 0.016866609454154968 
v -0.06892484426498413 1.438608169555664 0.04566770792007446 
v -0.06937567889690399 1.4363287687301636 0.04877433180809021 
v -0.049527786672115326 1.4325031042099 0.06315115094184875 
v -0.09323327988386154 1.3886284828186035 0.08121000975370407 
v -0.09070487320423126 1.3530900478363037 0.1077360063791275 
v -0.13941557705402374 1.3439669609069824 0.09308189153671265 
v -0.09544637054204941 1.3339569568634033 0.11771073192358017 
v -0.13274461030960083 1.3255198001861572 0.1035141721367836 
v -0.09635287523269653 1.3114126920700073 0.12581679224967957 
v -0.12831075489521027 1.3090680837631226 0.10792497545480728 
v -0.08474787324666977 1.278719425201416 0.13068430125713348 
v -0.11539337784051895 1.274116039276123 0.11257725954055786 
v -0.07279522716999054 1.265081763267517 0.131246879696846 
v -0.08775415271520615 1.2315189838409424 0.10707999765872955 
v -0.03625642508268356 1.2435266971588135 0.12790946662425995 
v -0.03638662025332451 1.2056068181991577 0.12449103593826294 
v 0 1.204246997833252 0.12566009163856506 
v -0.03650054335594177 1.1613036394119263 0.12358082830905914 
v 0 1.1608394384384155 0.12048270553350449 
v 0 1.1076511144638062 0.11796485632658005 
v 0.03650054335594177 1.1613036394119263 0.12358082830905914 
v 0.047328680753707886 1.1065703630447388 0.11759686470031738 
v 0.08310342580080032 1.0996736288070679 0.10371123999357224 
v 0.10069041699171066 1.0405555963516235 0.11563829332590103 
v 0.1496218889951706 1.0180799961090088 0.04550297185778618 
v 0.15958793461322784 0.9801962971687317 0.039186712354421616 
v -0.033357780426740646 1.341461420059204 0.12553957104682922 
v -0.03452661260962486 1.3151546716690063 0.13244855403900146 
v -0.03193296119570732 1.287288784980774 0.1329679936170578 
v -0.035271961241960526 1.2674894332885742 0.13393719494342804 
v 0 1.2482355833053589 0.12506234645843506 
v 0.03625642508268356 1.2435266971588135 0.12790946662425995 
v 0.03638662025332451 1.2056068181991577 0.12449103593826294 
v 0.08775415271520615 1.2315189838409424 0.10707999765872955 
v 0.07453200966119766 1.1966181993484497 0.10426348447799683 
v 0.10680416971445084 1.1813441514968872 0.07537323981523514 
v 0.12093966454267502 1.14560866355896 0.06097005680203438 
v 0.12675754725933075 1.177432656288147 0.049579620361328125 
v 0 1.272733211517334 0.12551270425319672 
v 0.035271961241960526 1.2674894332885742 0.13393719494342804 
v 0.07279522716999054 1.265081763267517 0.131246879696846 
v 0.11539337784051895 1.274116039276123 0.11257725954055786 
v 0.11410634964704514 1.1999986171722412 0.06944354623556137 
v 0.123185895383358 1.240295171737671 0.07603024691343307 
v 0.13069306313991547 1.2211556434631348 0.04347153380513191 
v 0.14308695495128632 1.2605156898498535 0.04923421889543533 
v -0.0851157158613205 0.5447211861610413 0.00708422064781189 
v -0.10891071707010269 0.476072758436203 -0.004279529210180044 
v -0.11108121275901794 0.5513032674789429 -0.02480955794453621 
v -0.13167695701122284 0.4847014248371124 -0.03264195844531059 
v -0.14587904512882233 0.5599207878112793 -0.0317765437066555 
v -0.15810160338878632 0.4885752499103546 -0.04157748073339462 
v -0.1803460419178009 0.5529351234436035 -0.005694173276424408 
v -0.1889895498752594 0.48855751752853394 -0.02022998034954071 
v -0.19301395118236542 0.54532790184021 0.03256630524992943 
v -0.20330975949764252 0.47767820954322815 0.017622951418161392 
v -0.180985689163208 0.38407614827156067 -0.05868719890713692 
v -0.14437466859817505 0.3769773542881012 -0.05003778263926506 
v -0.12380228191614151 0.3727925717830658 -0.018825147300958633 
v -0.16257260739803314 0.19715702533721924 0.00039441007538698614 
v -0.16916732490062714 0.1960178017616272 -0.015373850241303444 
v -0.19211702048778534 0.20234251022338867 -0.02737588994204998 
v -0.2115788459777832 0.39076346158981323 -0.03888927027583122 
v -0.19839593768119812 0.08288458734750748 -0.019578859210014343 
v -0.22295628488063812 0.20482879877090454 -0.01107070967555046 
v -0.22672545909881592 0.3876502811908722 0.00012765303836204112 
v -0.22017663717269897 0.07699887454509735 -0.008926649577915668 
v -0.22541896998882294 0.20936119556427002 0.021966753527522087 
v -0.24018533527851105 1.2381069660186768 0.014539891853928566 
v -0.23863273859024048 1.2311373949050903 0.01720883883535862 
v -0.24306778609752655 1.256591796875 0.040925342589616776 
v -0.2421744018793106 1.2518881559371948 0.046620436012744904 
v -0.2492026388645172 1.2751370668411255 0.055122364312410355 
v -0.2501472234725952 1.2721189260482788 0.06062059849500656 
v -0.26266565918922424 1.297047734260559 0.059044014662504196 
v -0.2654273808002472 1.296817660331726 0.06455583870410919 
v -0.29052722454071045 1.3126771450042725 0.04055410251021385 
v -0.22424793243408203 1.3903143405914307 0.057052165269851685 
v -0.2422581911087036 1.4062306880950928 -0.009031168185174465 
v -0.18020658195018768 1.4353402853012085 -0.017934968695044518 
v -0.15639559924602509 1.2986613512039185 0.05155434086918831 
v -0.16341760754585266 1.3201122283935547 0.07967057079076767 
v -0.18359021842479706 1.334568977355957 0.0728602260351181 
v -0.20121827721595764 1.36122465133667 0.07179595530033112 
v -0.1527378410100937 1.403752088546753 0.06734346598386765 
v -0.17086228728294373 1.437664270401001 0.04195689782500267 
v -0.10814592987298965 1.4067450761795044 0.054224658757448196 
v -0.11915949732065201 1.4426145553588867 0.020815502852201462 
v -0.14668579399585724 1.3785433769226074 0.0749039500951767 
v -0.1494365781545639 1.306105136871338 0.08527445048093796 
v -0.1513097584247589 1.289179801940918 0.05457749962806702 
v -0.17947030067443848 0.07900288701057434 -0.014472081325948238 
v -0.17281422019004822 0.06291068345308304 0.02040446549654007 
v -0.29670798778533936 1.3113722801208496 -0.015405511483550072 
v -0.28526124358177185 1.3101458549499512 0.036846887320280075 
v -0.1184675469994545 1.4535009860992432 -0.014521071687340736 
v -0.16000962257385254 0.9399462342262268 0.032926276326179504 
v -0.1708029806613922 0.8907004594802856 0.030669426545500755 
v -0.12757658958435059 0.940656304359436 0.10685958713293076 
v -0.1265375018119812 0.8985586166381836 0.10966147482395172 
v -0.03944496810436249 0.8744319677352905 0.0901782438158989 
v -0.13419917225837708 0.8510409593582153 0.11517179012298584 
v -0.04803668335080147 0.8247390985488892 0.09719043225049973 
v -0.05344564840197563 0.7675783634185791 0.09704244136810303 
v -0.01664133183658123 0.7999026775360107 0.047008730471134186 
v -0.0249312911182642 0.7537751793861389 0.048810143023729324 
v -0.02506551519036293 0.8136676549911499 -0.0027421549893915653 
v -0.027995511889457703 0.7449679970741272 0.010231164284050465 
v -0.14061926305294037 0.7730973362922668 0.12666895985603333 
v -0.07873640954494476 0.6557342410087585 0.1104554608464241 
v -0.04537718743085861 0.6546692252159119 0.052736662328243256 
v -0.041313618421554565 0.6564884185791016 0.009081358090043068 
v -0.15987001359462738 0.6576624512672424 0.125102698802948 
v -0.11339423060417175 0.5717730522155762 0.11870238929986954 
v -0.05603744089603424 0.5709093809127808 0.0594114288687706 
v -0.05670733004808426 0.5689645409584045 0.004461986944079399 
v -0.06499219685792923 0.5401903986930847 0.062304697930812836 
v -0.12023729830980301 0.5432087779045105 0.11832895874977112 
v -0.17869244515895844 0.5678655505180359 0.10547157377004623 
v -0.18285591900348663 0.5418614745140076 0.10268498212099075 
v -0.21169564127922058 0.568361222743988 0.04104083776473999 
v -0.2156931608915329 0.5444592237472534 0.03765084594488144 
v -0.2004871666431427 0.6582722067832947 0.06205002963542938 
v -0.19025824964046478 0.7634939551353455 0.06274401396512985 
v -0.1827925741672516 0.8579638600349426 0.039053406566381454 
v 0.4456009864807129 1.0693950653076172 0.15617701411247253 
v 0.4335794448852539 1.0769908428192139 0.1658177226781845 
v 0.36089402437210083 1.1187009811401367 0.09126570075750351 
v 0.36089226603507996 1.1303316354751587 0.10034944862127304 
v 0.3029111623764038 1.1778488159179688 0.04210784658789635 
v 0.36423343420028687 1.1424696445465088 0.10363614559173584 
v 0.30403587222099304 1.1916178464889526 0.04907059296965599 
v 0.3682749569416046 1.1593728065490723 0.10333313792943954 
v 0.31235775351524353 1.2133851051330566 0.05427116900682449 
v 0.3834798336029053 1.1741502285003662 0.09554796665906906 
v 0.34857073426246643 1.2356336116790771 0.03417917713522911 
v 0.40730974078178406 1.1731300354003906 0.07618839293718338 
v 0.34784749150276184 1.2250512838363647 -0.005017000716179609 
v 0.289824903011322 1.3075838088989258 -0.012334357015788555 
v 0.28526124358177185 1.3101458549499512 0.036846887320280075 
v 0.26266565918922424 1.297047734260559 0.059044014662504196 
v 0.2492026388645172 1.2751370668411255 0.055122364312410355 
v 0.24306778609752655 1.256591796875 0.040925342589616776 
v 0.24018533527851105 1.2381069660186768 0.014539891853928566 
v 0.3020852506160736 1.1698482036590576 0.02690005674958229 
v -0.015709243714809418 0.8431615233421326 -0.0007397278095595539 
v -0.012169538997113705 0.833260178565979 0.037999268621206284 
v 0 0.8460761904716492 0.0027400038670748472 
v 0 0.8438788056373596 0.03998679295182228 
v 0 0.8830803632736206 0.0982917919754982 
v 0 0.9279184341430664 0.11621108651161194 
v 0.03944496810436249 0.8744319677352905 0.0901782438158989 
v 0.045485325157642365 0.9334728717803955 0.11235614120960236 
v 0.12757658958435059 0.940656304359436 0.10685958713293076 
v 0.012169538997113705 0.833260178565979 0.037999268621206284 
v 0.015709243714809418 0.8431615233421326 -0.0007397278095595539 
v 0.01664133183658123 0.7999026775360107 0.047008730471134186 
v 0.04803668335080147 0.8247390985488892 0.09719043225049973 
v 0.05344564840197563 0.7675783634185791 0.09704244136810303 
v 0.13419917225837708 0.8510409593582153 0.11517179012298584 
v 0.14061926305294037 0.7730973362922668 0.12666895985603333 
v 0.19025824964046478 0.7634939551353455 0.06274401396512985 
v 0.20904430747032166 0.6585967540740967 0.06485156714916229 
v 0.02506551519036293 0.8136676549911499 -0.0027421549893915653 
v 0.0249312911182642 0.7537751793861389 0.048810143023729324 
v 0.07485519349575043 0.6557994484901428 0.11820222437381744 
v 0.1642775982618332 0.6579245924949646 0.1343458741903305 
v 0.2141766995191574 0.5681852102279663 0.04143693298101425 
v 0.027995511889457703 0.7449679970741272 0.010231164284050465 
v 0.03808790445327759 0.654625654220581 0.054586730897426605 
v 0.11283565312623978 0.5717025399208069 0.1214999184012413 
v 0.1801529824733734 0.5676742792129517 0.10785998404026031 
v 0.18558403849601746 0.5414554476737976 0.10715329647064209 
v 0.2203274965286255 0.5442039966583252 0.038343921303749084 
v 0.1701962649822235 0.5434778928756714 0.07781859487295151 
v 0.19301395118236542 0.54532790184021 0.03256630524992943 
v 0.03360919654369354 0.6566306352615356 0.006471486762166023 
v 0.05370528995990753 0.5708122253417969 0.06037557125091553 
v 0.060878314077854156 0.5396873354911804 0.06442894041538239 
v 0.11933039128780365 0.5428809523582458 0.12370540201663971 
v 0.08973211795091629 0.5419432520866394 0.051322657614946365 
v 0.12752419710159302 0.5440629124641418 0.08922480046749115 
v 0.19830994307994843 0.002880443586036563 -0.04118333011865616 
v 0.17681746184825897 0.0028816971462219954 -0.03914017975330353 
v 0.19849838316440582 0.015651250258088112 -0.04672869294881821 
v 0.17225928604602814 0.016010206192731857 -0.04402419924736023 
v 0.19850505888462067 0.03991595283150673 -0.04605143517255783 
v 0.17047666013240814 0.04128652438521385 -0.0439055860042572 
v 0.17627130448818207 0.059415724128484726 -0.03970924764871597 
v 0.16182862222194672 0.045945581048727036 -0.03428015112876892 
v 0.17058877646923065 0.06918451189994812 -0.03443664312362671 
v 0.1602437049150467 0.04821981117129326 -0.018693551421165466 
v 0.17012794315814972 0.08306759595870972 -0.023252815008163452 
v 0.16459570825099945 0.0600411482155323 -0.003459721803665161 
v 0.16681016981601715 0.06429903209209442 0.01998855173587799 
v 0.16659902036190033 0.062020156532526016 0.02050277590751648 
v 0.17404644191265106 0.09810423105955124 0.05867702513933182 
v 0.1678626984357834 0.06431177258491516 0.04561012238264084 
v 0.16521520912647247 0.04696732759475708 0.05174388736486435 
v 0.16446013748645782 0.038936104625463486 0.025711730122566223 
v 0.15946482121944427 0.04261844977736473 0.0017164647579193115 
v 0.1684531718492508 0.01658240333199501 0.008662186563014984 
v 0.16180817782878876 0.017895754426717758 -0.01294340193271637 
v 0.16949771344661713 -0.003462727414444089 -0.00781329721212387 
v 0.1705973595380783 -0.0035460509825497866 -0.028195805847644806 
v 0.16349832713603973 0.017240196466445923 -0.03197523206472397 
v 0.054395899176597595 0.5688071846961975 0.0037270039319992065 
v 0.05572828650474548 0.543415904045105 -0.0005904436111450195 
v 0.0851157158613205 0.5447211861610413 0.00708422064781189 
v 0.19835247099399567 0.06118272244930267 -0.039735764265060425 
v 0.19820858538150787 0.0748080164194107 -0.03372746706008911 
v 0.19806604087352753 0.08789791166782379 -0.023173749446868896 
v 0.19839593768119812 0.08288458734750748 -0.019578859210014343 
v 0.17947030067443848 0.07900288701057434 -0.014472081325948238 
v 0.17281422019004822 0.06291068345308304 0.02040446549654007 
v 0.1777104139328003 0.08741992712020874 0.048133425414562225 
v 0.2009551078081131 0.10433680564165115 0.06597103178501129 
v 0.2018030285835266 0.09977704286575317 0.05923081934452057 
v 0.2255704551935196 0.0982789546251297 0.05765755474567413 
v 0.2221691906452179 0.08973383903503418 0.04662016034126282 
v 0.23313964903354645 0.06943970173597336 0.022812291979789734 
v 0.23012250661849976 0.0714992806315422 0.0210396908223629 
v 0.22376157343387604 0.0830676257610321 -0.01607412099838257 
v 0.22017663717269897 0.07699887454509735 -0.008926649577915668 
v 0.19839593768119812 0.08288458734750748 -0.019578859210014343 
v 0.2046869546175003 0.07221278548240662 0.10232135653495789 
v 0.17262037098407745 0.06612016260623932 0.10363471508026123 
v 0.16619424521923065 0.05310772731900215 0.080929696559906 
v 0.1564679592847824 0.04375290125608444 0.11133313179016113 
v 0.17098452150821686 0.020945720374584198 0.09285286068916321 
v 0.15942703187465668 0.015156381763517857 0.12062869966030121 
v 0.1859026998281479 -0.003181538777425885 0.10482058674097061 
v 0.1756419986486435 -0.006170577369630337 0.12831324338912964 
v 0.172140434384346 0.01943911239504814 0.06214127689599991 
v 0.187830850481987 0.0025341499131172895 0.07387325912714005 
v 0.18220622837543488 0.004979520104825497 0.04276977479457855 
v 0.170613095164299 0.01614770106971264 0.03354716673493385 
v 0.1730167418718338 -0.0033794038463383913 0.015691425651311874 
v 0.4594308137893677 1.0963321924209595 0.1700851321220398 
v 0.4493933320045471 1.1024279594421387 0.17837092280387878 
v 0.4289475679397583 1.1004396677017212 0.18379755318164825 
v 0.426289826631546 1.0881800651550293 0.17636330425739288 
v 0.16746024787425995 -0.0044090962037444115 0.15501996874809265 
v 0.1552170068025589 0.00925848726183176 0.15232934057712555 
v 0.15794254839420319 0.03150353953242302 0.14682506024837494 
v 0.16157986223697662 0.028960416093468666 0.18217533826828003 
v 0.17442460358142853 0.04357219487428665 0.1764582395553589 
v 0.17867447435855865 0.041743163019418716 0.1971564143896103 
v 0.19991643726825714 0.047079600393772125 0.1755165159702301 
v 0.19666104018688202 0.04443986341357231 0.20284101366996765 
v 0.21653123199939728 0.041743163019418716 0.1982576996088028 
v 0.19628013670444489 0.031270429491996765 0.21776773035526276 
v 0.22378332912921906 0.030692927539348602 0.2099432498216629 
v 0.1970379501581192 0.018369730561971664 0.21676258742809296 
v 0.2223197966814041 0.0154825234785676 0.2098904550075531 
v 0.2190399318933487 0.007929553277790546 0.20680280029773712 
v 0.23557837307453156 0.010439698584377766 0.18809866905212402 
v 0.22859464585781097 0.00012107640213798732 0.18792998790740967 
v 0.2338653951883316 -0.004409103654325008 0.15682807564735413 
v 0.23810742795467377 0.028960416093468666 0.18440157175064087 
v 0.2253750115633011 0.04357219487428665 0.17794042825698853 
v 0.20339758694171906 0.05307268723845482 0.1403540074825287 
v 0.17452748119831085 0.04870276898145676 0.14116798341274261 
v 0.24327655136585236 0.009258485399186611 0.15468694269657135 
v 0.24516959488391876 0.03150353953242302 0.14928090572357178 
v 0.23207207024097443 0.048702772706747055 0.14284199476242065 
v 0.23684711754322052 0.06612016260623932 0.10550311952829361 
v 0.2358216792345047 -0.006170584820210934 0.13006269931793213 
v 0.24832414090633392 0.015156327746808529 0.12313315272331238 
v 0.23434172570705414 -0.003181538777425885 0.10640189796686172 
v 0.2473013550043106 0.020945707336068153 0.09522300958633423 
v 0.23002834618091583 0.0025341555010527372 0.07526180893182755 
v 0.24291463196277618 0.019439108669757843 0.06393241137266159 
v 0.22476507723331451 0.004979516379535198 0.044100984930992126 
v 0.2342061549425125 0.01614767126739025 0.034965451806783676 
v 0.2245783656835556 -0.0033794112969189882 0.017260625958442688 
v 0.2332286387681961 0.01658240333199501 0.010464247316122055 
v 0.23212610185146332 0.01789574697613716 -0.010624103248119354 
v 0.23597227036952972 0.04261844605207443 0.003842279314994812 
v 0.23382683098316193 0.04821981489658356 -0.0162251815199852 
v 0.23149941861629486 0.06219836696982384 0.00299033522605896 
v 0.2331305295228958 0.062121666967868805 0.023961391299962997 
v 0.23805762827396393 0.06710185110569 0.04862477630376816 
v 0.25006502866744995 0.053107719868421555 0.08357783406972885 
v 0.25056904554367065 0.04375290498137474 0.1139889508485794 
v 0.24314208328723907 0.04696730896830559 0.05397889390587807 
v 0.23310156166553497 0.03893608972430229 0.02760203927755356 
v 0.1265375018119812 0.8985586166381836 0.10966147482395172 
v 0.1827925741672516 0.8579638600349426 0.039053406566381454 
v 0.1708029806613922 0.8907004594802856 0.030669426545500755 
v 0.16000962257385254 0.9399462342262268 0.032926276326179504 
v 0.19765277206897736 0.008718469180166721 0.21224470436573029 
v 0.17737354338169098 0.007929553277790546 0.20559069514274597 
v 0.1731673926115036 0.01640171930193901 0.2084612101316452 
v 0.1705506592988968 0.0306929312646389 0.20839466154575348 
v 0.16407950222492218 0.010439747013151646 0.186018705368042 
v 0.17110593616962433 0.00012107640213798732 0.18625757098197937 
v 0.19806604087352753 0.08789791166782379 -0.023173749446868896 
v 0.19820858538150787 0.0748080164194107 -0.03372746706008911 
v 0.22351713478565216 0.06918453425168991 -0.0326635017991066 
v 0.23222826421260834 0.045945581048727036 -0.031789228320121765 
v 0.23024319112300873 0.01724017783999443 -0.02963446080684662 
v 0.2240637093782425 0.04128652065992355 -0.042105406522750854 
v 0.22220148146152496 0.016010189428925514 -0.04237372428178787 
v 0.19850505888462067 0.03991595283150673 -0.04605143517255783 
v 0.19849838316440582 0.015651250258088112 -0.04672869294881821 
v 0.22262035310268402 -0.0035460658837109804 -0.026459872722625732 
v 0.2172578126192093 0.002881687832996249 -0.03788008540868759 
v 0.19830994307994843 0.002880443586036563 -0.04118333011865616 
v 0.22407110035419464 -0.0034627385903149843 -0.006009511649608612 
v 0.13121886551380157 1.0819505453109741 0.06931892782449722 
v 0.0722564160823822 1.1591399908065796 0.10727892071008682 
v -0.19830994307994843 0.002880443586036563 -0.04118333011865616 
v -0.19849838316440582 0.015651250258088112 -0.04672869294881821 
v -0.17681746184825897 0.0028816971462219954 -0.03914017975330353 
v -0.17225928604602814 0.016010206192731857 -0.04402419924736023 
v -0.1705973595380783 -0.0035460509825497866 -0.028195805847644806 
v -0.16349832713603973 0.017240196466445923 -0.03197523206472397 
v -0.16180817782878876 0.017895754426717758 -0.01294340193271637 
v -0.1602437049150467 0.04821981117129326 -0.018693551421165466 
v -0.15946482121944427 0.04261844977736473 0.0017164647579193115 
v -0.16459570825099945 0.0600411482155323 -0.003459721803665161 
v -0.16659902036190033 0.062020156532526016 0.02050277590751648 
v -0.16681016981601715 0.06429903209209442 0.01998855173587799 
v -0.17404644191265106 0.09810423105955124 0.05867702513933182 
v -0.17281422019004822 0.06291068345308304 0.02040446549654007 
v -0.1777104139328003 0.08741992712020874 0.048133425414562225 
v -0.1678626984357834 0.06431177258491516 0.04561012238264084 
v -0.16521520912647247 0.04696732759475708 0.05174388736486435 
v -0.16446013748645782 0.038936104625463486 0.025711730122566223 
v -0.1684531718492508 0.01658240333199501 0.008662186563014984 
v -0.16949771344661713 -0.003462727414444089 -0.00781329721212387 
v -0.170613095164299 0.01614770106971264 0.03354716673493385 
v -0.172140434384346 0.01943911239504814 0.06214127689599991 
v -0.16619424521923065 0.05310772731900215 0.080929696559906 
v -0.17098452150821686 0.020945720374584198 0.09285286068916321 
v -0.1564679592847824 0.04375290125608444 0.11133313179016113 
v -0.15942703187465668 0.015156381763517857 0.12062869966030121 
v -0.15794254839420319 0.03150353953242302 0.14682506024837494 
v -0.1552170068025589 0.00925848726183176 0.15232934057712555 
v -0.16157986223697662 0.028960416093468666 0.18217533826828003 
v -0.16407950222492218 0.010439747013151646 0.186018705368042 
v -0.1705506592988968 0.0306929312646389 0.20839466154575348 
v -0.1731673926115036 0.01640171930193901 0.2084612101316452 
v -0.19628013670444489 0.031270429491996765 0.21776773035526276 
v -0.1970379501581192 0.018369730561971664 0.21676258742809296 
v -0.22378332912921906 0.030692927539348602 0.2099432498216629 
v -0.2223197966814041 0.0154825234785676 0.2098904550075531 
v -0.23557837307453156 0.010439698584377766 0.18809866905212402 
v -0.2190399318933487 0.007929553277790546 0.20680280029773712 
v -0.22859464585781097 0.00012107640213798732 0.18792998790740967 
v -0.17262037098407745 0.06612016260623932 0.10363471508026123 
v -0.17452748119831085 0.04870276898145676 0.14116798341274261 
v -0.17442460358142853 0.04357219487428665 0.1764582395553589 
v -0.17867447435855865 0.041743163019418716 0.1971564143896103 
v -0.19991643726825714 0.047079600393772125 0.1755165159702301 
v -0.20339758694171906 0.05307268723845482 0.1403540074825287 
v -0.2046869546175003 0.07221278548240662 0.10232135653495789 
v -0.2009551078081131 0.10433680564165115 0.06597103178501129 
v -0.2018030285835266 0.09977704286575317 0.05923081934452057 
v -0.2255704551935196 0.0982789546251297 0.05765755474567413 
v -0.23684711754322052 0.06612016260623932 0.10550311952829361 
v -0.23207207024097443 0.048702772706747055 0.14284199476242065 
v -0.2253750115633011 0.04357219487428665 0.17794042825698853 
v -0.24516959488391876 0.03150353953242302 0.14928090572357178 
v -0.23810742795467377 0.028960416093468666 0.18440157175064087 
v -0.24327655136585236 0.009258485399186611 0.15468694269657135 
v -0.2338653951883316 -0.004409103654325008 0.15682807564735413 
v -0.21653123199939728 0.041743163019418716 0.1982576996088028 
v -0.19666104018688202 0.04443986341357231 0.20284101366996765 
v -0.19765277206897736 0.008718469180166721 0.21224470436573029 
v -0.17737354338169098 0.007929553277790546 0.20559069514274597 
v -0.17110593616962433 0.00012107640213798732 0.18625757098197937 
v -0.16746024787425995 -0.0044090962037444115 0.15501996874809265 
v -0.1756419986486435 -0.006170577369630337 0.12831324338912964 
v -0.1859026998281479 -0.003181538777425885 0.10482058674097061 
v -0.187830850481987 0.0025341499131172895 0.07387325912714005 
v -0.18220622837543488 0.004979520104825497 0.04276977479457855 
v -0.1730167418718338 -0.0033794038463383913 0.015691425651311874 
v -0.19850505888462067 0.03991595283150673 -0.04605143517255783 
v -0.17047666013240814 0.04128652438521385 -0.0439055860042572 
v -0.16182862222194672 0.045945581048727036 -0.03428015112876892 
v -0.17058877646923065 0.06918451189994812 -0.03443664312362671 
v -0.17012794315814972 0.08306759595870972 -0.023252815008163452 
v -0.19820858538150787 0.0748080164194107 -0.03372746706008911 
v -0.19806604087352753 0.08789791166782379 -0.023173749446868896 
v -0.19839593768119812 0.08288458734750748 -0.019578859210014343 
v -0.17947030067443848 0.07900288701057434 -0.014472081325948238 
v -0.2358216792345047 -0.006170584820210934 0.13006269931793213 
v -0.24832414090633392 0.015156327746808529 0.12313315272331238 
v -0.23434172570705414 -0.003181538777425885 0.10640189796686172 
v -0.2473013550043106 0.020945707336068153 0.09522300958633423 
v -0.23002834618091583 0.0025341555010527372 0.07526180893182755 
v -0.24291463196277618 0.019439108669757843 0.06393241137266159 
v -0.22476507723331451 0.004979516379535198 0.044100984930992126 
v -0.2342061549425125 0.01614767126739025 0.034965451806783676 
v -0.2245783656835556 -0.0033794112969189882 0.017260625958442688 
v -0.2332286387681961 0.01658240333199501 0.010464247316122055 
v -0.23212610185146332 0.01789574697613716 -0.010624103248119354 
v -0.23597227036952972 0.04261844605207443 0.003842279314994812 
v -0.23382683098316193 0.04821981489658356 -0.0162251815199852 
v -0.23149941861629486 0.06219836696982384 0.00299033522605896 
v -0.22376157343387604 0.0830676257610321 -0.01607412099838257 
v -0.23313964903354645 0.06943970173597336 0.022812291979789734 
v -0.23012250661849976 0.0714992806315422 0.0210396908223629 
v -0.2221691906452179 0.08973383903503418 0.04662016034126282 
v -0.25056904554367065 0.04375290498137474 0.1139889508485794 
v -0.25006502866744995 0.053107719868421555 0.08357783406972885 
v -0.24314208328723907 0.04696730896830559 0.05397889390587807 
v -0.23310156166553497 0.03893608972430229 0.02760203927755356 
v -0.23805762827396393 0.06710185110569 0.04862477630376816 
v -0.2331305295228958 0.062121666967868805 0.023961391299962997 
v -0.19301395118236542 0.54532790184021 0.03256630524992943 
v -0.1701962649822235 0.5434778928756714 0.07781859487295151 
v -0.12752419710159302 0.5440629124641418 0.08922480046749115 
v -0.08973211795091629 0.5419432520866394 0.051322657614946365 
v -0.0851157158613205 0.5447211861610413 0.00708422064781189 
v -0.060124725103378296 0.5437144041061401 0.0008526202291250229 
v -0.16000962257385254 0.9399462342262268 0.032926276326179504 
v -0.12757658958435059 0.940656304359436 0.10685958713293076 
v -0.1707720011472702 0.9399944543838501 0.03501478210091591 
v -0.13378719985485077 0.9419846534729004 0.11376050114631653 
v -0.15958793461322784 0.9801962971687317 0.039186712354421616 
v -0.1137862429022789 0.9879000186920166 0.11201471090316772 
v -0.10069041699171066 1.0405555963516235 0.11563829332590103 
v -0.05186950042843819 1.0414928197860718 0.1353023499250412 
v -0.047328680753707886 1.1065703630447388 0.11759686470031738 
v 0 1.0378015041351318 0.13328741490840912 
v -0.1496218889951706 1.0180799961090088 0.04550297185778618 
v -0.08310342580080032 1.0996736288070679 0.10371123999357224 
v -0.13121886551380157 1.0819505453109741 0.06931892782449722 
v -0.0722564160823822 1.1591399908065796 0.10727892071008682 
v -0.12093966454267502 1.14560866355896 0.06097005680203438 
v -0.07453200966119766 1.1966181993484497 0.10426348447799683 
v -0.10680416971445084 1.1813441514968872 0.07537323981523514 
v -0.11410634964704514 1.1999986171722412 0.06944354623556137 
v -0.123185895383358 1.240295171737671 0.07603024691343307 
v -0.13880281150341034 1.2859644889831543 0.08517094701528549 
v -0.14308695495128632 1.2605156898498535 0.04923421889543533 
v -0.22407110035419464 -0.0034627385903149843 -0.006009511649608612 
v -0.22262035310268402 -0.0035460658837109804 -0.026459872722625732 
v -0.23024319112300873 0.01724017783999443 -0.02963446080684662 
v -0.23222826421260834 0.045945581048727036 -0.031789228320121765 
v -0.22351713478565216 0.06918453425168991 -0.0326635017991066 
v -0.2180936187505722 0.05941573157906532 -0.03839240223169327 
v -0.19820858538150787 0.0748080164194107 -0.03372746706008911 
v -0.19835247099399567 0.06118272244930267 -0.039735764265060425 
v -0.22220148146152496 0.016010189428925514 -0.04237372428178787 
v -0.2240637093782425 0.04128652065992355 -0.042105406522750854 
v -0.19850505888462067 0.03991595283150673 -0.04605143517255783 
v -0.12675754725933075 1.177432656288147 0.049579620361328125 
v -0.13069306313991547 1.2211556434631348 0.04347153380513191 
v -0.2172578126192093 0.002881687832996249 -0.03788008540868759 
v -0.19830994307994843 0.002880443586036563 -0.04118333011865616 
v -0.19849838316440582 0.015651250258088112 -0.04672869294881821 
v -0.19806604087352753 0.08789791166782379 -0.023173749446868896 
v -0.19839593768119812 0.08288458734750748 -0.019578859210014343 
v -0.22017663717269897 0.07699887454509735 -0.008926649577915668 
v 0.0851157158613205 0.5447211861610413 0.00708422064781189 
v 0.11108121275901794 0.5513032674789429 -0.02480955794453621 
v 0.10891071707010269 0.476072758436203 -0.004279529210180044 
v 0.13167695701122284 0.4847014248371124 -0.03264195844531059 
v 0.12380228191614151 0.3727925717830658 -0.018825147300958633 
v 0.14437466859817505 0.3769773542881012 -0.05003778263926506 
v 0.16257260739803314 0.19715702533721924 0.00039441007538698614 
v 0.16916732490062714 0.1960178017616272 -0.015373850241303444 
v 0.17281422019004822 0.06291068345308304 0.02040446549654007 
v 0.17947030067443848 0.07900288701057434 -0.014472081325948238 
v 0.180985689163208 0.38407614827156067 -0.05868719890713692 
v 0.19211702048778534 0.20234251022338867 -0.02737588994204998 
v 0.19839593768119812 0.08288458734750748 -0.019578859210014343 
v 0.2115788459777832 0.39076346158981323 -0.03888927027583122 
v 0.22295628488063812 0.20482879877090454 -0.01107070967555046 
v 0.22017663717269897 0.07699887454509735 -0.008926649577915668 
v 0.22672545909881592 0.3876502811908722 0.00012765303836204112 
v 0.22541896998882294 0.20936119556427002 0.021966753527522087 
v 0.23012250661849976 0.0714992806315422 0.0210396908223629 
v 0.20330975949764252 0.47767820954322815 0.017622951418161392 
v 0.1889895498752594 0.48855751752853394 -0.02022998034954071 
v 0.19301395118236542 0.54532790184021 0.03256630524992943 
v 0.1803460419178009 0.5529351234436035 -0.005694173276424408 
v 0.15810160338878632 0.4885752499103546 -0.04157748073339462 
v 0.14587904512882233 0.5599207878112793 -0.0317765437066555 
v 0 1.4250526428222656 0.07424221187829971 
v 0.026043972000479698 1.4278572797775269 0.0684729814529419 
v 0.04906124994158745 1.4337379932403564 0.06007492169737816 
v 0.06892484426498413 1.438608169555664 0.04566770792007446 
v 0.08446422964334488 1.4657899141311646 0.017607422545552254 
v 0.07788045704364777 1.4737944602966309 -0.007777012884616852 
v 0.06138749048113823 1.490473747253418 0.0013779735891148448 
v 0.051174603402614594 1.4706034660339355 -0.027201678603887558 
v 0.04056534171104431 1.4960196018218994 -0.01588180474936962 
v 0.028641654178500175 1.4656703472137451 -0.03402947261929512 
v 0.020699888467788696 1.4996740818023682 -0.023372897878289223 
v 0 1.4635015726089478 -0.0365745984017849 
v 0 1.4958895444869995 -0.02701614610850811 
v 0.03758498653769493 1.5318055152893066 -0.005852364934980869 
v 0.017809409648180008 1.529535174369812 -0.02089381404221058 
v 0 1.528354287147522 -0.02384403720498085 
v 0.289824903011322 1.3075838088989258 -0.012334357015788555 
v 0.29670798778533936 1.3113722801208496 -0.015405511483550072 
v 0.28526124358177185 1.3101458549499512 0.036846887320280075 
v 0.29052722454071045 1.3126771450042725 0.04055410251021385 
v 0.26266565918922424 1.297047734260559 0.059044014662504196 
v 0.2654273808002472 1.296817660331726 0.06455583870410919 
v 0.2501472234725952 1.2721189260482788 0.06062059849500656 
v 0.18359021842479706 1.334568977355957 0.0728602260351181 
v 0.16341760754585266 1.3201122283935547 0.07967057079076767 
v 0.14668579399585724 1.3785433769226074 0.0749039500951767 
v 0.13941557705402374 1.3439669609069824 0.09308189153671265 
v 0.09323327988386154 1.3886284828186035 0.08121000975370407 
v 0.09070487320423126 1.3530900478363037 0.1077360063791275 
v 0.04952777549624443 1.4325031042099 0.06315115094184875 
v 0.03719490021467209 1.3892507553100586 0.09838826954364777 
v 0.025898009538650513 1.4278148412704468 0.07228541374206543 
v 0.019451284781098366 1.4141902923583984 0.08010799437761307 
v 9.284164409484319e-11 1.425241231918335 0.078933484852314 
v 0 1.4058799743652344 0.08309445530176163 
v -0.019451284781098366 1.4141902923583984 0.08010799437761307 
v 0 1.382696509361267 0.09948597848415375 
v -0.03719490021467209 1.3892507553100586 0.09838826954364777 
v 0.033357780426740646 1.341461420059204 0.12553957104682922 
v 0.09544637054204941 1.3339569568634033 0.11771073192358017 
v 0.13274461030960083 1.3255198001861572 0.10010203719139099 
v 0.1494365781545639 1.306105136871338 0.08527445048093796 
v 0.12831075489521027 1.3090680837631226 0.10792497545480728 
v 0.13880281150341034 1.2859644889831543 0.08517094701528549 
v 0.1513097584247589 1.289179801940918 0.05457749962806702 
v 0.15639559924602509 1.2986613512039185 0.05155434086918831 
v 0.2421744018793106 1.2518881559371948 0.046620436012744904 
v 0.2492026388645172 1.2751370668411255 0.055122364312410355 
v 0.23863273859024048 1.2311373949050903 0.01720883883535862 
v 0.24306778609752655 1.256591796875 0.040925342589616776 
v 0.16000962257385254 0.9399462342262268 0.032926276326179504 
v 0.1707720011472702 0.9399944543838501 0.03501478210091591 
v 0.12757658958435059 0.940656304359436 0.10685958713293076 
v 0.13378719985485077 0.9419846534729004 0.11376050114631653 
v 0.045485325157642365 0.9334728717803955 0.11235614120960236 
v 0.049836236983537674 0.9348649978637695 0.12123659253120422 
v 0 0.9280638098716736 0.12520159780979156 
v 0 0.9714265465736389 0.12963217496871948 
v -0.049836236983537674 0.9348649978637695 0.12123659253120422 
v -0.052696455270051956 0.9838399291038513 0.1266343742609024 
v 0.1137862429022789 0.9879000186920166 0.11201471090316772 
v 0.052696455270051956 0.9838399291038513 0.1266343742609024 
v 0.05186950042843819 1.0414928197860718 0.1353023499250412 
v -0.025898009538650513 1.4278148412704468 0.07228541374206543 
v -0.026043972000479698 1.4278572797775269 0.0684729814529419 
v 0 1.4250526428222656 0.07424221187829971 
v 0.026043972000479698 1.4278572797775269 0.0684729814529419 
v 0.04906124994158745 1.4337379932403564 0.06007492169737816 
v 0.06892484426498413 1.438608169555664 0.04566770792007446 
v 0.06937567889690399 1.4363287687301636 0.04877433180809021 
v 0.10814592987298965 1.4067450761795044 0.054224658757448196 
v 0.1527378410100937 1.403752088546753 0.06734346598386765 
v 0.20121827721595764 1.36122465133667 0.07179595530033112 
v 0.22424793243408203 1.3903143405914307 0.057052165269851685 
v 0.17086228728294373 1.437664270401001 0.04195689782500267 
v 0.11915949732065201 1.4426145553588867 0.020815502852201462 
v 0.08634518086910248 1.4664629697799683 0.016866609454154968 
v 0.08446422964334488 1.4657899141311646 0.017607422545552254 
v 0.07943402975797653 1.4750900268554688 -0.011592915281653404 
v 0.1184675469994545 1.4535009860992432 -0.014521071687340736 
v 0.18020658195018768 1.4353402853012085 -0.017934968695044518 
v 0.2422581911087036 1.4062306880950928 -0.009031168185174465 
v -0.045485325157642365 0.9334728717803955 0.11235614120960236 
v 0 0.9279184341430664 0.11621108651161194 
v -0.04906124621629715 1.4337379932403564 0.06007492169737816 
v -0.23012250661849976 0.0714992806315422 0.0210396908223629 
v -0.2221691906452179 0.08973383903503418 0.04662016034126282 
v -0.05196354538202286 1.524773359298706 0.04140005633234978 
v -0.4456009864807129 1.0693950653076172 0.15617701411247253 
v -0.36089402437210083 1.1187009811401367 0.09126570075750351 
v -0.4335794448852539 1.0769908428192139 0.1658177226781845 
v -0.36089226603507996 1.1303316354751587 0.10034944862127304 
v -0.426289826631546 1.0881800651550293 0.17636330425739288 
v -0.36423343420028687 1.1424696445465088 0.10363614559173584 
v -0.4289475679397583 1.1004396677017212 0.18379755318164825 
v -0.3682749569416046 1.1593728065490723 0.10333313792943954 
v -0.4493933320045471 1.1024279594421387 0.17837092280387878 
v -0.3834798336029053 1.1741502285003662 0.09554796665906906 
v -0.4594308137893677 1.0963321924209595 0.1700851321220398 
v -0.40730974078178406 1.1731300354003906 0.07618839293718338 
v -0.3029111623764038 1.1778488159179688 0.04210784658789635 
v -0.30403587222099304 1.1916178464889526 0.04907059296965599 
v -0.31235775351524353 1.2133851051330566 0.05427116900682449 
v -0.34857073426246643 1.2356336116790771 0.03417917713522911 
v -0.34784749150276184 1.2250512838363647 -0.005017000716179609 
v -0.2492026388645172 1.2751370668411255 0.055122364312410355 
v -0.26266565918922424 1.297047734260559 0.059044014662504196 
v -0.28526124358177185 1.3101458549499512 0.036846887320280075 
v -0.289824903011322 1.3075838088989258 -0.012334357015788555 
v -0.24306778609752655 1.256591796875 0.040925342589616776 
v -0.24018533527851105 1.2381069660186768 0.014539891853928566 
v -0.3020852506160736 1.1698482036590576 0.02690005674958229 
v -0.045485325157642365 0.9334728717803955 0.11235614120960236 
v 0.0851157158613205 0.5447211861610413 0.00708422064781189 
v 0.10891071707010269 0.476072758436203 -0.004279529210180044 
v 0.08973211795091629 0.5419432520866394 0.051322657614946365 
v 0.12509119510650635 0.4692762792110443 0.051064617931842804 
v 0.12752419710159302 0.5440629124641418 0.08922480046749115 
v 0.15286388993263245 0.472870409488678 0.07503744959831238 
v 0.1701962649822235 0.5434778928756714 0.07781859487295151 
v 0.1832442581653595 0.4743664860725403 0.058526940643787384 
v 0.19301395118236542 0.54532790184021 0.03256630524992943 
v 0.20330975949764252 0.47767820954322815 0.017622951418161392 
v 0.1588098257780075 0.3619155287742615 0.044490642845630646 
v 0.12852881848812103 0.36086443066596985 0.015995819121599197 
v 0.12380228191614151 0.3727925717830658 -0.018825147300958633 
v 0.1635591834783554 0.1967495083808899 0.01687440276145935 
v 0.17389486730098724 0.20489484071731567 0.03643953055143356 
v 0.1975168138742447 0.37244537472724915 0.052222367376089096 
v 0.22672545909881592 0.3876502811908722 0.00012765303836204112 
v 0.2018030285835266 0.09977704286575317 0.05923081934452057 
v 0.19820304214954376 0.21002346277236938 0.0471278615295887 
v 0.22541896998882294 0.20936119556427002 0.021966753527522087 
v 0.2221691906452179 0.08973383903503418 0.04662016034126282 
v 0.23012250661849976 0.0714992806315422 0.0210396908223629 
v 0.16257260739803314 0.19715702533721924 0.00039441007538698614 
v 0.1777104139328003 0.08741992712020874 0.048133425414562225 
v -0.04167798161506653 1.6196298599243164 0.130745068192482 
v -0.040086254477500916 1.6149241924285889 0.1339416354894638 
v -0.03797748684883118 1.6162077188491821 0.13193029165267944 
v -0.032773200422525406 1.614866018295288 0.13951650261878967 
v -0.032030317932367325 1.6155316829681396 0.13641060888767242 
v -0.025859544053673744 1.6151695251464844 0.13941322267055511 
v -0.02622000314295292 1.6158528327941895 0.13704398274421692 
v -0.018250053748488426 1.6178187131881714 0.1368861347436905 
v -0.018639840185642242 1.618119716644287 0.13587042689323425 
v -0.022405503317713737 1.6212189197540283 0.13786427676677704 
v -0.022431759163737297 1.6214401721954346 0.13728445768356323 
v -0.031548112630844116 1.6229617595672607 0.13869409263134003 
v -0.03155827522277832 1.6227726936340332 0.1375296711921692 
v -0.03891771659255028 1.6216235160827637 0.13817442953586578 
v -0.03787895664572716 1.621760606765747 0.1348419040441513 
v -0.04336126148700714 1.6192065477371216 0.13107284903526306 
v -0.022660885006189346 1.6130177974700928 0.139047771692276 
v -0.03110009804368019 1.6118919849395752 0.13869495689868927 
v -0.04027320444583893 1.612790584564209 0.1321895569562912 
v -0.04766623303294182 1.620228886604309 0.12843433022499084 
v -0.03959858417510986 1.625295877456665 0.13711011409759521 
v -0.0314374677836895 1.625701904296875 0.1407463699579239 
v -0.020985055714845657 1.6232926845550537 0.1411261111497879 
v -0.01803743652999401 1.6287518739700317 0.14488589763641357 
v -0.009194492362439632 1.6172853708267212 0.13885726034641266 
v -0.005367951467633247 1.6234928369522095 0.1466159075498581 
v -0.009494229219853878 1.60469651222229 0.14887987077236176 
v -0.004590801429003477 1.6065642833709717 0.15463094413280487 
v -0.0051325117237865925 1.5937261581420898 0.1650732159614563 
v 0 1.5934685468673706 0.16667059063911438 
v -0.006200682837516069 1.5851049423217773 0.16939930617809296 
v 0 1.5864256620407104 0.17186956107616425 
v 0 1.5799317359924316 0.1706780046224594 
v 0.006200682837516069 1.5851049423217773 0.16939930617809296 
v 0.0052131409756839275 1.5791212320327759 0.16749243438243866 
v 0.008719340898096561 1.5790183544158936 0.16323859989643097 
v 0.0032541227992624044 1.5759894847869873 0.16449937224388123 
v 0.007041278760880232 1.5778181552886963 0.1600203663110733 
v 0.008450881578028202 1.5761858224868774 0.151695117354393 
v 0.012407679110765457 1.5770184993743896 0.1521059274673462 
v 0.01310617197304964 1.5744893550872803 0.14641748368740082 
v 0.013653119094669819 1.5857985019683838 0.14723899960517883 
v 0.025829149410128593 1.5717638731002808 0.13926444947719574 
v 0.03426672890782356 1.5897715091705322 0.13505710661411285 
v 0.031131401658058167 1.5585907697677612 0.13608244061470032 
v 0.03981950134038925 1.569907784461975 0.12876585125923157 
v 0.031472403556108475 1.5481709241867065 0.13344188034534454 
v 0.043093737214803696 1.5496889352798462 0.11634675413370132 
v 0.043554890900850296 1.5270733833312988 0.09681520611047745 
v 0.05413074418902397 1.5421416759490967 0.07626338303089142 
v 0.049451153725385666 1.5339090824127197 0.06087496504187584 
v 0.05892574414610863 1.560638189315796 0.0695992037653923 
v 0.05520020052790642 1.5510821342468262 0.05058121308684349 
v 0.06254696100950241 1.5734381675720215 0.06208176165819168 
v 0.0595601461827755 1.569962501525879 0.04751817509531975 
v 0.07085822522640228 1.574791669845581 0.04874563589692116 
v 0.06443817168474197 1.5809714794158936 0.03761403262615204 
v 0.07713686674833298 1.5848464965820312 0.0368378683924675 
v 0.06822352856397629 1.5903959274291992 0.032960791140794754 
v 0.07980688661336899 1.593045711517334 0.03083457052707672 
v 0.07059555500745773 1.6000256538391113 0.029207972809672356 
v 0.08377585560083389 1.6029763221740723 0.02805042825639248 
v 0.07272898405790329 1.6129131317138672 0.029946601018309593 
v 0.08415179699659348 1.616614818572998 0.030606260523200035 
v 0.07099156081676483 1.6247520446777344 0.04008646309375763 
v 0.0757875144481659 1.6247413158416748 0.04003463312983513 
v 0.07071582227945328 1.6166903972625732 0.05387169122695923 
v 0.07712096720933914 1.6116533279418945 0.0421300083398819 
v 0.07151452451944351 1.6078157424926758 0.04891665652394295 
v 0.06911810487508774 1.6005024909973145 0.03961871936917305 
v 0.069365493953228 1.5992507934570312 0.051987726241350174 
v 0.06938974559307098 1.5889753103256226 0.05168827250599861 
v 0.06840290129184723 1.606635332107544 0.05852150917053223 
v 0.06735067814588547 1.5895811319351196 0.05890518054366112 
v 0.06668415665626526 1.5974667072296143 0.06518444418907166 
v 0.0642622709274292 1.5753653049468994 0.058341123163700104 
v 0.025997281074523926 1.552091121673584 0.13810129463672638 
v 0.020625723525881767 1.564057469367981 0.14314499497413635 
v 0.014516144059598446 1.5573863983154297 0.14891396462917328 
v 0.012219681404531002 1.5629595518112183 0.15063892304897308 
v 0.004567042924463749 1.5586600303649902 0.1556532382965088 
v 0.004886276554316282 1.56184983253479 0.15510906279087067 
v 0 1.5575010776519775 0.1563645303249359 
v 0 1.561640739440918 0.15519152581691742 
v -0.004886276554316282 1.56184983253479 0.15510906279087067 
v -0.003555509028956294 1.5694389343261719 0.15584954619407654 
v -0.008444786071777344 1.5722252130508423 0.15025052428245544 
v -0.008450881578028202 1.5761858224868774 0.151695117354393 
v -0.01310617197304964 1.5744893550872803 0.14641748368740082 
v -0.012407679110765457 1.5770184993743896 0.1521059274673462 
v -0.013653119094669819 1.5857985019683838 0.14723899960517883 
v -0.014128847979009151 1.5817559957504272 0.1515268087387085 
v -0.011653968133032322 1.5840520858764648 0.15991328656673431 
v -0.008719340898096561 1.5790183544158936 0.16323859989643097 
v -0.007041278760880232 1.5778181552886963 0.1600203663110733 
v -0.0032541227992624044 1.5759894847869873 0.16449937224388123 
v -0.0032542904373258352 1.5749330520629883 0.15887850522994995 
v 0 1.5703952312469482 0.15733620524406433 
v 0.003555509028956294 1.5694389343261719 0.15584954619407654 
v 0.008444786071777344 1.5722252130508423 0.15025052428245544 
v 0.0032542904373258352 1.5749330520629883 0.15887850522994995 
v 0 1.5741676092147827 0.16219063103199005 
v 0 1.5758163928985596 0.16659319400787354 
v -0.0052131409756839275 1.5791212320327759 0.16749243438243866 
v -0.010143411345779896 1.5917394161224365 0.1555936187505722 
v -0.015324542298913002 1.6012039184570312 0.1422133445739746 
v -0.01893588900566101 1.6100289821624756 0.13757488131523132 
v -0.01418114360421896 1.6173280477523804 0.13713811337947845 
v -0.02869490347802639 1.6078929901123047 0.1357230246067047 
v -0.04190584272146225 1.6096749305725098 0.12951865792274475 
v -0.051164086908102036 1.6213899850845337 0.12648577988147736 
v -0.04297379404306412 1.6298714876174927 0.13864533603191376 
v -0.03269360587000847 1.630918025970459 0.14352713525295258 
v -0.012488150037825108 1.6379735469818115 0.15038761496543884 
v 0 1.6218299865722656 0.1484159231185913 
v 0 1.6061556339263916 0.15701553225517273 
v 0.005367951467633247 1.6234928369522095 0.1466159075498581 
v 0.004590801429003477 1.6065642833709717 0.15463094413280487 
v 0.009494229219853878 1.60469651222229 0.14887987077236176 
v 0.0051325117237865925 1.5937261581420898 0.1650732159614563 
v 0.010143411345779896 1.5917394161224365 0.1555936187505722 
v 0.011653968133032322 1.5840520858764648 0.15991328656673431 
v 0.014128847979009151 1.5817559957504272 0.1515268087387085 
v 0.0714104026556015 1.5804681777954102 0.05221870541572571 
v 0.0707513689994812 1.5917840003967285 0.04335777461528778 
v 0.07408998161554337 1.580580234527588 0.0482429638504982 
v 0.0745556652545929 1.5840239524841309 0.03874370455741882 
v 0.07886108011007309 1.592466115951538 0.03783900663256645 
v 0.08110848069190979 1.6020781993865967 0.036178626120090485 
v 0.08126441389322281 1.6117545366287231 0.035815637558698654 
v -0.03426672890782356 1.5897715091705322 0.13505710661411285 
v -0.04878833889961243 1.5911674499511719 0.12623855471611023 
v -0.05919267609715462 1.6057004928588867 0.1100354939699173 
v -0.06231817603111267 1.621869683265686 0.10257065296173096 
v -0.05668165907263756 1.629343032836914 0.12228919565677643 
v -0.06133389100432396 1.6404707431793213 0.08752307295799255 
v -0.0575847402215004 1.6517674922943115 0.10612151771783829 
v -0.058465491980314255 1.6724045276641846 0.08592833578586578 
v -0.05229286104440689 1.680546522140503 0.10716181993484497 
v -0.054115574806928635 1.696993112564087 0.07927238196134567 
v -0.03914587199687958 1.6891772747039795 0.12339606136083603 
v -0.040585871785879135 1.7083826065063477 0.09684915095567703 
v -0.020746655762195587 1.6919400691986084 0.13367891311645508 
v -0.019236575812101364 1.7175402641296387 0.10151416063308716 
v 0 1.6964191198349 0.13417740166187286 
v 0 1.720166802406311 0.10283797234296799 
v 0.019236575812101364 1.7175402641296387 0.10151416063308716 
v 0 1.7290780544281006 0.061482954770326614 
v 0.018534628674387932 1.7267239093780518 0.060834016650915146 
v 0.017849162220954895 1.721911907196045 0.008750763721764088 
v 0.039201464504003525 1.7145392894744873 0.00790960993617773 
v 0.02280406653881073 1.701511025428772 -0.02552024833858013 
v 0.04166887328028679 1.6958718299865723 -0.01667427457869053 
v 0.024259664118289948 1.6812798976898193 -0.03830854967236519 
v 0.04128837212920189 1.6770737171173096 -0.028155336156487465 
v 0.03926743194460869 1.6521732807159424 -0.035585612058639526 
v 0.05390482768416405 1.6441431045532227 -0.01843954063951969 
v 0.049641307443380356 1.6235766410827637 -0.021349836140871048 
v 0.06254745274782181 1.6147284507751465 0.000930478039663285 
v 0.05838049575686455 1.5954864025115967 0.0033235580194741488 
v 0.03961823135614395 1.7184200286865234 0.0575505793094635 
v 0.05191028118133545 1.7043862342834473 0.010987162590026855 
v 0.05552784353494644 1.6923024654388428 -0.0007531479350291193 
v 0.0561816580593586 1.671647310256958 -0.011050567962229252 
v 0.06688567250967026 1.63478422164917 0.00720673892647028 
v 0.06884336471557617 1.66697359085083 0.017694436013698578 
v 0.06430759280920029 1.687751293182373 0.0276643093675375 
v 0.05541804060339928 1.7035088539123535 0.044478703290224075 
v 0.040585871785879135 1.7083826065063477 0.09684915095567703 
v 0.020746655762195587 1.6919400691986084 0.13367891311645508 
v 0 1.6645015478134155 0.1472780555486679 
v -0.01592233031988144 1.6632602214813232 0.14653365314006805 
v -0.03623289614915848 1.663676381111145 0.1389346867799759 
v -0.03403180465102196 1.6399259567260742 0.14594964683055878 
v -0.048491090536117554 1.638683557510376 0.1355172097682953 
v -0.04903396591544151 1.659195065498352 0.12597601115703583 
v 0.0718727856874466 1.6413445472717285 0.036885105073451996 
v 0.07013765722513199 1.620983362197876 0.05506747588515282 
v 0.06779496371746063 1.611228585243225 0.06388933956623077 
v 0.06957145780324936 1.636530876159668 0.055897098034620285 
v 0.0662364587187767 1.6244771480560303 0.06974441558122635 
v 0.06449369341135025 1.6529839038848877 0.0688474252820015 
v 0.06133389100432396 1.6404707431793213 0.08752307295799255 
v 0.058465491980314255 1.6724045276641846 0.08592833578586578 
v 0.0575847402215004 1.6517674922943115 0.10612151771783829 
v 0.05229286104440689 1.680546522140503 0.10716181993484497 
v 0.04903396591544151 1.659195065498352 0.12597601115703583 
v 0.03914587199687958 1.6891772747039795 0.12339606136083603 
v 0.03623289614915848 1.663676381111145 0.1389346867799759 
v 0.01592233031988144 1.6632602214813232 0.14653365314006805 
v 0.012488150037825108 1.6379735469818115 0.15038761496543884 
v 0 1.6364778280258179 0.15015864372253418 
v 0.06521734595298767 1.6076178550720215 0.08200176805257797 
v 0.06231817603111267 1.621869683265686 0.10257065296173096 
v 0.05668165907263756 1.629343032836914 0.12228919565677643 
v 0.051164086908102036 1.6213899850845337 0.12648577988147736 
v 0.048491090536117554 1.638683557510376 0.1355172097682953 
v 0.04297379404306412 1.6298714876174927 0.13864533603191376 
v 0.03403180465102196 1.6399259567260742 0.14594964683055878 
v 0.03269360587000847 1.630918025970459 0.14352713525295258 
v 0.01803743652999401 1.6287518739700317 0.14488589763641357 
v 0.009194492362439632 1.6172853708267212 0.13885726034641266 
v 0.015324542298913002 1.6012039184570312 0.1422133445739746 
v 0.0607396624982357 1.5744707584381104 0.08315370231866837 
v 0.06082700565457344 1.588547945022583 0.0944819226861 
v 0.05230791121721268 1.5583064556121826 0.10007969290018082 
v 0.05139995738863945 1.5766215324401855 0.11564719676971436 
v 0.05919267609715462 1.6057004928588867 0.1100354939699173 
v 0.04878833889961243 1.5911674499511719 0.12623855471611023 
v 0.02869490347802639 1.6078929901123047 0.1357230246067047 
v 0.01893588900566101 1.6100289821624756 0.13757488131523132 
v 0.022660885006189346 1.6130177974700928 0.139047771692276 
v 0.01418114360421896 1.6173280477523804 0.13713811337947845 
v 0.018250053748488426 1.6178187131881714 0.1368861347436905 
v 0.022405503317713737 1.6212189197540283 0.13786427676677704 
v 0.018639840185642242 1.618119716644287 0.13587042689323425 
v 0.022431759163737297 1.6214401721954346 0.13728445768356323 
v 0.020985055714845657 1.6232926845550537 0.1411261111497879 
v 0.0314374677836895 1.625701904296875 0.1407463699579239 
v 0.03959858417510986 1.625295877456665 0.13711011409759521 
v 0.04766623303294182 1.620228886604309 0.12843433022499084 
v 0.04027320444583893 1.612790584564209 0.1321895569562912 
v 0.04190584272146225 1.6096749305725098 0.12951865792274475 
v 0.03110009804368019 1.6118919849395752 0.13869495689868927 
v 0.031548112630844116 1.6229617595672607 0.13869409263134003 
v 0.03891771659255028 1.6216235160827637 0.13817442953586578 
v 0.04336126148700714 1.6192065477371216 0.13107284903526306 
v 0.040086254477500916 1.6149241924285889 0.1339416354894638 
v 0.032773200422525406 1.614866018295288 0.13951650261878967 
v 0.025859544053673744 1.6151695251464844 0.13941322267055511 
v 0.02622000314295292 1.6158528327941895 0.13704398274421692 
v 0.032030317932367325 1.6155316829681396 0.13641060888767242 
v 0.03797748684883118 1.6162077188491821 0.13193029165267944 
v 0.04167798161506653 1.6196298599243164 0.130745068192482 
v 0.03787895664572716 1.621760606765747 0.1348419040441513 
v 0.03155827522277832 1.6227726936340332 0.1375296711921692 
v 0 1.7290780544281006 0.061482954770326614 
v -0.018534628674387932 1.7267239093780518 0.060834016650915146 
v -0.03961823135614395 1.7184200286865234 0.0575505793094635 
v -0.039201464504003525 1.7145392894744873 0.00790960993617773 
v -0.05191028118133545 1.7043862342834473 0.010987162590026855 
v -0.04166887328028679 1.6958718299865723 -0.01667427457869053 
v -0.05552784353494644 1.6923024654388428 -0.0007531479350291193 
v -0.04128837212920189 1.6770737171173096 -0.028155336156487465 
v -0.0561816580593586 1.671647310256958 -0.011050567962229252 
v -0.05390482768416405 1.6441431045532227 -0.01843954063951969 
v -0.06688567250967026 1.63478422164917 0.00720673892647028 
v -0.06254745274782181 1.6147284507751465 0.000930478039663285 
v -0.07059555500745773 1.6000256538391113 0.029207972809672356 
v -0.06822352856397629 1.5903959274291992 0.032960791140794754 
v -0.07980688661336899 1.593045711517334 0.03083457052707672 
v -0.07713686674833298 1.5848464965820312 0.0368378683924675 
v -0.0745556652545929 1.5840239524841309 0.03874370455741882 
v -0.07085822522640228 1.574791669845581 0.04874563589692116 
v -0.07408998161554337 1.580580234527588 0.0482429638504982 
v -0.0714104026556015 1.5804681777954102 0.05221870541572571 
v -0.0707513689994812 1.5917840003967285 0.04335777461528778 
v -0.06938974559307098 1.5889753103256226 0.05168827250599861 
v -0.06911810487508774 1.6005024909973145 0.03961871936917305 
v -0.069365493953228 1.5992507934570312 0.051987726241350174 
v -0.07151452451944351 1.6078157424926758 0.04891665652394295 
v -0.06840290129184723 1.606635332107544 0.05852150917053223 
v -0.07071582227945328 1.6166903972625732 0.05387169122695923 
v -0.07013765722513199 1.620983362197876 0.05506747588515282 
v -0.07099156081676483 1.6247520446777344 0.04008646309375763 
v -0.0718727856874466 1.6413445472717285 0.036885105073451996 
v -0.06884336471557617 1.66697359085083 0.017694436013698578 
v -0.06443817168474197 1.5809714794158936 0.03761403262615204 
v -0.05838049575686455 1.5954864025115967 0.0033235580194741488 
v -0.049641307443380356 1.6235766410827637 -0.021349836140871048 
v -0.03926743194460869 1.6521732807159424 -0.035585612058639526 
v -0.024259664118289948 1.6812798976898193 -0.03830854967236519 
v -0.02280406653881073 1.701511025428772 -0.02552024833858013 
v -0.017849162220954895 1.721911907196045 0.008750763721764088 
v -0.02392118237912655 1.6558973789215088 -0.044009607285261154 
v -0.03550358861684799 1.629918098449707 -0.036941953003406525 
v -0.046826910227537155 1.6023297309875488 -0.018011964857578278 
v -0.056305594742298126 1.581213355064392 0.01005394198000431 
v -0.0595601461827755 1.569962501525879 0.04751817509531975 
v -0.06254696100950241 1.5734381675720215 0.06208176165819168 
v -0.0642622709274292 1.5753653049468994 0.058341123163700104 
v -0.06668415665626526 1.5974667072296143 0.06518444418907166 
v -0.06735067814588547 1.5895811319351196 0.05890518054366112 
v -0.022714028134942055 1.6344966888427734 -0.045253440737724304 
v -0.03229605033993721 1.610085129737854 -0.033257849514484406 
v -0.04348360002040863 1.579343557357788 -0.006703463848680258 
v -0.05467156693339348 1.5633082389831543 0.015608659945428371 
v -0.05520020052790642 1.5510821342468262 0.05058121308684349 
v -0.05892574414610863 1.560638189315796 0.0695992037653923 
v -0.0607396624982357 1.5744707584381104 0.08315370231866837 
v -0.05230791121721268 1.5583064556121826 0.10007969290018082 
v -0.06082700565457344 1.588547945022583 0.0944819226861 
v -0.05139995738863945 1.5766215324401855 0.11564719676971436 
v -0.06521734595298767 1.6076178550720215 0.08200176805257797 
v -0.06779496371746063 1.611228585243225 0.06388933956623077 
v -0.0662364587187767 1.6244771480560303 0.06974441558122635 
v -0.06957145780324936 1.636530876159668 0.055897098034620285 
v -0.06449369341135025 1.6529839038848877 0.0688474252820015 
v -0.06844797730445862 1.661508321762085 0.045668188482522964 
v -0.06373602896928787 1.6804413795471191 0.057902850210666656 
v -0.05541804060339928 1.7035088539123535 0.044478703290224075 
v -0.06430759280920029 1.687751293182373 0.0276643093675375 
v 0 1.7244163751602173 0.00508871441707015 
v 0 1.704878330230713 -0.023751266300678253 
v 0 1.6845093965530396 -0.04169949144124985 
v 0 1.6600524187088013 -0.05137580633163452 
v 0.02392118237912655 1.6558973789215088 -0.044009607285261154 
v 0.03550358861684799 1.629918098449707 -0.036941953003406525 
v 0.046826910227537155 1.6023297309875488 -0.018011964857578278 
v 0.056305594742298126 1.581213355064392 0.01005394198000431 
v 0.05467156693339348 1.5633082389831543 0.015608659945428371 
v 0.04348360002040863 1.579343557357788 -0.006703463848680258 
v 0.03229605033993721 1.610085129737854 -0.033257849514484406 
v 0.022714028134942055 1.6344966888427734 -0.045253440737724304 
v 0 1.637198567390442 -0.05127141624689102 
v 0.04121760278940201 1.5572569370269775 -0.00026190170319750905 
v 0.029153669252991676 1.5791301727294922 -0.019834397360682487 
v 0.02105204574763775 1.6132574081420898 -0.040912285447120667 
v 0 1.6166698932647705 -0.04915441572666168 
v 0.03018464520573616 1.5535438060760498 -0.011957249604165554 
v 0.018163802102208138 1.581095576286316 -0.028558915480971336 
v 0 1.5823309421539307 -0.03446720167994499 
v 0.016954822465777397 1.5557537078857422 -0.02126559056341648 
v 0 1.5596697330474854 -0.02536443993449211 
v 0.017809409648180008 1.529535174369812 -0.02089381404221058 
v 0 1.528354287147522 -0.02384403720498085 
v 0.03758498653769493 1.5318055152893066 -0.005852364934980869 
v 0.04691893234848976 1.5330312252044678 0.005404151510447264 
v 0.05557125806808472 1.5414576530456543 0.025709334760904312 
v 0.05196354538202286 1.524773359298706 0.04140005633234978 
v 0.04119754210114479 1.5111029148101807 0.060185741633176804 
v 0.035993244498968124 1.5163596868515015 0.08222402632236481 
v 0.026378083974123 1.501630187034607 0.07684765011072159 
v 0.02322813682258129 1.5073621273040771 0.09626452624797821 
v 0.01007898896932602 1.4932606220245361 0.08673398941755295 
v 0.00901156198233366 1.5008571147918701 0.10302533209323883 
v 0 1.4915947914123535 0.08777658641338348 
v 0 1.499974250793457 0.10425946116447449 
v -0.00901156198233366 1.5008571147918701 0.10302533209323883 
v -0.008252672851085663 1.5043551921844482 0.12034996598958969 
v -0.02322813682258129 1.5073621273040771 0.09626452624797821 
v -0.018587348982691765 1.508786916732788 0.1184617429971695 
v -0.035993244498968124 1.5163596868515015 0.08222402632236481 
v -0.025402186438441277 1.5149452686309814 0.11960197985172272 
v -0.043554890900850296 1.5270733833312988 0.09681520611047745 
v -0.02970212697982788 1.5229136943817139 0.12247278541326523 
v -0.031472403556108475 1.5481709241867065 0.13344188034534454 
v -0.024336323142051697 1.542259931564331 0.13677775859832764 
v -0.02265467867255211 1.5451457500457764 0.13824203610420227 
v -0.01514051016420126 1.541654109954834 0.14287333190441132 
v -0.019822901114821434 1.5468504428863525 0.1403741091489792 
v -0.015461220405995846 1.5460941791534424 0.14412973821163177 
v -0.018922975286841393 1.548344373703003 0.1405584067106247 
v -0.01465799193829298 1.550117015838623 0.14190466701984406 
v -0.020404919981956482 1.5493146181106567 0.13710089027881622 
v -0.014990076422691345 1.5502111911773682 0.13734900951385498 
v -0.01007898896932602 1.4932606220245361 0.08673398941755295 
v -0.026378083974123 1.501630187034607 0.07684765011072159 
v -0.04119754210114479 1.5111029148101807 0.060185741633176804 
v -0.049451153725385666 1.5339090824127197 0.06087496504187584 
v -0.05196354538202286 1.524773359298706 0.04140005633234978 
v -0.05557125806808472 1.5414576530456543 0.025709334760904312 
v -0.04691893234848976 1.5330312252044678 0.005404151510447264 
v -0.04121760278940201 1.5572569370269775 -0.00026190170319750905 
v -0.03758498653769493 1.5318055152893066 -0.005852364934980869 
v -0.03018464520573616 1.5535438060760498 -0.011957249604165554 
v -0.017809409648180008 1.529535174369812 -0.02089381404221058 
v -0.016954822465777397 1.5557537078857422 -0.02126559056341648 
v 0 1.528354287147522 -0.02384403720498085 
v 0 1.5596697330474854 -0.02536443993449211 
v -0.05413074418902397 1.5421416759490967 0.07626338303089142 
v -0.043093737214803696 1.5496889352798462 0.11634675413370132 
v -0.03981950134038925 1.569907784461975 0.12876585125923157 
v -0.031131401658058167 1.5585907697677612 0.13608244061470032 
v -0.025997281074523926 1.552091121673584 0.13810129463672638 
v -0.020625723525881767 1.564057469367981 0.14314499497413635 
v -0.014516144059598446 1.5573863983154297 0.14891396462917328 
v -0.012219681404531002 1.5629595518112183 0.15063892304897308 
v -0.004567042924463749 1.5586600303649902 0.1556532382965088 
v -0.006014690268784761 1.5542876720428467 0.15312989056110382 
v -0.014754529111087322 1.5539867877960205 0.14857397973537445 
v -0.021952249109745026 1.5513556003570557 0.14053469896316528 
v -0.022724807262420654 1.5496530532836914 0.1382332295179367 
v -0.021616356447339058 1.5499675273895264 0.1386326253414154 
v -0.02223329246044159 1.5498744249343872 0.13514147698879242 
v -0.021352417767047882 1.5491337776184082 0.13734941184520721 
v -0.020812705159187317 1.5507489442825317 0.13996364176273346 
v -0.015176516957581043 1.5513639450073242 0.1447635442018509 
v -0.00736166862770915 1.5516393184661865 0.14811524748802185 
v 0 1.5514546632766724 0.14959484338760376 
v 0 1.5545812845230103 0.15471918880939484 
v 0.006014690268784761 1.5542876720428467 0.15312989056110382 
v -0.015205422416329384 1.551128625869751 0.14097188413143158 
v -0.007747667375952005 1.5510913133621216 0.14516763389110565 
v 0 1.5520341396331787 0.14547580480575562 
v 0.00736166862770915 1.5516393184661865 0.14811524748802185 
v 0.014754529111087322 1.5539867877960205 0.14857397973537445 
v 0.007747667375952005 1.5510913133621216 0.14516763389110565 
v 0.015176516957581043 1.5513639450073242 0.1447635442018509 
v 0.021952249109745026 1.5513556003570557 0.14053469896316528 
v 0.022724807262420654 1.5496530532836914 0.1382332295179367 
v 0.02602550946176052 1.5493686199188232 0.13710054755210876 
v 0.02265467867255211 1.5451457500457764 0.13824203610420227 
v 0.024336323142051697 1.542259931564331 0.13677775859832764 
v 0.02970212697982788 1.5229136943817139 0.12247278541326523 
v 0.022843223065137863 1.5213730335235596 0.12989866733551025 
v 0.025402186438441277 1.5149452686309814 0.11960197985172272 
v 0.01964385248720646 1.513322353363037 0.12697382271289825 
v 0.014065558090806007 1.5109126567840576 0.13119100034236908 
v 0.015504295937716961 1.5215646028518677 0.1374649852514267 
v 0.006872121244668961 1.5208964347839355 0.14363418519496918 
v 0.006379077676683664 1.5368270874023438 0.14392399787902832 
v 0 1.5373166799545288 0.14474843442440033 
v 0 1.5393880605697632 0.14637881517410278 
v -0.006379077676683664 1.5368270874023438 0.14392399787902832 
v -0.006952435709536076 1.5403869152069092 0.14577065408229828 
v -0.01621968485414982 1.538802981376648 0.1417486071586609 
v 0.018587348982691765 1.508786916732788 0.1184617429971695 
v 0.008252672851085663 1.5043551921844482 0.12034996598958969 
v 0 1.5033204555511475 0.11950262635946274 
v 0 1.5080618858337402 0.13528715074062347 
v -0.008145536296069622 1.5091606378555298 0.13379253447055817 
v -0.014065558090806007 1.5109126567840576 0.13119100034236908 
v -0.01964385248720646 1.513322353363037 0.12697382271289825 
v -0.022843223065137863 1.5213730335235596 0.12989866733551025 
v -0.015504295937716961 1.5215646028518677 0.1374649852514267 
v 0.008145536296069622 1.5091606378555298 0.13379253447055817 
v 0 1.5200892686843872 0.14531326293945312 
v -0.006872121244668961 1.5208964347839355 0.14363418519496918 
v 0.01621968485414982 1.538802981376648 0.1417486071586609 
v 0.006952435709536076 1.5403869152069092 0.14577065408229828 
v 0.007730796467512846 1.545788049697876 0.14837628602981567 
v 0 1.545318365097046 0.15012574195861816 
v 0.007366667967289686 1.5502827167510986 0.1464003622531891 
v 0 1.5509860515594482 0.14903603494167328 
v 0.007561238948255777 1.549475073814392 0.1438187211751938 
v 0 1.5497949123382568 0.1454952359199524 
v 0.01514051016420126 1.541654109954834 0.14287333190441132 
v 0.015461220405995846 1.5460941791534424 0.14412973821163177 
v 0.01465799193829298 1.550117015838623 0.14190466701984406 
v 0.014990076422691345 1.5502111911773682 0.13734900951385498 
v 0.019822901114821434 1.5468504428863525 0.1403741091489792 
v 0.018922975286841393 1.548344373703003 0.1405584067106247 
v 0.020404919981956482 1.5493146181106567 0.13710089027881622 
v 0.02223329246044159 1.5498744249343872 0.13514147698879242 
v 0.021616356447339058 1.5499675273895264 0.1386326253414154 
v 0.021352417767047882 1.5491337776184082 0.13734941184520721 
v 0.020812705159187317 1.5507489442825317 0.13996364176273346 
v 0.015205422416329384 1.551128625869751 0.14097188413143158 
v -0.007561238948255777 1.549475073814392 0.1438187211751938 
v -0.007366667967289686 1.5502827167510986 0.1464003622531891 
v -0.007730796467512846 1.545788049697876 0.14837628602981567 
v -0.02602550946176052 1.5493686199188232 0.13710054755210876 
v -0.029153669252991676 1.5791301727294922 -0.019834397360682487 
v -0.018163802102208138 1.581095576286316 -0.028558915480971336 
v 0 1.5823309421539307 -0.03446720167994499 
v -0.02105204574763775 1.6132574081420898 -0.040912285447120667 
v 0 1.6166698932647705 -0.04915441572666168 
v 0 1.637198567390442 -0.05127141624689102 
v 0 1.6600524187088013 -0.05137580633163452 
v 0 1.6845093965530396 -0.04169949144124985 
v 0 1.704878330230713 -0.023751266300678253 
v 0 1.7244163751602173 0.00508871441707015 
v -0.07886108011007309 1.592466115951538 0.03783900663256645 
v -0.08110848069190979 1.6020781993865967 0.036178626120090485 
v -0.08377585560083389 1.6029763221740723 0.02805042825639248 
v -0.08415179699659348 1.616614818572998 0.030606260523200035 
v -0.07272898405790329 1.6129131317138672 0.029946601018309593 
v -0.08126441389322281 1.6117545366287231 0.035815637558698654 
v -0.0757875144481659 1.6247413158416748 0.04003463312983513 
v -0.07712096720933914 1.6116533279418945 0.0421300083398819 
v 0.06844797730445862 1.661508321762085 0.045668188482522964 
v 0.06373602896928787 1.6804413795471191 0.057902850210666656 
v 0.054115574806928635 1.696993112564087 0.07927238196134567 
v -0.025829149410128593 1.5717638731002808 0.13926444947719574 
v -0.5406996607780457 0.992898166179657 0.37306296825408936 
v -0.5515277981758118 0.9699836373329163 0.3538624048233032 
v -0.5317400097846985 0.981281578540802 0.37125515937805176 
v -0.5390099287033081 0.9658139944076538 0.35831597447395325 
v -0.5194600820541382 0.9917529821395874 0.35224413871765137 
v -0.525626540184021 0.9729662537574768 0.3386891186237335 
v -0.5058550834655762 1.002558708190918 0.32908856868743896 
v -0.5101121068000793 0.9812570214271545 0.3159368336200714 
v -0.4995667338371277 0.9941532015800476 0.29112231731414795 
v -0.520102858543396 1.0015817880630493 0.2913055419921875 
v -0.5111424326896667 0.9791352152824402 0.3112114667892456 
v -0.5291390419006348 0.9924164414405823 0.30902528762817383 
v -0.5268175005912781 0.9704812169075012 0.3301229774951935 
v -0.5396406054496765 0.9817651510238647 0.3296189308166504 
v -0.5404488444328308 0.9629554748535156 0.34656885266304016 
v -0.5487729907035828 0.9725027680397034 0.3475276231765747 
v -0.5461133718490601 0.9429650902748108 0.3318926990032196 
v -0.5611933469772339 0.9462186694145203 0.32550352811813354 
v -0.5502666234970093 0.9577776789665222 0.3056913912296295 
v -0.5344451665878296 0.9532166123390198 0.31173062324523926 
v -0.5210277438163757 0.9650057554244995 0.28854551911354065 
v -0.5098294019699097 0.97441565990448 0.2679812014102936 
v -0.4869920313358307 1.0074193477630615 0.26819920539855957 
v -0.49988311529159546 0.9842861890792847 0.247740238904953 
v -0.47630396485328674 1.011443853378296 0.21248961985111237 
v -0.48762601613998413 1.009582757949829 0.20520171523094177 
v -0.47937312722206116 1.0199811458587646 0.1958901584148407 
v -0.49007853865623474 1.019424557685852 0.1896958202123642 
v -0.48010167479515076 1.0332142114639282 0.18257054686546326 
v -0.5377017855644226 0.9710709452629089 0.28290894627571106 
v -0.528650164604187 0.9806515574455261 0.2665137052536011 
v -0.5199381709098816 0.9673336744308472 0.27817514538764954 
v -0.5305278897285461 0.9616755247116089 0.2694912254810333 
v -0.5300254821777344 0.9602669477462769 0.2883475124835968 
v -0.5385063886642456 0.9537352323532104 0.280713826417923 
v -0.5419028997421265 0.9519458413124084 0.3003248870372772 
v -0.5479008555412292 0.9443857073783875 0.2939278483390808 
v -0.5498077273368835 0.9573174118995667 0.3016534149646759 
v -0.556937575340271 0.9422301054000854 0.2890104651451111 
v -0.5489007830619812 0.9506062269210815 0.2740115821361542 
v -0.5420753359794617 0.9577196836471558 0.26127365231513977 
v -0.5201348066329956 0.9721611738204956 0.2538743317127228 
v -0.531292736530304 0.9690081477165222 0.2413213700056076 
v -0.5119084119796753 0.9809368848800659 0.23920564353466034 
v -0.5239335894584656 0.9775875806808472 0.23067113757133484 
v -0.49894803762435913 1.0077215433120728 0.1979139894247055 
v -0.5305523872375488 1.0030523538589478 0.35269856452941895 
v -0.5192554593086243 1.013837456703186 0.3282649517059326 
v -0.5093706846237183 1.0235072374343872 0.3076751232147217 
v -0.4902169704437256 1.017689824104309 0.3076660633087158 
v -0.5046782493591309 1.006887435913086 0.3333643674850464 
v -0.49026355147361755 1.0319997072219849 0.32090187072753906 
v -0.5001395344734192 1.0225954055786133 0.3407135009765625 
v -0.5082404017448425 1.0369561910629272 0.3471490144729614 
v -0.5098668932914734 1.0129731893539429 0.3613332509994507 
v -0.517166793346405 1.027846097946167 0.36446213722229004 
v -0.5272912979125977 1.0172191858291626 0.3831028938293457 
v -0.5157747268676758 1.0005676746368408 0.3527895212173462 
v -0.5282996892929077 1.0054792165756226 0.34876132011413574 
v -0.5258744359016418 0.9942037463188171 0.37056100368499756 
v -0.5362690687179565 0.9982207417488098 0.3671836853027344 
v -0.5194374918937683 1.0043306350708008 0.37995243072509766 
v -0.5415610074996948 0.980005145072937 0.33402180671691895 
v -0.5300072431564331 0.9916225075721741 0.3110218346118927 
v -0.5341132879257202 0.9745688438415527 0.2753918468952179 
v -0.5413209795951843 0.9666460752487183 0.28745248913764954 
v -0.4743890166282654 1.0386258363723755 0.29317259788513184 
v -0.46556344628334045 1.0300261974334717 0.22913505136966705 
v -0.450793981552124 1.0703961849212646 0.2605993449687958 
v -0.448784738779068 1.0630042552947998 0.2375672459602356 
v -0.4530186057090759 1.0759475231170654 0.24273532629013062 
v -0.44815438985824585 1.078918218612671 0.2265440821647644 
v -0.45438918471336365 1.0876271724700928 0.22816401720046997 
v -0.4446435570716858 1.0826218128204346 0.22014373540878296 
v -0.4508782923221588 1.0913312435150146 0.22176365554332733 
v -0.4407735764980316 1.0864322185516357 0.22447174787521362 
v -0.4482548236846924 1.0968825817108154 0.22641560435295105 
v -0.4227270185947418 1.1054707765579224 0.1915731132030487 
v -0.4302082061767578 1.115921139717102 0.1935170590877533 
v -0.4328865110874176 1.1083999872207642 0.1855623424053192 
v -0.44191962480545044 1.0702083110809326 0.22492408752441406 
v -0.45141759514808655 1.04557204246521 0.20545649528503418 
v -0.458904892206192 1.0370509624481201 0.2169964462518692 
v -0.45883432030677795 1.0340230464935303 0.19470474123954773 
v -0.46866774559020996 1.0205371379852295 0.202084481716156 
v -0.46946802735328674 1.0336185693740845 0.1886375993490219 
v -0.4749565124511719 1.0403763055801392 0.1790679544210434 
v -0.4651400148868561 1.0390516519546509 0.18368622660636902 
v -0.4553234577178955 1.0377269983291626 0.18830440938472748 
v -0.44390106201171875 1.0481278896331787 0.2005891501903534 
v -0.438408762216568 1.0739123821258545 0.2185238003730774 
v -0.4332922101020813 1.075981855392456 0.22252792119979858 
v -0.4379928708076477 1.0472886562347412 0.2033441960811615 
v -0.45354166626930237 1.0331302881240845 0.1866215169429779 
v -0.465216726064682 1.0347057580947876 0.18112894892692566 
v -0.4768919050693512 1.0362812280654907 0.17563627660274506 
v -0.4471701681613922 1.0537444353103638 0.14823028445243835 
v -0.435494989156723 1.0521689653396606 0.1537228524684906 
v -0.41743531823158264 1.0686131715774536 0.17314600944519043 
v -0.41524553298950195 1.0950204133987427 0.18962931632995605 
v -0.4260505735874176 1.1015297174453735 0.18584369122982025 
v -0.4289475679397583 1.1004396677017212 0.18379755318164825 
v -0.426289826631546 1.0881800651550293 0.17636330425739288 
v -0.4335794448852539 1.0769908428192139 0.1658177226781845 
v -0.4456009864807129 1.0693950653076172 0.15617701411247253 
v -0.44617000222206116 1.0594316720962524 0.1501927375793457 
v -0.4515320658683777 1.0756524801254272 0.15061865746974945 
v -0.4554067552089691 1.0609022378921509 0.1459047794342041 
v -0.45884522795677185 1.055320382118225 0.14273759722709656 
v -0.5179575681686401 1.0153064727783203 0.32623720169067383 
v -0.45816245675086975 1.0869653224945068 0.24628949165344238 
v -0.4550820291042328 1.0786464214324951 0.26302191615104675 
v -0.4551953375339508 1.0712668895721436 0.270295113325119 
v -0.4669579863548279 1.0529524087905884 0.30160897970199585 
v -0.4781496524810791 1.045257568359375 0.2949475944042206 
v -0.4765528738498688 1.0575395822525024 0.30739879608154297 
v -0.4873471260070801 1.0577526092529297 0.304839551448822 
v -0.4843956530094147 1.0639753341674805 0.3099951148033142 
v -0.4945174753665924 1.0510135889053345 0.320709228515625 
v -0.46229830384254456 1.0852792263031006 0.26290151476860046 
v -0.4556533396244049 1.0784757137298584 0.2680201232433319 
v -0.45456838607788086 1.0871541500091553 0.28636571764945984 
v -0.45521727204322815 1.0778414011001587 0.29098817706108093 
v -0.4564651548862457 1.0925112962722778 0.3116697669029236 
v -0.45658597350120544 1.0838823318481445 0.31483325362205505 
v -0.459303617477417 1.0883604288101196 0.3375374674797058 
v -0.46875229477882385 1.0651872158050537 0.3305187225341797 
v -0.46964162588119507 1.0712522268295288 0.34484976530075073 
v -0.4771491587162018 1.0670408010482788 0.3370094299316406 
v -0.4770890176296234 1.0727956295013428 0.35330837965011597 
v -0.48293614387512207 1.0716480016708374 0.338742196559906 
v -0.48179158568382263 1.07589590549469 0.35222506523132324 
v -0.4837242662906647 1.0675482749938965 0.3234417140483856 
v -0.4766916334629059 1.0621252059936523 0.32097503542900085 
v -0.4677959978580475 1.0586671829223633 0.3151125907897949 
v -0.4627869129180908 1.0862834453582764 0.2673484981060028 
v -0.4604858458042145 1.0937278270721436 0.2867123484611511 
v -0.46167340874671936 1.097709059715271 0.3122784495353699 
v -0.45868968963623047 1.0976804494857788 0.3383157253265381 
v -0.4633150100708008 1.1008466482162476 0.3370388150215149 
v 0.29670798778533936 1.3113722801208496 -0.015405511483550072 
v 0.2116042822599411 1.3615684509277344 -0.05712136626243591 
v 0.2422581911087036 1.4062306880950928 -0.009031168185174465 
v 0.15951400995254517 1.3555107116699219 -0.06612838059663773 
v 0.18020658195018768 1.4353402853012085 -0.017934968695044518 
v 0.13078813254833221 1.346524715423584 -0.06943470984697342 
v 0.1184675469994545 1.4535009860992432 -0.014521071687340736 
v 0.10073981434106827 1.320890188217163 -0.08155467361211777 
v 0.0741104930639267 1.4341018199920654 -0.05517159774899483 
v 0.055024273693561554 1.323815107345581 -0.09128174185752869 
v 0.034956321120262146 1.4306864738464355 -0.055400293320417404 
v 0 1.3342171907424927 -0.07099814713001251 
v 0 1.4295001029968262 -0.05086905509233475 
v -0.034956321120262146 1.4306864738464355 -0.055400293320417404 
v -0.02957596257328987 1.4630955457687378 -0.04012957215309143 
v -0.05215131863951683 1.4699825048446655 -0.03293153643608093 
v -0.028641652315855026 1.4656703472137451 -0.03402947261929512 
v -0.051174603402614594 1.4706034660339355 -0.02720167674124241 
v 0 1.4619871377944946 -0.0412042997777462 
v 0.02957596257328987 1.4630955457687378 -0.04012957215309143 
v 0.05215130373835564 1.4699825048446655 -0.03293153643608093 
v 0.07943402975797653 1.4750900268554688 -0.011592915281653404 
v 0.028641654178500175 1.4656703472137451 -0.03402947261929512 
v 0 1.4635015726089478 -0.0365745984017849 
v 0.051174603402614594 1.4706034660339355 -0.027201678603887558 
v 0.07788045704364777 1.4737944602966309 -0.007777012884616852 
v -0.07788045704364777 1.4737944602966309 -0.007777013815939426 
v -0.07943402975797653 1.4750900268554688 -0.011592915281653404 
v -0.0741104930639267 1.4341018199920654 -0.05517159774899483 
v -0.055024273693561554 1.323815107345581 -0.09128174185752869 
v 0 1.265569806098938 -0.07508733868598938 
v 0.06248116493225098 1.244555115699768 -0.08505197614431381 
v 0.10665678977966309 1.246882438659668 -0.06545165926218033 
v 0.10625257343053818 1.2000621557235718 -0.054373849183321 
v 0.12988346815109253 1.1977123022079468 0.010234116576611996 
v 0.126186802983284 1.1652244329452515 0.017096174880862236 
v 0.13069306313991547 1.2211556434631348 0.04347153380513191 
v 0.12675754725933075 1.177432656288147 0.049579620361328125 
v 0.14125142991542816 1.2322129011154175 -0.0001613871136214584 
v 0.15676215291023254 1.275854468345642 -0.007531697396188974 
v 0.16108077764511108 1.2970716953277588 -0.01649470254778862 
v 0.28554823994636536 1.2826387882232666 -0.04010505974292755 
v 0.289824903011322 1.3075838088989258 -0.012334357015788555 
v 0.1513097584247589 1.289179801940918 0.05457749962806702 
v 0.14308695495128632 1.2605156898498535 0.04923421889543533 
v 0.15639559924602509 1.2986613512039185 0.05155434086918831 
v 0.23863273859024048 1.2311373949050903 0.01720883883535862 
v 0.24124985933303833 1.2318756580352783 -0.02767457626760006 
v 0.28143373131752014 1.2832006216049194 -0.032507847994565964 
v 0.24235618114471436 1.2389556169509888 -0.02368689328432083 
v 0.24018533527851105 1.2381069660186768 0.014539891853928566 
v -0.1184675469994545 1.4535009860992432 -0.014521071687340736 
v -0.10073981434106827 1.320890188217163 -0.08155467361211777 
v -0.13078813254833221 1.346524715423584 -0.06943470984697342 
v -0.10665678977966309 1.246882438659668 -0.06545165926218033 
v -0.14125142991542816 1.2322129011154175 -0.0001613871136214584 
v -0.12988346815109253 1.1977123022079468 0.010234116576611996 
v -0.13069306313991547 1.2211556434631348 0.04347153380513191 
v -0.126186802983284 1.1652244329452515 0.017096174880862236 
v -0.12675754725933075 1.177432656288147 0.049579620361328125 
v -0.12456496059894562 1.135369062423706 0.025795644149184227 
v -0.12093966454267502 1.14560866355896 0.06097005680203438 
v -0.13837577402591705 1.0729533433914185 0.0175652876496315 
v -0.13121886551380157 1.0819505453109741 0.06931892782449722 
v -0.13838361203670502 1.029083013534546 -0.010568298399448395 
v -0.1496218889951706 1.0180799961090088 0.04550297185778618 
v -0.1404644250869751 0.9846413731575012 -0.02822813205420971 
v -0.15958793461322784 0.9801962971687317 0.039186712354421616 
v -0.1707720011472702 0.9399944543838501 0.03501478210091591 
v -0.10009527206420898 1.0311654806137085 -0.048311132937669754 
v -0.1074739620089531 1.0782076120376587 -0.02501632831990719 
v -0.10909690707921982 1.1294400691986084 -0.024467824026942253 
v -0.10934659093618393 1.156754970550537 -0.03541162237524986 
v -0.10625257343053818 1.2000621557235718 -0.054373849183321 
v -0.06641335785388947 1.19765043258667 -0.0787159726023674 
v -0.06248116493225098 1.244555115699768 -0.08505197614431381 
v 0 1.2070118188858032 -0.07253439724445343 
v -0.18020658195018768 1.4353402853012085 -0.017934968695044518 
v -0.15951400995254517 1.3555107116699219 -0.06612838059663773 
v -0.2422581911087036 1.4062306880950928 -0.009031168185174465 
v -0.2116042822599411 1.3615684509277344 -0.05712136626243591 
v -0.29670798778533936 1.3113722801208496 -0.015405511483550072 
v -0.28554823994636536 1.2826387882232666 -0.04010505974292755 
v -0.289824903011322 1.3075838088989258 -0.012334357015788555 
v -0.28143373131752014 1.2832006216049194 -0.032507847994565964 
v -0.16108077764511108 1.2970716953277588 -0.01649470254778862 
v -0.15676215291023254 1.275854468345642 -0.007531697396188974 
v -0.14308695495128632 1.2605156898498535 0.04923421889543533 
v -0.1513097584247589 1.289179801940918 0.05457749962806702 
v -0.15639559924602509 1.2986613512039185 0.05155434086918831 
v -0.23863273859024048 1.2311373949050903 0.01720883883535862 
v -0.24124985933303833 1.2318756580352783 -0.02767457626760006 
v -0.24018533527851105 1.2381069660186768 0.014539891853928566 
v -0.24235618114471436 1.2389556169509888 -0.02368689328432083 
v 0.5093706846237183 1.0235072374343872 0.3076751232147217 
v 0.5179575681686401 1.0153064727783203 0.32623720169067383 
v 0.5046782493591309 1.006887435913086 0.3333643674850464 
v 0.5282996892929077 1.0054792165756226 0.34876132011413574 
v 0.5157747268676758 1.0005676746368408 0.3527895212173462 
v 0.5258744359016418 0.9942037463188171 0.37056100368499756 
v 0.5098668932914734 1.0129731893539429 0.3613332509994507 
v 0.5194374918937683 1.0043306350708008 0.37995243072509766 
v 0.5272912979125977 1.0172191858291626 0.3831028938293457 
v 0.5362690687179565 0.9982207417488098 0.3671836853027344 
v 0.517166793346405 1.027846097946167 0.36446213722229004 
v 0.5082404017448425 1.0369561910629272 0.3471490144729614 
v 0.5001395344734192 1.0225954055786133 0.3407135009765625 
v 0.49026355147361755 1.0319997072219849 0.32090187072753906 
v 0.4902169704437256 1.017689824104309 0.3076660633087158 
v 0.5058550834655762 1.002558708190918 0.32908856868743896 
v 0.5192554593086243 1.013837456703186 0.3282649517059326 
v 0.5194600820541382 0.9917529821395874 0.35224413871765137 
v 0.5305523872375488 1.0030523538589478 0.35269856452941895 
v 0.5317400097846985 0.981281578540802 0.37125515937805176 
v 0.5406996607780457 0.992898166179657 0.37306296825408936 
v 0.5515277981758118 0.9699836373329163 0.3538624048233032 
v 0.4945174753665924 1.0510135889053345 0.320709228515625 
v 0.4873471260070801 1.0577526092529297 0.304839551448822 
v 0.4781496524810791 1.045257568359375 0.2949475944042206 
v 0.4765528738498688 1.0575395822525024 0.30739879608154297 
v 0.4669579863548279 1.0529524087905884 0.30160897970199585 
v 0.4677959978580475 1.0586671829223633 0.3151125907897949 
v 0.45521727204322815 1.0778414011001587 0.29098817706108093 
v 0.45658597350120544 1.0838823318481445 0.31483325362205505 
v 0.4564651548862457 1.0925112962722778 0.3116697669029236 
v 0.459303617477417 1.0883604288101196 0.3375374674797058 
v 0.45868968963623047 1.0976804494857788 0.3383157253265381 
v 0.4770890176296234 1.0727956295013428 0.35330837965011597 
v 0.48179158568382263 1.07589590549469 0.35222506523132324 
v 0.48293614387512207 1.0716480016708374 0.338742196559906 
v 0.45456838607788086 1.0871541500091553 0.28636571764945984 
v 0.4551953375339508 1.0712668895721436 0.270295113325119 
v 0.4743890166282654 1.0386258363723755 0.29317259788513184 
v 0.4869920313358307 1.0074193477630615 0.26819920539855957 
v 0.4995667338371277 0.9941532015800476 0.29112231731414795 
v 0.5101121068000793 0.9812570214271545 0.3159368336200714 
v 0.525626540184021 0.9729662537574768 0.3386891186237335 
v 0.5300072431564331 0.9916225075721741 0.3110218346118927 
v 0.5415610074996948 0.980005145072937 0.33402180671691895 
v 0.5390099287033081 0.9658139944076538 0.35831597447395325 
v 0.4633150100708008 1.1008466482162476 0.3370388150215149 
v 0.46167340874671936 1.097709059715271 0.3122784495353699 
v 0.4604858458042145 1.0937278270721436 0.2867123484611511 
v 0.4627869129180908 1.0862834453582764 0.2673484981060028 
v 0.4556533396244049 1.0784757137298584 0.2680201232433319 
v 0.46229830384254456 1.0852792263031006 0.26290151476860046 
v 0.4550820291042328 1.0786464214324951 0.26302191615104675 
v 0.45816245675086975 1.0869653224945068 0.24628949165344238 
v 0.4530186057090759 1.0759475231170654 0.24273532629013062 
v 0.45438918471336365 1.0876271724700928 0.22816401720046997 
v 0.44815438985824585 1.078918218612671 0.2265440821647644 
v 0.4446435570716858 1.0826218128204346 0.22014373540878296 
v 0.44191962480545044 1.0702083110809326 0.22492408752441406 
v 0.438408762216568 1.0739123821258545 0.2185238003730774 
v 0.44390106201171875 1.0481278896331787 0.2005891501903534 
v 0.4379928708076477 1.0472886562347412 0.2033441960811615 
v 0.45354166626930237 1.0331302881240845 0.1866215169429779 
v 0.435494989156723 1.0521689653396606 0.1537228524684906 
v 0.4471701681613922 1.0537444353103638 0.14823028445243835 
v 0.44617000222206116 1.0594316720962524 0.1501927375793457 
v 0.4554067552089691 1.0609022378921509 0.1459047794342041 
v 0.4515320658683777 1.0756524801254272 0.15061865746974945 
v 0.450793981552124 1.0703961849212646 0.2605993449687958 
v 0.448784738779068 1.0630042552947998 0.2375672459602356 
v 0.45141759514808655 1.04557204246521 0.20545649528503418 
v 0.4553234577178955 1.0377269983291626 0.18830440938472748 
v 0.465216726064682 1.0347057580947876 0.18112894892692566 
v 0.4768919050693512 1.0362812280654907 0.17563627660274506 
v 0.45884522795677185 1.055320382118225 0.14273759722709656 
v 0.4749565124511719 1.0403763055801392 0.1790679544210434 
v 0.4651400148868561 1.0390516519546509 0.18368622660636902 
v 0.45883432030677795 1.0340230464935303 0.19470474123954773 
v 0.458904892206192 1.0370509624481201 0.2169964462518692 
v 0.46556344628334045 1.0300261974334717 0.22913505136966705 
v 0.46866774559020996 1.0205371379852295 0.202084481716156 
v 0.46946802735328674 1.0336185693740845 0.1886375993490219 
v 0.48010167479515076 1.0332142114639282 0.18257054686546326 
v 0.47937312722206116 1.0199811458587646 0.1958901584148407 
v 0.47630396485328674 1.011443853378296 0.21248961985111237 
v 0.49007853865623474 1.019424557685852 0.1896958202123642 
v 0.48762601613998413 1.009582757949829 0.20520171523094177 
v 0.49988311529159546 0.9842861890792847 0.247740238904953 
v 0.5098294019699097 0.97441565990448 0.2679812014102936 
v 0.5210277438163757 0.9650057554244995 0.28854551911354065 
v 0.5111424326896667 0.9791352152824402 0.3112114667892456 
v 0.5344451665878296 0.9532166123390198 0.31173062324523926 
v 0.5268175005912781 0.9704812169075012 0.3301229774951935 
v 0.5461133718490601 0.9429650902748108 0.3318926990032196 
v 0.5404488444328308 0.9629554748535156 0.34656885266304016 
v 0.5487729907035828 0.9725027680397034 0.3475276231765747 
v 0.5396406054496765 0.9817651510238647 0.3296189308166504 
v 0.5291390419006348 0.9924164414405823 0.30902528762817383 
v 0.520102858543396 1.0015817880630493 0.2913055419921875 
v 0.4843956530094147 1.0639753341674805 0.3099951148033142 
v 0.4766916334629059 1.0621252059936523 0.32097503542900085 
v 0.46875229477882385 1.0651872158050537 0.3305187225341797 
v 0.4837242662906647 1.0675482749938965 0.3234417140483856 
v 0.4771491587162018 1.0670408010482788 0.3370094299316406 
v 0.46964162588119507 1.0712522268295288 0.34484976530075073 
v 0.4456009864807129 1.0693950653076172 0.15617701411247253 
v 0.4335794448852539 1.0769908428192139 0.1658177226781845 
v 0.41743531823158264 1.0686131715774536 0.17314600944519043 
v 0.426289826631546 1.0881800651550293 0.17636330425739288 
v 0.41524553298950195 1.0950204133987427 0.18962931632995605 
v 0.4260505735874176 1.1015297174453735 0.18584369122982025 
v 0.4227270185947418 1.1054707765579224 0.1915731132030487 
v 0.4328865110874176 1.1083999872207642 0.1855623424053192 
v 0.4302082061767578 1.115921139717102 0.1935170590877533 
v 0.4332922101020813 1.075981855392456 0.22252792119979858 
v 0.4407735764980316 1.0864322185516357 0.22447174787521362 
v 0.4508782923221588 1.0913312435150146 0.22176365554332733 
v 0.4482548236846924 1.0968825817108154 0.22641560435295105 
v 0.4289475679397583 1.1004396677017212 0.18379755318164825 
v 0.49894803762435913 1.0077215433120728 0.1979139894247055 
v 0.5119084119796753 0.9809368848800659 0.23920564353466034 
v 0.5201348066329956 0.9721611738204956 0.2538743317127228 
v 0.5305278897285461 0.9616755247116089 0.2694912254810333 
v 0.5199381709098816 0.9673336744308472 0.27817514538764954 
v 0.5300254821777344 0.9602669477462769 0.2883475124835968 
v 0.5341132879257202 0.9745688438415527 0.2753918468952179 
v 0.5413209795951843 0.9666460752487183 0.28745248913764954 
v 0.5239335894584656 0.9775875806808472 0.23067113757133484 
v 0.531292736530304 0.9690081477165222 0.2413213700056076 
v 0.5420753359794617 0.9577196836471558 0.26127365231513977 
v 0.5385063886642456 0.9537352323532104 0.280713826417923 
v 0.5419028997421265 0.9519458413124084 0.3003248870372772 
v 0.5498077273368835 0.9573174118995667 0.3016534149646759 
v 0.5489007830619812 0.9506062269210815 0.2740115821361542 
v 0.5479008555412292 0.9443857073783875 0.2939278483390808 
v 0.556937575340271 0.9422301054000854 0.2890104651451111 
v 0.528650164604187 0.9806515574455261 0.2665137052536011 
v 0.5377017855644226 0.9710709452629089 0.28290894627571106 
v 0.5502666234970093 0.9577776789665222 0.3056913912296295 
v 0.5611933469772339 0.9462186694145203 0.32550352811813354 
v 0.15958793461322784 0.9801962971687317 0.039186712354421616 
v 0.1707720011472702 0.9399944543838501 0.03501478210091591 
v 0.1404644250869751 0.9846413731575012 -0.02822813205420971 
v 0.1517721265554428 0.9262619018554688 -0.03380193933844566 
v 0.10160785913467407 0.9569917917251587 -0.07279223948717117 
v 0.11337196081876755 0.9006894826889038 -0.07172204554080963 
v 0.03231782466173172 0.9252438545227051 -0.07903074473142624 
v 0.04705623909831047 0.8735414743423462 -0.07727344334125519 
v 0 0.9289813041687012 -0.06834573298692703 
v 0 0.8741543889045715 -0.06243753805756569 
v -0.04705624282360077 0.8735414743423462 -0.07727344334125519 
v -0.04639407619833946 0.8762686848640442 -0.06966053694486618 
v -0.10708451271057129 0.9004456400871277 -0.06466662138700485 
v 0.16000962257385254 0.9399462342262268 0.032926276326179504 
v 0.14247749745845795 0.9236649870872498 -0.03093993104994297 
v 0.10708451271057129 0.9004456400871277 -0.06466662138700485 
v 0.04639407619833946 0.8762686848640442 -0.06966053694486618 
v 0 0.8762176632881165 -0.05533260852098465 
v 0.1496218889951706 1.0180799961090088 0.04550297185778618 
v 0.13838361203670502 1.029083013534546 -0.010568298399448395 
v 0.13121886551380157 1.0819505453109741 0.06931892782449722 
v 0.13837577402591705 1.0729533433914185 0.0175652876496315 
v 0.12093966454267502 1.14560866355896 0.06097005680203438 
v 0.12456496059894562 1.135369062423706 0.025795644149184227 
v 0.10009527206420898 1.0311654806137085 -0.048311132937669754 
v 0.1074739620089531 1.0782076120376587 -0.02501632831990719 
v 0.10909690707921982 1.1294400691986084 -0.024467824026942253 
v 0.10934659093618393 1.156754970550537 -0.03541162237524986 
v 0.06641335785388947 1.19765043258667 -0.0787159726023674 
v 0.03804554045200348 1.0006296634674072 -0.06620129197835922 
v 0.05956391617655754 1.0813381671905518 -0.04419403150677681 
v 0.07998786121606827 1.1247063875198364 -0.05223667621612549 
v 0.07644779235124588 1.155230164527893 -0.06544983386993408 
v 0 1.1588925123214722 -0.06551694124937057 
v 0 1.1202764511108398 -0.05073845386505127 
v 0 1.0855656862258911 -0.04530992731451988 
v 0 1.0024104118347168 -0.06014459580183029 
v -0.03804554045200348 1.0006296634674072 -0.06620129197835922 
v -0.03231782466173172 0.9252438545227051 -0.07903074473142624 
v -0.10160785913467407 0.9569917917251587 -0.07279223948717117 
v -0.1517721265554428 0.9262619018554688 -0.03380193933844566 
v -0.16000962257385254 0.9399462342262268 0.032926276326179504 
v -0.05956391617655754 1.0813381671905518 -0.04419403150677681 
v -0.07998786121606827 1.1247063875198364 -0.05223667621612549 
v -0.07644779235124588 1.155230164527893 -0.06544983386993408 
v -0.14247749745845795 0.9236649870872498 -0.03093993104994297 
v -0.11337196081876755 0.9006894826889038 -0.07172204554080963 
v 0.4873471260070801 1.0577526092529297 0.304839551448822 
v 0.49101918935775757 1.0691423416137695 0.3017103374004364 
v 0.4843956530094147 1.0639753341674805 0.3099951148033142 
v 0.4875503480434418 1.0741840600967407 0.3127072751522064 
v 0.4837242662906647 1.0675482749938965 0.3234417140483856 
v 0.48592767119407654 1.0774730443954468 0.3295103907585144 
v 0.48293614387512207 1.0716480016708374 0.338742196559906 
v 0.48398661613464355 1.080987572669983 0.34435367584228516 
v 0.48179158568382263 1.07589590549469 0.35222506523132324 
v 0.4633150100708008 1.1008466482162476 0.3370388150215149 
v 0.4724861681461334 1.099942922592163 0.33457309007644653 
v 0.47089672088623047 1.0969798564910889 0.3144761919975281 
v 0.4724186956882477 1.0918365716934204 0.2908434569835663 
v 0.4730352759361267 1.0880849361419678 0.2688217759132385 
v 0.4952255189418793 1.0661399364471436 0.29102620482444763 
v 0.47472676634788513 1.0878474712371826 0.25757044553756714 
v 0.48955702781677246 1.0774047374725342 0.24339169263839722 
v 0.46898311376571655 1.0859696865081787 0.23977777361869812 
v 0.4807138442993164 1.0830485820770264 0.23165243864059448 
v 0.46411895751953125 1.0889403820037842 0.2235865592956543 
v 0.47384876012802124 1.0902531147003174 0.21900920569896698 
v 0.4606080949306488 1.0926434993743896 0.21718625724315643 
v 0.4703378677368164 1.093956708908081 0.21260890364646912 
v 0.47160521149635315 1.1000335216522217 0.21543054282665253 
v 0.48966464400291443 1.0835891962051392 0.1960073709487915 
v 0.4535585343837738 1.1190720796585083 0.18253180384635925 
v 0.471618115901947 1.1026278734207153 0.1631086766719818 
v 0.4594308137893677 1.0963321924209595 0.1700851321220398 
v 0.4627668857574463 1.0876308679580688 0.1608632355928421 
v 0.486205518245697 1.0740114450454712 0.19236218929290771 
v 0.4923352301120758 1.0698295831680298 0.1970495581626892 
v 0.4998225271701813 1.0613086223602295 0.2085893154144287 
v 0.5064810514450073 1.054283857345581 0.2207278609275818 
v 0.5124971270561218 1.057570219039917 0.28000757098197937 
v 0.5300824046134949 1.0330407619476318 0.25938960909843445 
v 0.5221462249755859 1.0377341508865356 0.30175113677978516 
v 0.5404842495918274 1.01841139793396 0.28271520137786865 
v 0.5481575131416321 1.0051409006118774 0.3088890314102173 
v 0.520102858543396 1.0015817880630493 0.2913055419921875 
v 0.5300072431564331 0.9916225075721741 0.3110218346118927 
v 0.5097936391830444 1.0324676036834717 0.20628565549850464 
v 0.5008816719055176 1.0407602787017822 0.19611677527427673 
v 0.49104824662208557 1.0542465448379517 0.18873712420463562 
v 0.48753732442855835 1.0579501390457153 0.182336688041687 
v 0.49185457825660706 1.05718195438385 0.17952394485473633 
v 0.4947640001773834 1.028678059577942 0.1924806535243988 
v 0.48451629281044006 1.0416961908340454 0.1850573867559433 
v 0.4804648756980896 1.048071026802063 0.18049916625022888 
v 0.4847226142883301 1.0472198724746704 0.17767104506492615 
v 0.46725907921791077 1.0670729875564575 0.14492392539978027 
v 0.4738079607486725 1.0762211084365845 0.14662551879882812 
v 0.4631309509277344 1.069602608680725 0.14709484577178955 
v 0.4515320658683777 1.0756524801254272 0.15061865746974945 
v 0.4749565124511719 1.0403763055801392 0.1790679544210434 
v 0.48010167479515076 1.0332142114639282 0.18257054686546326 
v 0.49007853865623474 1.019424557685852 0.1896958202123642 
v 0.5037330389022827 1.0196940898895264 0.20221778750419617 
v 0.49894803762435913 1.0077215433120728 0.1979139894247055 
v 0.5280153155326843 0.9910486936569214 0.2362218052148819 
v 0.5239335894584656 0.9775875806808472 0.23067113757133484 
v 0.5357025861740112 0.979913592338562 0.24982084333896637 
v 0.531292736530304 0.9690081477165222 0.2413213700056076 
v 0.5420753359794617 0.9577196836471558 0.26127365231513977 
v 0.5345829725265503 1.0060698986053467 0.24131204187870026 
v 0.5385674238204956 0.9924494624137878 0.25550389289855957 
v 0.5464609861373901 0.9799429774284363 0.2709228992462158 
v 0.5450997352600098 0.9688023328781128 0.26562240719795227 
v 0.5519455075263977 0.9699867963790894 0.2819480001926422 
v 0.5520846247673035 0.9602383375167847 0.2770290672779083 
v 0.5584031939506531 0.9582629799842834 0.2949294149875641 
v 0.5603088140487671 0.9501550197601318 0.2904598116874695 
v 0.5498077273368835 0.9573174118995667 0.3016534149646759 
v 0.556937575340271 0.9422301054000854 0.2890104651451111 
v 0.5413209795951843 0.9666460752487183 0.28745248913764954 
v 0.5341132879257202 0.9745688438415527 0.2753918468952179 
v 0.528650164604187 0.9806515574455261 0.2665137052536011 
v 0.5490371584892273 0.9814333915710449 0.282687783241272 
v 0.5496143102645874 1.0004521608352661 0.30244410037994385 
v 0.5291390419006348 0.9924164414405823 0.30902528762817383 
v 0.46167340874671936 1.097709059715271 0.3122784495353699 
v 0.4604858458042145 1.0937278270721436 0.2867123484611511 
v 0.4627869129180908 1.0862834453582764 0.2673484981060028 
v 0.46229830384254456 1.0852792263031006 0.26290151476860046 
v 0.45816245675086975 1.0869653224945068 0.24628949165344238 
v 0.45438918471336365 1.0876271724700928 0.22816401720046997 
v 0.4508782923221588 1.0913312435150146 0.22176365554332733 
v 0.4599299430847168 1.0984580516815186 0.22092299163341522 
v 0.4482548236846924 1.0968825817108154 0.22641560435295105 
v 0.44188347458839417 1.1174966096878052 0.1880243867635727 
v 0.4302082061767578 1.115921139717102 0.1935170590877533 
v 0.4328865110874176 1.1083999872207642 0.1855623424053192 
v 0.44192641973495483 1.1110607385635376 0.18253323435783386 
v 0.4289475679397583 1.1004396677017212 0.18379755318164825 
v 0.4493933320045471 1.1024279594421387 0.17837092280387878 
v 0.5087258219718933 1.0494991540908813 0.3192095458507538 
v 0.530938982963562 1.026033878326416 0.32532429695129395 
v 0.5093706846237183 1.0235072374343872 0.3076751232147217 
v 0.5179575681686401 1.0153064727783203 0.32623720169067383 
v 0.4945174753665924 1.0510135889053345 0.320709228515625 
v 0.5082404017448425 1.0369561910629272 0.3471490144729614 
v 0.5218074917793274 1.0378271341323853 0.3435349464416504 
v 0.517166793346405 1.027846097946167 0.36446213722229004 
v 0.5292151570320129 1.0300735235214233 0.36061620712280273 
v 0.5370896458625793 1.0183833837509155 0.3784017562866211 
v 0.5448352694511414 1.006106972694397 0.3670485317707062 
v 0.5362690687179565 0.9982207417488098 0.3671836853027344 
v 0.5282996892929077 1.0054792165756226 0.34876132011413574 
v 0.5386735796928406 1.0149428844451904 0.34854745864868164 
v 0.5272912979125977 1.0172191858291626 0.3831028938293457 
v 0.4554067552089691 1.0609022378921509 0.1459047794342041 
v 0.45884522795677185 1.055320382118225 0.14273759722709656 
v 0.4768919050693512 1.0362812280654907 0.17563627660274506 
v 0.5377017855644226 0.9710709452629089 0.28290894627571106 
v 0.5604137182235718 0.967346727848053 0.3056629002094269 
v 0.5502666234970093 0.9577776789665222 0.3056913912296295 
v 0.5705970525741577 0.9544840455055237 0.32512834668159485 
v 0.5611933469772339 0.9462186694145203 0.32550352811813354 
v 0.5599266886711121 0.9760621786117554 0.34346914291381836 
v 0.5487729907035828 0.9725027680397034 0.3475276231765747 
v 0.5396406054496765 0.9817651510238647 0.3296189308166504 
v 0.5552499890327454 0.986262857913971 0.32325005531311035 
v 0.5489007830619812 0.9506062269210815 0.2740115821361542 
v 0.18220622837543488 0.004979520104825497 0.04276977479457855 
v 0.20607782900333405 0.0028531427960842848 0.04545190930366516 
v 0.187830850481987 0.0025341499131172895 0.07387325912714005 
v 0.21108056604862213 -0.000624939042609185 0.07683359831571579 
v 0.1859026998281479 -0.003181538777425885 0.10482058674097061 
v 0.21029599010944366 -0.003874770598486066 0.1076771467924118 
v 0.20585153996944427 -0.006292014382779598 0.13045741617679596 
v 0.2358216792345047 -0.006170584820210934 0.13006269931793213 
v 0.2338653951883316 -0.004409103654325008 0.15682807564735413 
v 0.23434172570705414 -0.003181538777425885 0.10640189796686172 
v 0.23002834618091583 0.0025341555010527372 0.07526180893182755 
v 0.22476507723331451 0.004979516379535198 0.044100984930992126 
v 0.2245783656835556 -0.0033794112969189882 0.017260625958442688 
v 0.20376814901828766 -0.0042274510487914085 0.017939776182174683 
v 0.1730167418718338 -0.0033794038463383913 0.015691425651311874 
v 0.20162375271320343 -0.004195298068225384 -0.005963966250419617 
v 0.22407110035419464 -0.0034627385903149843 -0.006009511649608612 
v 0.22262035310268402 -0.0035460658837109804 -0.026459872722625732 
v 0.19973807036876678 -0.004982571117579937 -0.026612579822540283 
v 0.2172578126192093 0.002881687832996249 -0.03788008540868759 
v 0.19830994307994843 0.002880443586036563 -0.04118333011865616 
v 0.16949771344661713 -0.003462727414444089 -0.00781329721212387 
v 0.1705973595380783 -0.0035460509825497866 -0.028195805847644806 
v 0.17681746184825897 0.0028816971462219954 -0.03914017975330353 
v 0.1756419986486435 -0.006170577369630337 0.12831324338912964 
v 0.20281346142292023 -0.0048672957345843315 0.15626150369644165 
v 0.16746024787425995 -0.0044090962037444115 0.15501996874809265 
v 0.1998598724603653 0.00015468969650100917 0.18682444095611572 
v 0.17110593616962433 0.00012107640213798732 0.18625757098197937 
v 0.17737354338169098 0.007929553277790546 0.20559069514274597 
v 0.22859464585781097 0.00012107640213798732 0.18792998790740967 
v 0.2190399318933487 0.007929553277790546 0.20680280029773712 
v 0.19765277206897736 0.008718469180166721 0.21224470436573029 
v -0.16949771344661713 -0.003462727414444089 -0.00781329721212387 
v -0.1730167418718338 -0.0033794038463383913 0.015691425651311874 
v -0.20162375271320343 -0.004195298068225384 -0.005963966250419617 
v -0.20376814901828766 -0.0042274510487914085 0.017939776182174683 
v -0.22407110035419464 -0.0034627385903149843 -0.006009511649608612 
v -0.2245783656835556 -0.0033794112969189882 0.017260625958442688 
v -0.22262035310268402 -0.0035460658837109804 -0.026459872722625732 
v -0.19973807036876678 -0.004982571117579937 -0.026612579822540283 
v -0.1705973595380783 -0.0035460509825497866 -0.028195805847644806 
v -0.2172578126192093 0.002881687832996249 -0.03788008540868759 
v -0.19830994307994843 0.002880443586036563 -0.04118333011865616 
v -0.17681746184825897 0.0028816971462219954 -0.03914017975330353 
v -0.18220622837543488 0.004979520104825497 0.04276977479457855 
v -0.20607782900333405 0.0028531427960842848 0.04545190930366516 
v -0.22476507723331451 0.004979516379535198 0.044100984930992126 
v -0.23002834618091583 0.0025341555010527372 0.07526180893182755 
v -0.21108056604862213 -0.000624939042609185 0.07683359831571579 
v -0.23434172570705414 -0.003181538777425885 0.10640189796686172 
v -0.21029599010944366 -0.003874770598486066 0.1076771467924118 
v -0.2358216792345047 -0.006170584820210934 0.13006269931793213 
v -0.20585153996944427 -0.006292014382779598 0.13045741617679596 
v -0.2338653951883316 -0.004409103654325008 0.15682807564735413 
v -0.20281346142292023 -0.0048672957345843315 0.15626150369644165 
v -0.22859464585781097 0.00012107640213798732 0.18792998790740967 
v -0.1998598724603653 0.00015468969650100917 0.18682444095611572 
v -0.2190399318933487 0.007929553277790546 0.20680280029773712 
v -0.19765277206897736 0.008718469180166721 0.21224470436573029 
v -0.1859026998281479 -0.003181538777425885 0.10482058674097061 
v -0.187830850481987 0.0025341499131172895 0.07387325912714005 
v -0.1756419986486435 -0.006170577369630337 0.12831324338912964 
v -0.16746024787425995 -0.0044090962037444115 0.15501996874809265 
v -0.17110593616962433 0.00012107640213798732 0.18625757098197937 
v -0.17737354338169098 0.007929553277790546 0.20559069514274597 
v -0.4302082061767578 1.115921139717102 0.1935170590877533 
v -0.44188347458839417 1.1174966096878052 0.1880243867635727 
v -0.4482548236846924 1.0968825817108154 0.22641560435295105 
v -0.4599299430847168 1.0984580516815186 0.22092299163341522 
v -0.4508782923221588 1.0913312435150146 0.22176365554332733 
v -0.4606080949306488 1.0926434993743896 0.21718625724315643 
v -0.45438918471336365 1.0876271724700928 0.22816401720046997 
v -0.46411895751953125 1.0889403820037842 0.2235865592956543 
v -0.46898311376571655 1.0859696865081787 0.23977777361869812 
v -0.4807138442993164 1.0830485820770264 0.23165243864059448 
v -0.48955702781677246 1.0774047374725342 0.24339169263839722 
v -0.4998225271701813 1.0613086223602295 0.2085893154144287 
v -0.5064810514450073 1.054283857345581 0.2207278609275818 
v -0.5008816719055176 1.0407602787017822 0.19611677527427673 
v -0.5097936391830444 1.0324676036834717 0.20628565549850464 
v -0.4947640001773834 1.028678059577942 0.1924806535243988 
v -0.5037330389022827 1.0196940898895264 0.20221778750419617 
v -0.49007853865623474 1.019424557685852 0.1896958202123642 
v -0.49894803762435913 1.0077215433120728 0.1979139894247055 
v -0.47384876012802124 1.0902531147003174 0.21900920569896698 
v -0.4923352301120758 1.0698295831680298 0.1970495581626892 
v -0.49104824662208557 1.0542465448379517 0.18873712420463562 
v -0.48451629281044006 1.0416961908340454 0.1850573867559433 
v -0.48010167479515076 1.0332142114639282 0.18257054686546326 
v -0.486205518245697 1.0740114450454712 0.19236218929290771 
v -0.48753732442855835 1.0579501390457153 0.182336688041687 
v -0.4804648756980896 1.048071026802063 0.18049916625022888 
v -0.4749565124511719 1.0403763055801392 0.1790679544210434 
v -0.4847226142883301 1.0472198724746704 0.17767104506492615 
v -0.49185457825660706 1.05718195438385 0.17952394485473633 
v -0.48966464400291443 1.0835891962051392 0.1960073709487915 
v -0.4703378677368164 1.093956708908081 0.21260890364646912 
v -0.47160521149635315 1.1000335216522217 0.21543054282665253 
v -0.4535585343837738 1.1190720796585083 0.18253180384635925 
v -0.471618115901947 1.1026278734207153 0.1631086766719818 
v -0.4738079607486725 1.0762211084365845 0.14662551879882812 
v -0.46725907921791077 1.0670729875564575 0.14492392539978027 
v -0.4631309509277344 1.069602608680725 0.14709484577178955 
v -0.4554067552089691 1.0609022378921509 0.1459047794342041 
v -0.4515320658683777 1.0756524801254272 0.15061865746974945 
v -0.4627668857574463 1.0876308679580688 0.1608632355928421 
v -0.4594308137893677 1.0963321924209595 0.1700851321220398 
v -0.4493933320045471 1.1024279594421387 0.17837092280387878 
v -0.44192641973495483 1.1110607385635376 0.18253323435783386 
v -0.4289475679397583 1.1004396677017212 0.18379755318164825 
v -0.4328865110874176 1.1083999872207642 0.1855623424053192 
v -0.45884522795677185 1.055320382118225 0.14273759722709656 
v -0.4768919050693512 1.0362812280654907 0.17563627660274506 
v -0.45816245675086975 1.0869653224945068 0.24628949165344238 
v -0.47472676634788513 1.0878474712371826 0.25757044553756714 
v -0.46229830384254456 1.0852792263031006 0.26290151476860046 
v -0.4730352759361267 1.0880849361419678 0.2688217759132385 
v -0.4627869129180908 1.0862834453582764 0.2673484981060028 
v -0.4604858458042145 1.0937278270721436 0.2867123484611511 
v -0.4952255189418793 1.0661399364471436 0.29102620482444763 
v -0.5124971270561218 1.057570219039917 0.28000757098197937 
v -0.5300824046134949 1.0330407619476318 0.25938960909843445 
v -0.5345829725265503 1.0060698986053467 0.24131204187870026 
v -0.5280153155326843 0.9910486936569214 0.2362218052148819 
v -0.5239335894584656 0.9775875806808472 0.23067113757133484 
v -0.5385674238204956 0.9924494624137878 0.25550389289855957 
v -0.5357025861740112 0.979913592338562 0.24982084333896637 
v -0.531292736530304 0.9690081477165222 0.2413213700056076 
v -0.5404842495918274 1.01841139793396 0.28271520137786865 
v -0.5221462249755859 1.0377341508865356 0.30175113677978516 
v -0.5087258219718933 1.0494991540908813 0.3192095458507538 
v -0.4873471260070801 1.0577526092529297 0.304839551448822 
v -0.49101918935775757 1.0691423416137695 0.3017103374004364 
v -0.4843956530094147 1.0639753341674805 0.3099951148033142 
v -0.4875503480434418 1.0741840600967407 0.3127072751522064 
v -0.4837242662906647 1.0675482749938965 0.3234417140483856 
v -0.48592767119407654 1.0774730443954468 0.3295103907585144 
v -0.48293614387512207 1.0716480016708374 0.338742196559906 
v -0.48398661613464355 1.080987572669983 0.34435367584228516 
v -0.48179158568382263 1.07589590549469 0.35222506523132324 
v -0.4633150100708008 1.1008466482162476 0.3370388150215149 
v -0.4724861681461334 1.099942922592163 0.33457309007644653 
v -0.47089672088623047 1.0969798564910889 0.3144761919975281 
v -0.4724186956882477 1.0918365716934204 0.2908434569835663 
v -0.46167340874671936 1.097709059715271 0.3122784495353699 
v -0.4945174753665924 1.0510135889053345 0.320709228515625 
v -0.5082404017448425 1.0369561910629272 0.3471490144729614 
v -0.5218074917793274 1.0378271341323853 0.3435349464416504 
v -0.530938982963562 1.026033878326416 0.32532429695129395 
v -0.5386735796928406 1.0149428844451904 0.34854745864868164 
v -0.5179575681686401 1.0153064727783203 0.32623720169067383 
v -0.5282996892929077 1.0054792165756226 0.34876132011413574 
v -0.5093706846237183 1.0235072374343872 0.3076751232147217 
v -0.5336041450500488 1.0222784280776978 0.32527899742126465 
v -0.5481575131416321 1.0051409006118774 0.3088890314102173 
v -0.5549089312553406 0.9913488030433655 0.3332645893096924 
v -0.5300072431564331 0.9916225075721741 0.3110218346118927 
v -0.5415610074996948 0.980005145072937 0.33402180671691895 
v -0.520102858543396 1.0015817880630493 0.2913055419921875 
v -0.5496143102645874 1.0004521608352661 0.30244410037994385 
v -0.5490371584892273 0.9814333915710449 0.282687783241272 
v -0.5604137182235718 0.967346727848053 0.3056629002094269 
v -0.5377017855644226 0.9710709452629089 0.28290894627571106 
v -0.5502666234970093 0.9577776789665222 0.3056913912296295 
v -0.528650164604187 0.9806515574455261 0.2665137052536011 
v -0.5464609861373901 0.9799429774284363 0.2709228992462158 
v -0.5450997352600098 0.9688023328781128 0.26562240719795227 
v -0.5420753359794617 0.9577196836471558 0.26127365231513977 
v -0.5520846247673035 0.9602383375167847 0.2770290672779083 
v -0.5489007830619812 0.9506062269210815 0.2740115821361542 
v -0.5603088140487671 0.9501550197601318 0.2904598116874695 
v -0.556937575340271 0.9422301054000854 0.2890104651451111 
v -0.5498077273368835 0.9573174118995667 0.3016534149646759 
v -0.5519455075263977 0.9699867963790894 0.2819480001926422 
v -0.5584031939506531 0.9582629799842834 0.2949294149875641 
v -0.5413209795951843 0.9666460752487183 0.28745248913764954 
v -0.5341132879257202 0.9745688438415527 0.2753918468952179 
v -0.5192554593086243 1.013837456703186 0.3282649517059326 
v -0.5436981916427612 1.0082061290740967 0.34846997261047363 
v -0.5305523872375488 1.0030523538589478 0.35269856452941895 
v -0.5524056553840637 0.9960664510726929 0.36847519874572754 
v -0.5406996607780457 0.992898166179657 0.37306296825408936 
v -0.5515277981758118 0.9699836373329163 0.3538624048233032 
v -0.5607328414916992 0.9794512391090393 0.3542919158935547 
v -0.5291390419006348 0.9924164414405823 0.30902528762817383 
v -0.5552499890327454 0.986262857913971 0.32325005531311035 
v -0.5396406054496765 0.9817651510238647 0.3296189308166504 
v -0.5599266886711121 0.9760621786117554 0.34346914291381836 
v -0.5487729907035828 0.9725027680397034 0.3475276231765747 
v -0.5611933469772339 0.9462186694145203 0.32550352811813354 
v -0.5705970525741577 0.9544840455055237 0.32512834668159485 
v -0.517166793346405 1.027846097946167 0.36446213722229004 
v -0.5292151570320129 1.0300735235214233 0.36061620712280273 
v -0.5370896458625793 1.0183833837509155 0.3784017562866211 
v -0.5448352694511414 1.006106972694397 0.3670485317707062 
v -0.5362690687179565 0.9982207417488098 0.3671836853027344 
v -0.5272912979125977 1.0172191858291626 0.3831028938293457 
v 0.5515277981758118 0.9699836373329163 0.3538624048233032 
v 0.5415610074996948 0.980005145072937 0.33402180671691895 
v 0.5607328414916992 0.9794512391090393 0.3542919158935547 
v 0.5549089312553406 0.9913488030433655 0.3332645893096924 
v 0.5436981916427612 1.0082061290740967 0.34846997261047363 
v 0.5336041450500488 1.0222784280776978 0.32527899742126465 
v 0.5192554593086243 1.013837456703186 0.3282649517059326 
v 0.5305523872375488 1.0030523538589478 0.35269856452941895 
v 0.5524056553840637 0.9960664510726929 0.36847519874572754 
v 0.5406996607780457 0.992898166179657 0.37306296825408936 
v 0 1.5496366024017334 0.09997431933879852 
v 0 1.5507211685180664 0.11561471223831177 
v -0.011030887253582478 1.5493099689483643 0.10047803074121475 
v -0.0069178007543087006 1.549394130706787 0.11736967414617538 
v -0.010745286010205746 1.5436666011810303 0.11907666176557541 
v -0.008795006200671196 1.5447981357574463 0.12764109671115875 
v -0.008430209942162037 1.546550989151001 0.13095958530902863 
v -0.005379300098866224 1.5438251495361328 0.1289757341146469 
v -0.00555273424834013 1.5463309288024902 0.1311625838279724 
v 0 1.5439151525497437 0.12927058339118958 
v 0 1.547924518585205 0.13190606236457825 
v 0.03193296119570732 1.287288784980774 0.1329679936170578 
v 0.08474787324666977 1.278719425201416 0.13068430125713348 
v 0.09635287523269653 1.3114126920700073 0.12581679224967957 
v 0.03452661260962486 1.3151546716690063 0.13244855403900146 
v 0 1.292702555656433 0.12568750977516174 
v 0 1.3145639896392822 0.12470327317714691 
v 0 1.340102195739746 0.11998765915632248 
v 0 1.5456856489181519 0.08564279973506927 
v 0.011074666865170002 1.548107624053955 0.08583032339811325 
v 0 1.5496366024017334 0.09997431933879852 
v 0.011030887253582478 1.5493099689483643 0.10047803074121475 
v 0 1.5507211685180664 0.11561471223831177 
v 0.0069178007543087006 1.549394130706787 0.11736967414617538 
v 0 1.5439151525497437 0.12927058339118958 
v 0.005379300098866224 1.5438251495361328 0.1289757341146469 
v 0.00555273424834013 1.5463309288024902 0.1311625838279724 
v 0.008430209942162037 1.546550989151001 0.13095958530902863 
v 0.007457522209733725 1.5514605045318604 0.1287277489900589 
v 0.01180896908044815 1.5482358932495117 0.12089898437261581 
v 0.017694292590022087 1.5516409873962402 0.10610661655664444 
v 0.01625523529946804 1.5488276481628418 0.10427265614271164 
v 0.01884349063038826 1.5503623485565186 0.08260717988014221 
v 0.020452992990612984 1.545966625213623 0.07024941593408585 
v 0 1.5369206666946411 0.07527205348014832 
v 0.010745286010205746 1.5436666011810303 0.11907666176557541 
v 0.008795006200671196 1.5447981357574463 0.12764109671115875 
v 0 1.547924518585205 0.13190606236457825 
v 0 1.5510368347167969 0.12934496998786926 
v 0.008597477339208126 1.5577198266983032 0.11297400295734406 
v 0 1.5592527389526367 0.1116342842578888 
v 0 1.5592035055160522 0.08016826212406158 
v 0.01765616051852703 1.5581209659576416 0.08319483697414398 
v 0.012223613448441029 1.5594316720962524 0.07972650974988937 
v 0.018328165635466576 1.5541881322860718 0.06664491444826126 
v 0.011673416942358017 1.5551745891571045 0.06550761312246323 
v 0 1.5552239418029785 0.06610256433486938 
v 0.021026432514190674 1.5490586757659912 0.07543398439884186 
v -0.011673416942358017 1.5551745891571045 0.06550761312246323 
v -0.018328165635466576 1.5541881322860718 0.06664491444826126 
v -0.012223613448441029 1.5594316720962524 0.07972650974988937 
v -0.01765616051852703 1.5581209659576416 0.08319483697414398 
v -0.008597477339208126 1.5577198266983032 0.11297400295734406 
v -0.017694292590022087 1.5516409873962402 0.10610661655664444 
v -0.007457522209733725 1.5514605045318604 0.1287277489900589 
v -0.01180896908044815 1.5482358932495117 0.12089898437261581 
v -0.021026432514190674 1.5490586757659912 0.07543398439884186 
v -0.01884349063038826 1.5503623485565186 0.08260717988014221 
v -0.01625523529946804 1.5488276481628418 0.10427265614271164 
v -0.020452992990612984 1.545966625213623 0.07024941593408585 
v -0.011074666865170002 1.548107624053955 0.08583032339811325 
v 0 1.5369206666946411 0.07527205348014832 
v 0 1.5456856489181519 0.08564279973506927 
v 0 1.5510368347167969 0.12934496998786926 
v 0 1.5592527389526367 0.1116342842578888 
v 0 1.5592035055160522 0.08016826212406158 
v 0 1.5552239418029785 0.06610256433486938 
v -0.17627130448818207 0.059415724128484726 -0.03970924764871597 
v -0.19835247099399567 0.06118272244930267 -0.039735764265060425 
v 0.19835247099399567 0.06118272244930267 -0.039735764265060425 
v 0.2180936187505722 0.05941573157906532 -0.03839240223169327 
v 0.19301395118236542 0.54532790184021 0.03256630524992943 
v 0.17281422019004822 0.06291068345308304 0.02040446549654007 
v 0.4594308137893677 1.0963321924209595 0.1700851321220398 
v 0.07788045704364777 1.4737944602966309 -0.007777012884616852 
v 0.24018533527851105 1.2381069660186768 0.014539891853928566 
v -0.05557125806808472 1.5414576530456543 0.025709334760904312 
v -0.23012250661849976 0.0714992806315422 0.0210396908223629 
v -0.16000962257385254 0.9399462342262268 0.032926276326179504 
v -0.289824903011322 1.3075838088989258 -0.012334357015788555 
vn 0.982449 -0.090480 -0.163120
vn 0.981629 -0.127965 0.141528
vn 0.873186 0.105439 -0.475846
vn 0.952293 0.157702 0.261280
vn 0.832230 0.455800 0.315658
vn 0.806947 0.067761 0.586724
vn 0.692237 0.272454 0.668264
vn 0.644059 -0.060238 0.762601
vn 0.548924 0.089991 0.831014
vn 0.382900 -0.222515 0.896591
vn 0.334290 -0.052376 0.941014
vn 0.000000 -0.296942 0.954896
vn -0.003704 -0.087198 0.996184
vn -0.333688 -0.056083 0.941014
vn -0.073403 0.722431 0.687535
vn -0.548924 0.089991 0.831014
vn -0.287547 0.653565 0.700121
vn -0.233006 0.658554 0.715552
vn -0.382900 -0.222515 0.896591
vn 0.000000 -0.643531 0.765420
vn 0.429801 -0.589006 0.684356
vn 0.717560 -0.430982 0.547141
vn 0.874974 -0.216558 0.433040
vn -0.429801 -0.589006 0.684356
vn -0.643697 -0.063991 0.762601
vn -0.692237 0.272454 0.668264
vn -0.254368 0.799955 0.543478
vn -0.719495 -0.427743 0.547141
vn -0.807253 0.064005 0.586724
vn -0.832230 0.455800 0.315658
vn -0.217196 0.975832 0.024029
vn -0.874060 -0.220216 0.433040
vn -0.952293 0.157702 0.261280
vn -0.873186 0.105439 -0.475846
vn -0.774471 0.555220 -0.303194
vn -0.489621 0.385625 -0.782026
vn -0.111081 0.878697 -0.464277
vn -0.035879 0.745974 -0.665007
vn 0.917992 -0.396592 0.002185
vn 0.759256 0.439810 -0.479685
vn 0.839203 -0.509946 -0.188926
vn 0.332795 -0.227767 -0.915079
vn 0.620157 -0.775924 -0.115530
vn -0.347662 -0.748046 -0.565296
vn 0.374777 -0.899864 0.223129
vn -0.721814 -0.684455 0.102500
vn -0.077329 -0.880263 -0.468142
vn 0.712696 -0.223227 -0.665007
vn 0.800865 0.592126 -0.089453
vn 0.086403 0.397998 -0.913308
vn -0.058231 -0.337490 -0.939526
vn -0.724189 -0.194046 -0.661738
vn -0.628041 -0.771966 0.098153
vn -0.662665 -0.747995 -0.037131
vn -0.800905 -0.598692 -0.010923
vn -0.533730 -0.619103 -0.576059
vn -0.650676 -0.498884 -0.572482
vn -0.155448 -0.671359 -0.724647
vn -0.240908 -0.366920 -0.898517
vn 0.301387 -0.572369 -0.762601
vn 0.507951 0.015130 -0.861253
vn 0.655039 -0.688394 -0.311509
vn 0.941909 -0.135426 -0.307354
vn -0.834912 0.187244 -0.517554
vn -0.268670 0.144945 -0.952264
vn 0.469829 -0.015105 -0.882628
vn 0.939441 -0.142870 -0.311509
vn -0.856693 0.131672 -0.498738
vn -0.300256 0.103920 -0.948181
vn 0.484526 -0.067757 -0.872149
vn 0.927427 -0.135424 -0.348627
vn -0.837757 0.052859 -0.543478
vn -0.279571 0.018876 -0.959939
vn 0.445224 -0.252691 -0.859025
vn 0.867216 -0.231393 -0.440900
vn -0.803555 0.041545 -0.593778
vn -0.241095 -0.150851 -0.958706
vn -0.336630 -0.214706 -0.916832
vn 0.292380 -0.554268 -0.779295
vn -0.098026 -0.956747 -0.273910
vn 0.001889 -0.948871 -0.315658
vn -0.796473 0.094221 -0.597288
vn -0.973774 0.224469 0.037131
vn -0.972187 0.206130 0.111189
vn -0.728638 -0.667247 -0.154492
vn -0.513025 -0.803044 -0.303194
vn -0.917992 -0.396592 0.002185
vn -0.837236 -0.513170 -0.188926
vn -0.759256 0.439810 -0.479685
vn -0.330644 -0.230878 -0.915079
vn -0.711557 -0.226829 -0.665007
vn 0.081091 -0.879925 -0.468142
vn 0.061947 -0.336827 -0.939526
vn 0.724189 -0.194046 -0.661738
vn -0.623101 -0.773562 -0.115530
vn 0.347662 -0.748046 -0.565296
vn 0.721814 -0.684455 0.102500
vn 0.628041 -0.771966 0.098153
vn -0.374777 -0.899864 0.223129
vn -0.035876 0.760340 -0.648534
vn -0.798615 0.595157 -0.089453
vn -0.086403 0.397998 -0.913308
vn 0.221668 -0.731148 -0.645202
vn 0.428600 -0.880674 -0.201782
vn 0.611600 -0.723653 -0.319801
vn 0.003776 -0.901367 -0.433040
vn -0.295716 -0.552495 -0.779295
vn 0.098026 -0.956747 -0.273910
vn 0.336630 -0.214706 -0.916832
vn 0.509840 -0.805070 -0.303194
vn 0.796908 0.090469 -0.597288
vn 0.728638 -0.667247 -0.154492
vn 0.973774 0.224469 0.037131
vn 0.678889 -0.714897 0.167429
vn 0.803352 0.045318 -0.593778
vn 0.241095 -0.150851 -0.958706
vn -0.445224 -0.252691 -0.859025
vn -0.868182 -0.227744 -0.440900
vn -0.611600 -0.723653 -0.319801
vn 0.003777 -0.978532 -0.206059
vn -0.970184 0.120433 0.210333
vn -0.975873 0.101683 0.193215
vn -0.986001 0.124256 0.111189
vn 0.526276 0.830970 -0.180338
vn 0.975981 -0.157828 -0.150174
vn 0.604703 0.721962 -0.336311
vn 0.907930 -0.090371 0.409263
vn 0.277583 0.952064 0.128540
vn 0.469830 -0.015067 0.882628
vn -0.384129 0.048830 0.921987
vn -0.484710 -0.026345 0.874278
vn -0.977164 0.030180 0.210333
vn -0.988296 0.112982 0.102500
vn 0.959024 -0.150366 -0.240131
vn 0.898374 -0.187355 0.397268
vn 0.431523 -0.154838 0.888714
vn -0.639472 -0.030119 0.768225
vn -0.979840 0.176391 0.093804
vn 0.947655 -0.194997 -0.252835
vn 0.807693 -0.295761 0.510057
vn 0.170562 -0.237951 0.956184
vn -0.340536 -0.840617 0.421188
vn -0.662665 -0.747995 -0.037131
vn 0.097927 -0.912463 0.397268
vn 0.391001 -0.900792 0.188926
vn 0.428600 -0.880674 -0.201782
vn -0.931339 -0.090542 -0.352719
vn -0.481363 -0.015127 -0.876391
vn -0.942093 -0.124188 -0.311509
vn -0.466195 -0.003785 -0.884674
vn -0.943783 -0.131708 -0.303194
vn -0.518543 0.030202 -0.854518
vn -0.676939 -0.664917 -0.315658
vn -0.323711 -0.540538 -0.776550
vn -0.423393 -0.884156 -0.197500
vn -0.216168 -0.738639 -0.638501
vn 0.276274 0.067496 -0.958706
vn 0.302644 0.096745 -0.948181
vn 0.270821 0.131620 -0.953589
vn 0.244622 -0.320609 -0.915079
vn 0.153694 -0.678230 -0.718598
vn 0.832134 0.090500 -0.547141
vn 0.853892 0.135434 -0.502521
vn 0.836043 0.202174 -0.510057
vn 0.670062 -0.468158 -0.576059
vn 0.527987 -0.624008 -0.576059
vn 0.972963 0.202436 0.111189
vn 0.965377 0.165323 0.201782
vn 0.975475 0.105435 0.193215
vn 0.983463 0.142961 0.111189
vn 0.822966 -0.568053 -0.006554
vn -0.649499 0.134968 -0.748288
vn -0.265794 0.247111 -0.931821
vn 0.001888 0.707876 -0.706334
vn -0.364812 0.067742 -0.928614
vn 0.001892 0.034897 -0.999389
vn 0.000000 0.212468 -0.977168
vn -0.217196 0.975832 0.024029
vn -0.207983 0.959714 -0.188926
vn -0.254368 0.799955 0.543478
vn -0.224000 0.865140 0.448727
vn -0.233006 0.658554 0.715552
vn -0.265751 0.725248 0.635132
vn -0.125859 0.812723 0.568894
vn -0.238940 0.579316 0.779295
vn -0.250232 0.488620 0.835843
vn -0.425875 0.290791 0.856780
vn -0.283193 0.365459 0.886702
vn -0.540718 0.145210 0.828576
vn -0.316046 0.131928 0.939526
vn -0.619564 -0.067643 0.782026
vn -0.298261 -0.121001 0.946784
vn -0.628051 -0.267798 0.730641
vn -0.222100 -0.255274 0.941014
vn -0.507728 -0.311246 0.803330
vn -0.085871 -0.203634 0.975274
vn -0.196203 -0.069644 0.978087
vn 0.001829 -0.052377 0.998626
vn -0.187400 -0.037276 0.981576
vn -0.001850 -0.074188 0.997243
vn -0.001842 0.078546 0.996909
vn 0.187400 -0.037276 0.981576
vn 0.197827 0.107731 0.974299
vn 0.550525 0.163433 0.818664
vn 0.579802 0.119648 0.805924
vn 0.958528 0.187537 0.214603
vn 0.962247 0.246440 0.115530
vn 0.003760 0.371029 0.928614
vn 0.042476 0.159724 0.986248
vn 0.088850 0.036299 0.995383
vn 0.040311 -0.128880 0.990841
vn 0.003704 -0.087198 0.996184
vn 0.089317 -0.202147 0.975274
vn 0.197421 -0.066111 0.978087
vn 0.509685 -0.308031 0.803330
vn 0.541546 -0.089966 0.835843
vn 0.717590 -0.060258 0.693855
vn 0.889660 0.060279 0.452627
vn 0.951259 -0.075434 0.299027
vn 0.000000 -0.061133 0.998130
vn -0.040311 -0.128880 0.990841
vn 0.219252 -0.257723 0.941014
vn 0.626563 -0.271261 0.730641
vn 0.780663 -0.172103 0.600787
vn 0.789250 -0.330489 0.517554
vn 0.938856 -0.224236 0.261280
vn 0.908442 -0.332878 0.252835
vn 0.428600 -0.880674 -0.201782
vn 0.947655 -0.194997 -0.252835
vn 0.221668 -0.731148 -0.645202
vn 0.545311 0.000000 -0.838234
vn -0.155448 -0.671359 -0.724647
vn -0.149938 0.179344 -0.972293
vn -0.533730 -0.619103 -0.576059
vn -0.774766 0.252531 -0.579625
vn -0.662665 -0.747995 -0.037131
vn -0.979840 0.176391 0.093804
vn -0.142441 0.018912 -0.989623
vn 0.574335 -0.090391 -0.813615
vn 0.959024 -0.150366 -0.240131
vn 0.975981 -0.157828 -0.150174
vn 0.680622 -0.157285 -0.715552
vn -0.092707 -0.115384 -0.988985
vn -0.778354 0.127869 -0.614666
vn 0.043397 0.968710 -0.244371
vn -0.814008 -0.037745 -0.579625
vn -0.988296 0.112982 0.102500
vn -0.452575 0.889476 0.063314
vn -0.977164 0.030180 0.210333
vn -0.374777 -0.899864 0.223129
vn -0.297213 -0.929388 0.218868
vn -0.463136 -0.676586 0.572482
vn -0.529746 -0.632305 0.565296
vn -0.678568 -0.532177 0.506293
vn -0.678118 -0.392237 0.621536
vn -0.740119 -0.575051 0.348627
vn -0.632293 -0.357072 0.687535
vn -0.878823 -0.216611 0.425147
vn -0.537145 0.566489 0.624953
vn -0.654064 0.703459 -0.278110
vn -0.299995 0.849988 -0.433040
vn -0.392521 -0.825640 0.405273
vn -0.419878 -0.251116 0.872149
vn -0.163211 -0.026039 0.986248
vn -0.210174 0.191599 0.958706
vn -0.030105 0.507284 0.861253
vn -0.207163 0.830194 0.517554
vn -0.127283 0.654373 0.745382
vn -0.231283 0.848575 0.475846
vn -0.181535 0.364572 0.913308
vn -0.771660 -0.284429 0.568894
vn -0.897665 -0.374888 0.231639
vn 0.595565 0.800451 0.067674
vn 0.526276 0.830970 -0.180338
vn -0.988434 -0.041528 -0.145853
vn -0.821167 -0.488616 0.294855
vn -0.365044 0.838151 -0.405273
vn -0.676148 -0.717490 0.167429
vn -0.973774 0.224469 0.037131
vn -0.327764 -0.818406 0.471999
vn -0.424521 0.074854 0.902319
vn 0.253879 -0.297688 0.920287
vn -0.361155 0.188241 0.913308
vn 0.581356 0.007532 0.813615
vn 0.610673 -0.052691 0.790128
vn 0.967328 -0.120377 0.223129
vn 0.960175 -0.135452 0.244371
vn 0.867216 -0.231393 -0.440900
vn 0.927427 -0.135424 -0.348627
vn -0.313506 0.103445 0.943935
vn 0.540261 -0.097387 0.835843
vn 0.938488 -0.165268 0.303194
vn 0.939441 -0.142870 -0.311509
vn -0.406991 0.015049 0.913308
vn 0.345503 -0.111074 0.931821
vn 0.918252 -0.180007 0.352719
vn 0.941909 -0.135426 -0.307354
vn 0.607456 -0.739259 0.290677
vn 0.158615 -0.644132 0.748288
vn -0.574161 0.011299 0.818664
vn -0.510347 -0.628729 0.586724
vn -0.986001 0.124256 0.111189
vn -0.800905 -0.598692 -0.010923
vn -0.975873 0.101683 0.193215
vn -0.970184 0.120433 0.210333
vn -0.972187 0.206130 0.111189
vn -0.724189 -0.194046 -0.661738
vn -0.929488 -0.131733 -0.344528
vn -0.628041 -0.771966 0.098153
vn -0.777520 -0.436567 0.452627
vn -0.742400 -0.401767 0.536122
vn -0.756211 -0.108900 0.645202
vn -0.554668 -0.174283 0.813615
vn -0.424719 0.427386 0.798095
vn -0.089779 0.220428 0.971263
vn 0.250770 0.801091 0.543478
vn 0.604070 0.681416 0.413246
vn 0.800865 0.592126 -0.089453
vn 0.759256 0.439810 -0.479685
vn 0.917992 -0.396592 0.002185
vn 0.821167 -0.488616 0.294855
vn 0.740119 -0.575051 0.348627
vn 0.678568 -0.532177 0.506293
vn 0.460019 -0.678709 0.572482
vn 0.374777 -0.899864 0.223129
vn -0.721814 -0.684455 0.102500
vn 0.611600 -0.723653 -0.319801
vn 0.814177 -0.541180 0.210333
vn 0.003777 -0.978532 -0.206059
vn -0.001885 -0.944652 0.328069
vn 0.000000 -0.556251 0.831014
vn -0.001884 -0.809785 0.586724
vn -0.256727 -0.295235 0.920287
vn 0.086524 -0.770328 0.631751
vn 0.327764 -0.818406 0.471999
vn -0.814177 -0.541180 0.210333
vn -0.611600 -0.723653 -0.319801
vn -0.967328 -0.120377 0.223129
vn -0.581392 0.003766 0.813615
vn -0.612652 -0.018839 0.790128
vn 0.361155 0.188241 0.913308
vn 0.309946 0.145683 0.939526
vn 0.965377 0.165323 0.201782
vn 0.975475 0.105435 0.193215
vn -0.868182 -0.227744 -0.440900
vn -0.964330 -0.101735 0.244371
vn -0.541546 -0.089966 0.835843
vn 0.406643 0.022567 0.913308
vn 0.983463 0.142961 0.111189
vn -0.931339 -0.090542 -0.352719
vn -0.941099 -0.157848 0.299027
vn -0.346637 -0.107486 0.931821
vn 0.577402 0.022592 0.816147
vn 0.527255 -0.593837 0.607750
vn 0.822966 -0.568053 -0.006554
vn 0.340367 -0.842661 0.417221
vn 0.662665 -0.747995 -0.037131
vn -0.942093 -0.124188 -0.311509
vn -0.918971 -0.176302 0.352719
vn -0.633321 -0.712025 0.303194
vn -0.163947 -0.611859 0.773790
vn -0.385673 -0.903973 0.184634
vn -0.101605 -0.913798 0.393255
vn 0.032080 -0.649403 -0.759767
vn -0.325023 -0.618341 -0.715552
vn 0.041358 -0.190930 -0.980732
vn -0.473200 -0.223088 -0.852240
vn 0.037284 0.134286 -0.990241
vn -0.439198 0.101074 -0.892687
vn -0.243654 0.326345 -0.913308
vn -0.879487 0.120551 -0.460402
vn -0.564868 0.451503 -0.690702
vn -0.992096 0.116804 -0.045863
vn -0.543569 0.825821 -0.150174
vn -0.962598 0.261184 0.072033
vn -0.733001 0.679635 -0.028397
vn -0.979501 0.191229 0.063314
vn -0.550622 0.827888 -0.106846
vn -0.988424 0.150435 0.019661
vn -0.999207 -0.022642 0.032765
vn -0.993011 -0.071623 0.093804
vn -0.993240 0.011320 0.115530
vn -0.953817 -0.246457 0.171735
vn -0.978609 -0.202352 0.037131
vn -0.631295 -0.772584 0.067674
vn -0.549730 -0.786194 -0.282304
vn -0.910027 -0.224301 -0.348627
vn -0.943783 -0.131708 -0.303194
vn -0.676939 -0.664917 -0.315658
vn -0.423393 -0.884156 -0.197500
vn 0.035902 0.348831 -0.936498
vn 0.058525 0.564068 -0.823652
vn -0.001889 0.994274 -0.106846
vn -0.047168 0.968534 -0.244371
vn -0.595565 0.800451 0.067674
vn -0.526276 0.830970 -0.180338
vn -0.604703 0.721962 -0.336311
vn -0.013210 0.995903 0.089453
vn -0.273956 0.953114 0.128540
vn 0.495809 0.861284 -0.111189
vn 0.628416 0.777629 0.019661
vn 0.803360 0.553814 -0.218868
vn 0.484467 0.874348 0.028397
vn 0.530203 0.847868 -0.002185
vn 0.449209 0.891180 0.063314
vn -0.047168 0.968534 -0.244371
vn -0.001886 0.848791 0.528725
vn -0.600800 0.715353 0.356804
vn -0.996017 0.082931 -0.032765
vn -0.973774 0.224469 -0.037131
vn -0.870224 -0.437043 -0.227387
vn -0.887411 -0.385457 -0.252835
vn -0.366345 -0.905393 -0.214603
vn -0.396091 -0.902008 -0.171735
vn -0.898314 -0.437391 0.041497
vn -0.447613 -0.890959 -0.076390
vn -0.501996 -0.849348 0.163120
vn -0.922237 -0.354418 0.154492
vn -0.587381 -0.781501 0.210333
vn 0.032102 0.760509 -0.648534
vn -0.218779 0.885799 -0.409263
vn -0.657196 0.718602 -0.227387
vn -0.965998 0.176509 -0.188926
vn -0.466214 -0.882986 0.054590
vn -0.939886 -0.340305 0.028397
vn -0.931958 0.343667 0.115530
vn -0.911293 0.343280 0.227387
vn -0.464153 0.874375 0.141528
vn -0.402162 0.862438 0.307354
vn -0.005658 0.990527 0.137202
vn -0.020742 0.908568 0.417221
vn 0.344487 0.864949 0.364954
vn -0.043200 0.372606 0.926984
vn 0.584496 0.365036 0.724647
vn -0.029893 -0.231845 0.972293
vn 0.560154 -0.248847 0.790128
vn 0.325132 -0.703690 0.631751
vn 0.871401 -0.303774 0.385205
vn 0.445236 -0.826478 0.344528
vn 0.484032 -0.863529 0.141528
vn 0.886382 0.318155 0.336311
vn 0.443217 0.868201 0.223129
vn -0.009435 0.950196 0.311509
vn -0.447849 0.851120 0.273910
vn 0.936866 -0.311548 0.158808
vn 0.926348 0.297022 0.231639
vn 0.462109 0.825542 0.323938
vn 0.546911 0.751475 0.369018
vn 0.497675 -0.867031 -0.024029
vn 0.954664 -0.297485 0.010923
vn 0.495419 -0.855575 -0.150174
vn 0.937700 -0.326115 -0.119869
vn 0.480859 -0.863080 -0.154492
vn 0.901775 -0.382211 -0.201782
vn 0.491253 -0.871014 -0.002185
vn 0.935693 -0.340118 -0.093804
vn 0.537958 -0.838665 0.085100
vn 0.969049 -0.246627 -0.010923
vn 0.971476 -0.224498 -0.076390
vn 0.998571 0.045278 -0.028397
vn 0.985446 0.120533 -0.119869
vn 0.979594 0.187636 -0.072033
vn 0.977253 0.165290 -0.132872
vn 0.943046 0.261160 -0.206059
vn 0.970550 0.239219 -0.028397
vn 0.947316 0.275653 0.163120
vn 0.968242 0.052822 -0.244371
vn 0.992228 0.007548 -0.124206
vn 0.424521 0.074854 0.902319
vn 0.972963 0.202436 0.111189
vn 0.973774 0.224469 0.037131
vn 0.678889 -0.714897 0.167429
vn -0.024513 -0.704359 0.709420
vn -0.383467 -0.704414 0.597288
vn -0.637330 -0.278260 0.718598
vn -0.680095 0.341869 0.648534
vn -0.894078 -0.321848 0.311509
vn -0.442742 -0.842326 0.307354
vn -0.001889 0.994274 -0.106846
vn 0.058525 0.564068 -0.823652
vn 0.601205 0.475995 -0.641857
vn 0.897070 0.120482 -0.425147
vn 0.918687 -0.231823 -0.319801
vn 0.502553 0.097558 -0.859025
vn 0.533858 -0.221131 -0.816147
vn 0.037284 0.134286 -0.990241
vn 0.041358 -0.190930 -0.980732
vn 0.548448 -0.791495 -0.269705
vn 0.375662 -0.617907 -0.690702
vn 0.032080 -0.649403 -0.759767
vn 0.580196 -0.813982 -0.028397
vn 0.887083 0.179816 0.425147
vn 0.540806 0.030102 0.840609
vn -0.028309 -0.649579 -0.759767
vn -0.041358 -0.190930 -0.980732
vn 0.328361 -0.616575 -0.715552
vn 0.474798 -0.219665 -0.852240
vn 0.549730 -0.786194 -0.282304
vn 0.910027 -0.224301 -0.348627
vn 0.978609 -0.202352 0.037131
vn 0.991647 0.120554 -0.045863
vn 0.993189 0.015093 0.115530
vn 0.962598 0.261184 0.072033
vn 0.980217 0.187524 0.063314
vn 0.733001 0.679635 -0.028397
vn 0.553763 0.825791 -0.106846
vn 0.526276 0.830970 -0.180338
vn 0.604703 0.721962 -0.336311
vn 0.988424 0.150435 0.019661
vn 0.999207 -0.022642 0.032765
vn 0.993275 -0.067860 0.093804
vn 0.953817 -0.246457 0.171735
vn 0.631295 -0.772584 0.067674
vn 0.922237 -0.354418 0.154492
vn 0.898314 -0.437391 0.041497
vn 0.996017 0.082931 -0.032765
vn 0.870224 -0.437043 -0.227387
vn 0.973774 0.224469 -0.037131
vn 0.888908 -0.381991 -0.252835
vn 0.930646 0.347205 0.115530
vn 0.939886 -0.340305 0.028397
vn 0.909956 0.346808 0.227387
vn 0.895350 -0.318294 0.311509
vn 0.680095 0.341869 0.648534
vn 0.637330 -0.278260 0.718598
vn 0.039458 0.373021 0.926984
vn 0.029893 -0.231845 0.972293
vn -0.584496 0.365036 0.724647
vn -0.558614 -0.252286 0.790128
vn -0.871401 -0.303774 0.385205
vn -0.325132 -0.703690 0.631751
vn -0.445236 -0.826478 0.344528
vn 0.600800 0.715353 0.356804
vn 0.444507 0.852870 0.273910
vn 0.464153 0.874375 0.141528
vn 0.402162 0.862438 0.307354
vn 0.001886 0.990541 0.137202
vn 0.005661 0.950226 0.311509
vn -0.001886 0.848791 0.528725
vn 0.009436 0.995946 0.089453
vn 0.277583 0.952064 0.128540
vn -0.499078 0.859394 -0.111189
vn -0.546911 0.751475 0.369018
vn -0.462109 0.825542 0.323938
vn -0.443217 0.868201 0.223129
vn -0.926348 0.297022 0.231639
vn -0.886382 0.318155 0.336311
vn -0.936866 -0.311548 0.158808
vn -0.484032 -0.863529 0.141528
vn -0.347991 0.863546 0.364954
vn 0.024512 0.908475 0.417221
vn 0.020743 -0.704481 0.709420
vn 0.383467 -0.704414 0.597288
vn 0.442742 -0.842326 0.307354
vn 0.469549 -0.881217 0.054590
vn 0.396091 -0.902008 -0.171735
vn 0.369841 -0.903971 -0.214603
vn 0.447613 -0.890959 -0.076390
vn 0.505242 -0.847421 0.163120
vn 0.587381 -0.781501 0.210333
vn -0.037284 0.134286 -0.990241
vn 0.438336 0.104750 -0.892687
vn 0.879487 0.120551 -0.460402
vn 0.567221 0.448545 -0.690702
vn 0.540413 0.827890 -0.150174
vn -0.054762 0.564446 -0.823652
vn -0.001889 0.994274 -0.106846
vn 0.043397 0.968710 -0.244371
vn 0.595565 0.800451 0.067674
vn -0.497675 -0.867031 -0.024029
vn -0.954664 -0.297485 0.010923
vn -0.492149 -0.857460 -0.150174
vn -0.937700 -0.326115 -0.119869
vn -0.480859 -0.863080 -0.154492
vn -0.903242 -0.378732 -0.201782
vn -0.491253 -0.871014 -0.002185
vn -0.934397 -0.343662 -0.093804
vn -0.534775 -0.840698 0.085100
vn -0.969049 -0.246627 -0.010923
vn -0.971476 -0.224498 -0.076390
vn -0.998571 0.045278 -0.028397
vn -0.985446 0.120533 -0.119869
vn -0.979594 0.187636 -0.072033
vn -0.530203 0.847868 -0.002185
vn -0.803360 0.553814 -0.218868
vn -0.484467 0.874348 0.028397
vn -0.628416 0.777629 0.019661
vn -0.946254 0.279276 0.163120
vn -0.970550 0.239219 -0.028397
vn -0.968029 0.056591 -0.244371
vn -0.992228 0.007548 -0.124206
vn -0.943046 0.261160 -0.206059
vn -0.977876 0.161568 -0.132872
vn -0.662665 -0.747995 -0.037131
vn -0.340536 -0.840617 0.421188
vn 0.097927 -0.912463 0.397268
vn 0.391001 -0.900792 0.188926
vn 0.428600 -0.880674 -0.201782
vn 0.655039 -0.688394 -0.311509
vn -0.676148 -0.717490 0.167429
vn -0.327764 -0.818406 0.471999
vn -0.879306 -0.464117 0.106846
vn -0.559519 -0.490267 0.668264
vn -0.961304 0.250093 0.115530
vn -0.573798 0.093740 0.813615
vn -0.579802 0.119648 0.805924
vn -0.171625 0.093326 0.980732
vn -0.196009 0.111004 0.974299
vn 0.000000 0.061133 0.998130
vn -0.957796 0.191239 0.214603
vn -0.551585 0.159819 0.818664
vn -0.887083 0.179816 0.425147
vn -0.540806 0.030102 0.840609
vn -0.889397 0.064040 0.452627
vn -0.541546 -0.089966 0.835843
vn -0.717590 -0.060258 0.693855
vn -0.780663 -0.172103 0.600787
vn -0.790699 -0.327008 0.517554
vn -0.817542 -0.324338 0.475846
vn -0.909734 -0.329330 0.252835
vn -0.580196 -0.813982 -0.028397
vn -0.551548 -0.789338 -0.269705
vn -0.918687 -0.231823 -0.319801
vn -0.897565 0.116738 -0.425147
vn -0.601205 0.475995 -0.641857
vn -0.304345 0.327079 -0.894647
vn -0.054762 0.564446 -0.823652
vn -0.032134 0.349198 -0.936498
vn -0.533858 -0.221131 -0.816147
vn -0.502553 0.097558 -0.859025
vn -0.037284 0.134286 -0.990241
vn -0.951259 -0.075434 0.299027
vn -0.938856 -0.224236 0.261280
vn -0.378887 -0.615935 -0.690702
vn -0.028309 -0.649579 -0.759767
vn -0.041358 -0.190930 -0.980732
vn -0.001889 0.994274 -0.106846
vn 0.043397 0.968710 -0.244371
vn -0.452575 0.889476 0.063314
vn -0.423393 -0.884156 -0.197500
vn -0.216168 -0.738639 -0.638501
vn -0.948409 -0.191297 -0.252835
vn -0.545298 0.003782 -0.838234
vn -0.959024 -0.150366 -0.240131
vn -0.574911 -0.086654 -0.813615
vn -0.975371 -0.161552 -0.150174
vn -0.681463 -0.153602 -0.715552
vn -0.526276 0.830970 -0.180338
vn -0.595565 0.800451 0.067674
vn 0.142890 0.015146 -0.989623
vn 0.095623 -0.112979 -0.988985
vn -0.047168 0.968534 -0.244371
vn 0.778354 0.127869 -0.614666
vn 0.814008 -0.037745 -0.579625
vn 0.449209 0.891180 0.063314
vn 0.988296 0.112982 0.102500
vn 0.977164 0.030180 0.210333
vn 0.484467 0.874348 0.028397
vn 0.980502 0.172676 0.093804
vn 0.774766 0.252531 -0.579625
vn 0.662665 -0.747995 -0.037131
vn 0.527987 -0.624008 -0.576059
vn 0.149938 0.179344 -0.972293
vn 0.153694 -0.678230 -0.718598
vn 0.000000 0.802027 0.597288
vn 0.077153 0.722041 0.687535
vn 0.290994 0.652038 0.700121
vn 0.233006 0.658554 0.715552
vn 0.250770 0.801091 0.543478
vn 0.217196 0.975832 0.024029
vn 0.772265 0.558284 -0.303194
vn 0.114826 0.878215 -0.464277
vn 0.489621 0.385625 -0.782026
vn 0.039652 0.745783 -0.665007
vn 0.265794 0.247111 -0.931821
vn 0.001888 0.707876 -0.706334
vn 0.000000 0.212468 -0.977168
vn 0.649499 0.134968 -0.748288
vn 0.364812 0.067742 -0.928614
vn 0.001892 0.034897 -0.999389
vn 0.917992 -0.396592 0.002185
vn 0.988269 -0.045301 -0.145853
vn 0.821167 -0.488616 0.294855
vn 0.878823 -0.216611 0.425147
vn 0.740119 -0.575051 0.348627
vn 0.630430 -0.360351 0.687535
vn 0.679997 -0.388970 0.621536
vn 0.162581 -0.029721 0.986248
vn 0.402353 -0.250431 0.880566
vn 0.181535 0.364572 0.913308
vn 0.416859 0.270337 0.867840
vn 0.238940 0.579316 0.779295
vn 0.254735 0.473831 0.842967
vn 0.129585 0.812137 0.568894
vn 0.080654 0.539313 0.838234
vn -0.005659 0.841771 0.539805
vn 0.061960 0.481455 0.874278
vn 0.003772 0.761176 0.648534
vn -0.001881 0.477763 0.878487
vn -0.058224 0.481921 0.874278
vn -0.001883 0.511931 0.859025
vn -0.076928 0.539857 0.838234
vn -0.003760 0.371029 0.928614
vn 0.299835 0.357004 0.884674
vn 0.539809 0.134245 0.831014
vn 0.762232 -0.273419 0.586724
vn 0.633039 -0.022609 0.773790
vn 0.822990 -0.310256 0.475846
vn 0.897665 -0.374888 0.231639
vn 0.389109 -0.827254 0.405273
vn 0.526849 -0.634721 0.565296
vn 0.678568 -0.532177 0.506293
vn 0.297213 -0.929388 0.218868
vn 0.460019 -0.678709 0.572482
vn 0.678889 -0.714897 0.167429
vn 0.879306 -0.464117 0.106846
vn 0.327764 -0.818406 0.471999
vn 0.559519 -0.490267 0.668264
vn 0.086524 -0.770328 0.631751
vn 0.144044 -0.686735 0.712493
vn 0.001884 -0.735098 0.677958
vn 0.000000 -0.104673 0.994507
vn -0.147730 -0.685952 0.712493
vn -0.139236 -0.071781 0.987654
vn 0.573178 0.097455 0.813615
vn 0.139236 -0.071781 0.987654
vn 0.171625 0.093326 0.980732
vn 0.001886 0.841788 0.539805
vn -0.073403 0.722431 0.687535
vn 0.000000 0.802027 0.597288
vn 0.077153 0.722041 0.687535
vn 0.290994 0.652038 0.700121
vn 0.233006 0.658554 0.715552
vn 0.265751 0.725248 0.635132
vn 0.127283 0.654373 0.745382
vn 0.030105 0.507284 0.861253
vn 0.210174 0.191599 0.958706
vn 0.537145 0.566489 0.624953
vn 0.210819 0.829273 0.517554
vn 0.231283 0.848575 0.475846
vn 0.224000 0.865140 0.448727
vn 0.250770 0.801091 0.543478
vn 0.211671 0.958907 -0.188926
vn 0.361581 0.839651 -0.405273
vn 0.299995 0.849988 -0.433040
vn 0.651293 0.706026 -0.278110
vn -0.086524 -0.770328 0.631751
vn -0.001884 -0.809785 0.586724
vn -0.287547 0.653565 0.700121
vn -0.484467 0.874348 0.028397
vn -0.628416 0.777629 0.019661
vn -0.981629 -0.127965 0.141528
vn 0.724189 -0.194046 -0.661738
vn 0.628041 -0.771966 0.098153
vn 0.928950 -0.135470 -0.344528
vn 0.775668 -0.439850 0.452627
vn 0.965312 0.180222 -0.188926
vn 0.756739 -0.105169 0.645202
vn 0.657196 0.718602 -0.227387
vn 0.424719 0.427386 0.798095
vn 0.222443 0.884886 -0.409263
vn -0.254368 0.799955 0.543478
vn -0.035876 0.760340 -0.648534
vn -0.798615 0.595157 -0.089453
vn 0.740597 -0.405080 0.536122
vn 0.553527 -0.177872 0.813615
vn 0.086288 0.221818 0.971263
vn -0.604070 0.681416 0.413246
vn -0.759256 0.439810 -0.479685
vn -0.678568 -0.532177 0.506293
vn -0.740119 -0.575051 0.348627
vn -0.821167 -0.488616 0.294855
vn -0.917992 -0.396592 0.002185
vn -0.463136 -0.676586 0.572482
vn -0.374777 -0.899864 0.223129
vn 0.721814 -0.684455 0.102500
vn -0.086524 -0.770328 0.631751
vn -0.423393 -0.884156 -0.197500
vn -0.948409 -0.191297 -0.252835
vn -0.385673 -0.903973 0.184634
vn -0.807693 -0.295761 0.510057
vn -0.101605 -0.913798 0.393255
vn -0.167497 -0.240119 0.956184
vn 0.340367 -0.842661 0.417221
vn 0.639472 -0.030119 0.768225
vn 0.662665 -0.747995 -0.037131
vn 0.980502 0.172676 0.093804
vn -0.430239 -0.158373 0.888714
vn -0.898374 -0.187355 0.397268
vn -0.959024 -0.150366 -0.240131
vn -0.907930 -0.090371 0.409263
vn -0.469830 -0.015067 0.882628
vn 0.484900 -0.022585 0.874278
vn 0.988296 0.112982 0.102500
vn -0.273956 0.953114 0.128540
vn 0.384586 0.045092 0.921987
vn 0.977164 0.030180 0.210333
vn 0.628416 0.777629 0.019661
vn 0.484467 0.874348 0.028397
vn -0.975371 -0.161552 -0.150174
vn -0.604703 0.721962 -0.336311
vn 0.509369 -0.334683 0.792799
vn -0.461570 0.173345 0.870003
vn 0.016976 0.836869 0.547141
vn -0.357335 0.356004 0.863465
vn -0.111012 0.959998 0.257060
vn -0.050728 0.501851 0.863465
vn -0.133477 0.952448 0.273910
vn -0.316531 -0.078018 0.945368
vn -0.955151 0.154148 0.252835
vn -0.340873 -0.861151 0.377126
vn -0.419034 -0.906812 -0.045863
vn -0.122176 -0.825652 0.550793
vn 0.015100 -0.999693 0.019661
vn -0.233401 -0.693931 0.681164
vn 0.270216 -0.958635 0.089453
vn -0.493666 -0.240125 0.835843
vn 0.041864 -0.119238 0.991983
vn -0.245873 -0.465980 0.849946
vn -0.556500 -0.411775 0.721629
vn -0.576236 -0.347923 0.739528
vn -0.449963 -0.390122 0.803330
vn -0.212484 -0.498225 0.840609
vn -0.169435 -0.606846 0.776550
vn -0.217333 -0.471768 0.854518
vn -0.555310 -0.071367 0.828576
vn -0.411328 -0.115079 0.904194
vn -0.815119 0.281510 0.506293
vn -0.609086 0.422008 0.671508
vn -0.585252 0.486708 0.648534
vn -0.001883 0.574269 0.818664
vn -0.642826 0.097616 0.759767
vn 0.001873 0.182477 0.983208
vn -0.001885 -0.473920 0.880566
vn 0.642826 0.097616 0.759767
vn 0.564501 -0.527207 0.635132
vn 0.711036 -0.565999 0.417221
vn 0.420267 -0.836042 0.352719
vn 0.404316 -0.883677 0.235888
vn 0.546474 -0.678338 0.491145
vn 0.769675 -0.545205 0.332193
vn 0.676174 -0.067782 0.733618
vn 0.814639 0.112797 0.568894
vn 0.537965 0.000000 0.842967
vn 0.526654 0.015045 0.849946
vn 0.653763 -0.112512 0.748288
vn 0.727141 -0.157128 0.668264
vn 0.711274 -0.237051 0.661738
vn 0.852685 -0.267532 0.448727
vn 0.836924 -0.489736 0.244371
vn 0.922505 -0.375476 0.089453
vn 0.931110 -0.347378 0.111189
vn 0.966384 -0.253734 0.041497
vn 0.977669 -0.209869 -0.010923
vn 0.938785 -0.326067 0.111189
vn 0.868537 -0.477482 -0.132872
vn 0.685151 -0.727847 0.028397
vn 0.657475 -0.568116 -0.494946
vn 0.721209 -0.598596 -0.348627
vn 0.515474 -0.462102 -0.721629
vn 0.647959 -0.485699 -0.586724
vn 0.546228 -0.228301 -0.805924
vn 0.756271 -0.142728 -0.638501
vn 0.624156 0.193657 -0.756919
vn 0.758761 0.479468 -0.440900
vn 0.917059 0.389565 -0.085100
vn 0.668678 0.743395 -0.015292
vn 0.923204 0.120432 0.364954
vn 0.817138 -0.112810 0.565296
vn 0.934893 -0.209515 0.286493
vn 0.808994 -0.097791 0.579625
vn 0.977813 -0.090496 0.188926
vn 0.935829 0.105443 0.336311
vn 0.969407 -0.067872 0.235888
vn 0.929770 -0.105438 0.352719
vn 0.981009 -0.097924 0.167429
vn 0.770948 -0.519101 0.369018
vn 0.539837 -0.234306 0.808503
vn 0.587721 0.030110 0.808503
vn 0.606282 -0.090112 0.790128
vn 0.600369 0.105011 0.792799
vn 0.309310 -0.089041 0.946784
vn 0.378470 0.059944 0.923670
vn 0.003752 -0.169541 0.985516
vn 0.003627 0.039147 0.999227
vn -0.378470 0.059944 0.923670
vn -0.532124 -0.174086 0.828576
vn -0.672785 -0.116291 0.730641
vn -0.549408 -0.675964 0.491145
vn -0.676174 -0.067782 0.733618
vn -0.767487 -0.548280 0.332193
vn -0.814113 0.116532 0.568894
vn -0.986021 -0.033971 0.163120
vn -0.923398 0.045246 0.381169
vn -0.713379 -0.563043 0.417221
vn -0.407745 -0.882101 0.235888
vn -0.423635 -0.834340 0.352719
vn -0.584951 -0.678211 0.444818
vn -0.001880 -0.458458 0.888714
vn 0.530941 -0.177662 0.828576
vn 0.672133 -0.120004 0.730641
vn 0.584951 -0.678211 0.444818
vn -0.001887 -0.897554 0.440900
vn -0.001886 -0.844138 0.536122
vn -0.564501 -0.527207 0.635132
vn -0.878593 0.282297 0.385205
vn -0.624203 0.214709 0.751179
vn -0.300689 0.089003 0.949560
vn -0.081264 -0.254964 0.963530
vn -0.339001 -0.210943 0.916832
vn -0.603289 -0.156453 0.782026
vn -0.749430 -0.208618 0.628358
vn -0.538927 -0.326386 0.776550
vn -0.304756 -0.377838 0.874278
vn -0.170662 -0.103591 0.979869
vn 0.001869 0.186771 0.982402
vn 0.000000 0.556251 0.831014
vn 0.410300 -0.118694 0.904194
vn 0.606929 0.425104 0.671508
vn 0.815119 0.281510 0.506293
vn 0.585252 0.486708 0.648534
vn 0.878593 0.282297 0.385205
vn 0.923398 0.045246 0.381169
vn 0.986144 -0.030198 0.163120
vn 0.847756 -0.097823 0.521287
vn 0.867732 0.187271 0.460402
vn 0.924228 -0.022630 0.381169
vn 0.933585 -0.082941 0.348627
vn 0.821857 -0.030168 0.568894
vn 0.793192 -0.135179 0.593778
vn 0.819362 -0.030164 0.572482
vn -0.526654 0.015045 0.849946
vn -0.732934 -0.109018 0.671508
vn -0.910729 -0.112922 0.397268
vn -0.973739 0.011317 0.227387
vn -0.910588 -0.007548 0.413246
vn -0.978334 0.101689 0.180338
vn -0.956856 0.150404 0.248605
vn -0.961650 0.165306 0.218868
vn -0.880587 0.307132 0.360882
vn -0.860743 0.463553 0.210333
vn -0.617203 0.508050 0.600787
vn -0.615848 0.706534 0.348627
vn -0.285242 0.569363 0.771014
vn -0.287522 0.867805 0.405273
vn 0.001885 0.630053 0.776550
vn -0.003771 0.905117 0.425147
vn 0.283937 0.868984 0.405273
vn 0.003776 0.997700 0.067674
vn 0.257618 0.963874 0.067674
vn 0.240971 0.927283 -0.286493
vn 0.497453 0.818817 -0.286493
vn 0.288854 0.688715 -0.665007
vn 0.587604 0.560912 -0.583180
vn 0.358623 0.396031 -0.845310
vn 0.650511 0.279156 -0.706334
vn 0.644048 0.060349 -0.762601
vn 0.829763 0.007556 -0.558065
vn 0.773034 -0.142697 -0.618107
vn 0.880249 -0.165225 -0.444818
vn 0.833238 -0.317558 -0.452627
vn 0.546027 0.835030 0.067674
vn 0.735799 0.643708 -0.210333
vn 0.812035 0.441938 -0.381169
vn 0.850713 0.187256 -0.491145
vn 0.947455 -0.007555 -0.319801
vn 0.969545 0.150501 -0.193215
vn 0.932278 0.354498 -0.072033
vn 0.805126 0.592423 0.028397
vn 0.615848 0.706534 0.348627
vn 0.281869 0.571040 0.771014
vn 0.000000 0.263388 0.964690
vn -0.188267 0.266147 0.945368
vn -0.536402 0.289384 0.792799
vn -0.418935 -0.015048 0.907892
vn -0.763260 0.033901 0.645202
vn -0.835403 0.231004 0.498738
vn 0.998173 0.060378 0.002185
vn 0.948675 0.165149 0.269705
vn 0.980895 -0.022635 0.193215
vn 0.981387 0.052818 0.184634
vn 0.979257 0.045274 0.197500
vn 0.973629 0.097908 0.206059
vn 0.978717 0.097935 0.180338
vn 0.961650 0.165306 0.218868
vn 0.956856 0.150404 0.248605
vn 0.879338 0.310690 0.360882
vn 0.835403 0.231004 0.498738
vn 0.617203 0.508050 0.600787
vn 0.536402 0.289384 0.792799
vn 0.191317 0.263963 0.945368
vn 0.168684 -0.106783 0.979869
vn 0.001820 -0.056742 0.998387
vn 0.986848 -0.030182 0.158808
vn 0.973688 0.015088 0.227387
vn 0.910588 -0.007548 0.413246
vn 0.749430 -0.208618 0.628358
vn 0.763083 0.037665 0.645202
vn 0.536965 -0.329605 0.776550
vn 0.418935 -0.015048 0.907892
vn 0.301816 -0.380191 0.874278
vn 0.220750 -0.470179 0.854518
vn 0.554817 -0.075101 0.828576
vn 0.624203 0.214709 0.751179
vn 0.964102 -0.194898 0.180338
vn 0.957949 -0.150387 0.244371
vn 0.915798 -0.253527 0.311509
vn 0.862674 -0.209341 0.460402
vn 0.910729 -0.112922 0.397268
vn 0.732369 -0.112749 0.671508
vn 0.336996 -0.214132 0.916832
vn 0.300689 0.089003 0.949560
vn -0.045346 -0.117958 0.991983
vn 0.081264 -0.254964 0.963530
vn 0.315612 -0.081655 0.945368
vn 0.337361 -0.862533 0.377126
vn 0.954542 0.157875 0.252835
vn 0.422459 -0.905221 -0.045863
vn 0.165800 -0.607849 0.776550
vn 0.212484 -0.498225 0.840609
vn 0.452420 -0.387270 0.803330
vn 0.574278 -0.351145 0.739528
vn 0.558734 -0.408739 0.721629
vn 0.603289 -0.156453 0.782026
vn 0.245873 -0.465980 0.849946
vn 0.125907 -0.825091 0.550793
vn 0.233401 -0.693931 0.681164
vn 0.493666 -0.240125 0.835843
vn 0.462881 0.169812 0.870003
vn 0.354669 0.358661 0.863465
vn 0.054472 0.501458 0.863465
vn 0.137212 0.951917 0.273910
vn 0.107265 0.960424 0.257060
vn -0.020748 0.836784 0.547141
vn -0.509369 -0.334683 0.792799
vn -0.273847 -0.957604 0.089453
vn -0.015100 -0.999693 0.019661
vn 0.003776 0.997700 0.067674
vn -0.257618 0.963874 0.067674
vn -0.546027 0.835030 0.067674
vn -0.494222 0.820772 -0.286493
vn -0.738281 0.640860 -0.210333
vn -0.587604 0.560912 -0.583180
vn -0.810223 0.445251 -0.381169
vn -0.649013 0.282622 -0.706334
vn -0.849893 0.190941 -0.491145
vn -0.829763 0.007556 -0.558065
vn -0.947455 -0.007555 -0.319801
vn -0.880938 -0.161512 -0.444818
vn -0.546228 -0.228301 -0.805924
vn -0.515474 -0.462102 -0.721629
vn -0.647959 -0.485699 -0.586724
vn -0.721209 -0.598596 -0.348627
vn -0.933585 -0.082941 0.348627
vn -0.685151 -0.727847 0.028397
vn -0.924228 -0.022630 0.381169
vn -0.848180 -0.094076 0.521287
vn -0.866928 0.190959 0.460402
vn -0.935829 0.105443 0.336311
vn -0.809438 -0.094047 0.579625
vn -0.978153 -0.086736 0.188926
vn -0.934893 -0.209515 0.286493
vn -0.969136 -0.071636 0.235888
vn -0.922708 0.124173 0.364954
vn -0.948675 0.165149 0.269705
vn -0.915576 0.393037 -0.085100
vn -0.998173 0.060378 0.002185
vn -0.969545 0.150501 -0.193215
vn -0.659937 -0.565253 -0.494946
vn -0.833238 -0.317558 -0.452627
vn -0.773034 -0.142697 -0.618107
vn -0.644048 0.060349 -0.762601
vn -0.358623 0.396031 -0.845310
vn -0.285366 0.690168 -0.665007
vn -0.244625 0.926326 -0.286493
vn -0.396627 0.122909 -0.909715
vn -0.601411 -0.135051 -0.787443
vn -0.708064 -0.308631 -0.635132
vn -0.853182 -0.328382 -0.405273
vn -0.870349 -0.474171 -0.132872
vn -0.937540 -0.329631 0.111189
vn -0.770948 -0.519101 0.369018
vn -0.981376 -0.094169 0.167429
vn -0.929337 -0.109187 0.352719
vn -0.393930 -0.086310 -0.915079
vn -0.564549 -0.294655 -0.771014
vn -0.715508 -0.312222 -0.624953
vn -0.918320 -0.187476 -0.348627
vn -0.977669 -0.209869 -0.010923
vn -0.966384 -0.253734 0.041497
vn -0.963348 -0.198594 0.180338
vn -0.916798 -0.249888 0.311509
vn -0.957357 -0.154115 0.244371
vn -0.861776 -0.213007 0.460402
vn -0.986848 -0.030182 0.158808
vn -0.980801 -0.026407 0.193215
vn -0.979257 0.045274 0.197500
vn -0.981387 0.052818 0.184634
vn -0.973999 0.094154 0.206059
vn -0.986846 0.131665 0.093804
vn -0.958150 0.246323 0.145853
vn -0.805126 0.592423 0.028397
vn -0.932278 0.354498 -0.072033
vn 0.000000 0.941751 -0.336311
vn -0.003777 0.752610 -0.658456
vn 0.000000 0.462341 -0.886702
vn 0.001895 0.165264 -0.986248
vn 0.395492 0.126515 -0.909715
vn 0.601411 -0.135051 -0.787443
vn 0.708064 -0.308631 -0.635132
vn 0.854530 -0.324857 -0.405273
vn 0.918320 -0.187476 -0.348627
vn 0.717011 -0.308755 -0.624953
vn 0.562789 -0.298003 -0.771014
vn 0.394722 -0.082612 -0.915079
vn 0.003808 -0.065383 -0.997853
vn 0.779543 -0.120408 -0.614666
vn 0.589000 -0.305195 -0.748288
vn 0.385184 -0.282656 -0.878487
vn -0.001893 -0.259164 -0.965832
vn 0.652806 -0.097849 -0.751179
vn 0.388910 -0.332905 -0.859025
vn 0.003775 -0.362899 -0.931821
vn 0.400641 -0.148056 -0.904194
vn 0.001895 -0.203912 -0.978987
vn 0.364812 0.067742 -0.928614
vn 0.001892 0.034897 -0.999389
vn 0.649499 0.134968 -0.748288
vn 0.873186 0.105439 -0.475846
vn 0.982449 -0.090480 -0.163120
vn 0.981629 -0.127965 0.141528
vn 0.874974 -0.216558 0.433040
vn 0.783762 -0.584360 0.210333
vn 0.717560 -0.430982 0.547141
vn 0.616481 -0.747092 0.248605
vn 0.429801 -0.589006 0.684356
vn 0.332321 -0.895893 0.294855
vn 0.000000 -0.643531 0.765420
vn 0.001886 -0.947483 0.319801
vn -0.332321 -0.895893 0.294855
vn -0.280966 -0.925815 0.252835
vn -0.616481 -0.747092 0.248605
vn -0.539304 -0.808399 0.235888
vn -0.783762 -0.584360 0.210333
vn -0.688702 -0.656676 0.307354
vn -0.835011 -0.492991 0.244371
vn -0.757431 -0.459069 0.464277
vn -0.710073 -0.240623 0.661738
vn -0.608997 -0.218090 0.762601
vn -0.528394 -0.101026 0.842967
vn -0.461760 -0.276014 0.842967
vn -0.545665 0.060128 0.835843
vn -0.528983 0.075019 0.845310
vn -0.400364 0.673351 0.621536
vn -0.269383 0.875450 0.401274
vn 0.246429 0.968272 0.041497
vn -0.165368 0.981336 0.098153
vn -0.429801 -0.589006 0.684356
vn -0.719495 -0.427743 0.547141
vn -0.874060 -0.220216 0.433040
vn -0.929784 -0.350912 0.111189
vn -0.981629 -0.127965 0.141528
vn -0.982095 -0.094238 -0.163120
vn -0.873186 0.105439 -0.475846
vn -0.779543 -0.120408 -0.614666
vn -0.649499 0.134968 -0.748288
vn -0.653355 -0.094112 -0.751179
vn -0.364812 0.067742 -0.928614
vn -0.399315 -0.151596 -0.904194
vn 0.001892 0.034897 -0.999389
vn 0.001895 -0.203912 -0.978987
vn -0.921076 -0.378969 0.089453
vn -0.852685 -0.267532 0.448727
vn -0.727141 -0.157128 0.668264
vn -0.653114 -0.116225 0.748288
vn -0.541325 -0.230847 0.808503
vn -0.587902 0.026349 0.808503
vn -0.605716 -0.093838 0.790128
vn -0.600369 0.105011 0.792799
vn -0.308249 -0.092647 0.946784
vn -0.301768 -0.598068 0.742462
vn -0.467194 -0.515119 0.718598
vn -0.448891 -0.547347 0.706334
vn -0.421157 -0.270661 0.865661
vn -0.389801 -0.262722 0.882628
vn 0.096059 0.930786 0.352719
vn -0.501061 -0.802498 0.323938
vn -0.142782 -0.882189 0.448727
vn -0.174435 -0.909587 0.377126
vn -0.090455 -0.947286 0.307354
vn 0.003772 -0.958075 0.286493
vn 0.001884 -0.663372 0.748288
vn 0.301768 -0.598068 0.742462
vn -0.007543 -0.974760 0.223129
vn -0.003776 -0.997700 0.067674
vn 0.000000 -0.999979 -0.006554
vn 0.090455 -0.947286 0.307354
vn 0.467194 -0.515119 0.718598
vn 0.003776 -0.997700 0.067674
vn 0.178140 -0.908869 0.377126
vn 0.448891 -0.547347 0.706334
vn 0.421157 -0.270661 0.865661
vn 0.500068 -0.226492 0.835843
vn 0.527674 -0.104721 0.842967
vn 0.607715 -0.221636 0.762601
vn 0.757431 -0.459069 0.464277
vn 0.676702 -0.389242 0.624953
vn 0.688702 -0.656676 0.307354
vn 0.645457 -0.609438 0.460402
vn 0.535141 -0.676233 0.506293
vn 0.563395 -0.337617 0.754056
vn 0.338676 -0.314734 0.886702
vn 0.266698 -0.252094 0.930226
vn 0.001877 -0.292760 0.956184
vn 0.003768 -0.515669 0.856780
vn -0.264104 -0.254810 0.930226
vn -0.255663 -0.447845 0.856780
vn -0.506093 -0.212687 0.835843
vn 0.542439 -0.806298 0.235888
vn 0.277351 -0.926904 0.252835
vn 0.001886 -0.966394 0.257060
vn -0.001886 -0.819915 0.572482
vn -0.335508 -0.766858 0.547141
vn -0.535141 -0.676233 0.506293
vn -0.642861 -0.612176 0.460402
vn -0.676702 -0.389242 0.624953
vn -0.561447 -0.340847 0.754056
vn 0.338961 -0.765338 0.547141
vn -0.001882 -0.334248 0.942483
vn -0.338676 -0.314734 0.886702
vn 0.506093 -0.212687 0.835843
vn 0.255663 -0.447845 0.856780
vn 0.356878 -0.037509 0.933398
vn -0.001867 -0.117685 0.993049
vn 0.222262 0.869601 0.440900
vn 0.001886 0.837039 0.547141
vn -0.086772 0.979770 -0.180338
vn -0.001887 0.950241 -0.311509
vn 0.459818 -0.279238 0.842967
vn 0.528983 0.075019 0.845310
vn 0.265776 0.876551 0.401274
vn 0.165368 0.981336 0.098153
vn 0.545665 0.060128 0.835843
vn 0.397120 0.675270 0.621536
vn -0.246429 0.968272 0.041497
vn -0.092304 0.931166 0.352719
vn 0.389801 -0.262722 0.882628
vn 0.501061 -0.802498 0.323938
vn 0.142782 -0.882189 0.448727
vn 0.007543 -0.974760 0.223129
vn 0.086772 0.979770 -0.180338
vn -0.218603 0.870528 0.440900
vn -0.356878 -0.037509 0.933398
vn -0.500068 -0.226492 0.835843
vn -0.589000 -0.305195 -0.748288
vn -0.388910 -0.332905 -0.859025
vn 0.003775 -0.362899 -0.931821
vn -0.387408 -0.279599 -0.878487
vn -0.001893 -0.259164 -0.965832
vn 0.003808 -0.065383 -0.997853
vn 0.001895 0.165264 -0.986248
vn 0.000000 0.462341 -0.886702
vn -0.003777 0.752610 -0.658456
vn 0.000000 0.941751 -0.336311
vn -0.821710 -0.033937 0.568894
vn -0.793192 -0.135179 0.593778
vn -0.756271 -0.142728 -0.638501
vn -0.760770 0.476272 -0.440900
vn -0.623025 0.197265 -0.756919
vn -0.819492 -0.026395 0.572482
vn -0.668678 0.743395 -0.015292
vn -0.816614 -0.116545 0.565296
vn 0.987338 0.127924 0.093804
vn 0.958150 0.246323 0.145853
vn 0.860743 0.463553 0.210333
vn -0.537952 -0.003764 0.842967
vn 0.028162 0.270346 0.962351
vn -0.541132 -0.836621 0.085100
vn 0.407980 -0.276853 0.870003
vn 0.060308 -0.944154 0.323938
vn 0.838203 0.045251 0.543478
vn 0.399676 -0.908203 -0.124206
vn 0.825926 0.120310 0.550793
vn 0.440785 -0.884218 -0.154492
vn 0.829967 -0.529307 0.176038
vn -0.578576 -0.331142 0.745382
vn 0.844006 -0.015089 0.536122
vn 0.282148 0.736599 0.614666
vn 0.824854 0.007544 0.565296
vn 0.306843 0.749401 0.586724
vn 0.369968 -0.228814 0.900427
vn -0.020673 0.287844 0.957454
vn 0.135383 -0.931969 0.336311
vn -0.492702 -0.868484 0.054590
vn -0.304101 -0.747743 -0.590257
vn 0.425398 -0.890185 -0.163120
vn 0.390542 -0.889851 -0.235888
vn 0.651554 -0.758222 -0.024029
vn 0.838133 -0.523130 0.154492
vn 0.649814 -0.752547 -0.106846
vn 0.649786 -0.740462 -0.171735
vn 0.415830 -0.793236 -0.444818
vn 0.400884 -0.709455 -0.579625
vn -0.139812 -0.476766 -0.867840
vn -0.106585 -0.437893 -0.892687
vn -0.320029 -0.760278 -0.565296
vn -0.795810 -0.135214 0.590257
vn 0.814938 -0.127737 0.565296
vn 0.506579 -0.842193 -0.184634
vn 0.812123 -0.112782 0.572482
vn 0.542108 -0.828305 -0.141528
vn 0.468788 -0.312668 0.826122
vn 0.222350 -0.899075 0.377126
vn -0.165475 0.256536 0.952264
vn -0.504324 -0.863446 0.010923
vn -0.301856 -0.728744 -0.614666
vn -0.322668 -0.719771 -0.614666
vn 0.473761 -0.850792 -0.227387
vn -0.318550 -0.697528 -0.641857
vn 0.451351 -0.834651 -0.315658
vn -0.282811 -0.655629 -0.700121
vn -0.216525 -0.580773 -0.784742
vn 0.398868 0.713484 0.576059
vn 0.391944 0.711534 0.583180
vn -0.106508 -0.461801 0.880566
vn 0.867270 -0.388337 0.311509
vn 0.432221 -0.891925 -0.132872
vn 0.886908 -0.037726 0.460402
vn 0.896836 -0.090343 0.433040
vn 0.457103 0.683678 0.568894
vn 0.894961 -0.135257 0.425147
vn 0.442170 0.675339 0.590257
vn 0.072466 0.261970 0.962351
vn 0.394668 -0.907174 -0.145853
vn -0.403485 -0.774406 -0.487334
vn 0.049032 -0.947605 0.315658
vn -0.546912 -0.826579 0.132872
vn 0.448652 -0.380833 0.808503
vn -0.378897 -0.756939 -0.532428
vn -0.368688 -0.759370 -0.536122
vn 0.159166 0.738533 0.655161
vn 0.129538 0.744301 0.655161
vn 0.814062 -0.441678 0.377126
vn 0.838133 -0.523130 0.154492
vn 0.987273 -0.037751 0.154492
vn 0.945015 -0.202154 0.257060
vn 0.891563 0.409614 0.193215
vn 0.787369 0.372594 0.491145
vn 0.427613 0.806009 0.409263
vn 0.190219 -0.044513 0.980732
vn -0.168091 0.022445 0.985516
vn 0.190219 -0.044513 0.980732
vn 0.001881 0.288580 0.957454
vn 0.808609 0.586556 -0.045863
vn 0.522081 0.851416 0.050227
vn 0.418475 0.457230 -0.784742
vn 0.880271 -0.097828 0.464277
vn 0.766801 -0.601856 0.223129
vn 0.835945 -0.529077 0.145853
vn 0.608676 -0.768444 -0.197500
vn 0.640986 -0.710383 -0.290677
vn 0.341171 -0.699120 -0.628358
vn -0.540912 -0.831199 0.128540
vn -0.126126 -0.978511 0.163120
vn -0.065912 -0.853108 0.517554
vn 0.086519 -0.674032 0.733618
vn 0.096904 -0.395573 0.913308
vn 0.403029 -0.256572 0.878487
vn 0.337623 -0.712879 0.614666
vn 0.056544 -0.956412 0.286493
vn -0.233469 -0.945403 0.227387
vn -0.530203 -0.847868 0.002185
vn 0.368868 -0.391590 -0.842967
vn 0.606507 -0.425706 -0.671508
vn 0.926920 -0.157901 -0.340423
vn 0.953408 0.297474 -0.050227
vn 0.487715 0.495733 -0.718598
vn 0.657196 0.718602 -0.227387
vn 0.965312 0.180222 -0.188926
vn 0.928950 -0.135470 -0.344528
vn 0.724189 -0.194046 -0.661738
vn 0.520096 0.282819 -0.805924
vn 0.061947 -0.336827 -0.939526
vn 0.361634 0.312221 -0.878487
vn -0.047086 -0.351623 -0.934957
vn -0.398055 -0.764997 -0.506293
vn 0.492578 0.860723 0.128540
vn 0.861659 0.490938 0.128540
vn 0.973892 -0.157881 0.163120
vn 0.621157 -0.642502 0.448727
vn 0.463567 -0.401003 0.790128
vn -0.236275 -0.797983 0.554434
vn -0.095478 0.150449 0.983996
vn -0.718132 -0.547871 0.429097
vn 0.472428 0.670131 0.572482
vn 0.491225 0.870964 0.010923
vn 0.914796 0.403437 0.019661
vn 0.921844 0.368558 -0.119869
vn 0.975865 -0.195074 0.098153
vn 0.923877 0.382683 0.002185
vn 0.965829 -0.217126 0.141528
vn 0.898600 -0.194601 0.393255
vn 0.523631 -0.791310 0.315658
vn 0.611340 -0.611340 0.502521
vn -0.246077 -0.913515 0.323938
vn 0.020699 -0.434515 0.900427
vn -0.807719 -0.543954 0.227387
vn -0.597603 -0.041452 0.800720
vn -0.781337 -0.584473 0.218868
vn -0.330843 -0.893654 0.303194
vn 0.477006 -0.818653 0.319801
vn 0.413261 0.891698 -0.184634
vn 0.349032 0.908031 -0.231639
vn 0.299089 0.944929 -0.132872
vn 0.746147 0.445300 0.494946
vn 0.153877 0.906462 0.393255
vn 0.988269 -0.045301 -0.145853
vn 0.279690 0.159293 -0.946784
vn 0.651293 0.706026 -0.278110
vn 0.292766 0.000000 -0.956184
vn 0.299995 0.849988 -0.433040
vn 0.464015 0.075214 -0.882628
vn 0.361581 0.839651 -0.405273
vn 0.465228 0.030256 -0.884674
vn 0.229695 0.453302 -0.861253
vn -0.017006 0.098875 -0.994955
vn -0.047179 0.347485 -0.936498
vn 0.000000 0.130707 -0.991421
vn 0.003784 0.301087 -0.953589
vn 0.050928 0.346956 -0.936498
vn 0.056586 0.711778 -0.700121
vn -0.026442 0.839007 -0.543478
vn -0.035879 0.745974 -0.665007
vn -0.111081 0.878697 -0.464277
vn -0.003780 0.695416 -0.718598
vn -0.056586 0.711778 -0.700121
vn 0.026442 0.839007 -0.543478
vn 0.211671 0.958907 -0.188926
vn 0.039652 0.745783 -0.665007
vn 0.001888 0.707876 -0.706334
vn 0.114826 0.878215 -0.464277
vn 0.217196 0.975832 0.024029
vn -0.217196 0.975832 0.024029
vn -0.207983 0.959714 -0.188926
vn -0.229695 0.453302 -0.861253
vn 0.020735 0.098161 -0.994955
vn -0.001914 -0.052374 -0.998626
vn 0.100932 -0.102273 -0.989623
vn 0.629816 -0.186363 -0.754056
vn 0.738868 -0.194392 -0.645202
vn 0.974094 -0.172824 -0.145853
vn 0.985240 -0.113046 -0.128540
vn 0.938856 -0.224236 0.261280
vn 0.951259 -0.075434 0.299027
vn 0.927060 -0.304396 -0.218868
vn 0.846052 -0.429601 -0.315658
vn 0.103493 -0.736690 -0.668264
vn 0.710561 -0.437870 -0.550793
vn 0.917992 -0.396592 0.002185
vn 0.897665 -0.374888 0.231639
vn 0.908442 -0.332878 0.252835
vn 0.389109 -0.827254 0.405273
vn 0.297213 -0.929388 0.218868
vn 0.172699 -0.882739 -0.436974
vn 0.839203 -0.509946 -0.188926
vn 0.620157 -0.775924 -0.115530
vn 0.374777 -0.899864 0.223129
vn -0.365044 0.838151 -0.405273
vn -0.465458 0.026478 -0.884674
vn -0.463396 0.078939 -0.882628
vn -0.629816 -0.186363 -0.754056
vn -0.927060 -0.304396 -0.218868
vn -0.973427 -0.176541 -0.145853
vn -0.938856 -0.224236 0.261280
vn -0.985663 -0.109293 -0.128540
vn -0.951259 -0.075434 0.299027
vn -0.992072 0.037750 -0.119869
vn -0.889397 0.064040 0.452627
vn -0.952525 0.202465 -0.227387
vn -0.887083 0.179816 0.425147
vn -0.868013 0.249859 -0.429097
vn -0.957796 0.191239 0.214603
vn -0.819391 0.238448 -0.521287
vn -0.961304 0.250093 0.115530
vn -0.879306 -0.464117 0.106846
vn -0.446543 0.279625 -0.849946
vn -0.661148 0.142593 -0.736580
vn -0.815619 -0.105473 -0.568894
vn -0.827130 -0.179931 -0.532428
vn -0.739821 -0.190734 -0.645202
vn -0.203837 -0.179807 -0.962351
vn -0.103597 -0.099573 -0.989623
vn 0.003798 -0.152286 -0.988329
vn -0.299995 0.849988 -0.433040
vn -0.292742 0.003785 -0.956184
vn -0.654064 0.703459 -0.278110
vn -0.281545 0.155991 -0.946784
vn -0.988434 -0.041528 -0.145853
vn -0.710561 -0.437870 -0.550793
vn -0.917992 -0.396592 0.002185
vn -0.837236 -0.513170 -0.188926
vn -0.099752 -0.737206 -0.668264
vn -0.844334 -0.432966 -0.315658
vn -0.909734 -0.329330 0.252835
vn -0.897665 -0.374888 0.231639
vn -0.392521 -0.825640 0.405273
vn -0.297213 -0.929388 0.218868
vn -0.172699 -0.882739 -0.436974
vn -0.374777 -0.899864 0.223129
vn -0.623101 -0.773562 -0.115530
vn 0.110177 -0.460939 0.880566
vn 0.394699 -0.766733 -0.506293
vn -0.435615 -0.890272 -0.132872
vn 0.403485 -0.774406 -0.487334
vn -0.391202 -0.908674 -0.145853
vn -0.049032 -0.947605 0.315658
vn -0.894961 -0.135257 0.425147
vn -0.451080 -0.377955 0.808503
vn -0.068834 0.262948 0.962351
vn 0.543760 -0.828655 0.132872
vn -0.442170 0.675339 0.590257
vn -0.453963 0.685768 0.568894
vn -0.896450 -0.094094 0.433040
vn -0.887061 -0.033956 0.460402
vn -0.865721 -0.391778 0.311509
vn -0.826461 0.116575 0.550793
vn -0.395241 0.709708 0.583180
vn -0.837991 0.049017 0.543478
vn -0.395572 0.715317 0.576059
vn -0.405852 -0.279963 0.870003
vn -0.031901 0.269930 0.962351
vn 0.544298 -0.834564 0.085100
vn -0.469341 0.672297 0.572482
vn 0.095478 0.150449 0.983996
vn -0.466023 -0.398145 0.790128
vn 0.239890 -0.796904 0.554434
vn -0.621157 -0.642502 0.448727
vn -0.473742 -0.820546 0.319801
vn -0.975865 -0.195074 0.098153
vn -0.965829 -0.217126 0.141528
vn -0.923877 0.382683 0.002185
vn -0.898600 -0.194601 0.393255
vn -0.746147 0.445300 0.494946
vn -0.016937 -0.434678 0.900427
vn 0.597330 -0.045214 0.800720
vn 0.805606 -0.547079 0.227387
vn -0.921844 0.368558 -0.119869
vn -0.973281 -0.161606 0.163120
vn -0.812256 -0.444991 0.377126
vn -0.838133 -0.523130 0.154492
vn -0.827930 -0.532487 0.176038
vn -0.440785 -0.884218 -0.154492
vn -0.399676 -0.908203 -0.124206
vn 0.368688 -0.759370 -0.536122
vn 0.378897 -0.756939 -0.532428
vn -0.060308 -0.944154 0.323938
vn -0.153877 0.906462 0.393255
vn -0.302685 0.943783 -0.132872
vn -0.345504 0.909379 -0.231639
vn -0.413261 0.891698 -0.184634
vn -0.914796 0.403437 0.019661
vn -0.491225 0.870964 0.010923
vn -0.863523 0.487654 0.128540
vn -0.495852 0.858841 0.128540
vn -0.893131 0.406183 0.193215
vn -0.427613 0.806009 0.409263
vn -0.788977 0.369178 0.491145
vn -0.190219 -0.044513 0.980732
vn -0.880271 -0.097828 0.464277
vn -0.096904 -0.395573 0.913308
vn -0.086519 -0.674032 0.733618
vn -0.341028 -0.711256 0.614666
vn -0.056544 -0.956412 0.286493
vn -0.606507 -0.425706 -0.671508
vn -0.366107 -0.394172 -0.842967
vn -0.520096 0.282819 -0.805924
vn -0.364093 0.309349 -0.878487
vn -0.058231 -0.337490 -0.939526
vn -0.987273 -0.037751 0.154492
vn -0.945797 -0.198465 0.257060
vn -0.766801 -0.601856 0.223129
vn 0.062152 -0.853391 0.517554
vn 0.237130 -0.944492 0.227387
vn 0.530203 -0.847868 0.002185
vn 0.050828 -0.351102 -0.934957
vn 0.544074 -0.829133 0.128540
vn 0.129870 -0.978021 0.163120
vn -0.608676 -0.768444 -0.197500
vn -0.835945 -0.529077 0.145853
vn -0.838133 -0.523130 0.154492
vn -0.640986 -0.710383 -0.290677
vn -0.344561 -0.697455 -0.628358
vn 0.110250 -0.436985 -0.892687
vn -0.400884 -0.709455 -0.579625
vn -0.649786 -0.740462 -0.171735
vn 0.136182 -0.477816 -0.867840
vn -0.419171 -0.791475 -0.444818
vn -0.652668 -0.750073 -0.106846
vn -0.651554 -0.758222 -0.024029
vn -0.393994 -0.888327 -0.235888
vn -0.843930 -0.018860 0.536122
vn -0.428801 -0.888550 -0.163120
vn -0.824880 0.003772 0.565296
vn -0.135383 -0.931969 0.336311
vn -0.371934 -0.225604 0.900427
vn 0.024423 0.287550 0.957454
vn -0.303352 0.750821 0.586724
vn -0.278622 0.737940 0.614666
vn 0.578576 -0.331142 0.745382
vn 0.718132 -0.547871 0.429097
vn 0.327300 -0.894957 0.303194
vn -0.523631 -0.791310 0.315658
vn 0.781337 -0.584473 0.218868
vn 0.246077 -0.913515 0.323938
vn -0.611340 -0.611340 0.502521
vn -0.724189 -0.194046 -0.661738
vn -0.929488 -0.131733 -0.344528
vn -0.926920 -0.157901 -0.340423
vn -0.965998 0.176509 -0.188926
vn -0.954526 0.293868 -0.050227
vn -0.487715 0.495733 -0.718598
vn -0.810821 0.583494 -0.045863
vn -0.421257 0.454668 -0.784742
vn -0.525296 0.849436 0.050227
vn -0.405036 -0.253390 0.878487
vn -0.190219 -0.044513 0.980732
vn 0.168091 0.022445 0.985516
vn -0.005642 0.288530 0.957454
vn -0.657196 0.718602 -0.227387
vn 0.220064 -0.579441 -0.784742
vn -0.454671 -0.832847 -0.315658
vn -0.473761 -0.850792 -0.227387
vn -0.506579 -0.842193 -0.184634
vn -0.814346 -0.131462 0.565296
vn -0.812633 -0.109046 0.572482
vn -0.162853 0.737728 0.655161
vn -0.133253 0.743645 0.655161
vn 0.282811 -0.655629 -0.700121
vn 0.318550 -0.697528 -0.641857
vn 0.322668 -0.719771 -0.614666
vn -0.542108 -0.828305 -0.141528
vn -0.468788 -0.312668 0.826122
vn 0.168623 0.254478 0.952264
vn 0.301856 -0.728744 -0.614666
vn -0.218684 -0.899974 0.377126
vn 0.504324 -0.863446 0.010923
vn 0.795810 -0.135214 0.590257
vn 0.320029 -0.760278 -0.565296
vn 0.300596 -0.749159 -0.590257
vn 0.489415 -0.870341 0.054590
vn 0.962247 0.246440 0.115530
vn 0.879306 -0.464117 0.106846
vn 0.819391 0.238448 -0.521287
vn 0.815463 -0.482439 -0.319801
vn 0.363103 0.175461 -0.915079
vn 0.547504 -0.603551 -0.579625
vn -0.114964 0.040946 -0.992526
vn 0.097917 -0.806420 -0.583180
vn 0.001959 0.026140 -0.999656
vn -0.003774 -0.910612 -0.413246
vn -0.097917 -0.806420 -0.583180
vn -0.098026 -0.956747 -0.273910
vn -0.513025 -0.803044 -0.303194
vn 0.678889 -0.714897 0.167429
vn 0.728638 -0.667247 -0.154492
vn 0.509840 -0.805070 -0.303194
vn 0.098026 -0.956747 -0.273910
vn 0.001889 -0.948871 -0.315658
vn 0.958528 0.187537 0.214603
vn 0.866960 0.253488 -0.429097
vn 0.887083 0.179816 0.425147
vn 0.952525 0.202465 -0.227387
vn 0.889660 0.060279 0.452627
vn 0.992072 0.037750 -0.119869
vn 0.446543 0.279625 -0.849946
vn 0.661148 0.142593 -0.736580
vn 0.815619 -0.105473 -0.568894
vn 0.827130 -0.179931 -0.532428
vn 0.203837 -0.179807 -0.962351
vn -0.009482 0.220796 -0.975274
vn 0.174189 0.037541 -0.983996
vn 0.366813 -0.261838 -0.892687
vn 0.324199 -0.284106 -0.902319
vn 0.003784 -0.301087 -0.953589
vn -0.003778 -0.271782 -0.962351
vn 0.003889 0.017039 -0.999847
vn -0.001893 0.186771 -0.982402
vn 0.013271 0.220601 -0.975274
vn 0.116182 0.037351 -0.992526
vn -0.361442 0.178858 -0.915079
vn -0.815463 -0.482439 -0.319801
vn -0.676148 -0.717490 0.167429
vn -0.174189 0.037541 -0.983996
vn -0.364606 -0.264902 -0.892687
vn -0.324199 -0.284106 -0.902319
vn -0.728638 -0.667247 -0.154492
vn -0.547504 -0.603551 -0.579625
vn 0.095478 0.150449 0.983996
vn 0.937851 0.246411 0.244371
vn 0.718132 -0.547871 0.429097
vn 0.976715 0.195002 0.089453
vn 0.781337 -0.584473 0.218868
vn 0.987934 0.150361 0.037131
vn 0.805606 -0.547079 0.227387
vn 0.867686 0.346138 0.356804
vn 0.597330 -0.045214 0.800720
vn -0.153877 0.906462 0.393255
vn 0.517550 0.833553 0.193215
vn 0.499119 0.856947 -0.128540
vn 0.508424 0.847911 -0.150174
vn 0.342283 0.936121 -0.080746
vn 0.641069 0.733025 0.227387
vn 0.275766 0.961103 0.015292
vn 0.627996 0.777109 -0.041497
vn 0.163427 0.984793 0.058953
vn 0.536529 0.843743 0.015292
vn 0.120371 0.938390 0.323938
vn 0.473920 0.866130 0.158808
vn 0.372133 0.305706 0.876391
vn 0.620792 0.141968 0.771014
vn 0.601046 0.385454 0.700121
vn 0.915891 0.112964 0.385205
vn 0.082914 0.938094 -0.336311
vn 0.303031 0.698266 -0.648534
vn 0.032102 0.760509 -0.648534
vn 0.086403 0.397998 -0.913308
vn 0.899189 0.022634 0.436974
vn 0.818379 0.495745 -0.290677
vn 0.825366 0.502685 -0.257060
vn 0.822523 0.515552 -0.240131
vn 0.709032 0.701026 0.076390
vn 0.874375 0.464153 -0.141528
vn 0.756788 0.644869 0.106846
vn 0.910105 0.410162 -0.058953
vn 0.931706 -0.067928 -0.356804
vn 0.578576 -0.331142 0.745382
vn 0.368688 -0.759370 -0.536122
vn 0.830732 0.120482 -0.543478
vn 0.759547 0.105392 -0.641857
vn 0.772648 0.090450 -0.628358
vn 0.889606 -0.374611 0.261280
vn 0.939799 -0.325994 0.102500
vn 0.620314 -0.060383 -0.782026
vn 0.578996 -0.105292 -0.808503
vn 0.851604 -0.523635 0.024029
vn 0.796496 -0.591749 0.124206
vn 0.260683 0.037654 -0.964690
vn 0.411781 0.271167 -0.870003
vn -0.203866 0.473674 -0.856780
vn -0.058231 -0.337490 -0.939526
vn 0.544074 -0.829133 0.128540
vn 0.110250 -0.436985 -0.892687
vn 0.136182 -0.477816 -0.867840
vn 0.727422 -0.082911 -0.681164
vn 0.220064 -0.579441 -0.784742
vn 0.822088 -0.067921 -0.565296
vn 0.282811 -0.655629 -0.700121
vn 0.873085 -0.015114 -0.487334
vn 0.318550 -0.697528 -0.641857
vn 0.322668 -0.719771 -0.614666
vn 0.899805 0.097991 -0.425147
vn 0.940192 0.075415 -0.332193
vn 0.676440 0.715150 0.176038
vn 0.883137 0.030210 -0.468142
vn 0.689751 0.704422 0.167429
vn 0.890134 0.052825 -0.452627
vn 0.805112 0.338083 0.487334
vn 0.979170 -0.172654 0.106846
vn 0.168623 0.254478 0.952264
vn 0.504324 -0.863446 0.010923
vn -0.133253 0.743645 0.655161
vn -0.162853 0.737728 0.655161
vn 0.795810 -0.135214 0.590257
vn 0.856638 -0.216828 -0.468142
vn 0.602538 0.755558 0.257060
vn -0.278622 0.737940 0.614666
vn -0.302685 0.943783 -0.132872
vn -0.345504 0.909379 -0.231639
vn -0.413261 0.891698 -0.184634
vn -0.491225 0.870964 0.010923
vn -0.495852 0.858841 0.128540
vn -0.427613 0.806009 0.409263
vn 0.168091 0.022445 0.985516
vn 0.372133 0.305706 0.876391
vn -0.005642 0.288530 0.957454
vn -0.178268 0.960295 -0.214603
vn -0.525296 0.849436 0.050227
vn -0.421257 0.454668 -0.784742
vn -0.325959 0.413935 -0.849946
vn -0.657196 0.718602 -0.227387
vn -0.218779 0.885799 -0.409263
vn 0.414049 0.865371 0.282304
vn 0.924382 -0.015107 -0.381169
vn 0.110177 -0.460939 0.880566
vn 0.394699 -0.766733 -0.506293
vn -0.469341 0.672297 0.572482
vn -0.453963 0.685768 0.568894
vn 0.469873 0.854069 0.223129
vn -0.442170 0.675339 0.590257
vn 0.490799 0.832488 0.257060
vn 0.640844 0.354028 0.681164
vn 0.950193 -0.275428 0.145853
vn 0.543760 -0.828655 0.132872
vn 0.403485 -0.774406 -0.487334
vn 0.932225 -0.060392 -0.356804
vn -0.068834 0.262948 0.962351
vn -0.364093 0.309349 -0.878487
vn 0.050828 -0.351102 -0.934957
vn 0.530203 -0.847868 0.002185
vn 0.320029 -0.760278 -0.565296
vn 0.878429 -0.128034 -0.460402
vn 0.300596 -0.749159 -0.590257
vn 0.937825 -0.340447 0.067674
vn 0.489415 -0.870341 0.054590
vn 0.605320 0.411831 0.681164
vn 0.024423 0.287550 0.957454
vn -0.303352 0.750821 0.586724
vn 0.557989 0.793052 0.244371
vn 0.301856 -0.728744 -0.614666
vn -0.501996 -0.849348 0.163120
vn 0.001888 -0.996371 0.085100
vn -0.447613 -0.890959 -0.076390
vn 0.018869 -0.992077 -0.124206
vn -0.366345 -0.905393 -0.214603
vn 0.009441 -0.991659 -0.128540
vn 0.000000 -0.999711 -0.024029
vn 0.497675 -0.867031 -0.024029
vn 0.484032 -0.863529 0.141528
vn 0.495419 -0.855575 -0.150174
vn 0.480859 -0.863080 -0.154492
vn 0.491253 -0.871014 -0.002185
vn 0.537958 -0.838665 0.085100
vn 0.000000 -0.989306 0.145853
vn -0.587381 -0.781501 0.210333
vn 0.007551 -0.999912 0.010923
vn 0.580196 -0.813982 -0.028397
vn 0.548448 -0.791495 -0.269705
vn 0.015097 -0.970623 -0.240131
vn 0.375662 -0.617907 -0.690702
vn 0.032080 -0.649403 -0.759767
vn -0.631295 -0.772584 0.067674
vn -0.549730 -0.786194 -0.282304
vn -0.325023 -0.618341 -0.715552
vn -0.396091 -0.902008 -0.171735
vn 0.000000 -0.994276 0.106846
vn -0.466214 -0.882986 0.054590
vn -0.005664 -0.967493 0.252835
vn -0.442742 -0.842326 0.307354
vn -0.383467 -0.704414 0.597288
vn 0.445236 -0.826478 0.344528
vn 0.325132 -0.703690 0.631751
vn -0.024513 -0.704359 0.709420
vn 0.631295 -0.772584 0.067674
vn 0.587381 -0.781501 0.210333
vn -0.007551 -0.999912 0.010923
vn 0.000000 -0.989306 0.145853
vn -0.580196 -0.813982 -0.028397
vn -0.534775 -0.840698 0.085100
vn -0.551548 -0.789338 -0.269705
vn -0.015097 -0.970623 -0.240131
vn 0.549730 -0.786194 -0.282304
vn -0.378887 -0.615935 -0.690702
vn -0.028309 -0.649579 -0.759767
vn 0.328361 -0.616575 -0.715552
vn 0.505242 -0.847421 0.163120
vn -0.005664 -0.996356 0.085100
vn -0.491253 -0.871014 -0.002185
vn -0.480859 -0.863080 -0.154492
vn -0.018869 -0.992077 -0.124206
vn -0.492149 -0.857460 -0.150174
vn -0.005665 -0.991688 -0.128540
vn -0.497675 -0.867031 -0.024029
vn 0.000000 -0.999711 -0.024029
vn -0.484032 -0.863529 0.141528
vn 0.000000 -0.994276 0.106846
vn -0.445236 -0.826478 0.344528
vn 0.009439 -0.967463 0.252835
vn -0.325132 -0.703690 0.631751
vn 0.020743 -0.704481 0.709420
vn 0.369841 -0.903971 -0.214603
vn 0.447613 -0.890959 -0.076390
vn 0.396091 -0.902008 -0.171735
vn 0.469549 -0.881217 0.054590
vn 0.442742 -0.842326 0.307354
vn 0.383467 -0.704414 0.597288
vn 0.522081 0.851416 0.050227
vn 0.174556 0.960977 -0.214603
vn 0.001881 0.288580 0.957454
vn -0.372133 0.305706 0.876391
vn -0.168091 0.022445 0.985516
vn -0.372133 0.305706 0.876391
vn 0.427613 0.806009 0.409263
vn -0.120371 0.938390 0.323938
vn -0.159703 0.985403 0.058953
vn -0.536529 0.843743 0.015292
vn -0.627996 0.777109 -0.041497
vn -0.825366 0.502685 -0.257060
vn -0.822523 0.515552 -0.240131
vn -0.759547 0.105392 -0.641857
vn -0.830732 0.120482 -0.543478
vn -0.620314 -0.060383 -0.782026
vn -0.726984 -0.086662 -0.681164
vn -0.139812 -0.476766 -0.867840
vn -0.216525 -0.580773 -0.784742
vn -0.473920 0.866130 0.158808
vn -0.818379 0.495745 -0.290677
vn -0.773078 0.086698 -0.628358
vn -0.578308 -0.109009 -0.808503
vn -0.106585 -0.437893 -0.892687
vn -0.899276 0.018862 0.436974
vn -0.889606 -0.374611 0.261280
vn -0.851604 -0.523635 0.024029
vn -0.540912 -0.831199 0.128540
vn -0.796496 -0.591749 0.124206
vn -0.939799 -0.325994 0.102500
vn -0.915891 0.112964 0.385205
vn -0.621621 0.138292 0.771014
vn -0.603073 0.382275 0.700121
vn -0.082914 0.938094 -0.336311
vn -0.306493 0.696754 -0.648534
vn -0.411781 0.271167 -0.870003
vn -0.261196 0.033911 -0.964690
vn 0.207330 0.472169 -0.856780
vn 0.361634 0.312221 -0.878487
vn 0.061947 -0.336827 -0.939526
vn -0.086403 0.397998 -0.913308
vn -0.035876 0.760340 -0.648534
vn 0.222443 0.884886 -0.409263
vn 0.325959 0.413935 -0.849946
vn 0.657196 0.718602 -0.227387
vn 0.418475 0.457230 -0.784742
vn -0.047086 -0.351623 -0.934957
vn -0.530203 -0.847868 0.002185
vn 0.492578 0.860723 0.128540
vn -0.275766 0.961103 0.015292
vn 0.491225 0.870964 0.010923
vn -0.345828 0.934817 -0.080746
vn 0.413261 0.891698 -0.184634
vn 0.349032 0.908031 -0.231639
vn -0.638225 0.735503 0.227387
vn -0.709032 0.701026 0.076390
vn -0.874375 0.464153 -0.141528
vn -0.900206 0.094236 -0.425147
vn -0.822088 -0.067921 -0.565296
vn -0.282811 -0.655629 -0.700121
vn -0.939882 0.079177 -0.332193
vn -0.873085 -0.015114 -0.487334
vn -0.318550 -0.697528 -0.641857
vn -0.908548 0.413600 -0.058953
vn -0.756788 0.644869 0.106846
vn -0.417449 0.863737 0.282304
vn -0.095478 0.150449 0.983996
vn -0.938803 0.242759 0.244371
vn -0.718132 -0.547871 0.429097
vn -0.977447 0.191300 0.089453
vn -0.781337 -0.584473 0.218868
vn -0.987934 0.150361 0.037131
vn -0.807719 -0.543954 0.227387
vn -0.867686 0.346138 0.356804
vn -0.597603 -0.041452 0.800720
vn 0.153877 0.906462 0.393255
vn -0.520751 0.831557 0.193215
vn -0.495852 0.858841 -0.128540
vn -0.505184 0.849845 -0.150174
vn 0.299089 0.944929 -0.132872
vn 0.472428 0.670131 0.572482
vn 0.457103 0.683678 0.568894
vn -0.469873 0.854069 0.223129
vn -0.924436 -0.011330 -0.381169
vn -0.932462 -0.056622 -0.356804
vn -0.398055 -0.764997 -0.506293
vn -0.403485 -0.774406 -0.487334
vn -0.106508 -0.461801 0.880566
vn -0.306971 0.866672 0.393255
vn -0.931974 -0.064160 -0.356804
vn -0.929556 -0.075430 -0.360882
vn -0.368688 -0.759370 -0.536122
vn -0.378897 -0.756939 -0.532428
vn -0.578576 -0.331142 0.745382
vn -0.605482 0.753201 0.257060
vn -0.855703 -0.220487 -0.468142
vn -0.878429 -0.128034 -0.460402
vn -0.320029 -0.760278 -0.565296
vn -0.304101 -0.747743 -0.590257
vn -0.795810 -0.135214 0.590257
vn -0.673692 0.717740 0.176038
vn -0.882999 0.033984 -0.468142
vn -0.322668 -0.719771 -0.614666
vn -0.890134 0.052825 -0.452627
vn -0.301856 -0.728744 -0.614666
vn -0.979170 -0.172654 0.106846
vn -0.504324 -0.863446 0.010923
vn -0.165475 0.256536 0.952264
vn -0.692442 0.701778 0.167429
vn -0.806565 0.334601 0.487334
vn 0.129538 0.744301 0.655161
vn 0.159166 0.738533 0.655161
vn 0.391944 0.711534 0.583180
vn -0.403350 0.849365 0.340423
vn 0.398868 0.713484 0.576059
vn -0.593228 0.391845 0.703234
vn 0.028162 0.270346 0.962351
vn -0.541132 -0.836621 0.085100
vn -0.939004 -0.311446 0.145853
vn 0.282148 0.736599 0.614666
vn -0.561072 0.790874 0.244371
vn 0.306843 0.749401 0.586724
vn -0.605320 0.411831 0.681164
vn -0.020673 0.287844 0.957454
vn -0.492702 -0.868484 0.054590
vn -0.937825 -0.340447 0.067674
vn 0.442170 0.675339 0.590257
vn -0.487546 0.834397 0.257060
vn -0.640844 0.354028 0.681164
vn -0.950193 -0.275428 0.145853
vn -0.546912 -0.826579 0.132872
vn 0.072466 0.261970 0.962351
vn 0.544298 -0.834564 0.085100
vn 0.378897 -0.756939 -0.532428
vn 0.939004 -0.311446 0.145853
vn 0.929556 -0.075430 -0.360882
vn 0.406755 0.847740 0.340423
vn 0.306971 0.866672 0.393255
vn -0.395241 0.709708 0.583180
vn -0.395572 0.715317 0.576059
vn 0.593228 0.391845 0.703234
vn -0.031901 0.269930 0.962351
vn 0.000000 -0.994733 0.102500
vn -0.001888 -0.984382 -0.176038
vn 0.037750 -0.999285 -0.002185
vn 0.255573 -0.933144 -0.252835
vn -0.297298 -0.954063 -0.037131
vn -0.449922 -0.864745 0.223129
vn -0.741829 -0.204955 0.638501
vn 0.041517 -0.967715 0.248605
vn -0.316161 -0.209275 0.925336
vn 0.001886 -0.966394 0.257060
vn -0.003653 0.034757 0.999389
vn -0.090190 0.032827 0.995383
vn 0.299653 -0.117509 0.946784
vn 0.327820 0.145955 0.933398
vn -0.038855 0.160643 0.986248
vn 0.000000 0.021845 0.999761
vn 0.003732 0.130653 0.991421
vn 0.003754 0.346558 0.938021
vn -0.001887 -0.935728 0.352719
vn 0.244585 -0.938329 0.244371
vn 0.000000 -0.994733 0.102500
vn -0.037750 -0.999285 -0.002185
vn -0.001888 -0.984382 -0.176038
vn -0.259213 -0.932139 -0.252835
vn 0.001886 -0.966394 0.257060
vn -0.041517 -0.967715 0.248605
vn 0.314071 -0.212398 0.925336
vn 0.742825 -0.201317 0.638501
vn 0.445065 0.670332 0.593778
vn 0.935112 0.082863 0.344528
vn 0.928468 0.296919 0.223129
vn 0.622573 -0.782412 -0.015292
vn 0.870939 -0.457104 0.180338
vn 0.402307 -0.814909 0.417221
vn 0.000000 -0.864565 0.502521
vn 0.297298 -0.954063 -0.037131
vn 0.449922 -0.864745 0.223129
vn -0.003653 0.034757 0.999389
vn -0.003771 0.732122 0.681164
vn 0.374545 0.884517 0.278110
vn 0.000000 0.980303 0.197500
vn 0.003774 0.992249 -0.124206
vn 0.767668 0.639771 0.037131
vn 0.191266 0.973648 -0.124206
vn 0.554774 0.814981 -0.167429
vn 0.116788 0.957013 -0.265495
vn -0.001888 0.960547 -0.278110
vn 0.879830 -0.388422 0.273910
vn -0.116788 0.957013 -0.265495
vn -0.554774 0.814981 -0.167429
vn -0.191266 0.973648 -0.124206
vn -0.767668 0.639771 0.037131
vn -0.374545 0.884517 0.278110
vn -0.928468 0.296919 0.223129
vn -0.445065 0.670332 0.593778
vn -0.935112 0.082863 0.344528
vn -0.881347 -0.384969 0.273910
vn -0.872686 -0.453760 0.180338
vn -0.622573 -0.782412 -0.015292
vn -0.398921 -0.816571 0.417221
vn -0.240931 -0.939274 0.244371
vn 0.000000 -0.864565 0.502521
vn -0.001887 -0.935728 0.352719
vn -0.003771 0.732122 0.681164
vn 0.000000 0.980303 0.197500
vn 0.003774 0.992249 -0.124206
vn -0.001888 0.960547 -0.278110
vn 0.243654 0.326345 -0.913308
vn -0.032134 0.349198 -0.936498
vn 0.035902 0.348831 -0.936498
vn 0.307104 0.324490 -0.894647
vn 0.662665 -0.747995 -0.037131
vn -0.526276 0.830970 -0.180338
vn 0.032102 0.760509 -0.648534
vn 0.217196 0.975832 0.024029
vn 0.374777 -0.899864 0.223129
vn -0.982095 -0.094238 -0.163120
vn -0.484467 0.874348 0.028397
vn -0.676148 -0.717490 0.167429
vn -0.917992 -0.396592 0.002185
vt 0.492831 0.952236
vt 0.496430 0.940807
vt 0.501349 0.958492
vt 0.511187 0.944055
vt 0.526184 0.949830
vt 0.516106 0.930581
vt 0.532902 0.935273
vt 0.520425 0.916745
vt 0.538781 0.921197
vt 0.524024 0.902910
vt 0.542980 0.907722
vt 0.527024 0.890157
vt 0.546339 0.893526
vt 0.548259 0.879209
vt 0.568535 0.881735
vt 0.549099 0.865253
vt 0.569494 0.866577
vt 0.569014 0.851779
vt 0.528703 0.877284
vt 0.507708 0.886668
vt 0.505548 0.898458
vt 0.502549 0.912655
vt 0.499430 0.926851
vt 0.509747 0.874998
vt 0.530143 0.863088
vt 0.548379 0.849974
vt 0.564695 0.832890
vt 0.511907 0.860802
vt 0.530863 0.848771
vt 0.546819 0.834214
vt 0.560976 0.820378
vt 0.514186 0.846365
vt 0.530743 0.834575
vt 0.526064 0.817972
vt 0.545740 0.821582
vt 0.544300 0.810513
vt 0.557257 0.809190
vt 0.554738 0.801009
vt 0.780889 0.977982
vt 0.775970 0.935273
vt 0.795525 0.980629
vt 0.803684 0.933829
vt 0.827079 0.980147
vt 0.829478 0.934551
vt 0.840636 0.977621
vt 0.846394 0.936957
vt 0.832957 0.885826
vt 0.803924 0.884021
vt 0.783888 0.880773
vt 0.817601 0.828800
vt 0.829598 0.831808
vt 0.837276 0.833372
vt 0.848794 0.885585
vt 0.389173 0.056423
vt 0.387974 0.058829
vt 0.382695 0.048963
vt 0.379815 0.051731
vt 0.375736 0.034527
vt 0.371177 0.037173
vt 0.367818 0.020932
vt 0.357740 0.024541
vt 0.368058 0.006495
vt 0.357860 0.007698
vt 0.373697 0.059310
vt 0.360500 0.044271
vt 0.327747 0.036211
vt 0.324627 0.013232
vt 0.353421 0.082048
vt 0.340824 0.062197
vt 0.295594 0.055821
vt 0.288515 0.027188
vt 0.327747 0.114411
vt 0.313110 0.089868
vt 0.267280 0.082529
vt 0.258282 0.047399
vt 0.303872 0.147255
vt 0.286716 0.120667
vt 0.276638 0.144368
vt 0.247364 0.106591
vt 0.245805 0.151707
vt 0.216771 0.147015
vt 0.295474 0.166264
vt 0.306631 0.181663
vt 0.316229 0.164580
vt 0.291755 0.193333
vt 0.274478 0.175648
vt 0.656236 0.989892
vt 0.646038 0.990975
vt 0.662474 0.950191
vt 0.640759 0.948506
vt 0.642439 0.898458
vt 0.614125 0.899661
vt 0.618924 0.846365
vt 0.611245 0.847448
vt 0.617604 0.991938
vt 0.615324 0.947544
vt 0.596848 0.949469
vt 0.595529 0.899060
vt 0.603087 0.989411
vt 0.633800 0.844560
vt 0.656476 0.896533
vt 0.629481 0.844560
vt 0.372017 0.019488
vt 0.371657 0.006735
vt 0.237526 0.061235
vt 0.215931 0.104426
vt 0.184498 0.108035
vt 0.187857 0.153030
vt 0.156664 0.147015
vt 0.160143 0.178295
vt 0.138788 0.169753
vt 0.143707 0.196702
vt 0.128350 0.185393
vt 0.135788 0.206808
vt 0.129430 0.150985
vt 0.145386 0.123795
vt 0.163622 0.084815
vt 0.171421 0.049204
vt 0.192896 0.062197
vt 0.215331 0.064844
vt 0.340584 0.129089
vt 0.363619 0.093357
vt 0.382095 0.067010
vt 0.928337 0.670595
vt 0.933975 0.708372
vt 0.910820 0.671317
vt 0.914540 0.709936
vt 0.882027 0.669753
vt 0.887905 0.712101
vt 0.856952 0.710176
vt 0.843635 0.754329
vt 0.835597 0.705003
vt 0.825519 0.753608
vt 0.943813 0.769127
vt 0.918739 0.763232
vt 0.881067 0.757698
vt 0.840516 0.788497
vt 0.824919 0.788377
vt 0.942853 0.804979
vt 0.909261 0.796317
vt 0.871349 0.792226
vt 0.831758 0.812799
vt 0.821560 0.810754
vt 0.866670 0.824108
vt 0.912980 0.833251
vt 0.935295 0.832770
vt 0.140347 0.030195
vt 0.134109 0.059190
vt 0.103635 0.017563
vt 0.100996 0.040783
vt 0.070043 0.012630
vt 0.070522 0.029835
vt 0.059605 0.011548
vt 0.060205 0.026346
vt 0.056006 0.011909
vt 0.055766 0.024902
vt 0.117552 0.093959
vt 0.088639 0.067371
vt 0.068003 0.049926
vt 0.056845 0.042948
vt 0.052286 0.040422
vt 0.103875 0.118862
vt 0.076641 0.087582
vt 0.055166 0.065446
vt 0.048567 0.057866
vt 0.045448 0.055099
vt 0.117912 0.168670
vt 0.091758 0.134142
vt 0.066803 0.099252
vt 0.046888 0.073506
vt 0.040529 0.065325
vt 0.529543 0.809190
vt 0.543340 0.802092
vt 0.550778 0.794031
vt 0.531942 0.800768
vt 0.533262 0.794873
vt 0.542620 0.794993
vt 0.098356 0.648940
vt 0.096317 0.646052
vt 0.102316 0.643165
vt 0.099556 0.637270
vt 0.114073 0.632818
vt 0.110474 0.622833
vt 0.122711 0.611644
vt 0.098716 0.589868
vt 0.102316 0.566529
vt 0.077001 0.553776
vt 0.103755 0.547159
vt 0.080720 0.537173
vt 0.106275 0.529594
vt 0.085519 0.522255
vt 0.111914 0.511187
vt 0.093797 0.503487
vt 0.117672 0.500359
vt 0.107714 0.485200
vt 0.134109 0.487005
vt 0.133149 0.467876
vt 0.155104 0.467756
vt 0.131709 0.447785
vt 0.154984 0.448145
vt 0.154864 0.425888
vt 0.178259 0.447544
vt 0.179219 0.424325
vt 0.200814 0.421076
vt 0.199854 0.395691
vt 0.221690 0.388112
vt 0.218210 0.370667
vt 0.133629 0.554257
vt 0.134709 0.534767
vt 0.136148 0.516601
vt 0.136148 0.502164
vt 0.155224 0.487847
vt 0.176340 0.486764
vt 0.177059 0.467635
vt 0.202734 0.484599
vt 0.199375 0.465590
vt 0.218210 0.462342
vt 0.229848 0.445499
vt 0.242205 0.462823
vt 0.155344 0.503126
vt 0.174540 0.501923
vt 0.192896 0.499878
vt 0.216771 0.502645
vt 0.224929 0.473891
vt 0.235727 0.491817
vt 0.252763 0.483155
vt 0.261281 0.502404
vt 0.703625 0.429137
vt 0.700866 0.399902
vt 0.726420 0.428896
vt 0.727020 0.398097
vt 0.761573 0.427212
vt 0.758693 0.398218
vt 0.799245 0.421678
vt 0.794926 0.396533
vt 0.818560 0.419392
vt 0.819400 0.396293
vt 0.759173 0.360080
vt 0.723661 0.362246
vt 0.699426 0.363689
vt 0.712983 0.304257
vt 0.728460 0.306904
vt 0.755814 0.308468
vt 0.793846 0.359960
vt 0.755694 0.271533
vt 0.790486 0.308588
vt 0.819400 0.358997
vt 0.782208 0.271774
vt 0.808003 0.307987
vt 0.004297 0.548964
vt 0.008736 0.547159
vt 0.009576 0.553656
vt 0.016774 0.552452
vt 0.012695 0.561596
vt 0.020013 0.561476
vt 0.013535 0.572303
vt 0.019773 0.573025
vt 0.016174 0.584094
vt 0.047487 0.596606
vt 0.042329 0.608997
vt 0.064524 0.620787
vt 0.038009 0.528752
vt 0.053486 0.543429
vt 0.053606 0.562919
vt 0.051687 0.580003
vt 0.074842 0.592635
vt 0.069203 0.611644
vt 0.093078 0.605629
vt 0.086479 0.624156
vt 0.076641 0.575552
vt 0.060325 0.528391
vt 0.043648 0.519368
vt 0.733259 0.270571
vt 0.724621 0.268405
vt 0.013055 0.587823
vt 0.011135 0.582650
vt 0.083360 0.634623
vt 0.508548 0.243381
vt 0.501349 0.219560
vt 0.532062 0.226298
vt 0.531823 0.194055
vt 0.574293 0.149300
vt 0.519105 0.169632
vt 0.551618 0.121509
vt 0.528343 0.098290
vt 0.566735 0.076273
vt 0.540461 0.062919
vt 0.572974 0.046196
vt 0.543580 0.032963
vt 0.498950 0.141962
vt 0.487552 0.070378
vt 0.498470 0.042828
vt 0.502549 0.022014
vt 0.464997 0.104907
vt 0.453360 0.053776
vt 0.464997 0.029113
vt 0.465117 0.013834
vt 0.450600 0.024541
vt 0.440282 0.046437
vt 0.437283 0.075311
vt 0.427805 0.065807
vt 0.424326 0.089989
vt 0.417607 0.078559
vt 0.446041 0.126682
vt 0.470276 0.169031
vt 0.492831 0.200552
vt 0.897983 0.842996
vt 0.905182 0.844079
vt 0.881667 0.893646
vt 0.896783 0.895210
vt 0.894144 0.941168
vt 0.911780 0.895451
vt 0.909381 0.941408
vt 0.928697 0.896413
vt 0.927617 0.942010
vt 0.947532 0.897255
vt 0.951012 0.942852
vt 0.964929 0.893887
vt 0.967328 0.945138
vt 0.956051 0.989652
vt 0.945853 0.987967
vt 0.929296 0.987727
vt 0.911180 0.987366
vt 0.896903 0.986764
vt 0.885626 0.985922
vt 0.879747 0.942611
vt 0.595529 0.054979
vt 0.589770 0.088545
vt 0.615804 0.057385
vt 0.613885 0.092515
vt 0.610525 0.150985
vt 0.607406 0.202597
vt 0.646878 0.152789
vt 0.639919 0.208973
vt 0.680470 0.233757
vt 0.638359 0.091192
vt 0.636440 0.057024
vt 0.662594 0.081808
vt 0.672432 0.127404
vt 0.698346 0.106832
vt 0.699546 0.178295
vt 0.722221 0.152669
vt 0.748856 0.184190
vt 0.777409 0.144368
vt 0.659475 0.050527
vt 0.690188 0.071220
vt 0.741057 0.082770
vt 0.759653 0.119223
vt 0.802724 0.109839
vt 0.690188 0.040903
vt 0.733379 0.055580
vt 0.775970 0.069296
vt 0.790367 0.092756
vt 0.800804 0.083973
vt 0.810762 0.099132
vt 0.804763 0.081206
vt 0.812802 0.095643
vt 0.731459 0.034527
vt 0.767691 0.044993
vt 0.782328 0.041384
vt 0.789767 0.063040
vt 0.789047 0.039940
vt 0.795525 0.060513
vt 0.241126 0.227140
vt 0.236686 0.241095
vt 0.239806 0.224974
vt 0.230808 0.238088
vt 0.237046 0.221966
vt 0.226969 0.235080
vt 0.223489 0.230268
vt 0.220370 0.240013
vt 0.216771 0.231952
vt 0.212932 0.244344
vt 0.205493 0.233035
vt 0.200454 0.244344
vt 0.185098 0.238930
vt 0.189177 0.249397
vt 0.160263 0.252284
vt 0.177539 0.256976
vt 0.182698 0.266360
vt 0.194216 0.258540
vt 0.204893 0.251442
vt 0.211852 0.260706
vt 0.218930 0.250840
vt 0.227568 0.257337
vt 0.232847 0.248795
vt 0.225049 0.244344
vt 0.769251 0.029594
vt 0.782568 0.029113
vt 0.787607 0.029113
vt 0.232487 0.218959
vt 0.227209 0.216913
vt 0.220250 0.215229
vt 0.217491 0.211740
vt 0.202014 0.217034
vt 0.183418 0.221004
vt 0.158703 0.225576
vt 0.121871 0.245426
vt 0.123551 0.223170
vt 0.084439 0.245426
vt 0.091038 0.220162
vt 0.062364 0.230027
vt 0.067763 0.213425
vt 0.041489 0.221124
vt 0.047727 0.207529
vt 0.031531 0.199950
vt 0.119952 0.267563
vt 0.147066 0.274180
vt 0.169741 0.273218
vt 0.159423 0.288136
vt 0.178139 0.287655
vt 0.166502 0.299565
vt 0.188697 0.304979
vt 0.176220 0.316408
vt 0.190137 0.278511
vt 0.200454 0.294151
vt 0.211252 0.281519
vt 0.201534 0.269247
vt 0.220490 0.267924
vt 0.945853 0.841432
vt 0.938774 0.842154
vt 0.925817 0.844079
vt 0.914420 0.844681
vt 0.162902 0.326273
vt 0.156184 0.310754
vt 0.150425 0.301731
vt 0.141067 0.312679
vt 0.133389 0.303776
vt 0.128710 0.311596
vt 0.116952 0.299685
vt 0.116113 0.311235
vt 0.103155 0.310152
vt 0.115153 0.320138
vt 0.098956 0.317371
vt 0.114193 0.328559
vt 0.096437 0.324469
vt 0.092838 0.334815
vt 0.085519 0.316168
vt 0.079401 0.327717
vt 0.067403 0.317250
vt 0.090438 0.308949
vt 0.099916 0.301490
vt 0.118152 0.285128
vt 0.139148 0.290783
vt 0.076521 0.304859
vt 0.083720 0.297159
vt 0.096437 0.288376
vt 0.092358 0.271654
vt 0.057205 0.305821
vt 0.068483 0.292587
vt 0.047967 0.294031
vt 0.059845 0.280677
vt 0.038009 0.280436
vt 0.049887 0.268526
vt 0.029011 0.266360
vt 0.039689 0.256495
vt 0.021813 0.254329
vt 0.031891 0.246991
vt 0.025772 0.238088
vt 0.038489 0.240855
vt 0.032011 0.232313
vt 0.044728 0.234478
vt 0.054806 0.240133
vt 0.065364 0.249397
vt 0.068843 0.269849
vt 0.077121 0.283444
vt 0.057445 0.259743
vt 0.047128 0.248434
vt 0.684309 0.201394
vt 0.723781 0.213545
vt 0.713463 0.231230
vt 0.703745 0.253968
vt 0.113113 0.339267
vt 0.133629 0.338786
vt 0.132309 0.327477
vt 0.131229 0.319416
vt 0.144307 0.321461
vt 0.148146 0.334334
vt 0.028532 0.202958
vt 0.021333 0.204041
vt 0.029491 0.219079
vt 0.025052 0.226899
vt 0.020013 0.230869
vt 0.018814 0.221124
vt 0.014495 0.223771
vt 0.010655 0.207890
vt 0.007536 0.210657
vt 0.011735 0.234599
vt 0.008616 0.226177
vt 0.005856 0.212703
vt 0.016294 0.243863
vt 0.226129 0.414940
vt 0.201534 0.446581
vt 0.762293 0.228463
vt 0.763132 0.230869
vt 0.770211 0.216071
vt 0.775010 0.220402
vt 0.775730 0.209695
vt 0.782208 0.215831
vt 0.789767 0.211139
vt 0.793966 0.218959
vt 0.803444 0.214146
vt 0.805963 0.222207
vt 0.818200 0.220162
vt 0.819520 0.231230
vt 0.846874 0.224613
vt 0.816641 0.249036
vt 0.841595 0.250840
vt 0.831398 0.215710
vt 0.828758 0.205364
vt 0.815681 0.209936
vt 0.799125 0.203439
vt 0.783048 0.202717
vt 0.811242 0.197785
vt 0.824679 0.191769
vt 0.843035 0.201995
vt 0.838596 0.185874
vt 0.856832 0.190085
vt 0.852873 0.177332
vt 0.868949 0.179257
vt 0.865710 0.169151
vt 0.880827 0.171076
vt 0.879867 0.161812
vt 0.891984 0.167106
vt 0.893064 0.159045
vt 0.907821 0.170354
vt 0.910820 0.162414
vt 0.922698 0.177212
vt 0.926897 0.170956
vt 0.935415 0.181663
vt 0.933016 0.161812
vt 0.944293 0.172159
vt 0.865230 0.206808
vt 0.877108 0.192732
vt 0.885866 0.181663
vt 0.892464 0.175167
vt 0.900863 0.189844
vt 0.895944 0.203439
vt 0.889705 0.220042
vt 0.882387 0.241095
vt 0.874948 0.262149
vt 0.918619 0.250600
vt 0.917539 0.223170
vt 0.917899 0.205965
vt 0.917779 0.192371
vt 0.932296 0.200672
vt 0.928816 0.187558
vt 0.941174 0.194897
vt 0.953291 0.185393
vt 0.916819 0.183107
vt 0.904582 0.178776
vt 0.914660 0.152428
vt 0.894624 0.147736
vt 0.879387 0.148338
vt 0.863071 0.152428
vt 0.847834 0.158564
vt 0.832717 0.166504
vt 0.818680 0.173964
vt 0.804883 0.183468
vt 0.792646 0.194296
vt 0.764932 0.234478
vt 0.778009 0.224373
vt 0.785568 0.221245
vt 0.787127 0.230027
vt 0.798285 0.231711
vt 0.773210 0.241817
vt 0.779569 0.245306
vt 0.781368 0.249276
vt 0.797565 0.248194
vt 0.960130 0.198867
vt 0.945973 0.208853
vt 0.966128 0.212703
vt 0.951132 0.222688
vt 0.972367 0.228343
vt 0.957850 0.236885
vt 0.977526 0.244344
vt 0.964689 0.251201
vt 0.981365 0.257818
vt 0.969848 0.262390
vt 0.973447 0.272496
vt 0.961809 0.266480
vt 0.965888 0.276466
vt 0.954251 0.271172
vt 0.953891 0.284888
vt 0.936015 0.270932
vt 0.926537 0.285609
vt 0.905662 0.273218
vt 0.935295 0.215470
vt 0.939854 0.230749
vt 0.948252 0.243502
vt 0.955331 0.256976
vt 0.937935 0.251442
vt 0.945853 0.263112
vt 0.415808 0.074950
vt 0.424206 0.062558
vt 0.435004 0.043550
vt 0.444122 0.022736
vt 0.446881 0.011909
vt 0.451800 0.012270
vt 0.095597 0.350937
vt 0.108074 0.352019
vt 0.094277 0.355629
vt 0.108554 0.357072
vt 0.090678 0.371509
vt 0.109514 0.375600
vt 0.109514 0.396293
vt 0.131709 0.398579
vt 0.130510 0.424565
vt 0.154744 0.399421
vt 0.087559 0.388954
vt 0.108794 0.421678
vt 0.083360 0.415783
vt 0.108314 0.447183
vt 0.080120 0.446461
vt 0.110714 0.466071
vt 0.091878 0.463064
vt 0.085279 0.474734
vt 0.074842 0.492780
vt 0.066683 0.513593
vt 0.049287 0.503728
vt 0.984125 0.269247
vt 0.986164 0.279353
vt 0.977286 0.280797
vt 0.971287 0.283444
vt 0.965049 0.289940
vt 0.971047 0.293790
vt 0.969128 0.306543
vt 0.974887 0.306543
vt 0.980645 0.289098
vt 0.975846 0.290662
vt 0.980405 0.305460
vt 0.067883 0.463906
vt 0.057685 0.484358
vt 0.987004 0.288256
vt 0.986164 0.301971
vt 0.984125 0.303535
vt 0.961809 0.305701
vt 0.958210 0.307866
vt 0.944533 0.296437
vt 0.957010 0.659767
vt 0.934575 0.658324
vt 0.961089 0.630773
vt 0.935415 0.627765
vt 0.964209 0.594801
vt 0.940334 0.592154
vt 0.953531 0.534647
vt 0.938054 0.536572
vt 0.943573 0.498314
vt 0.934935 0.500119
vt 0.905062 0.588425
vt 0.910820 0.536933
vt 0.912500 0.499998
vt 0.870269 0.586740
vt 0.875908 0.535369
vt 0.885866 0.499036
vt 0.844475 0.584575
vt 0.858152 0.534045
vt 0.870029 0.497833
vt 0.842795 0.621509
vt 0.867510 0.623073
vt 0.842555 0.644608
vt 0.862111 0.647857
vt 0.903862 0.626442
vt 0.899783 0.655075
vt 0.566255 0.897135
vt 0.562896 0.912294
vt 0.558457 0.926851
vt 0.552938 0.940566
vt 0.542500 0.957048
vt 0.534822 0.967996
vt 0.521145 0.961861
vt 0.527503 0.977862
vt 0.516226 0.972327
vt 0.522465 0.985200
vt 0.512627 0.980268
vt 0.516586 0.990855
vt 0.509627 0.987005
vt 0.501949 0.968478
vt 0.501709 0.977741
vt 0.501109 0.983877
vt 0.301952 0.583733
vt 0.298353 0.586018
vt 0.300153 0.580845
vt 0.295234 0.582409
vt 0.297753 0.570499
vt 0.291515 0.571341
vt 0.291155 0.559791
vt 0.257682 0.561596
vt 0.257682 0.542226
vt 0.234767 0.574469
vt 0.234167 0.552813
vt 0.212932 0.589146
vt 0.208972 0.565807
vt 0.189177 0.611163
vt 0.179099 0.583372
vt 0.171781 0.614652
vt 0.169021 0.600576
vt 0.155944 0.615494
vt 0.155944 0.599854
vt 0.142747 0.600816
vt 0.155824 0.581567
vt 0.132429 0.583612
vt 0.177659 0.554017
vt 0.207413 0.546437
vt 0.230328 0.536331
vt 0.250603 0.527188
vt 0.225289 0.521293
vt 0.244005 0.512510
vt 0.267280 0.518044
vt 0.272919 0.527308
vt 0.294394 0.550768
vt 0.298473 0.559791
vt 0.302312 0.545354
vt 0.301592 0.551971
vt 0.213292 0.350215
vt 0.214611 0.354907
vt 0.200934 0.351418
vt 0.200454 0.356471
vt 0.172860 0.351658
vt 0.172980 0.357433
vt 0.154504 0.357433
vt 0.154624 0.375239
vt 0.136028 0.357674
vt 0.133269 0.376562
vt 0.199615 0.374998
vt 0.175980 0.376322
vt 0.177779 0.398338
vt 0.140107 0.614892
vt 0.140587 0.626081
vt 0.156064 0.626201
vt 0.171541 0.625840
vt 0.186537 0.625840
vt 0.198055 0.632217
vt 0.201534 0.622351
vt 0.218690 0.604907
vt 0.236806 0.591673
vt 0.259841 0.578680
vt 0.264161 0.595162
vt 0.242685 0.610561
vt 0.225409 0.623314
vt 0.212572 0.636668
vt 0.209812 0.642443
vt 0.215931 0.645330
vt 0.228768 0.633781
vt 0.247364 0.619584
vt 0.269319 0.607554
vt 0.136148 0.351899
vt 0.154504 0.352019
vt 0.125591 0.626201
vt 0.850473 0.669993
vt 0.861391 0.670234
vt 0.516226 0.832530
vt 0.754254 0.841192
vt 0.766012 0.893887
vt 0.746936 0.841553
vt 0.749935 0.894127
vt 0.736858 0.841192
vt 0.734339 0.892924
vt 0.724861 0.839267
vt 0.716702 0.892202
vt 0.712863 0.836018
vt 0.697987 0.891120
vt 0.706025 0.834575
vt 0.681550 0.886067
vt 0.748136 0.941047
vt 0.732059 0.939724
vt 0.713103 0.938521
vt 0.690668 0.937197
vt 0.672552 0.937679
vt 0.724981 0.987366
vt 0.706385 0.985802
vt 0.691148 0.984479
vt 0.679511 0.984960
vt 0.740577 0.987847
vt 0.753774 0.987727
vt 0.763612 0.943935
vt 0.574653 0.205845
vt 0.831278 0.483396
vt 0.827558 0.454522
vt 0.850953 0.486403
vt 0.859472 0.450070
vt 0.896424 0.483757
vt 0.896424 0.451033
vt 0.933615 0.477260
vt 0.928577 0.451514
vt 0.946453 0.476177
vt 0.946213 0.453439
vt 0.891984 0.415542
vt 0.855032 0.416384
vt 0.831038 0.418790
vt 0.866310 0.363810
vt 0.891625 0.369103
vt 0.929416 0.416865
vt 0.950292 0.418550
vt 0.902662 0.327958
vt 0.922338 0.371028
vt 0.945613 0.368261
vt 0.923778 0.330725
vt 0.934335 0.331567
vt 0.848194 0.359960
vt 0.874468 0.326153
vt 0.222410 0.826153
vt 0.221810 0.821221
vt 0.223369 0.822544
vt 0.227808 0.818694
vt 0.227808 0.819777
vt 0.232487 0.822063
vt 0.231888 0.822544
vt 0.234887 0.828078
vt 0.234287 0.828198
vt 0.234167 0.832650
vt 0.233807 0.832169
vt 0.227089 0.835176
vt 0.226969 0.834334
vt 0.222290 0.831206
vt 0.223249 0.830364
vt 0.220850 0.825672
vt 0.234887 0.819657
vt 0.228288 0.815085
vt 0.220370 0.818453
vt 0.216531 0.825672
vt 0.220850 0.833853
vt 0.227209 0.838425
vt 0.236207 0.835417
vt 0.240406 0.841553
vt 0.244725 0.826995
vt 0.252883 0.836259
vt 0.248324 0.816288
vt 0.255762 0.822063
vt 0.257442 0.812077
vt 0.264041 0.813882
vt 0.258522 0.804979
vt 0.264400 0.806904
vt 0.264640 0.799926
vt 0.270159 0.805099
vt 0.269679 0.798843
vt 0.273279 0.796798
vt 0.268720 0.793911
vt 0.272319 0.793670
vt 0.273758 0.789820
vt 0.276878 0.792708
vt 0.279637 0.788377
vt 0.281917 0.797640
vt 0.292234 0.781639
vt 0.301712 0.794512
vt 0.298473 0.765879
vt 0.310471 0.775263
vt 0.301472 0.749276
vt 0.318749 0.755051
vt 0.328227 0.729666
vt 0.344783 0.743020
vt 0.357380 0.722809
vt 0.357860 0.761187
vt 0.374297 0.745306
vt 0.365898 0.777308
vt 0.380895 0.772496
vt 0.374537 0.785850
vt 0.387734 0.789820
vt 0.377056 0.793790
vt 0.387614 0.805460
vt 0.377656 0.801009
vt 0.383655 0.818814
vt 0.376696 0.809190
vt 0.374297 0.828800
vt 0.372377 0.817371
vt 0.362059 0.826153
vt 0.363499 0.820138
vt 0.360260 0.816168
vt 0.367098 0.813040
vt 0.363619 0.810152
vt 0.366498 0.803535
vt 0.364219 0.804618
vt 0.365779 0.797520
vt 0.359300 0.808588
vt 0.361579 0.796197
vt 0.352701 0.795956
vt 0.367098 0.784888
vt 0.289235 0.762270
vt 0.285636 0.776586
vt 0.279157 0.769368
vt 0.277598 0.776466
vt 0.270879 0.773458
vt 0.270639 0.777428
vt 0.265720 0.773579
vt 0.265480 0.777549
vt 0.260321 0.777188
vt 0.260561 0.784045
vt 0.254803 0.784527
vt 0.255882 0.789219
vt 0.249884 0.787294
vt 0.252283 0.791745
vt 0.247004 0.796437
vt 0.250364 0.796197
vt 0.253603 0.800768
vt 0.255882 0.796317
vt 0.257082 0.793309
vt 0.260921 0.793790
vt 0.261041 0.789820
vt 0.265240 0.784647
vt 0.269799 0.784406
vt 0.275198 0.785249
vt 0.268840 0.790061
vt 0.265000 0.790061
vt 0.264880 0.794272
vt 0.259602 0.798603
vt 0.251323 0.806302
vt 0.241605 0.807385
vt 0.237886 0.815325
vt 0.238606 0.827477
vt 0.228768 0.808829
vt 0.217371 0.814002
vt 0.211252 0.825792
vt 0.217491 0.838425
vt 0.226849 0.844801
vt 0.246644 0.855388
vt 0.263081 0.839628
vt 0.263681 0.824589
vt 0.273279 0.836740
vt 0.271599 0.822424
vt 0.279157 0.817250
vt 0.270759 0.812438
vt 0.276878 0.807024
vt 0.275078 0.801370
vt 0.278437 0.797159
vt 0.369018 0.791745
vt 0.368298 0.798121
vt 0.372377 0.792226
vt 0.373937 0.793790
vt 0.374897 0.800648
vt 0.374297 0.807505
vt 0.371297 0.813401
vt 0.226969 0.791986
vt 0.211852 0.797881
vt 0.201774 0.809190
vt 0.194576 0.821942
vt 0.204174 0.835176
vt 0.187617 0.835056
vt 0.197815 0.849493
vt 0.191816 0.863208
vt 0.203334 0.878367
vt 0.198055 0.889916
vt 0.217971 0.895090
vt 0.211732 0.910128
vt 0.237046 0.911452
vt 0.230688 0.935273
vt 0.259961 0.925046
vt 0.258522 0.963786
vt 0.288155 0.936716
vt 0.289715 0.982433
vt 0.303152 0.949589
vt 0.329666 0.956326
vt 0.335185 0.927453
vt 0.361219 0.948266
vt 0.357500 0.920354
vt 0.386774 0.932987
vt 0.377536 0.907121
vt 0.398052 0.887631
vt 0.386414 0.865855
vt 0.401771 0.847568
vt 0.390373 0.830966
vt 0.399611 0.812558
vt 0.316469 0.921918
vt 0.338544 0.909286
vt 0.351382 0.900143
vt 0.368058 0.885826
vt 0.374777 0.846245
vt 0.356780 0.868381
vt 0.342983 0.885224
vt 0.329426 0.901105
vt 0.308311 0.912414
vt 0.283596 0.912294
vt 0.261161 0.889916
vt 0.242925 0.883300
vt 0.222650 0.874637
vt 0.226249 0.855749
vt 0.213292 0.847688
vt 0.208853 0.862967
vt 0.358340 0.839748
vt 0.358220 0.821461
vt 0.354621 0.812077
vt 0.352461 0.833612
vt 0.346943 0.823506
vt 0.342983 0.849854
vt 0.336745 0.839748
vt 0.330866 0.867419
vt 0.325947 0.853463
vt 0.318749 0.881735
vt 0.314430 0.866095
vt 0.303392 0.897255
vt 0.300273 0.876683
vt 0.279877 0.884142
vt 0.278078 0.856230
vt 0.262241 0.859960
vt 0.341664 0.809671
vt 0.330626 0.826033
vt 0.320668 0.838545
vt 0.314430 0.828920
vt 0.311070 0.850455
vt 0.307711 0.840951
vt 0.298233 0.857674
vt 0.298353 0.846846
vt 0.285036 0.842996
vt 0.281797 0.828078
vt 0.286236 0.808829
vt 0.344063 0.778632
vt 0.333625 0.795234
vt 0.332546 0.764796
vt 0.323308 0.784767
vt 0.324387 0.812919
vt 0.315869 0.801249
vt 0.298833 0.811115
vt 0.289235 0.817010
vt 0.291995 0.821461
vt 0.287675 0.829041
vt 0.291275 0.830003
vt 0.291755 0.834575
vt 0.291875 0.830123
vt 0.292114 0.834094
vt 0.289595 0.837222
vt 0.298353 0.840470
vt 0.304712 0.836259
vt 0.309271 0.828559
vt 0.306271 0.821221
vt 0.309271 0.817010
vt 0.298953 0.817371
vt 0.298593 0.837342
vt 0.303632 0.833492
vt 0.305192 0.828319
vt 0.304592 0.823867
vt 0.299073 0.820980
vt 0.294154 0.824108
vt 0.294634 0.824469
vt 0.298953 0.822303
vt 0.302912 0.825070
vt 0.303632 0.828680
vt 0.302552 0.832530
vt 0.298833 0.836379
vt 0.226129 0.980388
vt 0.214971 0.946942
vt 0.203214 0.918790
vt 0.184258 0.922761
vt 0.181738 0.904714
vt 0.162303 0.913858
vt 0.169261 0.894608
vt 0.143107 0.899301
vt 0.153545 0.879329
vt 0.136508 0.858275
vt 0.148386 0.840350
vt 0.133989 0.823988
vt 0.140587 0.813280
vt 0.137468 0.799445
vt 0.147786 0.795475
vt 0.148866 0.788136
vt 0.152105 0.788377
vt 0.152225 0.779835
vt 0.154024 0.786452
vt 0.157624 0.786331
vt 0.157624 0.792828
vt 0.160503 0.791986
vt 0.159183 0.798242
vt 0.161463 0.799204
vt 0.161823 0.804859
vt 0.166382 0.803295
vt 0.164942 0.810874
vt 0.166622 0.816288
vt 0.162063 0.821221
vt 0.164702 0.835056
vt 0.164702 0.863810
vt 0.138428 0.783444
vt 0.126190 0.805099
vt 0.122471 0.839026
vt 0.124031 0.878487
vt 0.132549 0.924084
vt 0.157024 0.941047
vt 0.188097 0.951634
vt 0.110354 0.900864
vt 0.108314 0.857072
vt 0.112633 0.817491
vt 0.124271 0.784647
vt 0.146946 0.766120
vt 0.161703 0.771533
vt 0.160143 0.779233
vt 0.173940 0.790903
vt 0.164942 0.790783
vt 0.093318 0.876322
vt 0.096557 0.834575
vt 0.105795 0.793309
vt 0.125950 0.758179
vt 0.155704 0.739411
vt 0.171181 0.755893
vt 0.183898 0.773940
vt 0.197095 0.760585
vt 0.193376 0.791264
vt 0.205373 0.780917
vt 0.184258 0.805220
vt 0.170941 0.806904
vt 0.178139 0.818453
vt 0.171781 0.828680
vt 0.180419 0.845042
vt 0.172860 0.854546
vt 0.184018 0.872592
vt 0.190856 0.897616
vt 0.177539 0.881375
vt 0.324987 0.990013
vt 0.365539 0.983757
vt 0.398771 0.967154
vt 0.427805 0.942371
vt 0.410409 0.911211
vt 0.415208 0.867178
vt 0.412928 0.826634
vt 0.402850 0.792347
vt 0.402731 0.765759
vt 0.421326 0.802934
vt 0.428405 0.845402
vt 0.429125 0.887871
vt 0.450000 0.915061
vt 0.427685 0.775744
vt 0.440282 0.818093
vt 0.443882 0.863328
vt 0.466557 0.886668
vt 0.448921 0.789700
vt 0.457919 0.834094
vt 0.481074 0.852380
vt 0.468956 0.807385
vt 0.490551 0.825191
vt 0.482393 0.780917
vt 0.499190 0.798362
vt 0.458398 0.759262
vt 0.434644 0.743381
vt 0.400091 0.728824
vt 0.375496 0.700191
vt 0.349582 0.677813
vt 0.332666 0.702717
vt 0.323308 0.658203
vt 0.312750 0.681062
vt 0.294994 0.644969
vt 0.290075 0.668429
vt 0.270759 0.640638
vt 0.269679 0.664700
vt 0.248924 0.666986
vt 0.252283 0.683949
vt 0.224569 0.678054
vt 0.235487 0.692491
vt 0.202014 0.698867
vt 0.224569 0.705725
vt 0.204413 0.725576
vt 0.224329 0.721846
vt 0.230928 0.746870
vt 0.240046 0.737125
vt 0.244125 0.742780
vt 0.250603 0.735321
vt 0.248324 0.745908
vt 0.252163 0.740374
vt 0.250124 0.747472
vt 0.253603 0.743141
vt 0.251323 0.748795
vt 0.254323 0.744344
vt 0.246164 0.643165
vt 0.215691 0.654353
vt 0.186537 0.672761
vt 0.174660 0.717876
vt 0.157744 0.694296
vt 0.130749 0.721726
vt 0.095957 0.733636
vt 0.101116 0.765999
vt 0.071842 0.747231
vt 0.079401 0.777910
vt 0.047247 0.766360
vt 0.058765 0.793670
vt 0.029491 0.782241
vt 0.036330 0.809671
vt 0.185818 0.738328
vt 0.212452 0.751562
vt 0.219530 0.772135
vt 0.232607 0.763593
vt 0.242325 0.760585
vt 0.244725 0.775143
vt 0.252283 0.768526
vt 0.253123 0.775744
vt 0.260441 0.773218
vt 0.259961 0.768526
vt 0.252643 0.763954
vt 0.247244 0.756615
vt 0.246644 0.751683
vt 0.249044 0.751803
vt 0.250603 0.751683
vt 0.250963 0.753968
vt 0.249524 0.755171
vt 0.253363 0.760585
vt 0.259482 0.764916
vt 0.265960 0.766480
vt 0.265840 0.769969
vt 0.271719 0.768766
vt 0.254083 0.759382
vt 0.259602 0.763593
vt 0.265960 0.765398
vt 0.272439 0.765277
vt 0.279037 0.764796
vt 0.272559 0.763954
vt 0.278557 0.761307
vt 0.284676 0.757939
vt 0.285756 0.753006
vt 0.291275 0.752886
vt 0.288875 0.744223
vt 0.293434 0.738810
vt 0.310111 0.724613
vt 0.299553 0.721245
vt 0.311190 0.708251
vt 0.301472 0.710658
vt 0.293794 0.704041
vt 0.289835 0.716312
vt 0.278797 0.711981
vt 0.276158 0.725215
vt 0.267520 0.723651
vt 0.267400 0.728704
vt 0.258762 0.724613
vt 0.259122 0.730268
vt 0.248684 0.729787
vt 0.301472 0.694536
vt 0.285516 0.685032
vt 0.269079 0.681663
vt 0.268600 0.695739
vt 0.254563 0.697424
vt 0.242685 0.702597
vt 0.234287 0.708733
vt 0.235367 0.719320
vt 0.245685 0.714868
vt 0.282397 0.698266
vt 0.268120 0.710176
vt 0.257202 0.711259
vt 0.285636 0.730990
vt 0.275438 0.730990
vt 0.274718 0.736524
vt 0.267160 0.734479
vt 0.273878 0.739772
vt 0.267040 0.738208
vt 0.273518 0.741216
vt 0.266920 0.739892
vt 0.283236 0.736524
vt 0.281317 0.741456
vt 0.279637 0.744103
vt 0.278797 0.745186
vt 0.284676 0.747111
vt 0.282637 0.748675
vt 0.281437 0.749878
vt 0.281917 0.752765
vt 0.283356 0.753006
vt 0.281317 0.754931
vt 0.282637 0.756254
vt 0.277958 0.760104
vt 0.260201 0.740614
vt 0.259841 0.739171
vt 0.259362 0.735922
vt 0.241006 0.751201
vt 0.086359 0.806543
vt 0.068123 0.820860
vt 0.044008 0.837342
vt 0.080120 0.851057
vt 0.056246 0.872472
vt 0.070882 0.901827
vt 0.091158 0.930581
vt 0.118392 0.957289
vt 0.150305 0.976177
vt 0.190496 0.985321
vt 0.150665 0.795234
vt 0.150905 0.802092
vt 0.148026 0.803896
vt 0.151985 0.812318
vt 0.149585 0.823627
vt 0.153425 0.808107
vt 0.160983 0.815205
vt 0.157984 0.807866
vt 0.349222 0.858757
vt 0.337225 0.876322
vt 0.322948 0.893165
vt 0.237526 0.779714
vt 0.729300 0.613208
vt 0.742497 0.612727
vt 0.733139 0.605268
vt 0.738538 0.605027
vt 0.731579 0.597448
vt 0.739977 0.597207
vt 0.727860 0.583973
vt 0.743337 0.583372
vt 0.753774 0.561837
vt 0.761573 0.579161
vt 0.776569 0.569897
vt 0.775610 0.580484
vt 0.788567 0.576755
vt 0.787847 0.584936
vt 0.794926 0.580845
vt 0.796725 0.588786
vt 0.799485 0.577236
vt 0.808483 0.579642
vt 0.803804 0.570378
vt 0.795045 0.571100
vt 0.788207 0.560273
vt 0.782568 0.542106
vt 0.742137 0.532120
vt 0.764692 0.523579
vt 0.755214 0.506014
vt 0.768411 0.499156
vt 0.762413 0.486764
vt 0.772010 0.480268
vt 0.767092 0.470763
vt 0.798645 0.558107
vt 0.797925 0.546197
vt 0.800324 0.535609
vt 0.802844 0.527188
vt 0.810282 0.532481
vt 0.811602 0.527428
vt 0.815921 0.530797
vt 0.817001 0.527428
vt 0.820600 0.532361
vt 0.823359 0.524180
vt 0.816161 0.522496
vt 0.809082 0.520811
vt 0.790606 0.524902
vt 0.798285 0.516240
vt 0.778729 0.514195
vt 0.790966 0.509262
vt 0.777529 0.489411
vt 0.725581 0.603343
vt 0.719942 0.590590
vt 0.710584 0.579762
vt 0.716223 0.564363
vt 0.696907 0.572424
vt 0.695587 0.555340
vt 0.687909 0.566529
vt 0.678431 0.564604
vt 0.680830 0.573627
vt 0.673032 0.572303
vt 0.668353 0.580123
vt 0.685869 0.577717
vt 0.685749 0.583973
vt 0.679870 0.580605
vt 0.677351 0.586018
vt 0.676271 0.578078
vt 0.746336 0.602982
vt 0.752095 0.590350
vt 0.805363 0.540662
vt 0.813282 0.536331
vt 0.712743 0.533083
vt 0.737338 0.509863
vt 0.715023 0.507698
vt 0.722101 0.491697
vt 0.710944 0.485561
vt 0.715623 0.476538
vt 0.707344 0.471726
vt 0.718382 0.468838
vt 0.709744 0.467034
vt 0.720662 0.461500
vt 0.711544 0.462462
vt 0.723781 0.452597
vt 0.718862 0.448145
vt 0.722461 0.444657
vt 0.725581 0.479907
vt 0.736978 0.480990
vt 0.736738 0.493502
vt 0.748256 0.479786
vt 0.750655 0.491577
vt 0.758333 0.476418
vt 0.764212 0.465350
vt 0.755934 0.468237
vt 0.746936 0.470162
vt 0.737218 0.470884
vt 0.727500 0.470402
vt 0.729060 0.461861
vt 0.737698 0.462101
vt 0.746096 0.461620
vt 0.754254 0.460898
vt 0.763012 0.461740
vt 0.751855 0.452116
vt 0.745856 0.453319
vt 0.738058 0.454041
vt 0.730260 0.453439
vt 0.725461 0.447544
vt 0.724861 0.442852
vt 0.730020 0.445258
vt 0.738778 0.447183
vt 0.747176 0.445378
vt 0.751135 0.447303
vt 0.747896 0.443213
vt 0.754254 0.444416
vt 0.756414 0.447063
vt 0.697627 0.581206
vt 0.701826 0.479426
vt 0.704465 0.494825
vt 0.698466 0.509262
vt 0.696067 0.521894
vt 0.694507 0.539219
vt 0.687309 0.528752
vt 0.682270 0.539700
vt 0.678551 0.532120
vt 0.683590 0.551249
vt 0.696547 0.487486
vt 0.695347 0.498675
vt 0.685989 0.500600
vt 0.687549 0.508660
vt 0.677951 0.502645
vt 0.680230 0.508179
vt 0.676151 0.508420
vt 0.679031 0.513112
vt 0.675671 0.511307
vt 0.674712 0.516721
vt 0.671712 0.512149
vt 0.667753 0.519729
vt 0.663914 0.514796
vt 0.673152 0.525624
vt 0.680230 0.521894
vt 0.685749 0.516360
vt 0.692348 0.489892
vt 0.682870 0.492659
vt 0.672912 0.495908
vt 0.672552 0.505893
vt 0.664634 0.500359
vt 0.254323 0.424926
vt 0.279877 0.409527
vt 0.282756 0.429498
vt 0.296793 0.405556
vt 0.304352 0.433588
vt 0.312750 0.403271
vt 0.327747 0.439002
vt 0.330266 0.396774
vt 0.344663 0.431182
vt 0.349942 0.394608
vt 0.359900 0.427693
vt 0.371417 0.392443
vt 0.374897 0.424806
vt 0.390253 0.424325
vt 0.389893 0.441288
vt 0.401171 0.442972
vt 0.390013 0.450191
vt 0.400211 0.450913
vt 0.376696 0.441769
vt 0.363619 0.444055
vt 0.352701 0.448025
vt 0.342983 0.455123
vt 0.365299 0.452717
vt 0.377656 0.450672
vt 0.355221 0.455605
vt 0.346463 0.460056
vt 0.409089 0.453439
vt 0.411489 0.447785
vt 0.405850 0.424565
vt 0.393253 0.389676
vt 0.368898 0.366336
vt 0.342624 0.367178
vt 0.320188 0.368381
vt 0.317309 0.346846
vt 0.297873 0.345402
vt 0.298953 0.326273
vt 0.280837 0.341432
vt 0.284436 0.322785
vt 0.295594 0.367058
vt 0.279037 0.380292
vt 0.268480 0.385345
vt 0.252403 0.416264
vt 0.250963 0.424204
vt 0.268000 0.372833
vt 0.276398 0.359719
vt 0.262121 0.379209
vt 0.243165 0.398940
vt 0.245325 0.400263
vt 0.249164 0.416986
vt 0.242085 0.402549
vt 0.240766 0.401105
vt 0.422886 0.428656
vt 0.412568 0.387631
vt 0.430325 0.390398
vt 0.416647 0.357554
vt 0.438963 0.351298
vt 0.431884 0.330605
vt 0.447841 0.322785
vt 0.426845 0.312197
vt 0.440282 0.305460
vt 0.422406 0.296557
vt 0.435123 0.290662
vt 0.417247 0.274541
vt 0.428285 0.269368
vt 0.412448 0.257096
vt 0.421087 0.249517
vt 0.408609 0.241095
vt 0.416288 0.235561
vt 0.411609 0.221966
vt 0.398411 0.264315
vt 0.402970 0.281880
vt 0.408369 0.301249
vt 0.411609 0.316408
vt 0.414848 0.335898
vt 0.394092 0.340350
vt 0.394932 0.361283
vt 0.366618 0.344199
vt 0.444841 0.418309
vt 0.446281 0.389555
vt 0.464757 0.409888
vt 0.463437 0.390518
vt 0.491871 0.399661
vt 0.491631 0.391120
vt 0.494991 0.398338
vt 0.495230 0.390999
vt 0.469196 0.363810
vt 0.457919 0.360802
vt 0.456239 0.339628
vt 0.467516 0.350335
vt 0.474835 0.355027
vt 0.497870 0.371389
vt 0.495350 0.373795
vt 0.500509 0.373073
vt 0.499190 0.375239
vt 0.466437 0.592274
vt 0.453480 0.593718
vt 0.452760 0.585056
vt 0.441602 0.596606
vt 0.441602 0.590229
vt 0.435603 0.593237
vt 0.436563 0.586259
vt 0.432124 0.590710
vt 0.424206 0.592756
vt 0.433204 0.598651
vt 0.428885 0.584936
vt 0.434284 0.577236
vt 0.443762 0.579161
vt 0.451440 0.567972
vt 0.472075 0.576995
vt 0.483593 0.596485
vt 0.475795 0.603222
vt 0.487432 0.609960
vt 0.481433 0.615855
vt 0.488992 0.617780
vt 0.485153 0.625840
vt 0.498230 0.625239
vt 0.439443 0.563882
vt 0.438123 0.552332
vt 0.450360 0.551851
vt 0.443162 0.541384
vt 0.451920 0.534406
vt 0.441602 0.528992
vt 0.443402 0.521172
vt 0.435963 0.520811
vt 0.433804 0.515277
vt 0.432004 0.521052
vt 0.428405 0.518526
vt 0.427565 0.524782
vt 0.419647 0.527428
vt 0.423606 0.532361
vt 0.441722 0.513232
vt 0.454319 0.521774
vt 0.468596 0.545595
vt 0.497990 0.544632
vt 0.509507 0.574349
vt 0.499190 0.595884
vt 0.495830 0.609839
vt 0.507948 0.602982
vt 0.502189 0.615614
vt 0.494391 0.617659
vt 0.420487 0.512871
vt 0.428765 0.508420
vt 0.438723 0.505292
vt 0.448201 0.502404
vt 0.451200 0.511187
vt 0.452400 0.499998
vt 0.460318 0.507457
vt 0.457679 0.491938
vt 0.466797 0.498194
vt 0.463197 0.484358
vt 0.471356 0.489171
vt 0.474235 0.481471
vt 0.481313 0.492539
vt 0.483353 0.482914
vt 0.493071 0.483516
vt 0.493431 0.474613
vt 0.501949 0.474132
vt 0.501709 0.465831
vt 0.507708 0.464748
vt 0.506988 0.459936
vt 0.510107 0.457048
vt 0.503749 0.455845
vt 0.470876 0.520330
vt 0.477954 0.504329
vt 0.492711 0.493622
vt 0.502669 0.482674
vt 0.510107 0.473530
vt 0.518865 0.474252
vt 0.512267 0.459695
vt 0.520065 0.477982
vt 0.511787 0.480749
vt 0.503989 0.492299
vt 0.492591 0.506134
vt 0.493071 0.522376
vt 0.506508 0.504089
vt 0.514186 0.488930
vt 0.522824 0.483396
vt 0.518145 0.499397
vt 0.511067 0.518646
vt 0.527863 0.492780
vt 0.524264 0.511668
vt 0.520425 0.536211
vt 0.538421 0.554618
vt 0.544060 0.572905
vt 0.532302 0.582409
vt 0.550778 0.583733
vt 0.544420 0.589267
vt 0.555337 0.589868
vt 0.550778 0.593478
vt 0.552458 0.601418
vt 0.543700 0.597568
vt 0.531463 0.593117
vt 0.517426 0.591793
vt 0.434404 0.544753
vt 0.436083 0.534406
vt 0.434884 0.525744
vt 0.429005 0.538136
vt 0.430564 0.529353
vt 0.431524 0.523819
vt 0.503029 0.458011
vt 0.494511 0.459695
vt 0.493911 0.466553
vt 0.485872 0.457890
vt 0.486112 0.466071
vt 0.481313 0.460176
vt 0.479634 0.465229
vt 0.478314 0.457289
vt 0.474715 0.460657
vt 0.484913 0.474373
vt 0.476515 0.474012
vt 0.465597 0.479546
vt 0.467277 0.475094
vt 0.480714 0.455484
vt 0.533382 0.501923
vt 0.534462 0.526827
vt 0.546459 0.537534
vt 0.558697 0.539820
vt 0.556057 0.548242
vt 0.566135 0.545114
vt 0.561216 0.553174
vt 0.569134 0.548843
vt 0.546819 0.521774
vt 0.554138 0.528872
vt 0.564935 0.533444
vt 0.567455 0.539940
vt 0.571774 0.543309
vt 0.576453 0.544873
vt 0.572014 0.535008
vt 0.572854 0.540061
vt 0.579212 0.536812
vt 0.553658 0.558829
vt 0.554498 0.570739
vt 0.559656 0.582890
vt 0.564335 0.592154
vt 0.292234 0.249276
vt 0.294034 0.235200
vt 0.302432 0.253247
vt 0.303272 0.235561
vt 0.318989 0.251683
vt 0.318029 0.233877
vt 0.342144 0.248314
vt 0.338904 0.230869
vt 0.356061 0.246870
vt 0.354141 0.228944
vt 0.369858 0.227501
vt 0.369978 0.221726
vt 0.390493 0.219921
vt 0.294394 0.230508
vt 0.302672 0.230027
vt 0.316949 0.228222
vt 0.337705 0.225215
vt 0.353541 0.223290
vt 0.290795 0.263954
vt 0.301712 0.269608
vt 0.288875 0.285008
vt 0.300273 0.287414
vt 0.286596 0.307265
vt 0.299913 0.310152
vt 0.318149 0.273458
vt 0.317189 0.291625
vt 0.316109 0.311716
vt 0.316109 0.327116
vt 0.339144 0.346485
vt 0.341664 0.270691
vt 0.337705 0.294632
vt 0.334705 0.312197
vt 0.335905 0.327477
vt 0.364699 0.325191
vt 0.362899 0.308949
vt 0.361219 0.293790
vt 0.358460 0.269127
vt 0.375376 0.266962
vt 0.370218 0.245186
vt 0.393373 0.243261
vt 0.404410 0.224012
vt 0.410289 0.217515
vt 0.384255 0.289339
vt 0.391093 0.305821
vt 0.393133 0.320980
vt 0.403810 0.218598
vt 0.390733 0.225696
vt 0.644358 0.334936
vt 0.640759 0.320258
vt 0.649277 0.327116
vt 0.649757 0.314363
vt 0.655756 0.320860
vt 0.656476 0.310754
vt 0.661514 0.315566
vt 0.660555 0.308709
vt 0.665953 0.311716
vt 0.663434 0.298242
vt 0.659355 0.303656
vt 0.654196 0.304137
vt 0.646038 0.305701
vt 0.635600 0.308107
vt 0.628522 0.331567
vt 0.621323 0.309912
vt 0.602367 0.317611
vt 0.611605 0.296317
vt 0.598648 0.301731
vt 0.606086 0.285850
vt 0.595769 0.289580
vt 0.602727 0.277549
vt 0.593729 0.279594
vt 0.592049 0.270932
vt 0.584011 0.271533
vt 0.590730 0.262390
vt 0.583651 0.263232
vt 0.583531 0.256014
vt 0.576693 0.254450
vt 0.584371 0.280556
vt 0.584611 0.290903
vt 0.584731 0.303535
vt 0.583891 0.319536
vt 0.605727 0.339387
vt 0.581012 0.340710
vt 0.610885 0.367780
vt 0.574533 0.369945
vt 0.587730 0.389916
vt 0.569614 0.387871
vt 0.580412 0.397977
vt 0.567575 0.316408
vt 0.571654 0.301851
vt 0.573813 0.290061
vt 0.575013 0.280196
vt 0.575733 0.271413
vt 0.560376 0.297640
vt 0.563856 0.287053
vt 0.566015 0.278752
vt 0.567575 0.271293
vt 0.569974 0.262149
vt 0.576453 0.262751
vt 0.571054 0.257096
vt 0.572254 0.251322
vt 0.557737 0.276346
vt 0.555337 0.281880
vt 0.551018 0.291504
vt 0.554978 0.310032
vt 0.546099 0.300648
vt 0.546099 0.325672
vt 0.533982 0.321341
vt 0.535422 0.336981
vt 0.527623 0.329041
vt 0.517186 0.334334
vt 0.559776 0.333973
vt 0.544540 0.353222
vt 0.526424 0.348049
vt 0.523424 0.340109
vt 0.516226 0.345763
vt 0.514786 0.340951
vt 0.510347 0.344560
vt 0.509387 0.341312
vt 0.505308 0.346365
vt 0.503029 0.338545
vt 0.513107 0.349613
vt 0.521625 0.353222
vt 0.529783 0.358396
vt 0.541180 0.371991
vt 0.553538 0.380412
vt 0.555817 0.390999
vt 0.654796 0.296557
vt 0.644598 0.295956
vt 0.634280 0.296557
vt 0.628162 0.295595
vt 0.620603 0.288016
vt 0.614125 0.279955
vt 0.611125 0.274782
vt 0.599968 0.269969
vt 0.608846 0.270330
vt 0.596369 0.261187
vt 0.600328 0.256134
vt 0.596609 0.253006
vt 0.594569 0.256134
vt 0.593969 0.251562
vt 0.590610 0.254329
vt 0.630801 0.353222
vt 0.631881 0.373073
vt 0.619763 0.382337
vt 0.632841 0.382096
vt 0.643398 0.348290
vt 0.649517 0.362486
vt 0.640159 0.365253
vt 0.655396 0.370186
vt 0.648197 0.372231
vt 0.653236 0.376322
vt 0.650357 0.379450
vt 0.653956 0.384863
vt 0.645198 0.383781
vt 0.643998 0.377164
vt 0.661274 0.377404
vt 0.566615 0.254811
vt 0.564575 0.257457
vt 0.558577 0.272736
vt 0.530863 0.370787
vt 0.535782 0.383540
vt 0.527264 0.383660
vt 0.531942 0.390157
vt 0.523424 0.393405
vt 0.536741 0.393285
vt 0.535782 0.401346
vt 0.544180 0.396894
vt 0.542500 0.388593
vt 0.510107 0.336500
vt 0.757494 0.740614
vt 0.777649 0.741456
vt 0.756534 0.756615
vt 0.777049 0.756735
vt 0.755574 0.770812
vt 0.776090 0.770812
vt 0.775850 0.781880
vt 0.796365 0.784286
vt 0.795525 0.795715
vt 0.795765 0.772135
vt 0.795045 0.756615
vt 0.794806 0.740614
vt 0.794926 0.727862
vt 0.778849 0.728704
vt 0.758333 0.725335
vt 0.779329 0.717996
vt 0.794326 0.717274
vt 0.792646 0.708733
vt 0.778969 0.709454
vt 0.789767 0.703198
vt 0.778009 0.703078
vt 0.760133 0.714146
vt 0.762533 0.706447
vt 0.765292 0.702236
vt 0.754494 0.782722
vt 0.776090 0.792828
vt 0.754614 0.794031
vt 0.775850 0.803896
vt 0.758693 0.805821
vt 0.763372 0.813280
vt 0.792766 0.806423
vt 0.789287 0.812799
vt 0.776689 0.812799
vt 0.700026 0.720763
vt 0.698226 0.731952
vt 0.719222 0.724734
vt 0.718742 0.735321
vt 0.734219 0.723891
vt 0.734819 0.734479
vt 0.732539 0.715470
vt 0.718742 0.716071
vt 0.702426 0.713064
vt 0.729660 0.709936
vt 0.717902 0.709695
vt 0.705185 0.708853
vt 0.697387 0.747231
vt 0.717542 0.748194
vt 0.734699 0.747351
vt 0.734938 0.763232
vt 0.716822 0.763473
vt 0.735658 0.778752
vt 0.715983 0.777428
vt 0.736258 0.791023
vt 0.715743 0.788617
vt 0.735418 0.802453
vt 0.715983 0.799445
vt 0.732659 0.813040
vt 0.715743 0.810513
vt 0.729180 0.819416
vt 0.716582 0.819416
vt 0.695467 0.777428
vt 0.696427 0.763232
vt 0.694387 0.789339
vt 0.694507 0.800648
vt 0.698586 0.812438
vt 0.703265 0.819897
vt 0.612565 0.623073
vt 0.608606 0.628126
vt 0.621083 0.637270
vt 0.612205 0.636909
vt 0.623243 0.641721
vt 0.614965 0.644488
vt 0.626362 0.646894
vt 0.618324 0.652789
vt 0.623843 0.663377
vt 0.610885 0.668790
vt 0.614605 0.684671
vt 0.596848 0.670475
vt 0.596129 0.686596
vt 0.583771 0.668911
vt 0.579812 0.683348
vt 0.572614 0.664580
vt 0.567215 0.677092
vt 0.563256 0.658444
vt 0.558217 0.667708
vt 0.608006 0.656519
vt 0.596848 0.657842
vt 0.586051 0.657000
vt 0.576093 0.654113
vt 0.567575 0.648940
vt 0.596489 0.647496
vt 0.587251 0.647135
vt 0.578252 0.645691
vt 0.569974 0.643405
vt 0.579812 0.638232
vt 0.587970 0.638473
vt 0.596129 0.638473
vt 0.605966 0.646654
vt 0.604287 0.637871
vt 0.602847 0.629329
vt 0.595889 0.630171
vt 0.588690 0.629811
vt 0.582092 0.629209
vt 0.583291 0.624156
vt 0.578852 0.621750
vt 0.584491 0.618381
vt 0.588930 0.621389
vt 0.595769 0.622953
vt 0.602847 0.621389
vt 0.606686 0.623194
vt 0.606206 0.618502
vt 0.608846 0.619945
vt 0.576693 0.624517
vt 0.570814 0.639676
vt 0.632841 0.654955
vt 0.633440 0.676851
vt 0.640399 0.662655
vt 0.647837 0.675046
vt 0.646518 0.663497
vt 0.656835 0.662895
vt 0.640759 0.698506
vt 0.617964 0.706447
vt 0.593249 0.707770
vt 0.572014 0.701033
vt 0.558217 0.692611
vt 0.546219 0.688280
vt 0.556777 0.720282
vt 0.547659 0.704041
vt 0.539861 0.696100
vt 0.586771 0.737005
vt 0.623123 0.734719
vt 0.642918 0.720162
vt 0.656595 0.701875
vt 0.652996 0.687197
vt 0.661514 0.694055
vt 0.661994 0.681302
vt 0.667873 0.687799
vt 0.668713 0.677693
vt 0.673752 0.682626
vt 0.672792 0.675648
vt 0.678071 0.678656
vt 0.675671 0.665181
vt 0.671592 0.670715
vt 0.666433 0.671076
vt 0.658275 0.672640
vt 0.666913 0.663497
vt 0.655636 0.715350
vt 0.661754 0.729546
vt 0.652276 0.732193
vt 0.644118 0.740013
vt 0.656116 0.744103
vt 0.644958 0.749156
vt 0.657435 0.750840
vt 0.631881 0.749276
vt 0.615084 0.755532
vt 0.599968 0.756976
vt 0.605247 0.770330
vt 0.592529 0.764916
vt 0.599968 0.776827
vt 0.581852 0.754811
vt 0.565775 0.747351
vt 0.553418 0.738930
vt 0.547899 0.750600
vt 0.543100 0.737727
vt 0.539381 0.750600
vt 0.542020 0.725455
vt 0.538661 0.715109
vt 0.535662 0.707048
vt 0.529303 0.701394
vt 0.527024 0.707890
vt 0.522345 0.703439
vt 0.521625 0.708251
vt 0.515266 0.705484
vt 0.517546 0.713425
vt 0.528343 0.712703
vt 0.522465 0.711500
vt 0.525344 0.716553
vt 0.533862 0.720162
vt 0.623843 0.761187
vt 0.613405 0.769488
vt 0.620243 0.774541
vt 0.613045 0.777428
vt 0.617844 0.784767
vt 0.605127 0.785970
vt 0.607766 0.777910
vt 0.568055 0.757939
vt 0.554738 0.755532
vt 0.556417 0.763834
vt 0.548979 0.760345
vt 0.548019 0.768405
vt 0.535662 0.760345
vt 0.544180 0.757096
vt 0.667633 0.737125
vt 0.660435 0.739171
vt 0.665474 0.743381
vt 0.662594 0.746389
vt 0.666193 0.751803
vt 0.673512 0.744344
vt 0.592889 0.419031
vt 0.587730 0.409888
vt 0.595529 0.410850
vt 0.593009 0.403271
vt 0.601167 0.402428
vt 0.602847 0.388593
vt 0.611725 0.394127
vt 0.608006 0.407481
vt 0.600808 0.410369
vt 0.605727 0.417828
vt 0.456119 0.967635
vt 0.462957 0.967034
vt 0.457199 0.974373
vt 0.465117 0.972207
vt 0.465237 0.975095
vt 0.468236 0.971606
vt 0.470276 0.972448
vt 0.466557 0.969320
vt 0.470156 0.969801
vt 0.466557 0.966312
vt 0.471356 0.965831
vt 0.174660 0.516360
vt 0.198775 0.510706
vt 0.204653 0.528872
vt 0.176340 0.534527
vt 0.155464 0.518165
vt 0.155464 0.535489
vt 0.155584 0.555099
vt 0.450000 0.969320
vt 0.448441 0.978343
vt 0.454919 0.968357
vt 0.455879 0.975095
vt 0.461758 0.967876
vt 0.463917 0.972929
vt 0.465237 0.967034
vt 0.465237 0.970042
vt 0.468956 0.970523
vt 0.468956 0.973170
vt 0.468356 0.975455
vt 0.466677 0.977862
vt 0.457679 0.981952
vt 0.456599 0.977621
vt 0.448441 0.981351
vt 0.441242 0.974373
vt 0.441602 0.969320
vt 0.464037 0.975816
vt 0.467037 0.972327
vt 0.470156 0.966553
vt 0.470036 0.967395
vt 0.455879 0.976057
vt 0.454679 0.968839
vt 0.451200 0.969440
vt 0.448441 0.982674
vt 0.447481 0.982313
vt 0.436083 0.980508
vt 0.431764 0.977501
vt 0.429725 0.970403
vt 0.440162 0.978583
vt 0.432964 0.976779
vt 0.437403 0.979666
vt 0.448801 0.981591
vt 0.449640 0.981952
vt 0.457199 0.975335
vt 0.458998 0.981230
vt 0.469676 0.974613
vt 0.467876 0.977140
vt 0.441482 0.977862
vt 0.449760 0.980629
vt 0.457919 0.976899
vt 0.442562 0.973651
vt 0.449760 0.977621
vt 0.442802 0.968478
vt 0.451320 0.968598
vt 0.471356 0.966673
vt 0.455879 0.968117
vt 0.452520 0.968718
vt 0.431044 0.969560
vt 0.780169 0.229907
vt 0.768651 0.238569
vt 0.015694 0.205484
vt 0.022653 0.216793
vt 0.039089 0.062799
vt 0.858632 0.323145
vt 0.811962 0.828198
vt 0.213891 0.648218
vt 0.306751 0.547159
vt 0.516826 0.820739
vt 0.797805 0.271293
vt 0.300273 0.203319
vt 0.009456 0.585537
f 1/1/1 2/2/2 3/3/3
f 2/2/2 4/4/4 3/3/3
f 3/3/3 4/4/4 5/5/5
f 4/4/4 6/6/6 5/5/5
f 5/5/5 6/6/6 7/7/7
f 6/6/6 8/8/8 7/7/7
f 7/7/7 8/8/8 9/9/9
f 8/8/8 10/10/10 9/9/9
f 9/9/9 10/10/10 11/11/11
f 10/10/10 12/12/12 11/11/11
f 11/11/11 12/12/12 13/13/13
f 12/12/12 14/14/14 13/13/13
f 13/13/13 14/14/14 15/15/15
f 14/14/14 16/16/16 15/15/15
f 15/15/15 16/16/16 17/17/17
f 16/16/16 18/18/18 17/17/17
f 16/16/16 14/14/14 19/19/19
f 14/14/14 12/12/12 19/19/19
f 19/19/19 12/12/12 20/20/20
f 12/12/12 10/10/10 20/20/20
f 20/20/20 10/10/10 21/21/21
f 10/10/10 8/8/8 21/21/21
f 21/21/21 8/8/8 22/22/22
f 8/8/8 6/6/6 22/22/22
f 22/22/22 6/6/6 23/23/23
f 6/6/6 4/4/4 23/23/23
f 23/23/23 4/4/4 2/2/2
f 20/20/20 24/24/24 19/19/19
f 24/24/24 25/25/25 19/19/19
f 19/19/19 25/25/25 16/16/16
f 25/25/25 26/26/26 16/16/16
f 16/16/16 26/26/26 18/18/18
f 26/26/26 27/27/27 18/18/18
f 24/24/24 28/28/28 25/25/25
f 28/28/28 29/29/29 25/25/25
f 25/25/25 29/29/29 26/26/26
f 29/29/29 30/30/30 26/26/26
f 26/26/26 30/30/30 27/27/27
f 30/30/30 31/31/31 27/27/27
f 28/28/28 32/32/32 29/29/29
f 32/32/32 33/33/33 29/29/29
f 29/29/29 33/33/33 30/30/30
f 33/33/33 34/34/34 30/30/30
f 30/30/30 34/34/34 35/35/35
f 34/34/34 36/36/36 35/35/35
f 35/35/35 36/36/36 37/37/37
f 36/36/36 38/38/38 37/37/37
f 37/37/37 31/31/31 35/35/35
f 31/31/31 30/30/30 35/35/35
f 39/39/39 40/40/40 41/41/41
f 40/40/40 42/42/42 41/41/41
f 41/41/41 42/42/42 43/43/43
f 42/42/42 44/44/44 43/43/43
f 43/43/43 44/44/44 45/45/45
f 44/44/44 46/46/46 45/45/45
f 46/46/46 44/44/44 47/47/47
f 44/44/44 42/42/42 47/47/47
f 47/47/47 42/42/42 48/48/48
f 42/42/42 40/40/40 48/48/48
f 48/48/48 40/40/40 49/49/49
f 49/49/49 50/50/50 48/48/48
f 50/50/50 51/51/51 48/48/48
f 48/48/48 51/51/51 47/47/47
f 51/51/51 52/52/52 47/47/47
f 47/47/47 52/52/52 53/53/53
f 54/54/54 55/55/55 56/56/56
f 55/55/55 57/57/57 56/56/56
f 56/56/56 57/57/57 58/58/58
f 57/57/57 59/59/59 58/58/58
f 58/58/58 59/59/59 60/60/60
f 59/59/59 61/61/61 60/60/60
f 60/60/60 61/61/61 62/62/62
f 61/61/61 63/63/63 62/62/62
f 57/57/57 64/64/64 59/59/59
f 64/64/64 65/65/65 59/59/59
f 59/59/59 65/65/65 61/61/61
f 65/65/65 66/66/66 61/61/61
f 61/61/61 66/66/66 63/63/63
f 66/66/66 67/67/67 63/63/63
f 64/64/64 68/68/68 65/65/65
f 68/68/68 69/69/69 65/65/65
f 65/65/65 69/69/69 66/66/66
f 69/69/69 70/70/70 66/66/66
f 66/66/66 70/70/70 67/67/67
f 70/70/70 71/71/71 67/67/67
f 68/68/68 72/72/72 69/69/69
f 72/72/72 73/73/73 69/69/69
f 69/69/69 73/73/73 70/70/70
f 73/73/73 74/74/74 70/70/70
f 70/70/70 74/74/74 71/71/71
f 74/74/74 75/75/75 71/71/71
f 72/72/72 76/76/76 73/73/73
f 76/76/76 77/77/77 73/73/73
f 73/73/73 77/77/77 74/74/74
f 77/77/77 78/78/78 74/74/74
f 74/74/74 78/78/78 79/79/79
f 78/78/78 80/80/80 79/79/79
f 79/79/79 80/80/80 81/81/81
f 78/78/78 77/77/77 82/82/82
f 77/77/77 76/76/76 82/82/82
f 82/82/82 76/76/76 83/83/83
f 76/76/76 84/84/84 83/83/83
f 83/83/83 85/85/85 82/82/82
f 85/85/85 86/86/86 82/82/82
f 82/82/82 86/86/86 78/78/78
f 86/86/86 80/80/80 78/78/78
f 87/87/87 88/88/88 89/89/89
f 88/88/88 90/90/90 89/89/89
f 89/89/89 90/90/90 91/91/91
f 90/90/90 92/92/92 91/91/91
f 91/91/91 92/92/92 93/93/93
f 92/92/92 94/94/94 93/93/93
f 88/88/88 95/95/95 90/90/90
f 95/95/95 96/96/96 90/90/90
f 90/90/90 96/96/96 92/92/92
f 96/96/96 97/97/97 92/92/92
f 92/92/92 97/97/97 98/98/98
f 97/97/97 96/96/96 99/99/99
f 96/96/96 95/95/95 99/99/99
f 100/100/100 101/101/101 102/102/102
f 101/101/101 91/91/91 102/102/102
f 102/102/102 91/91/91 93/93/93
f 58/58/58 60/60/60 103/103/103
f 60/60/60 104/104/104 103/103/103
f 74/74/74 79/79/79 75/75/75
f 79/79/79 105/105/105 75/75/75
f 105/105/105 79/79/79 106/106/106
f 79/79/79 81/81/81 106/106/106
f 106/106/106 81/81/81 107/107/107
f 81/81/81 108/108/108 107/107/107
f 107/107/107 108/108/108 109/109/109
f 108/108/108 110/110/110 109/109/109
f 109/109/109 110/110/110 111/111/111
f 110/110/110 112/112/112 111/111/111
f 111/111/111 112/112/112 113/113/113
f 112/112/112 114/114/114 113/113/113
f 113/113/113 115/115/115 111/111/111
f 115/115/115 116/116/116 111/111/111
f 111/111/111 116/116/116 109/109/109
f 116/116/116 117/117/117 109/109/109
f 109/109/109 117/117/117 107/107/107
f 117/117/117 118/118/118 107/107/107
f 107/107/107 118/118/118 119/119/119
f 107/107/107 119/119/119 106/106/106
f 119/119/119 120/120/120 106/106/106
f 106/106/106 120/120/120 105/105/105
f 76/76/76 72/72/72 84/84/84
f 72/72/72 121/121/121 84/84/84
f 72/72/72 68/68/68 121/121/121
f 68/68/68 122/122/122 121/121/121
f 68/68/68 64/64/64 122/122/122
f 64/64/64 123/123/123 122/122/122
f 123/123/123 64/64/64 55/55/55
f 64/64/64 57/57/57 55/55/55
f 124/124/124 125/125/125 126/126/126
f 125/125/125 127/127/127 126/126/126
f 126/126/126 127/127/127 128/128/128
f 127/127/127 129/129/129 128/128/128
f 128/128/128 129/129/129 130/130/130
f 129/129/129 131/131/131 130/130/130
f 130/130/130 131/131/131 132/132/132
f 131/131/131 133/133/133 132/132/132
f 125/125/125 134/134/134 127/127/127
f 134/134/134 135/135/135 127/127/127
f 127/127/127 135/135/135 129/129/129
f 135/135/135 136/136/136 129/129/129
f 129/129/129 136/136/136 131/131/131
f 136/136/136 137/137/137 131/131/131
f 131/131/131 137/137/137 133/133/133
f 137/137/137 138/138/138 133/133/133
f 134/134/134 139/139/139 135/135/135
f 139/139/139 140/140/140 135/135/135
f 135/135/135 140/140/140 136/136/136
f 140/140/140 141/141/141 136/136/136
f 136/136/136 141/141/141 137/137/137
f 141/141/141 142/142/142 137/137/137
f 137/137/137 142/142/142 143/143/143
f 142/142/142 141/141/141 144/144/144
f 141/141/141 140/140/140 144/144/144
f 144/144/144 140/140/140 145/145/145
f 140/140/140 139/139/139 145/145/145
f 145/145/145 139/139/139 146/146/146
f 118/118/118 117/117/117 147/147/147
f 117/117/117 148/148/148 147/147/147
f 147/147/147 148/148/148 149/149/149
f 148/148/148 150/150/150 149/149/149
f 149/149/149 150/150/150 151/151/151
f 150/150/150 152/152/152 151/151/151
f 151/151/151 152/152/152 153/153/153
f 152/152/152 154/154/154 153/153/153
f 153/153/153 154/154/154 155/155/155
f 154/154/154 156/156/156 155/155/155
f 117/117/117 157/157/157 148/148/148
f 157/157/157 158/158/158 148/148/148
f 148/148/148 158/158/158 150/150/150
f 158/158/158 159/159/159 150/150/150
f 150/150/150 159/159/159 152/152/152
f 159/159/159 160/160/160 152/152/152
f 152/152/152 160/160/160 154/154/154
f 160/160/160 161/161/161 154/154/154
f 154/154/154 161/161/161 156/156/156
f 157/157/157 162/162/162 158/158/158
f 162/162/162 163/163/163 158/158/158
f 158/158/158 163/163/163 159/159/159
f 163/163/163 164/164/164 159/159/159
f 159/159/159 164/164/164 160/160/160
f 164/164/164 165/165/165 160/160/160
f 160/160/160 165/165/165 161/161/161
f 165/165/165 166/166/166 161/161/161
f 162/162/162 157/157/157 115/115/115
f 157/157/157 116/116/116 115/115/115
f 115/115/115 167/167/167 162/162/162
f 167/167/167 168/168/168 162/162/162
f 162/162/162 168/168/168 163/163/163
f 168/168/168 169/169/169 163/163/163
f 163/163/163 169/169/169 164/164/164
f 169/169/169 170/170/170 164/164/164
f 164/164/164 170/170/170 171/171/171
f 164/164/164 171/171/171 165/165/165
f 171/171/171 166/166/166 165/165/165
f 34/34/34 172/172/172 36/36/36
f 172/172/172 173/173/173 36/36/36
f 36/36/36 173/173/173 38/38/38
f 173/173/173 174/174/174 38/38/38
f 172/172/172 175/175/175 173/173/173
f 175/175/175 176/176/176 173/173/173
f 173/173/173 176/176/176 177/177/177
f 178/178/178 179/179/179 180/180/180
f 179/179/179 181/181/181 180/180/180
f 180/180/180 181/181/181 182/182/182
f 181/181/181 183/183/183 182/182/182
f 182/182/182 183/183/183 184/184/184
f 183/183/183 185/185/185 184/184/184
f 184/184/184 185/185/185 186/186/186
f 185/185/185 187/187/187 186/186/186
f 186/186/186 187/187/187 188/188/188
f 187/187/187 189/189/189 188/188/188
f 188/188/188 189/189/189 190/190/190
f 189/189/189 191/191/191 190/190/190
f 190/190/190 191/191/191 192/192/192
f 191/191/191 193/193/193 192/192/192
f 192/192/192 193/193/193 194/194/194
f 193/193/193 195/195/195 194/194/194
f 194/194/194 195/195/195 196/196/196
f 195/195/195 197/197/197 196/196/196
f 196/196/196 197/197/197 198/198/198
f 197/197/197 199/199/199 198/198/198
f 198/198/198 199/199/199 200/200/200
f 199/199/199 201/201/201 200/200/200
f 200/200/200 201/201/201 202/202/202
f 201/201/201 203/203/203 202/202/202
f 202/202/202 203/203/203 204/204/204
f 203/203/203 205/205/205 204/204/204
f 204/204/204 205/205/205 206/206/206
f 205/205/205 207/207/207 206/206/206
f 186/186/186 188/188/188 208/208/208
f 188/188/188 190/190/190 208/208/208
f 208/208/208 190/190/190 209/209/209
f 190/190/190 192/192/192 209/209/209
f 209/209/209 192/192/192 210/210/210
f 192/192/192 194/194/194 210/210/210
f 210/210/210 194/194/194 211/211/211
f 194/194/194 196/196/196 211/211/211
f 211/211/211 196/196/196 212/212/212
f 196/196/196 198/198/198 212/212/212
f 212/212/212 198/198/198 213/213/213
f 198/198/198 214/214/214 213/213/213
f 213/213/213 214/214/214 215/215/215
f 214/214/214 216/216/216 215/215/215
f 215/215/215 216/216/216 217/217/217
f 216/216/216 218/218/218 217/217/217
f 217/217/217 218/218/218 219/219/219
f 210/210/210 211/211/211 220/220/220
f 211/211/211 212/212/212 220/220/220
f 220/220/220 212/212/212 221/221/221
f 212/212/212 213/213/213 221/221/221
f 221/221/221 213/213/213 222/222/222
f 213/213/213 215/215/215 222/222/222
f 222/222/222 215/215/215 223/223/223
f 215/215/215 224/224/224 223/223/223
f 223/223/223 224/224/224 225/225/225
f 224/224/224 226/226/226 225/225/225
f 225/225/225 226/226/226 227/227/227
f 215/215/215 217/217/217 224/224/224
f 217/217/217 219/219/219 224/224/224
f 224/224/224 219/219/219 226/226/226
f 228/228/228 229/229/229 230/230/230
f 229/229/229 231/231/231 230/230/230
f 230/230/230 231/231/231 232/232/232
f 231/231/231 233/233/233 232/232/232
f 232/232/232 233/233/233 234/234/234
f 233/233/233 235/235/235 234/234/234
f 234/234/234 235/235/235 236/236/236
f 235/235/235 237/237/237 236/236/236
f 235/235/235 233/233/233 238/238/238
f 233/233/233 231/231/231 238/238/238
f 238/238/238 231/231/231 239/239/239
f 231/231/231 240/240/240 239/239/239
f 239/239/239 240/240/240 241/241/241
f 241/241/241 242/242/242 239/239/239
f 242/242/242 243/243/243 239/239/239
f 239/239/239 243/243/243 238/238/238
f 243/243/243 244/244/244 238/238/238
f 238/238/238 244/244/244 235/235/235
f 244/244/244 237/237/237 235/235/235
f 242/242/242 245/245/245 243/243/243
f 245/245/245 246/246/246 243/243/243
f 243/243/243 246/246/246 244/244/244
f 246/246/246 247/247/247 244/244/244
f 244/244/244 247/247/247 237/237/237
f 245/245/245 248/248/248 246/246/246
f 248/248/248 249/249/249 246/246/246
f 246/246/246 249/249/249 247/247/247
f 250/250/250 251/251/251 252/252/252
f 251/251/251 253/253/253 252/252/252
f 252/252/252 253/253/253 254/254/254
f 253/253/253 255/255/255 254/254/254
f 254/254/254 255/255/255 256/256/256
f 255/255/255 257/257/257 256/256/256
f 256/256/256 257/257/257 258/258/258
f 257/257/257 259/259/259 258/258/258
f 258/258/258 259/259/259 260/260/260
f 259/259/259 261/261/261 260/260/260
f 251/251/251 262/262/262 253/253/253
f 262/262/262 263/263/263 253/253/253
f 253/253/253 263/263/263 255/255/255
f 263/263/263 264/264/264 255/255/255
f 255/255/255 264/264/264 257/257/257
f 264/264/264 265/265/265 257/257/257
f 257/257/257 265/265/265 259/259/259
f 265/265/265 266/266/266 259/259/259
f 259/259/259 266/266/266 267/267/267
f 266/266/266 268/268/268 267/267/267
f 267/267/267 268/268/268 269/269/269
f 268/268/268 183/183/183 269/269/269
f 269/269/269 183/183/183 181/181/181
f 183/183/183 268/268/268 185/185/185
f 268/268/268 270/270/270 185/185/185
f 185/185/185 270/270/270 187/187/187
f 270/270/270 263/263/263 187/187/187
f 187/187/187 263/263/263 271/271/271
f 263/263/263 262/262/262 271/271/271
f 271/271/271 262/262/262 272/272/272
f 268/268/268 266/266/266 270/270/270
f 266/266/266 265/265/265 270/270/270
f 270/270/270 265/265/265 264/264/264
f 245/245/245 242/242/242 273/273/273
f 242/242/242 274/274/274 273/273/273
f 260/260/260 275/275/275 258/258/258
f 275/275/275 276/276/276 258/258/258
f 258/258/258 276/276/276 256/256/256
f 259/259/259 267/267/267 261/261/261
f 267/267/267 277/277/277 261/261/261
f 267/267/267 269/269/269 277/277/277
f 269/269/269 179/179/179 277/277/277
f 278/278/278 279/279/279 280/280/280
f 279/279/279 281/281/281 280/280/280
f 280/280/280 281/281/281 282/282/282
f 281/281/281 283/283/283 282/282/282
f 282/282/282 283/283/283 284/284/284
f 283/283/283 285/285/285 284/284/284
f 284/284/284 285/285/285 286/286/286
f 285/285/285 287/287/287 286/286/286
f 286/286/286 287/287/287 288/288/288
f 287/287/287 289/289/289 288/288/288
f 283/283/283 290/290/290 285/285/285
f 290/290/290 291/291/291 285/285/285
f 285/285/285 291/291/291 287/287/287
f 291/291/291 292/292/292 287/287/287
f 287/287/287 292/292/292 289/289/289
f 292/292/292 293/293/293 289/289/289
f 290/290/290 294/294/294 291/291/291
f 294/294/294 295/295/295 291/291/291
f 291/291/291 295/295/295 292/292/292
f 295/295/295 296/296/296 292/292/292
f 292/292/292 296/296/296 293/293/293
f 296/296/296 297/297/297 293/293/293
f 297/297/297 296/296/296 298/298/298
f 296/296/296 295/295/295 298/298/298
f 298/298/298 295/295/295 299/299/299
f 295/295/295 300/300/300 299/299/299
f 299/299/299 300/300/300 301/301/301
f 300/300/300 302/302/302 301/301/301
f 301/301/301 302/302/302 303/303/303
f 295/295/295 294/294/294 300/300/300
f 294/294/294 302/302/302 300/300/300
f 302/302/302 294/294/294 304/304/304
f 294/294/294 290/290/290 304/304/304
f 304/304/304 290/290/290 305/305/305
f 290/290/290 283/283/283 305/305/305
f 305/305/305 283/283/283 306/306/306
f 283/283/283 281/281/281 306/306/306
f 306/306/306 281/281/281 279/279/279
f 307/307/307 308/308/308 309/309/309
f 308/308/308 310/310/310 309/309/309
f 309/309/309 310/310/310 311/311/311
f 310/310/310 312/312/312 311/311/311
f 311/311/311 312/312/312 313/313/313
f 312/312/312 314/314/314 313/313/313
f 313/313/313 314/314/314 315/315/315
f 314/314/314 316/316/316 315/315/315
f 315/315/315 316/316/316 317/317/317
f 316/316/316 318/318/318 317/317/317
f 317/317/317 318/318/318 319/319/319
f 319/319/319 320/320/320 317/317/317
f 320/320/320 321/321/321 317/317/317
f 317/317/317 321/321/321 315/315/315
f 321/321/321 322/322/322 315/315/315
f 315/315/315 322/322/322 313/313/313
f 322/322/322 323/323/323 313/313/313
f 313/313/313 323/323/323 311/311/311
f 323/323/323 324/324/324 311/311/311
f 311/311/311 324/324/324 325/325/325
f 325/325/325 326/326/326 311/311/311
f 326/326/326 309/309/309 311/311/311
f 288/288/288 327/327/327 286/286/286
f 327/327/327 328/328/328 286/286/286
f 286/286/286 328/328/328 284/284/284
f 328/328/328 282/282/282 284/284/284
f 327/327/327 329/329/329 328/328/328
f 329/329/329 330/330/330 328/328/328
f 328/328/328 330/330/330 282/282/282
f 330/330/330 331/331/331 282/282/282
f 282/282/282 331/331/331 332/332/332
f 331/331/331 333/333/333 332/332/332
f 332/332/332 333/333/333 334/334/334
f 333/333/333 335/335/335 334/334/334
f 329/329/329 336/336/336 330/330/330
f 336/336/336 333/333/333 330/330/330
f 330/330/330 333/333/333 331/331/331
f 329/329/329 337/337/337 336/336/336
f 337/337/337 338/338/338 336/336/336
f 336/336/336 338/338/338 339/339/339
f 338/338/338 340/340/340 339/339/339
f 339/339/339 340/340/340 341/341/341
f 340/340/340 342/342/342 341/341/341
f 341/341/341 342/342/342 343/343/343
f 342/342/342 344/344/344 343/343/343
f 337/337/337 345/345/345 338/338/338
f 345/345/345 346/346/346 338/338/338
f 338/338/338 346/346/346 340/340/340
f 346/346/346 347/347/347 340/340/340
f 340/340/340 347/347/347 342/342/342
f 347/347/347 348/348/348 342/342/342
f 342/342/342 348/348/348 344/344/344
f 348/348/348 349/349/349 344/344/344
f 345/345/345 350/350/350 346/346/346
f 350/350/350 351/351/351 346/346/346
f 346/346/346 351/351/351 347/347/347
f 351/351/351 352/352/352 347/347/347
f 347/347/347 352/352/352 348/348/348
f 352/352/352 353/353/353 348/348/348
f 348/348/348 353/353/353 349/349/349
f 353/353/353 354/354/354 349/349/349
f 349/349/349 354/354/354 355/355/355
f 354/354/354 356/356/356 355/355/355
f 355/355/355 356/356/356 357/357/357
f 350/350/350 358/358/358 351/351/351
f 358/358/358 359/359/359 351/351/351
f 351/351/351 359/359/359 352/352/352
f 359/359/359 360/360/360 352/352/352
f 352/352/352 360/360/360 361/361/361
f 360/360/360 362/362/362 361/361/361
f 361/361/361 362/362/362 363/363/363
f 363/363/363 354/354/354 361/361/361
f 354/354/354 353/353/353 361/361/361
f 361/361/361 353/353/353 352/352/352
f 364/364/364 365/365/365 366/366/366
f 365/365/365 367/367/367 366/366/366
f 366/366/366 367/367/367 368/368/368
f 367/367/367 369/369/369 368/368/368
f 368/368/368 369/369/369 370/370/370
f 369/369/369 371/371/371 370/370/370
f 370/370/370 371/371/371 372/372/372
f 371/371/371 373/373/373 372/372/372
f 372/372/372 373/373/373 374/374/374
f 373/373/373 375/375/375 374/374/374
f 374/374/374 375/375/375 376/376/376
f 375/375/375 377/377/377 376/376/376
f 376/376/376 377/377/377 378/378/378
f 377/377/377 379/379/379 378/378/378
f 378/378/378 379/379/379 380/380/380
f 379/379/379 377/377/377 380/380/380
f 380/380/380 377/377/377 381/381/381
f 377/377/377 382/382/382 381/381/381
f 381/381/381 382/382/382 383/383/383
f 382/382/382 384/384/384 383/383/383
f 383/383/383 384/384/384 385/385/385
f 384/384/384 386/386/386 385/385/385
f 377/377/377 375/375/375 382/382/382
f 375/375/375 373/373/373 382/382/382
f 382/382/382 373/373/373 384/384/384
f 373/373/373 387/387/387 384/384/384
f 384/384/384 387/387/387 386/386/386
f 387/387/387 367/367/367 386/386/386
f 386/386/386 367/367/367 365/365/365
f 373/373/373 371/371/371 387/387/387
f 371/371/371 369/369/369 387/387/387
f 387/387/387 369/369/369 367/367/367
f 358/358/358 388/388/388 359/359/359
f 388/388/388 360/360/360 359/359/359
f 388/388/388 389/389/389 360/360/360
f 389/389/389 390/390/390 360/360/360
f 360/360/360 390/390/390 362/362/362
f 368/368/368 370/370/370 391/391/391
f 370/370/370 392/392/392 391/391/391
f 370/370/370 372/372/372 392/392/392
f 372/372/372 374/374/374 392/392/392
f 392/392/392 374/374/374 393/393/393
f 374/374/374 394/394/394 393/393/393
f 394/394/394 374/374/374 395/395/395
f 374/374/374 376/376/376 395/395/395
f 395/395/395 376/376/376 396/396/396
f 376/376/376 378/378/378 396/396/396
f 396/396/396 378/378/378 397/397/397
f 378/378/378 398/398/398 397/397/397
f 397/397/397 398/398/398 399/399/399
f 398/398/398 400/400/400 399/399/399
f 399/399/399 400/400/400 401/401/401
f 400/400/400 402/402/402 401/401/401
f 401/401/401 402/402/402 403/403/403
f 402/402/402 404/404/404 403/403/403
f 403/403/403 404/404/404 405/405/405
f 404/404/404 406/406/406 405/405/405
f 400/400/400 398/398/398 407/407/407
f 398/398/398 378/378/378 407/407/407
f 407/407/407 378/378/378 408/408/408
f 378/378/378 409/409/409 408/408/408
f 408/408/408 409/409/409 410/410/410
f 409/409/409 411/411/411 410/410/410
f 410/410/410 411/411/411 412/412/412
f 411/411/411 413/413/413 412/412/412
f 412/412/412 413/413/413 414/414/414
f 378/378/378 380/380/380 409/409/409
f 380/380/380 415/415/415 409/409/409
f 409/409/409 415/415/415 411/411/411
f 415/415/415 416/416/416 411/411/411
f 411/411/411 416/416/416 413/413/413
f 416/416/416 415/415/415 417/417/417
f 415/415/415 418/418/418 417/417/417
f 417/417/417 418/418/418 419/419/419
f 418/418/418 383/383/383 419/419/419
f 419/419/419 383/383/383 385/385/385
f 415/415/415 380/380/380 418/418/418
f 380/380/380 381/381/381 418/418/418
f 418/418/418 381/381/381 383/383/383
f 318/318/318 316/316/316 420/420/420
f 316/316/316 421/421/421 420/420/420
f 316/316/316 314/314/314 421/421/421
f 314/314/314 422/422/422 421/421/421
f 314/314/314 312/312/312 422/422/422
f 312/312/312 423/423/423 422/422/422
f 312/312/312 310/310/310 423/423/423
f 310/310/310 308/308/308 423/423/423
f 414/414/414 424/424/424 412/412/412
f 424/424/424 425/425/425 412/412/412
f 412/412/412 425/425/425 426/426/426
f 425/425/425 427/427/427 426/426/426
f 426/426/426 427/427/427 428/428/428
f 427/427/427 429/429/429 428/428/428
f 428/428/428 429/429/429 430/430/430
f 429/429/429 431/431/431 430/430/430
f 430/430/430 431/431/431 432/432/432
f 431/431/431 433/433/433 432/432/432
f 432/432/432 433/433/433 434/434/434
f 433/433/433 435/435/435 434/434/434
f 434/434/434 435/435/435 436/436/436
f 435/435/435 437/437/437 436/436/436
f 436/436/436 437/437/437 438/438/438
f 437/437/437 439/439/439 438/438/438
f 438/438/438 439/439/439 440/440/440
f 436/436/436 438/438/438 434/434/434
f 438/438/438 441/441/441 434/434/434
f 434/434/434 441/441/441 432/432/432
f 441/441/441 442/442/442 432/432/432
f 432/432/432 442/442/442 430/430/430
f 442/442/442 443/443/443 430/430/430
f 430/430/430 443/443/443 444/444/444
f 443/443/443 408/408/408 444/444/444
f 444/444/444 408/408/408 410/410/410
f 438/438/438 445/445/445 441/441/441
f 445/445/445 446/446/446 441/441/441
f 441/441/441 446/446/446 442/442/442
f 446/446/446 447/447/447 442/442/442
f 442/442/442 447/447/447 443/443/443
f 447/447/447 448/448/448 443/443/443
f 443/443/443 448/448/448 407/407/407
f 448/448/448 400/400/400 407/407/407
f 438/438/438 440/440/440 445/445/445
f 440/440/440 449/449/449 445/445/445
f 445/445/445 449/449/449 450/450/450
f 449/449/449 451/451/451 450/450/450
f 450/450/450 451/451/451 452/452/452
f 451/451/451 453/453/453 452/452/452
f 452/452/452 453/453/453 454/454/454
f 453/453/453 455/455/455 454/454/454
f 454/454/454 455/455/455 456/456/456
f 455/455/455 457/457/457 456/456/456
f 456/456/456 457/457/457 458/458/458
f 457/457/457 459/459/459 458/458/458
f 458/458/458 459/459/459 460/460/460
f 459/459/459 461/461/461 460/460/460
f 460/460/460 461/461/461 462/462/462
f 461/461/461 404/404/404 462/462/462
f 462/462/462 404/404/404 402/402/402
f 460/460/460 462/462/462 463/463/463
f 462/462/462 402/402/402 463/463/463
f 463/463/463 402/402/402 464/464/464
f 402/402/402 400/400/400 464/464/464
f 464/464/464 400/400/400 465/465/465
f 400/400/400 448/448/448 465/465/465
f 465/465/465 448/448/448 466/466/466
f 448/448/448 447/447/447 466/466/466
f 466/466/466 447/447/447 446/446/446
f 446/446/446 450/450/450 466/466/466
f 450/450/450 452/452/452 466/466/466
f 466/466/466 452/452/452 465/465/465
f 452/452/452 454/454/454 465/465/465
f 465/465/465 454/454/454 467/467/467
f 454/454/454 456/456/456 467/467/467
f 467/467/467 456/456/456 468/468/468
f 456/456/456 458/458/458 468/468/468
f 468/468/468 458/458/458 460/460/460
f 468/468/468 463/463/463 467/467/467
f 463/463/463 464/464/464 467/467/467
f 467/467/467 464/464/464 465/465/465
f 336/336/336 339/339/339 333/333/333
f 339/339/339 341/341/341 333/333/333
f 333/333/333 341/341/341 469/469/469
f 341/341/341 470/470/470 469/469/469
f 469/469/469 470/470/470 471/471/471
f 333/333/333 469/469/469 335/335/335
f 469/469/469 471/471/471 335/335/335
f 335/335/335 471/471/471 472/472/472
f 430/430/430 444/444/444 428/428/428
f 444/444/444 426/426/426 428/428/428
f 444/444/444 410/410/410 426/426/426
f 410/410/410 412/412/412 426/426/426
f 437/437/437 435/435/435 473/473/473
f 435/435/435 474/474/474 473/473/473
f 474/474/474 435/435/435 475/475/475
f 435/435/435 433/433/433 475/475/475
f 475/475/475 433/433/433 476/476/476
f 433/433/433 429/429/429 476/476/476
f 476/476/476 429/429/429 427/427/427
f 476/476/476 427/427/427 477/477/477
f 427/427/427 425/425/425 477/477/477
f 477/477/477 425/425/425 424/424/424
f 424/424/424 478/478/478 477/477/477
f 478/478/478 474/474/474 477/477/477
f 477/477/477 474/474/474 475/475/475
f 406/406/406 404/404/404 479/479/479
f 404/404/404 480/480/480 479/479/479
f 480/480/480 404/404/404 481/481/481
f 404/404/404 461/461/461 481/481/481
f 481/481/481 461/461/461 482/482/482
f 461/461/461 483/483/483 482/482/482
f 482/482/482 483/483/483 484/484/484
f 483/483/483 485/485/485 484/484/484
f 484/484/484 485/485/485 486/486/486
f 485/485/485 487/487/487 486/486/486
f 461/461/461 459/459/459 483/483/483
f 459/459/459 488/488/488 483/483/483
f 483/483/483 488/488/488 485/485/485
f 488/488/488 489/489/489 485/485/485
f 485/485/485 489/489/489 490/490/490
f 488/488/488 459/459/459 491/491/491
f 459/459/459 457/457/457 491/491/491
f 206/206/206 492/492/492 204/204/204
f 492/492/492 493/493/493 204/204/204
f 204/204/204 493/493/493 202/202/202
f 493/493/493 216/216/216 202/202/202
f 202/202/202 216/216/216 214/214/214
f 214/214/214 198/198/198 202/202/202
f 198/198/198 200/200/200 202/202/202
f 492/492/492 218/218/218 493/493/493
f 218/218/218 216/216/216 493/493/493
f 494/494/494 495/495/495 496/496/496
f 495/495/495 497/497/497 496/496/496
f 496/496/496 497/497/497 498/498/498
f 497/497/497 499/499/499 498/498/498
f 498/498/498 499/499/499 500/500/500
f 499/499/499 501/501/501 500/500/500
f 500/500/500 501/501/501 502/502/502
f 501/501/501 503/503/503 502/502/502
f 502/502/502 503/503/503 504/504/504
f 503/503/503 505/505/505 504/504/504
f 504/504/504 505/505/505 506/506/506
f 505/505/505 507/507/507 506/506/506
f 506/506/506 507/507/507 508/508/508
f 504/504/504 506/506/506 509/509/509
f 506/506/506 510/510/510 509/509/509
f 509/509/509 510/510/510 504/504/504
f 510/510/510 511/511/511 504/504/504
f 504/504/504 511/511/511 502/502/502
f 511/511/511 512/512/512 502/502/502
f 502/502/502 512/512/512 500/500/500
f 512/512/512 513/513/513 500/500/500
f 500/500/500 513/513/513 498/498/498
f 512/512/512 511/511/511 514/514/514
f 511/511/511 510/510/510 514/514/514
f 514/514/514 510/510/510 515/515/515
f 510/510/510 516/516/516 515/515/515
f 515/515/515 516/516/516 517/517/517
f 516/516/516 518/518/518 517/517/517
f 517/517/517 518/518/518 519/519/519
f 518/518/518 520/520/520 519/519/519
f 519/519/519 520/520/520 521/521/521
f 520/520/520 522/522/522 521/521/521
f 521/521/521 522/522/522 523/523/523
f 522/522/522 524/524/524 523/523/523
f 523/523/523 524/524/524 525/525/525
f 524/524/524 526/526/526 525/525/525
f 525/525/525 526/526/526 527/527/527
f 526/526/526 528/528/528 527/527/527
f 527/527/527 528/528/528 529/529/529
f 528/528/528 530/530/530 529/529/529
f 529/529/529 530/530/530 531/531/531
f 530/530/530 532/532/532 531/531/531
f 510/510/510 506/506/506 516/516/516
f 506/506/506 533/533/533 516/516/516
f 516/516/516 533/533/533 518/518/518
f 533/533/533 534/534/534 518/518/518
f 518/518/518 534/534/534 520/520/520
f 534/534/534 535/535/535 520/520/520
f 520/520/520 535/535/535 522/522/522
f 535/535/535 536/536/536 522/522/522
f 522/522/522 536/536/536 524/524/524
f 536/536/536 526/526/526 524/524/524
f 536/536/536 535/535/535 537/537/537
f 535/535/535 534/534/534 537/537/537
f 537/537/537 534/534/534 538/538/538
f 534/534/534 533/533/533 538/538/538
f 538/538/538 533/533/533 539/539/539
f 533/533/533 506/506/506 539/539/539
f 539/539/539 506/506/506 540/540/540
f 506/506/506 508/508/508 540/540/540
f 540/540/540 508/508/508 541/541/541
f 540/540/540 542/542/542 539/539/539
f 542/542/542 543/543/543 539/539/539
f 539/539/539 543/543/543 538/538/538
f 543/543/543 544/544/544 538/538/538
f 538/538/538 544/544/544 545/545/545
f 544/544/544 546/546/546 545/545/545
f 545/545/545 546/546/546 547/547/547
f 546/546/546 548/548/548 547/547/547
f 547/547/547 548/548/548 530/530/530
f 548/548/548 549/549/549 530/530/530
f 530/530/530 549/549/549 532/532/532
f 530/530/530 528/528/528 547/547/547
f 528/528/528 550/550/550 547/547/547
f 547/547/547 550/550/550 545/545/545
f 550/550/550 537/537/537 545/545/545
f 545/545/545 537/537/537 538/538/538
f 528/528/528 526/526/526 550/550/550
f 526/526/526 551/551/551 550/550/550
f 550/550/550 551/551/551 537/537/537
f 551/551/551 536/536/536 537/537/537
f 529/529/529 531/531/531 527/527/527
f 531/531/531 552/552/552 527/527/527
f 527/527/527 552/552/552 553/553/553
f 527/527/527 553/553/553 525/525/525
f 553/553/553 523/523/523 525/525/525
f 553/553/553 554/554/554 523/523/523
f 554/554/554 555/555/555 523/523/523
f 523/523/523 555/555/555 521/521/521
f 555/555/555 519/519/519 521/521/521
f 555/555/555 556/556/556 519/519/519
f 556/556/556 557/557/557 519/519/519
f 519/519/519 557/557/557 517/517/517
f 557/557/557 558/558/558 517/517/517
f 517/517/517 558/558/558 515/515/515
f 558/558/558 559/559/559 515/515/515
f 515/515/515 559/559/559 514/514/514
f 559/559/559 560/560/560 514/514/514
f 514/514/514 560/560/560 512/512/512
f 560/560/560 513/513/513 512/512/512
f 495/495/495 561/561/561 497/497/497
f 561/561/561 562/562/562 497/497/497
f 497/497/497 562/562/562 499/499/499
f 562/562/562 563/563/563 499/499/499
f 499/499/499 563/563/563 501/501/501
f 563/563/563 564/564/564 501/501/501
f 501/501/501 564/564/564 565/565/565
f 564/564/564 566/566/566 565/565/565
f 565/565/565 566/566/566 567/567/567
f 567/567/567 568/568/568 565/565/565
f 568/568/568 569/569/569 565/565/565
f 565/565/565 569/569/569 505/505/505
f 569/569/569 507/507/507 505/505/505
f 505/505/505 503/503/503 565/565/565
f 503/503/503 501/501/501 565/565/565
f 549/549/549 548/548/548 570/570/570
f 548/548/548 571/571/571 570/570/570
f 570/570/570 571/571/571 572/572/572
f 571/571/571 573/573/573 572/572/572
f 572/572/572 573/573/573 574/574/574
f 573/573/573 575/575/575 574/574/574
f 574/574/574 575/575/575 576/576/576
f 575/575/575 577/577/577 576/576/576
f 576/576/576 577/577/577 578/578/578
f 577/577/577 579/579/579 578/578/578
f 578/578/578 579/579/579 580/580/580
f 579/579/579 581/581/581 580/580/580
f 580/580/580 581/581/581 582/582/582
f 581/581/581 583/583/583 582/582/582
f 582/582/582 583/583/583 584/584/584
f 583/583/583 585/585/585 584/584/584
f 584/584/584 585/585/585 586/586/586
f 585/585/585 587/587/587 586/586/586
f 548/548/548 546/546/546 571/571/571
f 546/546/546 588/588/588 571/571/571
f 571/571/571 588/588/588 573/573/573
f 588/588/588 589/589/589 573/573/573
f 573/573/573 589/589/589 575/575/575
f 589/589/589 590/590/590 575/575/575
f 575/575/575 590/590/590 577/577/577
f 590/590/590 591/591/591 577/577/577
f 577/577/577 591/591/591 579/579/579
f 591/591/591 581/581/581 579/579/579
f 546/546/546 544/544/544 588/588/588
f 544/544/544 543/543/543 588/588/588
f 588/588/588 543/543/543 589/589/589
f 543/543/543 542/542/542 589/589/589
f 589/589/589 542/542/542 592/592/592
f 542/542/542 585/585/585 592/592/592
f 592/592/592 585/585/585 593/593/593
f 585/585/585 583/583/583 593/593/593
f 593/593/593 583/583/583 581/581/581
f 581/581/581 591/591/591 593/593/593
f 591/591/591 590/590/590 593/593/593
f 593/593/593 590/590/590 592/592/592
f 590/590/590 589/589/589 592/592/592
f 540/540/540 541/541/541 542/542/542
f 541/541/541 587/587/587 542/542/542
f 542/542/542 587/587/587 585/585/585
f 594/594/594 595/595/595 303/303/303
f 595/595/595 301/301/301 303/303/303
f 595/595/595 596/596/596 301/301/301
f 596/596/596 299/299/299 301/301/301
f 596/596/596 597/597/597 299/299/299
f 597/597/597 298/298/298 299/299/299
f 597/597/597 598/598/598 298/298/298
f 598/598/598 599/599/599 298/298/298
f 298/298/298 599/599/599 297/297/297
f 600/600/600 601/601/601 602/602/602
f 601/601/601 603/603/603 602/602/602
f 602/602/602 603/603/603 604/604/604
f 603/603/603 605/605/605 604/604/604
f 604/604/604 605/605/605 606/606/606
f 605/605/605 607/607/607 606/606/606
f 606/606/606 607/607/607 608/608/608
f 607/607/607 609/609/609 608/608/608
f 608/608/608 609/609/609 201/201/201
f 609/609/609 203/203/203 201/201/201
f 604/604/604 606/606/606 610/610/610
f 606/606/606 611/611/611 610/610/610
f 610/610/610 611/611/611 612/612/612
f 611/611/611 613/613/613 612/612/612
f 612/612/612 613/613/613 614/614/614
f 613/613/613 615/615/615 614/614/614
f 614/614/614 615/615/615 616/616/616
f 615/615/615 195/195/195 616/616/616
f 616/616/616 195/195/195 617/617/617
f 195/195/195 193/193/193 617/617/617
f 617/617/617 193/193/193 618/618/618
f 193/193/193 619/619/619 618/618/618
f 618/618/618 619/619/619 620/620/620
f 619/619/619 272/272/272 620/620/620
f 606/606/606 608/608/608 611/611/611
f 608/608/608 199/199/199 611/611/611
f 611/611/611 199/199/199 613/613/613
f 199/199/199 615/615/615 613/613/613
f 199/199/199 197/197/197 615/615/615
f 197/197/197 195/195/195 615/615/615
f 578/578/578 580/580/580 621/621/621
f 580/580/580 622/622/622 621/621/621
f 622/622/622 580/580/580 623/623/623
f 580/580/580 582/582/582 623/623/623
f 623/623/623 582/582/582 624/624/624
f 582/582/582 625/625/625 624/624/624
f 624/624/624 625/625/625 626/626/626
f 625/625/625 627/627/627 626/626/626
f 626/626/626 627/627/627 628/628/628
f 622/622/622 623/623/623 629/629/629
f 623/623/623 630/630/630 629/629/629
f 629/629/629 630/630/630 631/631/631
f 630/630/630 626/626/626 631/631/631
f 631/631/631 626/626/626 628/628/628
f 626/626/626 630/630/630 624/624/624
f 630/630/630 623/623/623 624/624/624
f 614/614/614 616/616/616 632/632/632
f 616/616/616 617/617/617 632/632/632
f 632/632/632 617/617/617 633/633/633
f 617/617/617 618/618/618 633/633/633
f 633/633/633 618/618/618 620/620/620
f 622/622/622 629/629/629 634/634/634
f 629/629/629 635/635/635 634/634/634
f 635/635/635 629/629/629 636/636/636
f 629/629/629 631/631/631 636/636/636
f 582/582/582 584/584/584 625/625/625
f 584/584/584 627/627/627 625/625/625
f 627/627/627 584/584/584 637/637/637
f 584/584/584 638/638/638 637/637/637
f 638/638/638 584/584/584 639/639/639
f 584/584/584 586/586/586 639/639/639
f 640/640/640 641/641/641 642/642/642
f 641/641/641 643/643/643 642/642/642
f 642/642/642 643/643/643 644/644/644
f 643/643/643 645/645/645 644/644/644
f 644/644/644 645/645/645 646/646/646
f 645/645/645 647/647/647 646/646/646
f 646/646/646 647/647/647 648/648/648
f 647/647/647 649/649/649 648/648/648
f 643/643/643 650/650/650 645/645/645
f 650/650/650 651/651/651 645/645/645
f 645/645/645 651/651/651 647/647/647
f 651/651/651 652/652/652 647/647/647
f 647/647/647 652/652/652 649/649/649
f 650/650/650 653/653/653 651/651/651
f 653/653/653 654/654/654 651/651/651
f 651/651/651 654/654/654 652/652/652
f 654/654/654 655/655/655 652/652/652
f 653/653/653 656/656/656 654/654/654
f 656/656/656 657/657/657 654/654/654
f 654/654/654 657/657/657 655/655/655
f 657/657/657 658/658/658 655/655/655
f 656/656/656 653/653/653 659/659/659
f 653/653/653 660/660/660 659/659/659
f 659/659/659 660/660/660 661/661/661
f 660/660/660 662/662/662 661/661/661
f 653/653/653 650/650/650 660/660/660
f 650/650/650 663/663/663 660/660/660
f 660/660/660 663/663/663 662/662/662
f 663/663/663 664/664/664 662/662/662
f 650/650/650 643/643/643 663/663/663
f 643/643/643 664/664/664 663/663/663
f 15/15/15 665/665/665 13/13/13
f 665/665/665 666/666/666 13/13/13
f 13/13/13 666/666/666 11/11/11
f 666/666/666 9/9/9 11/11/11
f 666/666/666 667/667/667 9/9/9
f 667/667/667 668/668/668 9/9/9
f 9/9/9 668/668/668 7/7/7
f 668/668/668 669/669/669 7/7/7
f 7/7/7 669/669/669 5/5/5
f 669/669/669 670/670/670 5/5/5
f 5/5/5 670/670/670 671/671/671
f 670/670/670 672/672/672 671/671/671
f 671/671/671 672/672/672 673/673/673
f 672/672/672 674/674/674 673/673/673
f 673/673/673 674/674/674 675/675/675
f 674/674/674 676/676/676 675/675/675
f 675/675/675 676/676/676 677/677/677
f 5/5/5 671/671/671 3/3/3
f 671/671/671 673/673/673 3/3/3
f 3/3/3 673/673/673 678/678/678
f 673/673/673 675/675/675 678/678/678
f 678/678/678 675/675/675 679/679/679
f 675/675/675 680/680/680 679/679/679
f 187/187/187 271/271/271 189/189/189
f 271/271/271 191/191/191 189/189/189
f 271/271/271 619/619/619 191/191/191
f 619/619/619 193/193/193 191/191/191
f 681/681/681 682/682/682 683/683/683
f 682/682/682 684/684/684 683/683/683
f 683/683/683 684/684/684 685/685/685
f 684/684/684 686/686/686 685/685/685
f 685/685/685 686/686/686 687/687/687
f 686/686/686 688/688/688 687/687/687
f 687/687/687 688/688/688 689/689/689
f 688/688/688 690/690/690 689/689/689
f 689/689/689 690/690/690 691/691/691
f 690/690/690 692/692/692 691/691/691
f 691/691/691 692/692/692 693/693/693
f 692/692/692 694/694/694 693/693/693
f 693/693/693 694/694/694 695/695/695
f 694/694/694 696/696/696 695/695/695
f 695/695/695 696/696/696 697/697/697
f 696/696/696 698/698/698 697/697/697
f 697/697/697 698/698/698 699/699/699
f 698/698/698 700/700/700 699/699/699
f 699/699/699 700/700/700 701/701/701
f 700/700/700 702/702/702 701/701/701
f 701/701/701 702/702/702 208/208/208
f 702/702/702 186/186/186 208/208/208
f 697/697/697 701/701/701 695/695/695
f 701/701/701 703/703/703 695/695/695
f 695/695/695 703/703/703 693/693/693
f 703/703/703 704/704/704 693/693/693
f 693/693/693 704/704/704 691/691/691
f 704/704/704 705/705/705 691/691/691
f 691/691/691 705/705/705 706/706/706
f 705/705/705 707/707/707 706/706/706
f 706/706/706 707/707/707 708/708/708
f 707/707/707 223/223/223 708/708/708
f 708/708/708 223/223/223 225/225/225
f 225/225/225 227/227/227 708/708/708
f 227/227/227 709/709/709 708/708/708
f 708/708/708 709/709/709 706/706/706
f 709/709/709 710/710/710 706/706/706
f 706/706/706 710/710/710 689/689/689
f 710/710/710 711/711/711 689/689/689
f 689/689/689 711/711/711 687/687/687
f 711/711/711 712/712/712 687/687/687
f 687/687/687 712/712/712 685/685/685
f 710/710/710 713/713/713 711/711/711
f 713/713/713 714/714/714 711/711/711
f 711/711/711 714/714/714 712/712/712
f 715/715/715 716/716/716 717/717/717
f 716/716/716 718/718/718 717/717/717
f 717/717/717 718/718/718 719/719/719
f 718/718/718 720/720/720 719/719/719
f 719/719/719 720/720/720 721/721/721
f 720/720/720 722/722/722 721/721/721
f 721/721/721 722/722/722 723/723/723
f 722/722/722 724/724/724 723/723/723
f 723/723/723 724/724/724 605/605/605
f 724/724/724 607/607/607 605/605/605
f 716/716/716 207/207/207 718/718/718
f 207/207/207 725/725/725 718/718/718
f 718/718/718 725/725/725 720/720/720
f 725/725/725 726/726/726 720/720/720
f 720/720/720 726/726/726 722/722/722
f 726/726/726 609/609/609 722/722/722
f 722/722/722 609/609/609 724/724/724
f 609/609/609 607/607/607 724/724/724
f 207/207/207 205/205/205 725/725/725
f 205/205/205 727/727/727 725/725/725
f 725/725/725 727/727/727 726/726/726
f 727/727/727 609/609/609 726/726/726
f 609/609/609 727/727/727 203/203/203
f 727/727/727 205/205/205 203/203/203
f 186/186/186 702/702/702 184/184/184
f 702/702/702 728/728/728 184/184/184
f 184/184/184 728/728/728 729/729/729
f 728/728/728 698/698/698 729/729/729
f 729/729/729 698/698/698 730/730/730
f 698/698/698 731/731/731 730/730/730
f 698/698/698 696/696/696 731/731/731
f 696/696/696 694/694/694 731/731/731
f 731/731/731 694/694/694 732/732/732
f 694/694/694 733/733/733 732/732/732
f 733/733/733 694/694/694 734/734/734
f 694/694/694 692/692/692 734/734/734
f 734/734/734 692/692/692 735/735/735
f 692/692/692 690/690/690 735/735/735
f 735/735/735 690/690/690 736/736/736
f 690/690/690 737/737/737 736/736/736
f 736/736/736 737/737/737 738/738/738
f 737/737/737 686/686/686 738/738/738
f 738/738/738 686/686/686 684/684/684
f 736/736/736 739/739/739 735/735/735
f 739/739/739 740/740/740 735/735/735
f 735/735/735 740/740/740 734/734/734
f 740/740/740 741/741/741 734/734/734
f 734/734/734 741/741/741 733/733/733
f 741/741/741 742/742/742 733/733/733
f 742/742/742 741/741/741 743/743/743
f 741/741/741 740/740/740 743/743/743
f 743/743/743 740/740/740 744/744/744
f 740/740/740 739/739/739 744/744/744
f 744/744/744 739/739/739 745/745/745
f 739/739/739 738/738/738 745/745/745
f 745/745/745 738/738/738 746/746/746
f 738/738/738 684/684/684 746/746/746
f 746/746/746 684/684/684 682/682/682
f 702/702/702 700/700/700 728/728/728
f 700/700/700 698/698/698 728/728/728
f 605/605/605 603/603/603 723/723/723
f 603/603/603 601/601/601 723/723/723
f 723/723/723 601/601/601 747/747/747
f 723/723/723 747/747/747 721/721/721
f 747/747/747 748/748/748 721/721/721
f 721/721/721 748/748/748 719/719/719
f 729/729/729 749/749/749 184/184/184
f 749/749/749 182/182/182 184/184/184
f 686/686/686 737/737/737 688/688/688
f 737/737/737 690/690/690 688/688/688
f 132/132/132 750/750/750 130/130/130
f 750/750/750 751/751/751 130/130/130
f 130/130/130 751/751/751 128/128/128
f 32/32/32 752/752/752 33/33/33
f 752/752/752 34/34/34 33/33/33
f 753/753/753 754/754/754 755/755/755
f 754/754/754 756/756/756 755/755/755
f 755/755/755 756/756/756 757/757/757
f 756/756/756 758/758/758 757/757/757
f 757/757/757 758/758/758 759/759/759
f 758/758/758 760/760/760 759/759/759
f 759/759/759 760/760/760 761/761/761
f 760/760/760 762/762/762 761/761/761
f 761/761/761 762/762/762 763/763/763
f 762/762/762 764/764/764 763/763/763
f 756/756/756 765/765/765 758/758/758
f 765/765/765 766/766/766 758/758/758
f 758/758/758 766/766/766 760/760/760
f 766/766/766 767/767/767 760/760/760
f 760/760/760 767/767/767 762/762/762
f 767/767/767 768/768/768 762/762/762
f 762/762/762 768/768/768 764/764/764
f 768/768/768 769/769/769 764/764/764
f 765/765/765 770/770/770 766/766/766
f 770/770/770 771/771/771 766/766/766
f 766/766/766 771/771/771 767/767/767
f 771/771/771 772/772/772 767/767/767
f 767/767/767 772/772/772 768/768/768
f 772/772/772 773/773/773 768/768/768
f 768/768/768 773/773/773 769/769/769
f 770/770/770 765/765/765 774/774/774
f 765/765/765 775/775/775 774/774/774
f 775/775/775 765/765/765 776/776/776
f 765/765/765 754/754/754 776/776/776
f 280/280/280 282/282/282 777/777/777
f 282/282/282 332/332/332 777/777/777
f 778/778/778 779/779/779 780/780/780
f 779/779/779 781/781/781 780/780/780
f 780/780/780 781/781/781 782/782/782
f 781/781/781 783/783/783 782/782/782
f 782/782/782 783/783/783 784/784/784
f 783/783/783 785/785/785 784/784/784
f 784/784/784 785/785/785 786/786/786
f 785/785/785 787/787/787 786/786/786
f 785/785/785 783/783/783 788/788/788
f 783/783/783 781/781/781 788/788/788
f 788/788/788 781/781/781 789/789/789
f 781/781/781 779/779/779 789/789/789
f 789/789/789 779/779/779 790/790/790
f 790/790/790 791/791/791 789/789/789
f 791/791/791 792/792/792 789/789/789
f 789/789/789 792/792/792 788/788/788
f 792/792/792 793/793/793 788/788/788
f 788/788/788 793/793/793 785/785/785
f 793/793/793 794/794/794 785/785/785
f 785/785/785 794/794/794 787/787/787
f 791/791/791 795/795/795 792/792/792
f 795/795/795 796/796/796 792/792/792
f 792/792/792 796/796/796 793/793/793
f 796/796/796 797/797/797 793/793/793
f 793/793/793 797/797/797 794/794/794
f 795/795/795 798/798/798 796/796/796
f 798/798/798 799/799/799 796/796/796
f 796/796/796 799/799/799 797/797/797
f 790/790/790 800/800/800 791/791/791
f 800/800/800 801/801/801 791/791/791
f 791/791/791 801/801/801 795/795/795
f 802/802/802 803/803/803 804/804/804
f 803/803/803 805/805/805 804/804/804
f 804/804/804 805/805/805 806/806/806
f 805/805/805 807/807/807 806/806/806
f 806/806/806 807/807/807 808/808/808
f 807/807/807 809/809/809 808/808/808
f 808/808/808 809/809/809 810/810/810
f 809/809/809 811/811/811 810/810/810
f 810/810/810 811/811/811 812/812/812
f 811/811/811 813/813/813 812/812/812
f 812/812/812 813/813/813 814/814/814
f 813/813/813 815/815/815 814/814/814
f 814/814/814 815/815/815 816/816/816
f 815/815/815 817/817/817 816/816/816
f 816/816/816 817/817/817 802/802/802
f 817/817/817 803/803/803 802/802/802
f 809/809/809 807/807/807 818/818/818
f 807/807/807 805/805/805 818/818/818
f 818/818/818 805/805/805 819/819/819
f 805/805/805 803/803/803 819/819/819
f 819/819/819 803/803/803 820/820/820
f 803/803/803 817/817/817 820/820/820
f 820/820/820 817/817/817 821/821/821
f 817/817/817 815/815/815 821/821/821
f 821/821/821 815/815/815 822/822/822
f 815/815/815 813/813/813 822/822/822
f 822/822/822 813/813/813 823/823/823
f 813/813/813 824/824/824 823/823/823
f 823/823/823 824/824/824 825/825/825
f 824/824/824 826/826/826 825/825/825
f 825/825/825 826/826/826 827/827/827
f 826/826/826 828/828/828 827/827/827
f 827/827/827 828/828/828 829/829/829
f 828/828/828 830/830/830 829/829/829
f 829/829/829 830/830/830 831/831/831
f 830/830/830 832/832/832 831/831/831
f 831/831/831 832/832/832 833/833/833
f 832/832/832 834/834/834 833/833/833
f 833/833/833 834/834/834 835/835/835
f 834/834/834 836/836/836 835/835/835
f 835/835/835 836/836/836 837/837/837
f 836/836/836 838/838/838 837/837/837
f 837/837/837 838/838/838 839/839/839
f 838/838/838 840/840/840 839/839/839
f 839/839/839 840/840/840 841/841/841
f 840/840/840 842/842/842 841/841/841
f 841/841/841 842/842/842 843/843/843
f 842/842/842 844/844/844 843/843/843
f 843/843/843 844/844/844 845/845/845
f 844/844/844 846/846/846 845/845/845
f 845/845/845 846/846/846 847/847/847
f 846/846/846 848/848/848 847/847/847
f 847/847/847 848/848/848 849/849/849
f 848/848/848 850/850/850 849/849/849
f 849/849/849 850/850/850 851/851/851
f 850/850/850 852/852/852 851/851/851
f 851/851/851 852/852/852 853/853/853
f 852/852/852 854/854/854 853/853/853
f 853/853/853 854/854/854 855/855/855
f 854/854/854 856/856/856 855/855/855
f 855/855/855 856/856/856 857/857/857
f 856/856/856 858/858/858 857/857/857
f 857/857/857 858/858/858 859/859/859
f 858/858/858 860/860/860 859/859/859
f 859/859/859 860/860/860 861/861/861
f 860/860/860 862/862/862 861/861/861
f 861/861/861 862/862/862 863/863/863
f 862/862/862 864/864/864 863/863/863
f 863/863/863 864/864/864 865/865/865
f 864/864/864 866/866/866 865/865/865
f 865/865/865 866/866/866 867/867/867
f 866/866/866 868/868/868 867/867/867
f 867/867/867 868/868/868 869/869/869
f 868/868/868 870/870/870 869/869/869
f 869/869/869 870/870/870 871/871/871
f 870/870/870 872/872/872 871/871/871
f 871/871/871 872/872/872 873/873/873
f 872/872/872 874/874/874 873/873/873
f 873/873/873 874/874/874 875/875/875
f 874/874/874 876/876/876 875/875/875
f 875/875/875 876/876/876 877/877/877
f 876/876/876 855/855/855 877/877/877
f 877/877/877 855/855/855 857/857/857
f 848/848/848 846/846/846 878/878/878
f 846/846/846 879/879/879 878/878/878
f 878/878/878 879/879/879 880/880/880
f 879/879/879 881/881/881 880/880/880
f 880/880/880 881/881/881 882/882/882
f 881/881/881 883/883/883 882/882/882
f 882/882/882 883/883/883 884/884/884
f 883/883/883 885/885/885 884/884/884
f 884/884/884 885/885/885 886/886/886
f 885/885/885 887/887/887 886/886/886
f 886/886/886 887/887/887 888/888/888
f 887/887/887 889/889/889 888/888/888
f 888/888/888 889/889/889 890/890/890
f 889/889/889 891/891/891 890/890/890
f 890/890/890 891/891/891 892/892/892
f 891/891/891 893/893/893 892/892/892
f 892/892/892 893/893/893 894/894/894
f 893/893/893 891/891/891 894/894/894
f 894/894/894 891/891/891 895/895/895
f 891/891/891 896/896/896 895/895/895
f 895/895/895 896/896/896 897/897/897
f 896/896/896 889/889/889 897/897/897
f 897/897/897 889/889/889 898/898/898
f 889/889/889 887/887/887 898/898/898
f 898/898/898 887/887/887 899/899/899
f 887/887/887 885/885/885 899/899/899
f 899/899/899 885/885/885 900/900/900
f 885/885/885 883/883/883 900/900/900
f 900/900/900 883/883/883 901/901/901
f 883/883/883 881/881/881 901/901/901
f 901/901/901 881/881/881 879/879/879
f 846/846/846 844/844/844 879/879/879
f 844/844/844 842/842/842 879/879/879
f 879/879/879 842/842/842 901/901/901
f 842/842/842 840/840/840 901/901/901
f 901/901/901 840/840/840 900/900/900
f 840/840/840 902/902/902 900/900/900
f 900/900/900 902/902/902 899/899/899
f 902/902/902 903/903/903 899/899/899
f 899/899/899 903/903/903 898/898/898
f 903/903/903 897/897/897 898/898/898
f 902/902/902 838/838/838 903/903/903
f 838/838/838 904/904/904 903/903/903
f 903/903/903 904/904/904 897/897/897
f 904/904/904 905/905/905 897/897/897
f 897/897/897 905/905/905 895/895/895
f 905/905/905 832/832/832 895/895/895
f 895/895/895 832/832/832 894/894/894
f 832/832/832 830/830/830 894/894/894
f 894/894/894 830/830/830 906/906/906
f 830/830/830 828/828/828 906/906/906
f 906/906/906 828/828/828 907/907/907
f 828/828/828 826/826/826 907/907/907
f 907/907/907 826/826/826 908/908/908
f 826/826/826 909/909/909 908/908/908
f 908/908/908 909/909/909 818/818/818
f 909/909/909 809/809/809 818/818/818
f 908/908/908 818/818/818 910/910/910
f 818/818/818 819/819/819 910/910/910
f 910/910/910 819/819/819 911/911/911
f 819/819/819 820/820/820 911/911/911
f 911/911/911 820/820/820 912/912/912
f 820/820/820 821/821/821 912/912/912
f 912/912/912 821/821/821 913/913/913
f 821/821/821 822/822/822 913/913/913
f 913/913/913 822/822/822 914/914/914
f 822/822/822 823/823/823 914/914/914
f 914/914/914 823/823/823 825/825/825
f 914/914/914 825/825/825 915/915/915
f 825/825/825 827/827/827 915/915/915
f 915/915/915 827/827/827 916/916/916
f 827/827/827 917/917/917 916/916/916
f 916/916/916 917/917/917 918/918/918
f 917/917/917 919/919/919 918/918/918
f 918/918/918 919/919/919 920/920/920
f 919/919/919 921/921/921 920/920/920
f 920/920/920 921/921/921 922/922/922
f 921/921/921 923/923/923 922/922/922
f 922/922/922 923/923/923 843/843/843
f 923/923/923 924/924/924 843/843/843
f 843/843/843 924/924/924 841/841/841
f 924/924/924 923/923/923 841/841/841
f 841/841/841 923/923/923 837/837/837
f 923/923/923 835/835/835 837/837/837
f 827/827/827 829/829/829 917/917/917
f 829/829/829 831/831/831 917/917/917
f 917/917/917 831/831/831 919/919/919
f 831/831/831 921/921/921 919/919/919
f 921/921/921 831/831/831 835/835/835
f 831/831/831 833/833/833 835/835/835
f 875/875/875 877/877/877 873/873/873
f 877/877/877 925/925/925 873/873/873
f 873/873/873 925/925/925 926/926/926
f 925/925/925 927/927/927 926/926/926
f 926/926/926 927/927/927 928/928/928
f 927/927/927 857/857/857 928/928/928
f 928/928/928 857/857/857 859/859/859
f 859/859/859 861/861/861 928/928/928
f 861/861/861 929/929/929 928/928/928
f 928/928/928 929/929/929 926/926/926
f 929/929/929 871/871/871 926/926/926
f 926/926/926 871/871/871 873/873/873
f 929/929/929 930/930/930 871/871/871
f 930/930/930 931/931/931 871/871/871
f 871/871/871 931/931/931 869/869/869
f 931/931/931 867/867/867 869/869/869
f 867/867/867 931/931/931 865/865/865
f 931/931/931 930/930/930 865/865/865
f 865/865/865 930/930/930 863/863/863
f 930/930/930 861/861/861 863/863/863
f 927/927/927 925/925/925 857/857/857
f 925/925/925 877/877/877 857/857/857
f 809/809/809 909/909/909 811/811/811
f 909/909/909 824/824/824 811/811/811
f 811/811/811 824/824/824 813/813/813
f 838/838/838 836/836/836 904/904/904
f 836/836/836 834/834/834 904/904/904
f 904/904/904 834/834/834 905/905/905
f 834/834/834 832/832/832 905/905/905
f 894/894/894 906/906/906 892/892/892
f 906/906/906 907/907/907 892/892/892
f 892/892/892 907/907/907 932/932/932
f 907/907/907 908/908/908 932/932/932
f 932/932/932 908/908/908 910/910/910
f 932/932/932 910/910/910 933/933/933
f 910/910/910 911/911/911 933/933/933
f 933/933/933 911/911/911 934/934/934
f 911/911/911 912/912/912 934/934/934
f 934/934/934 912/912/912 935/935/935
f 912/912/912 936/936/936 935/935/935
f 935/935/935 936/936/936 937/937/937
f 936/936/936 938/938/938 937/937/937
f 937/937/937 938/938/938 939/939/939
f 938/938/938 940/940/940 939/939/939
f 939/939/939 940/940/940 941/941/941
f 940/940/940 942/942/942 941/941/941
f 941/941/941 942/942/942 943/943/943
f 942/942/942 944/944/944 943/943/943
f 943/943/943 944/944/944 945/945/945
f 944/944/944 946/946/946 945/945/945
f 945/945/945 946/946/946 947/947/947
f 946/946/946 948/948/948 947/947/947
f 947/947/947 948/948/948 949/949/949
f 948/948/948 950/950/950 949/949/949
f 949/949/949 950/950/950 951/951/951
f 950/950/950 952/952/952 951/951/951
f 951/951/951 952/952/952 953/953/953
f 952/952/952 954/954/954 953/953/953
f 953/953/953 954/954/954 955/955/955
f 954/954/954 956/956/956 955/955/955
f 955/955/955 956/956/956 957/957/957
f 956/956/956 958/958/958 957/957/957
f 957/957/957 958/958/958 959/959/959
f 958/958/958 960/960/960 959/959/959
f 959/959/959 960/960/960 961/961/961
f 960/960/960 860/860/860 961/961/961
f 961/961/961 860/860/860 858/858/858
f 950/950/950 962/962/962 952/952/952
f 962/962/962 963/963/963 952/952/952
f 952/952/952 963/963/963 954/954/954
f 963/963/963 964/964/964 954/954/954
f 954/954/954 964/964/964 956/956/956
f 964/964/964 965/965/965 956/956/956
f 956/956/956 965/965/965 958/958/958
f 965/965/965 966/966/966 958/958/958
f 958/958/958 966/966/966 960/960/960
f 966/966/966 862/862/862 960/960/960
f 960/960/960 862/862/862 860/860/860
f 966/966/966 965/965/965 967/967/967
f 965/965/965 964/964/964 967/967/967
f 967/967/967 964/964/964 968/968/968
f 964/964/964 963/963/963 968/968/968
f 968/968/968 963/963/963 969/969/969
f 963/963/963 962/962/962 969/969/969
f 969/969/969 962/962/962 970/970/970
f 962/962/962 948/948/948 970/970/970
f 970/970/970 948/948/948 971/971/971
f 948/948/948 946/946/946 971/971/971
f 971/971/971 946/946/946 972/972/972
f 946/946/946 944/944/944 972/972/972
f 972/972/972 944/944/944 973/973/973
f 944/944/944 974/974/974 973/973/973
f 973/973/973 974/974/974 975/975/975
f 974/974/974 976/976/976 975/975/975
f 975/975/975 976/976/976 913/913/913
f 976/976/976 912/912/912 913/913/913
f 944/944/944 942/942/942 974/974/974
f 942/942/942 977/977/977 974/974/974
f 974/974/974 977/977/977 976/976/976
f 977/977/977 936/936/936 976/976/976
f 976/976/976 936/936/936 912/912/912
f 942/942/942 940/940/940 977/977/977
f 940/940/940 938/938/938 977/977/977
f 977/977/977 938/938/938 936/936/936
f 862/862/862 966/966/966 864/864/864
f 966/966/966 866/866/866 864/864/864
f 966/966/966 978/978/978 866/866/866
f 978/978/978 979/979/979 866/866/866
f 866/866/866 979/979/979 868/868/868
f 979/979/979 874/874/874 868/868/868
f 868/868/868 874/874/874 870/870/870
f 874/874/874 872/872/872 870/870/870
f 874/874/874 979/979/979 980/980/980
f 979/979/979 981/981/981 980/980/980
f 980/980/980 981/981/981 982/982/982
f 981/981/981 983/983/983 982/982/982
f 982/982/982 983/983/983 984/984/984
f 983/983/983 985/985/985 984/984/984
f 984/984/984 985/985/985 986/986/986
f 985/985/985 987/987/987 986/986/986
f 986/986/986 987/987/987 988/988/988
f 987/987/987 989/989/989 988/988/988
f 988/988/988 989/989/989 990/990/990
f 989/989/989 971/971/971 990/990/990
f 990/990/990 971/971/971 991/991/991
f 971/971/971 972/972/972 991/991/991
f 991/991/991 972/972/972 992/992/992
f 972/972/972 993/993/993 992/992/992
f 992/992/992 993/993/993 916/916/916
f 993/993/993 915/915/915 916/916/916
f 980/980/980 982/982/982 994/994/994
f 982/982/982 984/984/984 994/994/994
f 994/994/994 984/984/984 995/995/995
f 984/984/984 996/996/996 995/995/995
f 995/995/995 996/996/996 997/997/997
f 996/996/996 998/998/998 997/997/997
f 997/997/997 998/998/998 999/999/999
f 998/998/998 1000/1000/1000 999/999/999
f 999/999/999 1000/1000/1000 1001/1001/1001
f 1000/1000/1000 992/992/992 1001/1001/1001
f 1001/1001/1001 992/992/992 1002/1002/1002
f 992/992/992 918/918/918 1002/1002/1002
f 1002/1002/1002 918/918/918 1003/1003/1003
f 918/918/918 920/920/920 1003/1003/1003
f 1003/1003/1003 920/920/920 1004/1004/1004
f 920/920/920 922/922/922 1004/1004/1004
f 1004/1004/1004 922/922/922 843/843/843
f 984/984/984 986/986/986 996/996/996
f 986/986/986 988/988/988 996/996/996
f 996/996/996 988/988/988 998/998/998
f 988/988/988 990/990/990 998/998/998
f 998/998/998 990/990/990 1000/1000/1000
f 990/990/990 991/991/991 1000/1000/1000
f 1000/1000/1000 991/991/991 992/992/992
f 874/874/874 980/980/980 876/876/876
f 980/980/980 994/994/994 876/876/876
f 876/876/876 994/994/994 1005/1005/1005
f 994/994/994 1006/1006/1006 1005/1005/1005
f 1005/1005/1005 1006/1006/1006 1007/1007/1007
f 1006/1006/1006 1008/1008/1008 1007/1007/1007
f 1007/1007/1007 1008/1008/1008 847/847/847
f 1008/1008/1008 845/845/845 847/847/847
f 994/994/994 995/995/995 1006/1006/1006
f 995/995/995 1009/1009/1009 1006/1006/1006
f 1006/1006/1006 1009/1009/1009 1008/1008/1008
f 1009/1009/1009 1010/1010/1010 1008/1008/1008
f 1008/1008/1008 1010/1010/1010 845/845/845
f 1010/1010/1010 1011/1011/1011 845/845/845
f 845/845/845 1011/1011/1011 1012/1012/1012
f 1011/1011/1011 1013/1013/1013 1012/1012/1012
f 1012/1012/1012 1013/1013/1013 1014/1014/1014
f 1013/1013/1013 1015/1015/1015 1014/1014/1014
f 1014/1014/1014 1015/1015/1015 1016/1016/1016
f 1015/1015/1015 1017/1017/1017 1016/1016/1016
f 1016/1016/1016 1017/1017/1017 1018/1018/1018
f 1012/1012/1012 1014/1014/1014 1003/1003/1003
f 1014/1014/1014 1019/1019/1019 1003/1003/1003
f 1003/1003/1003 1019/1019/1019 1002/1002/1002
f 1019/1019/1019 1020/1020/1020 1002/1002/1002
f 1002/1002/1002 1020/1020/1020 1001/1001/1001
f 1020/1020/1020 1021/1021/1021 1001/1001/1001
f 1001/1001/1001 1021/1021/1021 999/999/999
f 1021/1021/1021 1022/1022/1022 999/999/999
f 999/999/999 1022/1022/1022 997/997/997
f 1022/1022/1022 1023/1023/1023 997/997/997
f 997/997/997 1023/1023/1023 1024/1024/1024
f 1023/1023/1023 1025/1025/1025 1024/1024/1024
f 1024/1024/1024 1025/1025/1025 1011/1011/1011
f 1025/1025/1025 1013/1013/1013 1011/1011/1011
f 1020/1020/1020 1026/1026/1026 1021/1021/1021
f 1026/1026/1026 1027/1027/1027 1021/1021/1021
f 1021/1021/1021 1027/1027/1027 1022/1022/1022
f 1027/1027/1027 1028/1028/1028 1022/1022/1022
f 1022/1022/1022 1028/1028/1028 1023/1023/1023
f 1028/1028/1028 1029/1029/1029 1023/1023/1023
f 1023/1023/1023 1029/1029/1029 1025/1025/1025
f 1029/1029/1029 1030/1030/1030 1025/1025/1025
f 1025/1025/1025 1030/1030/1030 1013/1013/1013
f 1030/1030/1030 1031/1031/1031 1013/1013/1013
f 1013/1013/1013 1031/1031/1031 1015/1015/1015
f 1031/1031/1031 1032/1032/1032 1015/1015/1015
f 1015/1015/1015 1032/1032/1032 1017/1017/1017
f 1032/1032/1032 1031/1031/1031 1033/1033/1033
f 1031/1031/1031 1030/1030/1030 1033/1033/1033
f 1033/1033/1033 1030/1030/1030 1034/1034/1034
f 1030/1030/1030 1029/1029/1029 1034/1034/1034
f 1034/1034/1034 1029/1029/1029 1035/1035/1035
f 1029/1029/1029 1028/1028/1028 1035/1035/1035
f 1035/1035/1035 1028/1028/1028 1036/1036/1036
f 1028/1028/1028 1027/1027/1027 1036/1036/1036
f 1036/1036/1036 1027/1027/1027 1037/1037/1037
f 1027/1027/1027 1026/1026/1026 1037/1037/1037
f 1037/1037/1037 1026/1026/1026 1018/1018/1018
f 1026/1026/1026 1016/1016/1016 1018/1018/1018
f 1016/1016/1016 1026/1026/1026 1019/1019/1019
f 1026/1026/1026 1020/1020/1020 1019/1019/1019
f 993/993/993 972/972/972 915/915/915
f 972/972/972 973/973/973 915/915/915
f 915/915/915 973/973/973 975/975/975
f 915/915/915 975/975/975 914/914/914
f 975/975/975 913/913/913 914/914/914
f 847/847/847 849/849/849 1007/1007/1007
f 849/849/849 851/851/851 1007/1007/1007
f 1007/1007/1007 851/851/851 853/853/853
f 1007/1007/1007 853/853/853 1005/1005/1005
f 853/853/853 855/855/855 1005/1005/1005
f 1005/1005/1005 855/855/855 876/876/876
f 995/995/995 997/997/997 1009/1009/1009
f 997/997/997 1024/1024/1024 1009/1009/1009
f 1009/1009/1009 1024/1024/1024 1010/1010/1010
f 1024/1024/1024 1011/1011/1011 1010/1010/1010
f 1003/1003/1003 1004/1004/1004 1012/1012/1012
f 1004/1004/1004 845/845/845 1012/1012/1012
f 947/947/947 1038/1038/1038 945/945/945
f 1038/1038/1038 1039/1039/1039 945/945/945
f 945/945/945 1039/1039/1039 1040/1040/1040
f 1039/1039/1039 1041/1041/1041 1040/1040/1040
f 1040/1040/1040 1041/1041/1041 1042/1042/1042
f 1041/1041/1041 1043/1043/1043 1042/1042/1042
f 1042/1042/1042 1043/1043/1043 1044/1044/1044
f 1043/1043/1043 1045/1045/1045 1044/1044/1044
f 1044/1044/1044 1045/1045/1045 1046/1046/1046
f 1045/1045/1045 1047/1047/1047 1046/1046/1046
f 1046/1046/1046 1047/1047/1047 1048/1048/1048
f 1047/1047/1047 1049/1049/1049 1048/1048/1048
f 1048/1048/1048 1049/1049/1049 1050/1050/1050
f 1049/1049/1049 1051/1051/1051 1050/1050/1050
f 1050/1050/1050 1051/1051/1051 1052/1052/1052
f 1051/1051/1051 1053/1053/1053 1052/1052/1052
f 1052/1052/1052 1053/1053/1053 1054/1054/1054
f 1053/1053/1053 1055/1055/1055 1054/1054/1054
f 1054/1054/1054 1055/1055/1055 1056/1056/1056
f 1055/1055/1055 1057/1057/1057 1056/1056/1056
f 1056/1056/1056 1057/1057/1057 1058/1058/1058
f 1057/1057/1057 1059/1059/1059 1058/1058/1058
f 1058/1058/1058 1059/1059/1059 1060/1060/1060
f 1059/1059/1059 1061/1061/1061 1060/1060/1060
f 1060/1060/1060 1061/1061/1061 1062/1062/1062
f 1061/1061/1061 1063/1063/1063 1062/1062/1062
f 1062/1062/1062 1063/1063/1063 1064/1064/1064
f 1063/1063/1063 1065/1065/1065 1064/1064/1064
f 1064/1064/1064 1065/1065/1065 1066/1066/1066
f 1065/1065/1065 1067/1067/1067 1066/1066/1066
f 1066/1066/1066 1067/1067/1067 1048/1048/1048
f 1067/1067/1067 1068/1068/1068 1048/1048/1048
f 1048/1048/1048 1068/1068/1068 1046/1046/1046
f 1068/1068/1068 1044/1044/1044 1046/1046/1046
f 1055/1055/1055 1053/1053/1053 1069/1069/1069
f 1053/1053/1053 1051/1051/1051 1069/1069/1069
f 1069/1069/1069 1051/1051/1051 1070/1070/1070
f 1051/1051/1051 1049/1049/1049 1070/1070/1070
f 1070/1070/1070 1049/1049/1049 1071/1071/1071
f 1049/1049/1049 1047/1047/1047 1071/1071/1071
f 1071/1071/1071 1047/1047/1047 1072/1072/1072
f 1047/1047/1047 1045/1045/1045 1072/1072/1072
f 1072/1072/1072 1045/1045/1045 1073/1073/1073
f 1045/1045/1045 1043/1043/1043 1073/1073/1073
f 1073/1073/1073 1043/1043/1043 1074/1074/1074
f 1043/1043/1043 1041/1041/1041 1074/1074/1074
f 1074/1074/1074 1041/1041/1041 1075/1075/1075
f 1041/1041/1041 1039/1039/1039 1075/1075/1075
f 1075/1075/1075 1039/1039/1039 1038/1038/1038
f 1073/1073/1073 1076/1076/1076 1072/1072/1072
f 1076/1076/1076 1077/1077/1077 1072/1072/1072
f 1072/1072/1072 1077/1077/1077 1071/1071/1071
f 1077/1077/1077 1078/1078/1078 1071/1071/1071
f 1071/1071/1071 1078/1078/1078 1070/1070/1070
f 1078/1078/1078 1079/1079/1079 1070/1070/1070
f 1070/1070/1070 1079/1079/1079 1069/1069/1069
f 1079/1079/1079 1080/1080/1080 1069/1069/1069
f 1069/1069/1069 1080/1080/1080 1055/1055/1055
f 1080/1080/1080 1081/1081/1081 1055/1055/1055
f 1055/1055/1055 1081/1081/1081 1082/1082/1082
f 1081/1081/1081 1083/1083/1083 1082/1082/1082
f 1082/1082/1082 1083/1083/1083 1084/1084/1084
f 1083/1083/1083 1063/1063/1063 1084/1084/1084
f 1084/1084/1084 1063/1063/1063 1059/1059/1059
f 1063/1063/1063 1061/1061/1061 1059/1059/1059
f 1076/1076/1076 1085/1085/1085 1077/1077/1077
f 1085/1085/1085 1086/1086/1086 1077/1077/1077
f 1077/1077/1077 1086/1086/1086 1078/1078/1078
f 1086/1086/1086 1087/1087/1087 1078/1078/1078
f 1078/1078/1078 1087/1087/1087 1079/1079/1079
f 1087/1087/1087 1088/1088/1088 1079/1079/1079
f 1079/1079/1079 1088/1088/1088 1080/1080/1080
f 1088/1088/1088 1089/1089/1089 1080/1080/1080
f 1080/1080/1080 1089/1089/1089 1081/1081/1081
f 1089/1089/1089 1090/1090/1090 1081/1081/1081
f 1081/1081/1081 1090/1090/1090 1091/1091/1091
f 1090/1090/1090 1092/1092/1092 1091/1091/1091
f 1091/1091/1091 1092/1092/1092 1093/1093/1093
f 1092/1092/1092 1094/1094/1094 1093/1093/1093
f 1093/1093/1093 1094/1094/1094 934/934/934
f 1094/1094/1094 933/933/933 934/934/934
f 1081/1081/1081 1091/1091/1091 1083/1083/1083
f 1091/1091/1091 1095/1095/1095 1083/1083/1083
f 1083/1083/1083 1095/1095/1095 1096/1096/1096
f 1095/1095/1095 1097/1097/1097 1096/1096/1096
f 1096/1096/1096 1097/1097/1097 1098/1098/1098
f 1097/1097/1097 1099/1099/1099 1098/1098/1098
f 1098/1098/1098 1099/1099/1099 1100/1100/1100
f 1099/1099/1099 939/939/939 1100/1100/1100
f 1100/1100/1100 939/939/939 1101/1101/1101
f 939/939/939 941/941/941 1101/1101/1101
f 1101/1101/1101 941/941/941 1102/1102/1102
f 941/941/941 943/943/943 1102/1102/1102
f 1102/1102/1102 943/943/943 1040/1040/1040
f 943/943/943 945/945/945 1040/1040/1040
f 1040/1040/1040 1042/1042/1042 1102/1102/1102
f 1042/1042/1042 1103/1103/1103 1102/1102/1102
f 1102/1102/1102 1103/1103/1103 1101/1101/1101
f 1103/1103/1103 1068/1068/1068 1101/1101/1101
f 1101/1101/1101 1068/1068/1068 1100/1100/1100
f 1068/1068/1068 1067/1067/1067 1100/1100/1100
f 1100/1100/1100 1067/1067/1067 1098/1098/1098
f 1067/1067/1067 1065/1065/1065 1098/1098/1098
f 1098/1098/1098 1065/1065/1065 1096/1096/1096
f 1065/1065/1065 1063/1063/1063 1096/1096/1096
f 1096/1096/1096 1063/1063/1063 1083/1083/1083
f 1068/1068/1068 1103/1103/1103 1044/1044/1044
f 1103/1103/1103 1042/1042/1042 1044/1044/1044
f 939/939/939 1099/1099/1099 937/937/937
f 1099/1099/1099 1097/1097/1097 937/937/937
f 937/937/937 1097/1097/1097 1095/1095/1095
f 937/937/937 1095/1095/1095 935/935/935
f 1095/1095/1095 1093/1093/1093 935/935/935
f 935/935/935 1093/1093/1093 934/934/934
f 949/949/949 951/951/951 1104/1104/1104
f 951/951/951 1105/1105/1105 1104/1104/1104
f 951/951/951 953/953/953 1105/1105/1105
f 953/953/953 1106/1106/1106 1105/1105/1105
f 953/953/953 955/955/955 1106/1106/1106
f 955/955/955 1107/1107/1107 1106/1106/1106
f 1107/1107/1107 955/955/955 1108/1108/1108
f 955/955/955 957/957/957 1108/1108/1108
f 1108/1108/1108 957/957/957 1109/1109/1109
f 957/957/957 959/959/959 1109/1109/1109
f 1109/1109/1109 959/959/959 1110/1110/1110
f 959/959/959 961/961/961 1110/1110/1110
f 1110/1110/1110 961/961/961 1111/1111/1111
f 961/961/961 858/858/858 1111/1111/1111
f 1111/1111/1111 858/858/858 856/856/856
f 856/856/856 1112/1112/1112 1111/1111/1111
f 1112/1112/1112 1113/1113/1113 1111/1111/1111
f 1111/1111/1111 1113/1113/1113 1110/1110/1110
f 1113/1113/1113 1114/1114/1114 1110/1110/1110
f 1110/1110/1110 1114/1114/1114 1109/1109/1109
f 1114/1114/1114 1115/1115/1115 1109/1109/1109
f 1109/1109/1109 1115/1115/1115 1108/1108/1108
f 1115/1115/1115 1116/1116/1116 1108/1108/1108
f 1108/1108/1108 1116/1116/1116 1107/1107/1107
f 1112/1112/1112 1117/1117/1117 1113/1113/1113
f 1117/1117/1117 1118/1118/1118 1113/1113/1113
f 1113/1113/1113 1118/1118/1118 1114/1114/1114
f 1118/1118/1118 1119/1119/1119 1114/1114/1114
f 1114/1114/1114 1119/1119/1119 1115/1115/1115
f 1119/1119/1119 1120/1120/1120 1115/1115/1115
f 1115/1115/1115 1120/1120/1120 1116/1116/1116
f 1117/1117/1117 1121/1121/1121 1118/1118/1118
f 1121/1121/1121 1122/1122/1122 1118/1118/1118
f 1118/1118/1118 1122/1122/1122 1119/1119/1119
f 1122/1122/1122 1123/1123/1123 1119/1119/1119
f 1119/1119/1119 1123/1123/1123 1120/1120/1120
f 1121/1121/1121 1124/1124/1124 1122/1122/1122
f 1124/1124/1124 1125/1125/1125 1122/1122/1122
f 1122/1122/1122 1125/1125/1125 1123/1123/1123
f 1121/1121/1121 1126/1126/1126 1124/1124/1124
f 1126/1126/1126 1127/1127/1127 1124/1124/1124
f 1124/1124/1124 1127/1127/1127 1125/1125/1125
f 1126/1126/1126 1121/1121/1121 1128/1128/1128
f 1121/1121/1121 1117/1117/1117 1128/1128/1128
f 1128/1128/1128 1117/1117/1117 1129/1129/1129
f 1117/1117/1117 1112/1112/1112 1129/1129/1129
f 1129/1129/1129 1112/1112/1112 1130/1130/1130
f 1112/1112/1112 854/854/854 1130/1130/1130
f 1130/1130/1130 854/854/854 1131/1131/1131
f 854/854/854 852/852/852 1131/1131/1131
f 1131/1131/1131 852/852/852 1132/1132/1132
f 852/852/852 1133/1133/1133 1132/1132/1132
f 1132/1132/1132 1133/1133/1133 1134/1134/1134
f 1133/1133/1133 1135/1135/1135 1134/1134/1134
f 1134/1134/1134 1135/1135/1135 1136/1136/1136
f 1135/1135/1135 1137/1137/1137 1136/1136/1136
f 1136/1136/1136 1137/1137/1137 1138/1138/1138
f 1137/1137/1137 1139/1139/1139 1138/1138/1138
f 1138/1138/1138 1139/1139/1139 1140/1140/1140
f 1139/1139/1139 1141/1141/1141 1140/1140/1140
f 1140/1140/1140 1141/1141/1141 1142/1142/1142
f 1141/1141/1141 1143/1143/1143 1142/1142/1142
f 1142/1142/1142 1143/1143/1143 1144/1144/1144
f 1143/1143/1143 1145/1145/1145 1144/1144/1144
f 1144/1144/1144 1145/1145/1145 1146/1146/1146
f 1145/1145/1145 1147/1147/1147 1146/1146/1146
f 1146/1146/1146 1147/1147/1147 1148/1148/1148
f 1147/1147/1147 1149/1149/1149 1148/1148/1148
f 1148/1148/1148 1149/1149/1149 1150/1150/1150
f 1149/1149/1149 1151/1151/1151 1150/1150/1150
f 1150/1150/1150 1151/1151/1151 1152/1152/1152
f 1151/1151/1151 1153/1153/1153 1152/1152/1152
f 1152/1152/1152 1153/1153/1153 1154/1154/1154
f 1153/1153/1153 1155/1155/1155 1154/1154/1154
f 1154/1154/1154 1155/1155/1155 1156/1156/1156
f 1155/1155/1155 1157/1157/1157 1156/1156/1156
f 1138/1138/1138 1140/1140/1140 1158/1158/1158
f 1140/1140/1140 1142/1142/1142 1158/1158/1158
f 1158/1158/1158 1142/1142/1142 1159/1159/1159
f 1142/1142/1142 1144/1144/1144 1159/1159/1159
f 1159/1159/1159 1144/1144/1144 1160/1160/1160
f 1144/1144/1144 1161/1161/1161 1160/1160/1160
f 1160/1160/1160 1161/1161/1161 1162/1162/1162
f 1161/1161/1161 1089/1089/1089 1162/1162/1162
f 1162/1162/1162 1089/1089/1089 1163/1163/1163
f 1089/1089/1089 1088/1088/1088 1163/1163/1163
f 1163/1163/1163 1088/1088/1088 1164/1164/1164
f 1088/1088/1088 1165/1165/1165 1164/1164/1164
f 1164/1164/1164 1165/1165/1165 1166/1166/1166
f 1165/1165/1165 1167/1167/1167 1166/1166/1166
f 1166/1166/1166 1167/1167/1167 1168/1168/1168
f 1167/1167/1167 1169/1169/1169 1168/1168/1168
f 1168/1168/1168 1169/1169/1169 1170/1170/1170
f 1169/1169/1169 1171/1171/1171 1170/1170/1170
f 1089/1089/1089 1161/1161/1161 1090/1090/1090
f 1161/1161/1161 1172/1172/1172 1090/1090/1090
f 1090/1090/1090 1172/1172/1172 1092/1092/1092
f 1172/1172/1172 1173/1173/1173 1092/1092/1092
f 1092/1092/1092 1173/1173/1173 1174/1174/1174
f 1173/1173/1173 1148/1148/1148 1174/1174/1174
f 1174/1174/1174 1148/1148/1148 1175/1175/1175
f 1148/1148/1148 1176/1176/1176 1175/1175/1175
f 1175/1175/1175 1176/1176/1176 1177/1177/1177
f 1176/1176/1176 1178/1178/1178 1177/1177/1177
f 1177/1177/1177 1178/1178/1178 1179/1179/1179
f 1178/1178/1178 1180/1180/1180 1179/1179/1179
f 1179/1179/1179 1180/1180/1180 886/886/886
f 1180/1180/1180 884/884/884 886/886/886
f 884/884/884 1180/1180/1180 1181/1181/1181
f 1180/1180/1180 1178/1178/1178 1181/1181/1181
f 1181/1181/1181 1178/1178/1178 1182/1182/1182
f 1178/1178/1178 1176/1176/1176 1182/1182/1182
f 1182/1182/1182 1176/1176/1176 1183/1183/1183
f 1176/1176/1176 1184/1184/1184 1183/1183/1183
f 1183/1183/1183 1184/1184/1184 1185/1185/1185
f 1184/1184/1184 1154/1154/1154 1185/1185/1185
f 1185/1185/1185 1154/1154/1154 1186/1186/1186
f 1154/1154/1154 1156/1156/1156 1186/1186/1186
f 1186/1186/1186 1187/1187/1187 1185/1185/1185
f 1187/1187/1187 1188/1188/1188 1185/1185/1185
f 1185/1185/1185 1188/1188/1188 1183/1183/1183
f 1188/1188/1188 1189/1189/1189 1183/1183/1183
f 1183/1183/1183 1189/1189/1189 1182/1182/1182
f 1189/1189/1189 1190/1190/1190 1182/1182/1182
f 1182/1182/1182 1190/1190/1190 1181/1181/1181
f 1190/1190/1190 1191/1191/1191 1181/1181/1181
f 1181/1181/1181 1191/1191/1191 1192/1192/1192
f 1191/1191/1191 1193/1193/1193 1192/1192/1192
f 1192/1192/1192 1193/1193/1193 884/884/884
f 1193/1193/1193 882/882/882 884/884/884
f 1188/1188/1188 1194/1194/1194 1189/1189/1189
f 1194/1194/1194 1195/1195/1195 1189/1189/1189
f 1189/1189/1189 1195/1195/1195 1190/1190/1190
f 1195/1195/1195 1196/1196/1196 1190/1190/1190
f 1190/1190/1190 1196/1196/1196 1191/1191/1191
f 1196/1196/1196 1197/1197/1197 1191/1191/1191
f 1191/1191/1191 1197/1197/1197 1193/1193/1193
f 1197/1197/1197 1198/1198/1198 1193/1193/1193
f 1193/1193/1193 1198/1198/1198 880/880/880
f 1198/1198/1198 878/878/878 880/880/880
f 1196/1196/1196 1199/1199/1199 1197/1197/1197
f 1199/1199/1199 1200/1200/1200 1197/1197/1197
f 1197/1197/1197 1200/1200/1200 1198/1198/1198
f 1200/1200/1200 1201/1201/1201 1198/1198/1198
f 1198/1198/1198 1201/1201/1201 878/878/878
f 1201/1201/1201 1202/1202/1202 878/878/878
f 878/878/878 1202/1202/1202 1203/1203/1203
f 1202/1202/1202 1204/1204/1204 1203/1203/1203
f 1203/1203/1203 1204/1204/1204 848/848/848
f 1204/1204/1204 1205/1205/1205 848/848/848
f 848/848/848 1205/1205/1205 1206/1206/1206
f 1205/1205/1205 1207/1207/1207 1206/1206/1206
f 1206/1206/1206 1207/1207/1207 1208/1208/1208
f 1207/1207/1207 1209/1209/1209 1208/1208/1208
f 1208/1208/1208 1209/1209/1209 1210/1210/1210
f 1209/1209/1209 1211/1211/1211 1210/1210/1210
f 1210/1210/1210 1211/1211/1211 1212/1212/1212
f 1211/1211/1211 1213/1213/1213 1212/1212/1212
f 1212/1212/1212 1213/1213/1213 1214/1214/1214
f 1213/1213/1213 1215/1215/1215 1214/1214/1214
f 1214/1214/1214 1215/1215/1215 1216/1216/1216
f 1215/1215/1215 1217/1217/1217 1216/1216/1216
f 1216/1216/1216 1217/1217/1217 1218/1218/1218
f 1217/1217/1217 1151/1151/1151 1218/1218/1218
f 1218/1218/1218 1151/1151/1151 1149/1149/1149
f 848/848/848 1206/1206/1206 850/850/850
f 1206/1206/1206 1208/1208/1208 850/850/850
f 850/850/850 1208/1208/1208 1133/1133/1133
f 1208/1208/1208 1219/1219/1219 1133/1133/1133
f 1133/1133/1133 1219/1219/1219 1135/1135/1135
f 1219/1219/1219 1220/1220/1220 1135/1135/1135
f 1135/1135/1135 1220/1220/1220 1137/1137/1137
f 1220/1220/1220 1139/1139/1139 1137/1137/1137
f 1139/1139/1139 1220/1220/1220 1221/1221/1221
f 1220/1220/1220 1222/1222/1222 1221/1221/1221
f 1221/1221/1221 1222/1222/1222 1141/1141/1141
f 1222/1222/1222 1223/1223/1223 1141/1141/1141
f 1141/1141/1141 1223/1223/1223 1143/1143/1143
f 1223/1223/1223 1224/1224/1224 1143/1143/1143
f 1143/1143/1143 1224/1224/1224 1145/1145/1145
f 1224/1224/1224 1225/1225/1225 1145/1145/1145
f 1145/1145/1145 1225/1225/1225 1226/1226/1226
f 1225/1225/1225 1227/1227/1227 1226/1226/1226
f 1226/1226/1226 1227/1227/1227 1218/1218/1218
f 1227/1227/1227 1216/1216/1216 1218/1218/1218
f 1220/1220/1220 1228/1228/1228 1222/1222/1222
f 1228/1228/1228 1212/1212/1212 1222/1222/1222
f 1222/1222/1222 1212/1212/1212 1229/1229/1229
f 1212/1212/1212 1214/1214/1214 1229/1229/1229
f 1229/1229/1229 1214/1214/1214 1230/1230/1230
f 1214/1214/1214 1216/1216/1216 1230/1230/1230
f 1230/1230/1230 1216/1216/1216 1227/1227/1227
f 1212/1212/1212 1228/1228/1228 1210/1210/1210
f 1228/1228/1228 1219/1219/1219 1210/1210/1210
f 1210/1210/1210 1219/1219/1219 1208/1208/1208
f 1209/1209/1209 1207/1207/1207 1211/1211/1211
f 1207/1207/1207 1231/1231/1231 1211/1211/1211
f 1211/1211/1211 1231/1231/1231 1213/1213/1213
f 1231/1231/1231 1232/1232/1232 1213/1213/1213
f 1213/1213/1213 1232/1232/1232 1215/1215/1215
f 1232/1232/1232 1233/1233/1233 1215/1215/1215
f 1215/1215/1215 1233/1233/1233 1234/1234/1234
f 1233/1233/1233 1235/1235/1235 1234/1234/1234
f 1234/1234/1234 1235/1235/1235 1236/1236/1236
f 1235/1235/1235 1237/1237/1237 1236/1236/1236
f 1236/1236/1236 1237/1237/1237 1238/1238/1238
f 1207/1207/1207 1205/1205/1205 1231/1231/1231
f 1205/1205/1205 1239/1239/1239 1231/1231/1231
f 1231/1231/1231 1239/1239/1239 1232/1232/1232
f 1239/1239/1239 1240/1240/1240 1232/1232/1232
f 1232/1232/1232 1240/1240/1240 1233/1233/1233
f 1240/1240/1240 1241/1241/1241 1233/1233/1233
f 1233/1233/1233 1241/1241/1241 1235/1235/1235
f 1241/1241/1241 1242/1242/1242 1235/1235/1235
f 1235/1235/1235 1242/1242/1242 1237/1237/1237
f 1205/1205/1205 1204/1204/1204 1239/1239/1239
f 1204/1204/1204 1243/1243/1243 1239/1239/1239
f 1239/1239/1239 1243/1243/1243 1240/1240/1240
f 1243/1243/1243 1244/1244/1244 1240/1240/1240
f 1240/1240/1240 1244/1244/1244 1241/1241/1241
f 1244/1244/1244 1245/1245/1245 1241/1241/1241
f 1241/1241/1241 1245/1245/1245 1242/1242/1242
f 1245/1245/1245 1244/1244/1244 1246/1246/1246
f 1244/1244/1244 1247/1247/1247 1246/1246/1246
f 1246/1246/1246 1247/1247/1247 1248/1248/1248
f 1247/1247/1247 1249/1249/1249 1248/1248/1248
f 1248/1248/1248 1249/1249/1249 1250/1250/1250
f 1249/1249/1249 1200/1200/1200 1250/1250/1250
f 1250/1250/1250 1200/1200/1200 1199/1199/1199
f 1200/1200/1200 1249/1249/1249 1201/1201/1201
f 1249/1249/1249 1247/1247/1247 1201/1201/1201
f 1201/1201/1201 1247/1247/1247 1202/1202/1202
f 1247/1247/1247 1244/1244/1244 1202/1202/1202
f 1202/1202/1202 1244/1244/1244 1243/1243/1243
f 1238/1238/1238 1251/1251/1251 1236/1236/1236
f 1251/1251/1251 1252/1252/1252 1236/1236/1236
f 1236/1236/1236 1252/1252/1252 1234/1234/1234
f 1252/1252/1252 1253/1253/1253 1234/1234/1234
f 1234/1234/1234 1253/1253/1253 1215/1215/1215
f 1253/1253/1253 1217/1217/1217 1215/1215/1215
f 1251/1251/1251 1157/1157/1157 1252/1252/1252
f 1157/1157/1157 1155/1155/1155 1252/1252/1252
f 1252/1252/1252 1155/1155/1155 1253/1253/1253
f 1155/1155/1155 1153/1153/1153 1253/1253/1253
f 1253/1253/1253 1153/1153/1153 1217/1217/1217
f 1153/1153/1153 1151/1151/1151 1217/1217/1217
f 1154/1154/1154 1184/1184/1184 1152/1152/1152
f 1184/1184/1184 1150/1150/1150 1152/1152/1152
f 1150/1150/1150 1184/1184/1184 1254/1254/1254
f 1184/1184/1184 1176/1176/1176 1254/1254/1254
f 1254/1254/1254 1176/1176/1176 1148/1148/1148
f 1088/1088/1088 1087/1087/1087 1165/1165/1165
f 1087/1087/1087 1255/1255/1255 1165/1165/1165
f 1165/1165/1165 1255/1255/1255 1167/1167/1167
f 1255/1255/1255 1256/1256/1256 1167/1167/1167
f 1167/1167/1167 1256/1256/1256 1169/1169/1169
f 1256/1256/1256 1171/1171/1171 1169/1169/1169
f 1171/1171/1171 1256/1256/1256 1257/1257/1257
f 1256/1256/1256 1258/1258/1258 1257/1257/1257
f 1257/1257/1257 1258/1258/1258 1259/1259/1259
f 1258/1258/1258 1085/1085/1085 1259/1259/1259
f 1259/1259/1259 1085/1085/1085 1260/1260/1260
f 1085/1085/1085 1076/1076/1076 1260/1260/1260
f 1260/1260/1260 1076/1076/1076 1261/1261/1261
f 1076/1076/1076 1073/1073/1073 1261/1261/1261
f 1261/1261/1261 1073/1073/1073 1262/1262/1262
f 1073/1073/1073 1074/1074/1074 1262/1262/1262
f 1262/1262/1262 1074/1074/1074 1263/1263/1263
f 1074/1074/1074 1075/1075/1075 1263/1263/1263
f 1263/1263/1263 1075/1075/1075 1264/1264/1264
f 1075/1075/1075 1038/1038/1038 1264/1264/1264
f 1085/1085/1085 1258/1258/1258 1086/1086/1086
f 1258/1258/1258 1255/1255/1255 1086/1086/1086
f 1086/1086/1086 1255/1255/1255 1087/1087/1087
f 1218/1218/1218 1149/1149/1149 1226/1226/1226
f 1149/1149/1149 1147/1147/1147 1226/1226/1226
f 1226/1226/1226 1147/1147/1147 1145/1145/1145
f 1148/1148/1148 1173/1173/1173 1146/1146/1146
f 1173/1173/1173 1172/1172/1172 1146/1146/1146
f 1146/1146/1146 1172/1172/1172 1161/1161/1161
f 1225/1225/1225 1224/1224/1224 1227/1227/1227
f 1224/1224/1224 1230/1230/1230 1227/1227/1227
f 1224/1224/1224 1223/1223/1223 1230/1230/1230
f 1223/1223/1223 1222/1222/1222 1230/1230/1230
f 1230/1230/1230 1222/1222/1222 1229/1229/1229
f 1084/1084/1084 1059/1059/1059 1082/1082/1082
f 1059/1059/1059 1057/1057/1057 1082/1082/1082
f 1082/1082/1082 1057/1057/1057 1055/1055/1055
f 1056/1056/1056 1058/1058/1058 1054/1054/1054
f 1058/1058/1058 1265/1265/1265 1054/1054/1054
f 1054/1054/1054 1265/1265/1265 1052/1052/1052
f 1265/1265/1265 1266/1266/1266 1052/1052/1052
f 1052/1052/1052 1266/1266/1266 1267/1267/1267
f 1266/1266/1266 1268/1268/1268 1267/1267/1267
f 1267/1267/1267 1268/1268/1268 1269/1269/1269
f 1268/1268/1268 1066/1066/1066 1269/1269/1269
f 1269/1269/1269 1066/1066/1066 1048/1048/1048
f 1265/1265/1265 1060/1060/1060 1266/1266/1266
f 1060/1060/1060 1270/1270/1270 1266/1266/1266
f 1266/1266/1266 1270/1270/1270 1268/1268/1268
f 1270/1270/1270 1271/1271/1271 1268/1268/1268
f 1268/1268/1268 1271/1271/1271 1066/1066/1066
f 1271/1271/1271 1064/1064/1064 1066/1066/1066
f 1064/1064/1064 1271/1271/1271 1272/1272/1272
f 1271/1271/1271 1270/1270/1270 1272/1272/1272
f 1272/1272/1272 1270/1270/1270 1060/1060/1060
f 1060/1060/1060 1062/1062/1062 1272/1272/1272
f 1062/1062/1062 1064/1064/1064 1272/1272/1272
f 1052/1052/1052 1267/1267/1267 1050/1050/1050
f 1267/1267/1267 1269/1269/1269 1050/1050/1050
f 1050/1050/1050 1269/1269/1269 1048/1048/1048
f 966/966/966 967/967/967 978/978/978
f 967/967/967 1273/1273/1273 978/978/978
f 978/978/978 1273/1273/1273 981/981/981
f 1273/1273/1273 983/983/983 981/981/981
f 983/983/983 1273/1273/1273 985/985/985
f 1273/1273/1273 1274/1274/1274 985/985/985
f 985/985/985 1274/1274/1274 1275/1275/1275
f 1274/1274/1274 969/969/969 1275/1275/1275
f 1275/1275/1275 969/969/969 970/970/970
f 1273/1273/1273 967/967/967 1274/1274/1274
f 967/967/967 968/968/968 1274/1274/1274
f 1274/1274/1274 968/968/968 969/969/969
f 886/886/886 888/888/888 1179/1179/1179
f 888/888/888 1177/1177/1177 1179/1179/1179
f 888/888/888 890/890/890 1177/1177/1177
f 890/890/890 1276/1276/1276 1177/1177/1177
f 1177/1177/1177 1276/1276/1276 1175/1175/1175
f 1276/1276/1276 932/932/932 1175/1175/1175
f 1175/1175/1175 932/932/932 1174/1174/1174
f 932/932/932 1094/1094/1094 1174/1174/1174
f 1174/1174/1174 1094/1094/1094 1092/1092/1092
f 932/932/932 1276/1276/1276 892/892/892
f 1276/1276/1276 890/890/890 892/892/892
f 971/971/971 989/989/989 970/970/970
f 989/989/989 1275/1275/1275 970/970/970
f 989/989/989 987/987/987 1275/1275/1275
f 987/987/987 985/985/985 1275/1275/1275
f 1277/1277/1277 1278/1278/1278 1279/1279/1279
f 1278/1278/1278 1280/1280/1280 1279/1279/1279
f 1279/1279/1279 1280/1280/1280 1281/1281/1281
f 1280/1280/1280 1282/1282/1282 1281/1281/1281
f 1281/1281/1281 1282/1282/1282 1283/1283/1283
f 1282/1282/1282 1284/1284/1284 1283/1283/1283
f 1283/1283/1283 1284/1284/1284 1285/1285/1285
f 1284/1284/1284 1286/1286/1286 1285/1285/1285
f 1285/1285/1285 1286/1286/1286 1287/1287/1287
f 1286/1286/1286 1288/1288/1288 1287/1287/1287
f 1287/1287/1287 1288/1288/1288 1289/1289/1289
f 1288/1288/1288 1290/1290/1290 1289/1289/1289
f 1289/1289/1289 1290/1290/1290 1291/1291/1291
f 1290/1290/1290 1292/1292/1292 1291/1291/1291
f 1291/1291/1291 1292/1292/1292 1293/1293/1293
f 1292/1292/1292 1294/1294/1294 1293/1293/1293
f 1293/1293/1293 1294/1294/1294 1295/1295/1295
f 1291/1291/1291 1293/1293/1293 1289/1289/1289
f 1293/1293/1293 1296/1296/1296 1289/1289/1289
f 1289/1289/1289 1296/1296/1296 1287/1287/1287
f 1296/1296/1296 1297/1297/1297 1287/1287/1287
f 1287/1287/1287 1297/1297/1297 1285/1285/1285
f 1297/1297/1297 1298/1298/1298 1285/1285/1285
f 1285/1285/1285 1298/1298/1298 1299/1299/1299
f 1298/1298/1298 1300/1300/1300 1299/1299/1299
f 1299/1299/1299 1300/1300/1300 1301/1301/1301
f 1300/1300/1300 1302/1302/1302 1301/1301/1301
f 1301/1301/1301 1302/1302/1302 1303/1303/1303
f 1302/1302/1302 1304/1304/1304 1303/1303/1303
f 1303/1303/1303 1304/1304/1304 1305/1305/1305
f 1293/1293/1293 1295/1295/1295 1296/1296/1296
f 1295/1295/1295 1306/1306/1306 1296/1296/1296
f 1296/1296/1296 1306/1306/1306 1297/1297/1297
f 1306/1306/1306 1307/1307/1307 1297/1297/1297
f 1297/1297/1297 1307/1307/1307 1298/1298/1298
f 1307/1307/1307 1308/1308/1308 1298/1298/1298
f 1298/1298/1298 1308/1308/1308 1309/1309/1309
f 1308/1308/1308 1310/1310/1310 1309/1309/1309
f 1309/1309/1309 1310/1310/1310 1311/1311/1311
f 1310/1310/1310 1312/1312/1312 1311/1311/1311
f 1311/1311/1311 1312/1312/1312 1313/1313/1313
f 1312/1312/1312 1314/1314/1314 1313/1313/1313
f 1313/1313/1313 1314/1314/1314 1315/1315/1315
f 1313/1313/1313 1316/1316/1316 1311/1311/1311
f 1316/1316/1316 1317/1317/1317 1311/1311/1311
f 1311/1311/1311 1317/1317/1317 1309/1309/1309
f 1317/1317/1317 1318/1318/1318 1309/1309/1309
f 1309/1309/1309 1318/1318/1318 1298/1298/1298
f 1318/1318/1318 1300/1300/1300 1298/1298/1298
f 1317/1317/1317 1319/1319/1319 1318/1318/1318
f 1319/1319/1319 1320/1320/1320 1318/1318/1318
f 1318/1318/1318 1320/1320/1320 1300/1300/1300
f 1320/1320/1320 1302/1302/1302 1300/1300/1300
f 1319/1319/1319 1321/1321/1321 1320/1320/1320
f 1321/1321/1321 1322/1322/1322 1320/1320/1320
f 1320/1320/1320 1322/1322/1322 1302/1302/1302
f 1322/1322/1322 1304/1304/1304 1302/1302/1302
f 1277/1277/1277 1279/1279/1279 1323/1323/1323
f 1279/1279/1279 1281/1281/1281 1323/1323/1323
f 1323/1323/1323 1281/1281/1281 1324/1324/1324
f 1281/1281/1281 1283/1283/1283 1324/1324/1324
f 1324/1324/1324 1283/1283/1283 1325/1325/1325
f 1283/1283/1283 1326/1326/1326 1325/1325/1325
f 1325/1325/1325 1326/1326/1326 1327/1327/1327
f 1326/1326/1326 1328/1328/1328 1327/1327/1327
f 1327/1327/1327 1328/1328/1328 1329/1329/1329
f 1328/1328/1328 1330/1330/1330 1329/1329/1329
f 1329/1329/1329 1330/1330/1330 1331/1331/1331
f 1330/1330/1330 1332/1332/1332 1331/1331/1331
f 1331/1331/1331 1332/1332/1332 1333/1333/1333
f 1329/1329/1329 1331/1331/1331 1327/1327/1327
f 1331/1331/1331 1334/1334/1334 1327/1327/1327
f 1327/1327/1327 1334/1334/1334 1335/1335/1335
f 1334/1334/1334 1336/1336/1336 1335/1335/1335
f 1335/1335/1335 1336/1336/1336 1337/1337/1337
f 1336/1336/1336 1338/1338/1338 1337/1337/1337
f 1337/1337/1337 1338/1338/1338 1333/1333/1333
f 1338/1338/1338 1331/1331/1331 1333/1333/1333
f 1338/1338/1338 1336/1336/1336 1331/1331/1331
f 1336/1336/1336 1334/1334/1334 1331/1331/1331
f 1278/1278/1278 1339/1339/1339 1280/1280/1280
f 1339/1339/1339 1282/1282/1282 1280/1280/1280
f 1339/1339/1339 1340/1340/1340 1282/1282/1282
f 1340/1340/1340 1284/1284/1284 1282/1282/1282
f 1307/1307/1307 1341/1341/1341 1308/1308/1308
f 1341/1341/1341 1310/1310/1310 1308/1308/1308
f 1341/1341/1341 1342/1342/1342 1310/1310/1310
f 1342/1342/1342 1312/1312/1312 1310/1310/1310
f 1283/1283/1283 1285/1285/1285 1326/1326/1326
f 1285/1285/1285 1299/1299/1299 1326/1326/1326
f 1326/1326/1326 1299/1299/1299 1343/1343/1343
f 1299/1299/1299 1344/1344/1344 1343/1343/1343
f 1343/1343/1343 1344/1344/1344 1345/1345/1345
f 1344/1344/1344 1346/1346/1346 1345/1345/1345
f 1345/1345/1345 1346/1346/1346 1347/1347/1347
f 1346/1346/1346 1348/1348/1348 1347/1347/1347
f 1347/1347/1347 1348/1348/1348 1349/1349/1349
f 1348/1348/1348 1350/1350/1350 1349/1349/1349
f 1349/1349/1349 1350/1350/1350 1351/1351/1351
f 1350/1350/1350 1352/1352/1352 1351/1351/1351
f 1351/1351/1351 1352/1352/1352 1353/1353/1353
f 1352/1352/1352 1354/1354/1354 1353/1353/1353
f 1353/1353/1353 1354/1354/1354 1355/1355/1355
f 1354/1354/1354 1356/1356/1356 1355/1355/1355
f 1350/1350/1350 1348/1348/1348 1357/1357/1357
f 1348/1348/1348 1346/1346/1346 1357/1357/1357
f 1357/1357/1357 1346/1346/1346 1358/1358/1358
f 1346/1346/1346 1359/1359/1359 1358/1358/1358
f 1358/1358/1358 1359/1359/1359 1360/1360/1360
f 1359/1359/1359 1361/1361/1361 1360/1360/1360
f 1360/1360/1360 1361/1361/1361 1362/1362/1362
f 1361/1361/1361 1303/1303/1303 1362/1362/1362
f 1362/1362/1362 1303/1303/1303 1305/1305/1305
f 1305/1305/1305 1363/1363/1363 1362/1362/1362
f 1363/1363/1363 1364/1364/1364 1362/1362/1362
f 1362/1362/1362 1364/1364/1364 1360/1360/1360
f 1364/1364/1364 1365/1365/1365 1360/1360/1360
f 1360/1360/1360 1365/1365/1365 1358/1358/1358
f 1365/1365/1365 1366/1366/1366 1358/1358/1358
f 1358/1358/1358 1366/1366/1366 1357/1357/1357
f 1366/1366/1366 1367/1367/1367 1357/1357/1357
f 1357/1357/1357 1367/1367/1367 1350/1350/1350
f 1367/1367/1367 1368/1368/1368 1350/1350/1350
f 1350/1350/1350 1368/1368/1368 1352/1352/1352
f 1368/1368/1368 1354/1354/1354 1352/1352/1352
f 1368/1368/1368 1367/1367/1367 1369/1369/1369
f 1367/1367/1367 1366/1366/1366 1369/1369/1369
f 1369/1369/1369 1366/1366/1366 1370/1370/1370
f 1366/1366/1366 1365/1365/1365 1370/1370/1370
f 1370/1370/1370 1365/1365/1365 1371/1371/1371
f 1365/1365/1365 1364/1364/1364 1371/1371/1371
f 1371/1371/1371 1364/1364/1364 1363/1363/1363
f 1363/1363/1363 1372/1372/1372 1371/1371/1371
f 1372/1372/1372 1373/1373/1373 1371/1371/1371
f 1371/1371/1371 1373/1373/1373 1370/1370/1370
f 1373/1373/1373 1374/1374/1374 1370/1370/1370
f 1370/1370/1370 1374/1374/1374 1369/1369/1369
f 1374/1374/1374 1375/1375/1375 1369/1369/1369
f 1369/1369/1369 1375/1375/1375 1368/1368/1368
f 1375/1375/1375 1376/1376/1376 1368/1368/1368
f 1368/1368/1368 1376/1376/1376 1354/1354/1354
f 1376/1376/1376 1377/1377/1377 1354/1354/1354
f 1354/1354/1354 1377/1377/1377 1356/1356/1356
f 1377/1377/1377 1378/1378/1378 1356/1356/1356
f 1377/1377/1377 1376/1376/1376 1379/1379/1379
f 1376/1376/1376 1375/1375/1375 1379/1379/1379
f 1379/1379/1379 1375/1375/1375 1380/1380/1380
f 1375/1375/1375 1374/1374/1374 1380/1380/1380
f 1380/1380/1380 1374/1374/1374 1381/1381/1381
f 1374/1374/1374 1382/1382/1382 1381/1381/1381
f 1381/1381/1381 1382/1382/1382 1383/1383/1383
f 1382/1382/1382 1384/1384/1384 1383/1383/1383
f 1374/1374/1374 1373/1373/1373 1382/1382/1382
f 1373/1373/1373 1384/1384/1384 1382/1382/1382
f 1384/1384/1384 1373/1373/1373 1385/1385/1385
f 1373/1373/1373 1372/1372/1372 1385/1385/1385
f 1335/1335/1335 1386/1386/1386 1327/1327/1327
f 1386/1386/1386 1325/1325/1325 1327/1327/1327
f 1299/1299/1299 1301/1301/1301 1344/1344/1344
f 1301/1301/1301 1361/1361/1361 1344/1344/1344
f 1344/1344/1344 1361/1361/1361 1359/1359/1359
f 1349/1349/1349 1387/1387/1387 1347/1347/1347
f 1387/1387/1387 1388/1388/1388 1347/1347/1347
f 1347/1347/1347 1388/1388/1388 1345/1345/1345
f 1388/1388/1388 1389/1389/1389 1345/1345/1345
f 1345/1345/1345 1389/1389/1389 1343/1343/1343
f 1389/1389/1389 1390/1390/1390 1343/1343/1343
f 1343/1343/1343 1390/1390/1390 1391/1391/1391
f 1390/1390/1390 1392/1392/1392 1391/1391/1391
f 1391/1391/1391 1392/1392/1392 1393/1393/1393
f 1392/1392/1392 1394/1394/1394 1393/1393/1393
f 1393/1393/1393 1328/1328/1328 1391/1391/1391
f 1328/1328/1328 1326/1326/1326 1391/1391/1391
f 1391/1391/1391 1326/1326/1326 1343/1343/1343
f 1393/1393/1393 1395/1395/1395 1328/1328/1328
f 1395/1395/1395 1330/1330/1330 1328/1328/1328
f 1387/1387/1387 1396/1396/1396 1388/1388/1388
f 1396/1396/1396 1397/1397/1397 1388/1388/1388
f 1388/1388/1388 1397/1397/1397 1389/1389/1389
f 1397/1397/1397 1398/1398/1398 1389/1389/1389
f 1389/1389/1389 1398/1398/1398 1399/1399/1399
f 1398/1398/1398 1400/1400/1400 1399/1399/1399
f 1399/1399/1399 1400/1400/1400 1401/1401/1401
f 1400/1400/1400 1402/1402/1402 1401/1401/1401
f 1401/1401/1401 1402/1402/1402 1403/1403/1403
f 1402/1402/1402 1404/1404/1404 1403/1403/1403
f 1403/1403/1403 1404/1404/1404 1405/1405/1405
f 1404/1404/1404 1406/1406/1406 1405/1405/1405
f 1405/1405/1405 1406/1406/1406 1407/1407/1407
f 1406/1406/1406 1408/1408/1408 1407/1407/1407
f 1407/1407/1407 1409/1409/1409 1405/1405/1405
f 1409/1409/1409 1410/1410/1410 1405/1405/1405
f 1405/1405/1405 1410/1410/1410 1403/1403/1403
f 1410/1410/1410 1411/1411/1411 1403/1403/1403
f 1403/1403/1403 1411/1411/1411 1401/1401/1401
f 1411/1411/1411 1399/1399/1399 1401/1401/1401
f 1409/1409/1409 1394/1394/1394 1410/1410/1410
f 1394/1394/1394 1392/1392/1392 1410/1410/1410
f 1410/1410/1410 1392/1392/1392 1411/1411/1411
f 1392/1392/1392 1390/1390/1390 1411/1411/1411
f 1411/1411/1411 1390/1390/1390 1399/1399/1399
f 1390/1390/1390 1389/1389/1389 1399/1399/1399
f 1396/1396/1396 1412/1412/1412 1397/1397/1397
f 1412/1412/1412 1398/1398/1398 1397/1397/1397
f 1412/1412/1412 1413/1413/1413 1398/1398/1398
f 1413/1413/1413 1400/1400/1400 1398/1398/1398
f 1413/1413/1413 1414/1414/1414 1400/1400/1400
f 1414/1414/1414 1415/1415/1415 1400/1400/1400
f 1400/1400/1400 1415/1415/1415 1402/1402/1402
f 1415/1415/1415 1406/1406/1406 1402/1402/1402
f 1402/1402/1402 1406/1406/1406 1404/1404/1404
f 1414/1414/1414 1416/1416/1416 1415/1415/1415
f 1416/1416/1416 1408/1408/1408 1415/1415/1415
f 1415/1415/1415 1408/1408/1408 1406/1406/1406
f 1417/1417/1417 1418/1418/1418 1419/1419/1419
f 1418/1418/1418 1420/1420/1420 1419/1419/1419
f 1419/1419/1419 1420/1420/1420 1421/1421/1421
f 1420/1420/1420 1422/1422/1422 1421/1421/1421
f 1421/1421/1421 1422/1422/1422 1423/1423/1423
f 1422/1422/1422 1424/1424/1424 1423/1423/1423
f 1423/1423/1423 1424/1424/1424 1425/1425/1425
f 1424/1424/1424 1426/1426/1426 1425/1425/1425
f 1425/1425/1425 1426/1426/1426 1427/1427/1427
f 1426/1426/1426 1428/1428/1428 1427/1427/1427
f 1427/1427/1427 1428/1428/1428 1429/1429/1429
f 1428/1428/1428 1430/1430/1430 1429/1429/1429
f 1429/1429/1429 1430/1430/1430 1431/1431/1431
f 1430/1430/1430 1432/1432/1432 1431/1431/1431
f 1431/1431/1431 1432/1432/1432 1433/1433/1433
f 1432/1432/1432 1434/1434/1434 1433/1433/1433
f 1431/1431/1431 1435/1435/1435 1429/1429/1429
f 1435/1435/1435 1436/1436/1436 1429/1429/1429
f 1429/1429/1429 1436/1436/1436 1427/1427/1427
f 1436/1436/1436 1437/1437/1437 1427/1427/1427
f 1427/1427/1427 1437/1437/1437 1425/1425/1425
f 1437/1437/1437 1438/1438/1438 1425/1425/1425
f 1425/1425/1425 1438/1438/1438 1423/1423/1423
f 1437/1437/1437 1436/1436/1436 1439/1439/1439
f 1436/1436/1436 1435/1435/1435 1439/1439/1439
f 1439/1439/1439 1435/1435/1435 1440/1440/1440
f 1435/1435/1435 1433/1433/1433 1440/1440/1440
f 1439/1439/1439 1441/1441/1441 1437/1437/1437
f 1441/1441/1441 1442/1442/1442 1437/1437/1437
f 1437/1437/1437 1442/1442/1442 1438/1438/1438
f 1434/1434/1434 1432/1432/1432 1443/1443/1443
f 1432/1432/1432 1444/1444/1444 1443/1443/1443
f 1444/1444/1444 1432/1432/1432 1445/1445/1445
f 1432/1432/1432 1430/1430/1430 1445/1445/1445
f 1445/1445/1445 1430/1430/1430 1446/1446/1446
f 1430/1430/1430 1428/1428/1428 1446/1446/1446
f 1446/1446/1446 1428/1428/1428 1447/1447/1447
f 1428/1428/1428 1426/1426/1426 1447/1447/1447
f 1447/1447/1447 1426/1426/1426 1448/1448/1448
f 1426/1426/1426 1449/1449/1449 1448/1448/1448
f 1448/1448/1448 1449/1449/1449 1450/1450/1450
f 1449/1449/1449 1451/1451/1451 1450/1450/1450
f 1450/1450/1450 1451/1451/1451 1452/1452/1452
f 1451/1451/1451 1453/1453/1453 1452/1452/1452
f 1452/1452/1452 1453/1453/1453 1454/1454/1454
f 1451/1451/1451 1449/1449/1449 1455/1455/1455
f 1449/1449/1449 1422/1422/1422 1455/1455/1455
f 1455/1455/1455 1422/1422/1422 1456/1456/1456
f 1422/1422/1422 1420/1420/1420 1456/1456/1456
f 1456/1456/1456 1420/1420/1420 1457/1457/1457
f 1420/1420/1420 1418/1418/1418 1457/1457/1457
f 1457/1457/1457 1418/1418/1418 1458/1458/1458
f 1418/1418/1418 1417/1417/1417 1458/1458/1458
f 1458/1458/1458 1417/1417/1417 1459/1459/1459
f 1457/1457/1457 1460/1460/1460 1456/1456/1456
f 1460/1460/1460 1461/1461/1461 1456/1456/1456
f 1456/1456/1456 1461/1461/1461 1455/1455/1455
f 1461/1461/1461 1453/1453/1453 1455/1455/1455
f 1455/1455/1455 1453/1453/1453 1451/1451/1451
f 1460/1460/1460 1457/1457/1457 1462/1462/1462
f 1457/1457/1457 1463/1463/1463 1462/1462/1462
f 1463/1463/1463 1457/1457/1457 1464/1464/1464
f 1457/1457/1457 1458/1458/1458 1464/1464/1464
f 1464/1464/1464 1458/1458/1458 1465/1465/1465
f 1458/1458/1458 1459/1459/1459 1465/1465/1465
f 1465/1465/1465 1466/1466/1466 1464/1464/1464
f 1466/1466/1466 1467/1467/1467 1464/1464/1464
f 1464/1464/1464 1467/1467/1467 1463/1463/1463
f 1426/1426/1426 1424/1424/1424 1449/1449/1449
f 1424/1424/1424 1422/1422/1422 1449/1449/1449
f 1444/1444/1444 1445/1445/1445 1468/1468/1468
f 1445/1445/1445 1469/1469/1469 1468/1468/1468
f 1468/1468/1468 1469/1469/1469 1470/1470/1470
f 1469/1469/1469 1471/1471/1471 1470/1470/1470
f 1470/1470/1470 1471/1471/1471 1472/1472/1472
f 1471/1471/1471 1473/1473/1473 1472/1472/1472
f 1472/1472/1472 1473/1473/1473 1474/1474/1474
f 1473/1473/1473 1475/1475/1475 1474/1474/1474
f 1474/1474/1474 1475/1475/1475 1476/1476/1476
f 1475/1475/1475 1477/1477/1477 1476/1476/1476
f 1476/1476/1476 1477/1477/1477 1478/1478/1478
f 1477/1477/1477 1479/1479/1479 1478/1478/1478
f 1478/1478/1478 1479/1479/1479 1480/1480/1480
f 1479/1479/1479 1481/1481/1481 1480/1480/1480
f 1480/1480/1480 1481/1481/1481 1482/1482/1482
f 1481/1481/1481 1483/1483/1483 1482/1482/1482
f 1482/1482/1482 1483/1483/1483 1484/1484/1484
f 1483/1483/1483 1485/1485/1485 1484/1484/1484
f 1483/1483/1483 1481/1481/1481 1486/1486/1486
f 1481/1481/1481 1479/1479/1479 1486/1486/1486
f 1486/1486/1486 1479/1479/1479 1487/1487/1487
f 1479/1479/1479 1477/1477/1477 1487/1487/1487
f 1487/1487/1487 1477/1477/1477 1488/1488/1488
f 1477/1477/1477 1475/1475/1475 1488/1488/1488
f 1488/1488/1488 1475/1475/1475 1489/1489/1489
f 1475/1475/1475 1490/1490/1490 1489/1489/1489
f 1489/1489/1489 1490/1490/1490 1491/1491/1491
f 1490/1490/1490 1492/1492/1492 1491/1491/1491
f 1491/1491/1491 1492/1492/1492 1493/1493/1493
f 1492/1492/1492 1447/1447/1447 1493/1493/1493
f 1493/1493/1493 1447/1447/1447 1448/1448/1448
f 1475/1475/1475 1473/1473/1473 1490/1490/1490
f 1473/1473/1473 1471/1471/1471 1490/1490/1490
f 1490/1490/1490 1471/1471/1471 1492/1492/1492
f 1471/1471/1471 1446/1446/1446 1492/1492/1492
f 1492/1492/1492 1446/1446/1446 1447/1447/1447
f 1471/1471/1471 1469/1469/1469 1446/1446/1446
f 1469/1469/1469 1445/1445/1445 1446/1446/1446
f 1468/1468/1468 1470/1470/1470 1494/1494/1494
f 1470/1470/1470 1495/1495/1495 1494/1494/1494
f 1494/1494/1494 1495/1495/1495 1496/1496/1496
f 1495/1495/1495 1497/1497/1497 1496/1496/1496
f 1496/1496/1496 1497/1497/1497 1498/1498/1498
f 1497/1497/1497 1499/1499/1499 1498/1498/1498
f 1498/1498/1498 1499/1499/1499 1500/1500/1500
f 1499/1499/1499 1501/1501/1501 1500/1500/1500
f 1499/1499/1499 1497/1497/1497 1502/1502/1502
f 1497/1497/1497 1495/1495/1495 1502/1502/1502
f 1502/1502/1502 1495/1495/1495 1503/1503/1503
f 1495/1495/1495 1470/1470/1470 1503/1503/1503
f 1503/1503/1503 1470/1470/1470 1472/1472/1472
f 1472/1472/1472 1504/1504/1504 1503/1503/1503
f 1504/1504/1504 1505/1505/1505 1503/1503/1503
f 1503/1503/1503 1505/1505/1505 1502/1502/1502
f 1505/1505/1505 1506/1506/1506 1502/1502/1502
f 1502/1502/1502 1506/1506/1506 1507/1507/1507
f 1507/1507/1507 1508/1508/1508 1502/1502/1502
f 1508/1508/1508 1499/1499/1499 1502/1502/1502
f 1507/1507/1507 1509/1509/1509 1508/1508/1508
f 1509/1509/1509 1510/1510/1510 1508/1508/1508
f 1508/1508/1508 1510/1510/1510 1501/1501/1501
f 1511/1511/1511 1512/1512/1512 1513/1513/1513
f 1512/1512/1512 1514/1514/1514 1513/1513/1513
f 1513/1513/1513 1514/1514/1514 1515/1515/1515
f 1514/1514/1514 1516/1516/1516 1515/1515/1515
f 1515/1515/1515 1516/1516/1516 1517/1517/1517
f 1516/1516/1516 1518/1518/1518 1517/1517/1517
f 1517/1517/1517 1518/1518/1518 1519/1519/1519
f 1518/1518/1518 1520/1520/1520 1519/1519/1519
f 1519/1519/1519 1521/1521/1521 1517/1517/1517
f 1521/1521/1521 1522/1522/1522 1517/1517/1517
f 1517/1517/1517 1522/1522/1522 1523/1523/1523
f 1522/1522/1522 1524/1524/1524 1523/1523/1523
f 1523/1523/1523 1524/1524/1524 1513/1513/1513
f 1524/1524/1524 1525/1525/1525 1513/1513/1513
f 1513/1513/1513 1525/1525/1525 1511/1511/1511
f 1525/1525/1525 1526/1526/1526 1511/1511/1511
f 1511/1511/1511 1526/1526/1526 1527/1527/1527
f 1526/1526/1526 1528/1528/1528 1527/1527/1527
f 1527/1527/1527 1528/1528/1528 1529/1529/1529
f 1528/1528/1528 1530/1530/1530 1529/1529/1529
f 1529/1529/1529 1530/1530/1530 1531/1531/1531
f 1530/1530/1530 1532/1532/1532 1531/1531/1531
f 1523/1523/1523 1513/1513/1513 1517/1517/1517
f 1513/1513/1513 1515/1515/1515 1517/1517/1517
f 1518/1518/1518 1516/1516/1516 1520/1520/1520
f 1516/1516/1516 1514/1514/1514 1520/1520/1520
f 1522/1522/1522 1533/1533/1533 1524/1524/1524
f 1533/1533/1533 1534/1534/1534 1524/1524/1524
f 1524/1524/1524 1534/1534/1534 1535/1535/1535
f 1534/1534/1534 1536/1536/1536 1535/1535/1535
f 1535/1535/1535 1536/1536/1536 1537/1537/1537
f 1536/1536/1536 1538/1538/1538 1537/1537/1537
f 1537/1537/1537 1538/1538/1538 1539/1539/1539
f 1538/1538/1538 1540/1540/1540 1539/1539/1539
f 1539/1539/1539 1540/1540/1540 1541/1541/1541
f 1540/1540/1540 1542/1542/1542 1541/1541/1541
f 1541/1541/1541 1542/1542/1542 1543/1543/1543
f 1542/1542/1542 1544/1544/1544 1543/1543/1543
f 1543/1543/1543 1544/1544/1544 1545/1545/1545
f 1544/1544/1544 1546/1546/1546 1545/1545/1545
f 1541/1541/1541 1547/1547/1547 1539/1539/1539
f 1547/1547/1547 1548/1548/1548 1539/1539/1539
f 1539/1539/1539 1548/1548/1548 1537/1537/1537
f 1548/1548/1548 1549/1549/1549 1537/1537/1537
f 1537/1537/1537 1549/1549/1549 1535/1535/1535
f 1549/1549/1549 1525/1525/1525 1535/1535/1535
f 1535/1535/1535 1525/1525/1525 1524/1524/1524
f 1549/1549/1549 1550/1550/1550 1525/1525/1525
f 1550/1550/1550 1551/1551/1551 1525/1525/1525
f 1525/1525/1525 1551/1551/1551 1526/1526/1526
f 1551/1551/1551 1552/1552/1552 1526/1526/1526
f 1526/1526/1526 1552/1552/1552 1553/1553/1553
f 1552/1552/1552 1554/1554/1554 1553/1553/1553
f 1553/1553/1553 1554/1554/1554 1555/1555/1555
f 1526/1526/1526 1553/1553/1553 1528/1528/1528
f 1553/1553/1553 1556/1556/1556 1528/1528/1528
f 1528/1528/1528 1556/1556/1556 1530/1530/1530
f 1556/1556/1556 1532/1532/1532 1530/1530/1530
f 1532/1532/1532 1556/1556/1556 1555/1555/1555
f 1556/1556/1556 1553/1553/1553 1555/1555/1555
f 1545/1545/1545 1557/1557/1557 1543/1543/1543
f 1557/1557/1557 1558/1558/1558 1543/1543/1543
f 1543/1543/1543 1558/1558/1558 1541/1541/1541
f 1558/1558/1558 1559/1559/1559 1541/1541/1541
f 1541/1541/1541 1559/1559/1559 1547/1547/1547
f 1559/1559/1559 1560/1560/1560 1547/1547/1547
f 1547/1547/1547 1560/1560/1560 1561/1561/1561
f 1560/1560/1560 1562/1562/1562 1561/1561/1561
f 1561/1561/1561 1562/1562/1562 1563/1563/1563
f 1562/1562/1562 1564/1564/1564 1563/1563/1563
f 1563/1563/1563 1564/1564/1564 1565/1565/1565
f 1564/1564/1564 1566/1566/1566 1565/1565/1565
f 1565/1565/1565 1566/1566/1566 1567/1567/1567
f 1566/1566/1566 1568/1568/1568 1567/1567/1567
f 1567/1567/1567 1568/1568/1568 1569/1569/1569
f 1568/1568/1568 1570/1570/1570 1569/1569/1569
f 1569/1569/1569 1570/1570/1570 1571/1571/1571
f 1570/1570/1570 1572/1572/1572 1571/1571/1571
f 1571/1571/1571 1572/1572/1572 1573/1573/1573
f 1572/1572/1572 1574/1574/1574 1573/1573/1573
f 1573/1573/1573 1574/1574/1574 1575/1575/1575
f 1574/1574/1574 1576/1576/1576 1575/1575/1575
f 1575/1575/1575 1576/1576/1576 1577/1577/1577
f 1576/1576/1576 1578/1578/1578 1577/1577/1577
f 1547/1547/1547 1561/1561/1561 1548/1548/1548
f 1561/1561/1561 1563/1563/1563 1548/1548/1548
f 1548/1548/1548 1563/1563/1563 1579/1579/1579
f 1563/1563/1563 1565/1565/1565 1579/1579/1579
f 1579/1579/1579 1565/1565/1565 1580/1580/1580
f 1565/1565/1565 1567/1567/1567 1580/1580/1580
f 1580/1580/1580 1567/1567/1567 1569/1569/1569
f 1580/1580/1580 1569/1569/1569 1581/1581/1581
f 1569/1569/1569 1571/1571/1571 1581/1581/1581
f 1581/1581/1581 1571/1571/1571 1582/1582/1582
f 1571/1571/1571 1573/1573/1573 1582/1582/1582
f 1582/1582/1582 1573/1573/1573 1583/1583/1583
f 1573/1573/1573 1575/1575/1575 1583/1583/1583
f 1583/1583/1583 1575/1575/1575 1584/1584/1584
f 1575/1575/1575 1585/1585/1585 1584/1584/1584
f 1584/1584/1584 1586/1586/1586 1583/1583/1583
f 1586/1586/1586 1587/1587/1587 1583/1583/1583
f 1583/1583/1583 1587/1587/1587 1582/1582/1582
f 1587/1587/1587 1588/1588/1588 1582/1582/1582
f 1582/1582/1582 1588/1588/1588 1581/1581/1581
f 1588/1588/1588 1589/1589/1589 1581/1581/1581
f 1581/1581/1581 1589/1589/1589 1580/1580/1580
f 1589/1589/1589 1590/1590/1590 1580/1580/1580
f 1580/1580/1580 1590/1590/1590 1579/1579/1579
f 1590/1590/1590 1549/1549/1549 1579/1579/1579
f 1579/1579/1579 1549/1549/1549 1548/1548/1548
f 1590/1590/1590 1589/1589/1589 1591/1591/1591
f 1589/1589/1589 1588/1588/1588 1591/1591/1591
f 1591/1591/1591 1588/1588/1588 1592/1592/1592
f 1588/1588/1588 1587/1587/1587 1592/1592/1592
f 1592/1592/1592 1587/1587/1587 1586/1586/1586
f 1586/1586/1586 1593/1593/1593 1592/1592/1592
f 1593/1593/1593 1594/1594/1594 1592/1592/1592
f 1592/1592/1592 1594/1594/1594 1591/1591/1591
f 1594/1594/1594 1595/1595/1595 1591/1591/1591
f 1591/1591/1591 1595/1595/1595 1590/1590/1590
f 1595/1595/1595 1550/1550/1550 1590/1590/1590
f 1590/1590/1590 1550/1550/1550 1549/1549/1549
f 1593/1593/1593 1596/1596/1596 1594/1594/1594
f 1596/1596/1596 1597/1597/1597 1594/1594/1594
f 1594/1594/1594 1597/1597/1597 1595/1595/1595
f 1597/1597/1597 1598/1598/1598 1595/1595/1595
f 1595/1595/1595 1598/1598/1598 1550/1550/1550
f 1598/1598/1598 1599/1599/1599 1550/1550/1550
f 1550/1550/1550 1599/1599/1599 1551/1551/1551
f 1599/1599/1599 1600/1600/1600 1551/1551/1551
f 1551/1551/1551 1600/1600/1600 1601/1601/1601
f 1600/1600/1600 1602/1602/1602 1601/1601/1601
f 1601/1601/1601 1602/1602/1602 1603/1603/1603
f 1602/1602/1602 1604/1604/1604 1603/1603/1603
f 1603/1603/1603 1604/1604/1604 1605/1605/1605
f 1604/1604/1604 1606/1606/1606 1605/1605/1605
f 1605/1605/1605 1606/1606/1606 1607/1607/1607
f 1605/1605/1605 1607/1607/1607 1603/1603/1603
f 1607/1607/1607 1608/1608/1608 1603/1603/1603
f 1603/1603/1603 1608/1608/1608 1601/1601/1601
f 1608/1608/1608 1609/1609/1609 1601/1601/1601
f 1601/1601/1601 1609/1609/1609 1551/1551/1551
f 1609/1609/1609 1552/1552/1552 1551/1551/1551
f 1534/1534/1534 1610/1610/1610 1536/1536/1536
f 1610/1610/1610 1611/1611/1611 1536/1536/1536
f 1536/1536/1536 1611/1611/1611 1538/1538/1538
f 1611/1611/1611 1612/1612/1612 1538/1538/1538
f 1538/1538/1538 1612/1612/1612 1540/1540/1540
f 1612/1612/1612 1542/1542/1542 1540/1540/1540
f 1610/1610/1610 1613/1613/1613 1611/1611/1611
f 1613/1613/1613 1614/1614/1614 1611/1611/1611
f 1611/1611/1611 1614/1614/1614 1612/1612/1612
f 1614/1614/1614 1615/1615/1615 1612/1612/1612
f 1612/1612/1612 1615/1615/1615 1542/1542/1542
f 1615/1615/1615 1544/1544/1544 1542/1542/1542
f 1613/1613/1613 1546/1546/1546 1614/1614/1614
f 1546/1546/1546 1544/1544/1544 1614/1614/1614
f 1614/1614/1614 1544/1544/1544 1615/1615/1615
f 1578/1578/1578 1576/1576/1576 1616/1616/1616
f 1576/1576/1576 1574/1574/1574 1616/1616/1616
f 1616/1616/1616 1574/1574/1574 1617/1617/1617
f 1574/1574/1574 1618/1618/1618 1617/1617/1617
f 1617/1617/1617 1618/1618/1618 1619/1619/1619
f 1618/1618/1618 1620/1620/1620 1619/1619/1619
f 1619/1619/1619 1620/1620/1620 1621/1621/1621
f 1620/1620/1620 1622/1622/1622 1621/1621/1621
f 1621/1621/1621 1622/1622/1622 1623/1623/1623
f 1622/1622/1622 1624/1624/1624 1623/1623/1623
f 1574/1574/1574 1572/1572/1572 1618/1618/1618
f 1572/1572/1572 1625/1625/1625 1618/1618/1618
f 1618/1618/1618 1625/1625/1625 1620/1620/1620
f 1625/1625/1625 1622/1622/1622 1620/1620/1620
f 1572/1572/1572 1570/1570/1570 1625/1625/1625
f 1570/1570/1570 1568/1568/1568 1625/1625/1625
f 1625/1625/1625 1568/1568/1568 1626/1626/1626
f 1568/1568/1568 1627/1627/1627 1626/1626/1626
f 1626/1626/1626 1627/1627/1627 1628/1628/1628
f 1625/1625/1625 1626/1626/1626 1622/1622/1622
f 1626/1626/1626 1628/1628/1628 1622/1622/1622
f 1622/1622/1622 1628/1628/1628 1624/1624/1624
f 1619/1619/1619 1621/1621/1621 1629/1629/1629
f 1621/1621/1621 1623/1623/1623 1629/1629/1629
f 1596/1596/1596 1630/1630/1630 1597/1597/1597
f 1630/1630/1630 1631/1631/1631 1597/1597/1597
f 1597/1597/1597 1631/1631/1631 1598/1598/1598
f 1631/1631/1631 1632/1632/1632 1598/1598/1598
f 1598/1598/1598 1632/1632/1632 1599/1599/1599
f 1632/1632/1632 1633/1633/1633 1599/1599/1599
f 1599/1599/1599 1633/1633/1633 1634/1634/1634
f 1633/1633/1633 1635/1635/1635 1634/1634/1634
f 1634/1634/1634 1635/1635/1635 1636/1636/1636
f 1635/1635/1635 1637/1637/1637 1636/1636/1636
f 1630/1630/1630 1638/1638/1638 1631/1631/1631
f 1638/1638/1638 1639/1639/1639 1631/1631/1631
f 1631/1631/1631 1639/1639/1639 1632/1632/1632
f 1639/1639/1639 1640/1640/1640 1632/1632/1632
f 1632/1632/1632 1640/1640/1640 1633/1633/1633
f 1640/1640/1640 1641/1641/1641 1633/1633/1633
f 1633/1633/1633 1641/1641/1641 1635/1635/1635
f 1641/1641/1641 1642/1642/1642 1635/1635/1635
f 1635/1635/1635 1642/1642/1642 1637/1637/1637
f 1642/1642/1642 1643/1643/1643 1637/1637/1637
f 1640/1640/1640 1644/1644/1644 1641/1641/1641
f 1644/1644/1644 1645/1645/1645 1641/1641/1641
f 1641/1641/1641 1645/1645/1645 1642/1642/1642
f 1645/1645/1645 1643/1643/1643 1642/1642/1642
f 1643/1643/1643 1645/1645/1645 1646/1646/1646
f 1645/1645/1645 1644/1644/1644 1646/1646/1646
f 1636/1636/1636 1647/1647/1647 1634/1634/1634
f 1647/1647/1647 1599/1599/1599 1634/1634/1634
f 1599/1599/1599 1647/1647/1647 1600/1600/1600
f 1647/1647/1647 1648/1648/1648 1600/1600/1600
f 1600/1600/1600 1648/1648/1648 1602/1602/1602
f 1648/1648/1648 1649/1649/1649 1602/1602/1602
f 1602/1602/1602 1649/1649/1649 1604/1604/1604
f 1649/1649/1649 1650/1650/1650 1604/1604/1604
f 1604/1604/1604 1650/1650/1650 1606/1606/1606
f 1651/1651/1651 1652/1652/1652 1653/1653/1653
f 1652/1652/1652 1654/1654/1654 1653/1653/1653
f 1653/1653/1653 1654/1654/1654 1655/1655/1655
f 1654/1654/1654 1656/1656/1656 1655/1655/1655
f 1655/1655/1655 1656/1656/1656 1657/1657/1657
f 1656/1656/1656 1658/1658/1658 1657/1657/1657
f 1657/1657/1657 1658/1658/1658 1659/1659/1659
f 1658/1658/1658 1660/1660/1660 1659/1659/1659
f 1659/1659/1659 1660/1660/1660 1661/1661/1661
f 1660/1660/1660 1662/1662/1662 1661/1661/1661
f 1661/1661/1661 1662/1662/1662 1663/1663/1663
f 1652/1652/1652 1664/1664/1664 1654/1654/1654
f 1664/1664/1664 1665/1665/1665 1654/1654/1654
f 1654/1654/1654 1665/1665/1665 1656/1656/1656
f 1665/1665/1665 1666/1666/1666 1656/1656/1656
f 1656/1656/1656 1666/1666/1666 1658/1658/1658
f 1666/1666/1666 1667/1667/1667 1658/1658/1658
f 1658/1658/1658 1667/1667/1667 1660/1660/1660
f 1667/1667/1667 1668/1668/1668 1660/1660/1660
f 1660/1660/1660 1668/1668/1668 1662/1662/1662
f 1651/1651/1651 1653/1653/1653 1669/1669/1669
f 1653/1653/1653 1670/1670/1670 1669/1669/1669
f 1669/1669/1669 1670/1670/1670 1671/1671/1671
f 1670/1670/1670 1672/1672/1672 1671/1671/1671
f 1671/1671/1671 1672/1672/1672 1673/1673/1673
f 1672/1672/1672 1674/1674/1674 1673/1673/1673
f 1673/1673/1673 1674/1674/1674 1454/1454/1454
f 1674/1674/1674 1452/1452/1452 1454/1454/1454
f 1670/1670/1670 1675/1675/1675 1672/1672/1672
f 1675/1675/1675 1676/1676/1676 1672/1672/1672
f 1672/1672/1672 1676/1676/1676 1674/1674/1674
f 1676/1676/1676 1677/1677/1677 1674/1674/1674
f 1674/1674/1674 1677/1677/1677 1452/1452/1452
f 1677/1677/1677 1678/1678/1678 1452/1452/1452
f 1452/1452/1452 1678/1678/1678 1450/1450/1450
f 1678/1678/1678 1679/1679/1679 1450/1450/1450
f 1450/1450/1450 1679/1679/1679 1448/1448/1448
f 1679/1679/1679 1493/1493/1493 1448/1448/1448
f 1675/1675/1675 1680/1680/1680 1676/1676/1676
f 1680/1680/1680 1681/1681/1681 1676/1676/1676
f 1676/1676/1676 1681/1681/1681 1677/1677/1677
f 1681/1681/1681 1682/1682/1682 1677/1677/1677
f 1677/1677/1677 1682/1682/1682 1678/1678/1678
f 1682/1682/1682 1683/1683/1683 1678/1678/1678
f 1678/1678/1678 1683/1683/1683 1679/1679/1679
f 1683/1683/1683 1684/1684/1684 1679/1679/1679
f 1679/1679/1679 1684/1684/1684 1493/1493/1493
f 1684/1684/1684 1491/1491/1491 1493/1493/1493
f 1683/1683/1683 1682/1682/1682 1685/1685/1685
f 1682/1682/1682 1681/1681/1681 1685/1685/1685
f 1685/1685/1685 1681/1681/1681 1686/1686/1686
f 1681/1681/1681 1680/1680/1680 1686/1686/1686
f 1686/1686/1686 1680/1680/1680 1687/1687/1687
f 1680/1680/1680 1659/1659/1659 1687/1687/1687
f 1687/1687/1687 1659/1659/1659 1688/1688/1688
f 1659/1659/1659 1689/1689/1689 1688/1688/1688
f 1688/1688/1688 1689/1689/1689 1486/1486/1486
f 1689/1689/1689 1690/1690/1690 1486/1486/1486
f 1486/1486/1486 1690/1690/1690 1483/1483/1483
f 1690/1690/1690 1691/1691/1691 1483/1483/1483
f 1483/1483/1483 1691/1691/1691 1485/1485/1485
f 1691/1691/1691 1692/1692/1692 1485/1485/1485
f 1687/1687/1687 1688/1688/1688 1686/1686/1686
f 1688/1688/1688 1693/1693/1693 1686/1686/1686
f 1686/1686/1686 1693/1693/1693 1685/1685/1685
f 1693/1693/1693 1694/1694/1694 1685/1685/1685
f 1685/1685/1685 1694/1694/1694 1695/1695/1695
f 1694/1694/1694 1489/1489/1489 1695/1695/1695
f 1695/1695/1695 1489/1489/1489 1491/1491/1491
f 1489/1489/1489 1694/1694/1694 1488/1488/1488
f 1694/1694/1694 1693/1693/1693 1488/1488/1488
f 1488/1488/1488 1693/1693/1693 1487/1487/1487
f 1693/1693/1693 1688/1688/1688 1487/1487/1487
f 1487/1487/1487 1688/1688/1688 1486/1486/1486
f 1670/1670/1670 1653/1653/1653 1675/1675/1675
f 1653/1653/1653 1655/1655/1655 1675/1675/1675
f 1675/1675/1675 1655/1655/1655 1657/1657/1657
f 1675/1675/1675 1657/1657/1657 1680/1680/1680
f 1657/1657/1657 1659/1659/1659 1680/1680/1680
f 1692/1692/1692 1691/1691/1691 1696/1696/1696
f 1691/1691/1691 1697/1697/1697 1696/1696/1696
f 1696/1696/1696 1697/1697/1697 1663/1663/1663
f 1697/1697/1697 1661/1661/1661 1663/1663/1663
f 1691/1691/1691 1690/1690/1690 1697/1697/1697
f 1690/1690/1690 1689/1689/1689 1697/1697/1697
f 1697/1697/1697 1689/1689/1689 1661/1661/1661
f 1689/1689/1689 1659/1659/1659 1661/1661/1661
f 1491/1491/1491 1684/1684/1684 1695/1695/1695
f 1684/1684/1684 1685/1685/1685 1695/1695/1695
f 1698/1698/1698 1699/1699/1699 1700/1700/1700
f 1699/1699/1699 1701/1701/1701 1700/1700/1700
f 1700/1700/1700 1701/1701/1701 1702/1702/1702
f 1701/1701/1701 1703/1703/1703 1702/1702/1702
f 1702/1702/1702 1703/1703/1703 1704/1704/1704
f 1703/1703/1703 1705/1705/1705 1704/1704/1704
f 1704/1704/1704 1705/1705/1705 1706/1706/1706
f 1705/1705/1705 1707/1707/1707 1706/1706/1706
f 1707/1707/1707 1705/1705/1705 1708/1708/1708
f 1705/1705/1705 1703/1703/1703 1708/1708/1708
f 1708/1708/1708 1703/1703/1703 1709/1709/1709
f 1703/1703/1703 1701/1701/1701 1709/1709/1709
f 1709/1709/1709 1701/1701/1701 1710/1710/1710
f 1701/1701/1701 1699/1699/1699 1710/1710/1710
f 1710/1710/1710 1699/1699/1699 1711/1711/1711
f 1699/1699/1699 1712/1712/1712 1711/1711/1711
f 1711/1711/1711 1712/1712/1712 1713/1713/1713
f 1712/1712/1712 1714/1714/1714 1713/1713/1713
f 1713/1713/1713 1714/1714/1714 1715/1715/1715
f 1714/1714/1714 1716/1716/1716 1715/1715/1715
f 1715/1715/1715 1716/1716/1716 1717/1717/1717
f 1716/1716/1716 1718/1718/1718 1717/1717/1717
f 1717/1717/1717 1718/1718/1718 1719/1719/1719
f 1718/1718/1718 1720/1720/1720 1719/1719/1719
f 1719/1719/1719 1720/1720/1720 1721/1721/1721
f 1720/1720/1720 1722/1722/1722 1721/1721/1721
f 1721/1721/1721 1722/1722/1722 1723/1723/1723
f 1722/1722/1722 1724/1724/1724 1723/1723/1723
f 1723/1723/1723 1724/1724/1724 1725/1725/1725
f 1724/1724/1724 1726/1726/1726 1725/1725/1725
f 1722/1722/1722 1720/1720/1720 1727/1727/1727
f 1720/1720/1720 1718/1718/1718 1727/1727/1727
f 1727/1727/1727 1718/1718/1718 1728/1728/1728
f 1718/1718/1718 1716/1716/1716 1728/1728/1728
f 1728/1728/1728 1716/1716/1716 1729/1729/1729
f 1716/1716/1716 1714/1714/1714 1729/1729/1729
f 1729/1729/1729 1714/1714/1714 1730/1730/1730
f 1714/1714/1714 1731/1731/1731 1730/1730/1730
f 1730/1730/1730 1731/1731/1731 1732/1732/1732
f 1731/1731/1731 1733/1733/1733 1732/1732/1732
f 1732/1732/1732 1733/1733/1733 1734/1734/1734
f 1733/1733/1733 1735/1735/1735 1734/1734/1734
f 1734/1734/1734 1735/1735/1735 1736/1736/1736
f 1735/1735/1735 1737/1737/1737 1736/1736/1736
f 1732/1732/1732 1738/1738/1738 1730/1730/1730
f 1738/1738/1738 1739/1739/1739 1730/1730/1730
f 1730/1730/1730 1739/1739/1739 1729/1729/1729
f 1739/1739/1739 1740/1740/1740 1729/1729/1729
f 1729/1729/1729 1740/1740/1740 1728/1728/1728
f 1740/1740/1740 1741/1741/1741 1728/1728/1728
f 1728/1728/1728 1741/1741/1741 1727/1727/1727
f 1741/1741/1741 1742/1742/1742 1727/1727/1727
f 1727/1727/1727 1742/1742/1742 1722/1722/1722
f 1742/1742/1742 1724/1724/1724 1722/1722/1722
f 1738/1738/1738 1743/1743/1743 1739/1739/1739
f 1743/1743/1743 1744/1744/1744 1739/1739/1739
f 1739/1739/1739 1744/1744/1744 1740/1740/1740
f 1744/1744/1744 1745/1745/1745 1740/1740/1740
f 1740/1740/1740 1745/1745/1745 1741/1741/1741
f 1745/1745/1745 1746/1746/1746 1741/1741/1741
f 1741/1741/1741 1746/1746/1746 1742/1742/1742
f 1746/1746/1746 1747/1747/1747 1742/1742/1742
f 1742/1742/1742 1747/1747/1747 1748/1748/1748
f 1747/1747/1747 1749/1749/1749 1748/1748/1748
f 1748/1748/1748 1749/1749/1749 1726/1726/1726
f 1749/1749/1749 1750/1750/1750 1726/1726/1726
f 1746/1746/1746 1745/1745/1745 1751/1751/1751
f 1745/1745/1745 1744/1744/1744 1751/1751/1751
f 1751/1751/1751 1744/1744/1744 1752/1752/1752
f 1744/1744/1744 1743/1743/1743 1752/1752/1752
f 1752/1752/1752 1743/1743/1743 1753/1753/1753
f 1743/1743/1743 1754/1754/1754 1753/1753/1753
f 1753/1753/1753 1754/1754/1754 1755/1755/1755
f 1754/1754/1754 1756/1756/1756 1755/1755/1755
f 1755/1755/1755 1756/1756/1756 1757/1757/1757
f 1756/1756/1756 1758/1758/1758 1757/1757/1757
f 1757/1757/1757 1758/1758/1758 1759/1759/1759
f 1758/1758/1758 1760/1760/1760 1759/1759/1759
f 1743/1743/1743 1738/1738/1738 1754/1754/1754
f 1738/1738/1738 1761/1761/1761 1754/1754/1754
f 1754/1754/1754 1761/1761/1761 1756/1756/1756
f 1761/1761/1761 1762/1762/1762 1756/1756/1756
f 1756/1756/1756 1762/1762/1762 1758/1758/1758
f 1762/1762/1762 1763/1763/1763 1758/1758/1758
f 1758/1758/1758 1763/1763/1763 1764/1764/1764
f 1763/1763/1763 1765/1765/1765 1764/1764/1764
f 1764/1764/1764 1765/1765/1765 1766/1766/1766
f 1765/1765/1765 1767/1767/1767 1766/1766/1766
f 1766/1766/1766 1767/1767/1767 1768/1768/1768
f 1767/1767/1767 1769/1769/1769 1768/1768/1768
f 1768/1768/1768 1769/1769/1769 1770/1770/1770
f 1769/1769/1769 1767/1767/1767 1771/1771/1771
f 1767/1767/1767 1765/1765/1765 1771/1771/1771
f 1771/1771/1771 1765/1765/1765 1772/1772/1772
f 1765/1765/1765 1763/1763/1763 1772/1772/1772
f 1772/1772/1772 1763/1763/1763 1773/1773/1773
f 1763/1763/1763 1762/1762/1762 1773/1773/1773
f 1773/1773/1773 1762/1762/1762 1774/1774/1774
f 1762/1762/1762 1734/1734/1734 1774/1774/1774
f 1774/1774/1774 1734/1734/1734 1775/1775/1775
f 1734/1734/1734 1736/1736/1736 1775/1775/1775
f 1775/1775/1775 1736/1736/1736 1776/1776/1776
f 1734/1734/1734 1762/1762/1762 1732/1732/1732
f 1762/1762/1762 1761/1761/1761 1732/1732/1732
f 1732/1732/1732 1761/1761/1761 1738/1738/1738
f 1708/1708/1708 1709/1709/1709 1707/1707/1707
f 1709/1709/1709 1777/1777/1777 1707/1707/1707
f 1709/1709/1709 1710/1710/1710 1777/1777/1777
f 1710/1710/1710 1778/1778/1778 1777/1777/1777
f 1710/1710/1710 1711/1711/1711 1778/1778/1778
f 1711/1711/1711 1779/1779/1779 1778/1778/1778
f 1779/1779/1779 1711/1711/1711 1780/1780/1780
f 1711/1711/1711 1713/1713/1713 1780/1780/1780
f 1780/1780/1780 1713/1713/1713 1781/1781/1781
f 1713/1713/1713 1715/1715/1715 1781/1781/1781
f 1781/1781/1781 1715/1715/1715 1782/1782/1782
f 1715/1715/1715 1717/1717/1717 1782/1782/1782
f 1782/1782/1782 1717/1717/1717 1719/1719/1719
f 1782/1782/1782 1719/1719/1719 1783/1783/1783
f 1719/1719/1719 1784/1784/1784 1783/1783/1783
f 1783/1783/1783 1784/1784/1784 1785/1785/1785
f 1784/1784/1784 1786/1786/1786 1785/1785/1785
f 1785/1785/1785 1786/1786/1786 1787/1787/1787
f 1786/1786/1786 1788/1788/1788 1787/1787/1787
f 1719/1719/1719 1721/1721/1721 1784/1784/1784
f 1721/1721/1721 1786/1786/1786 1784/1784/1784
f 1721/1721/1721 1723/1723/1723 1786/1786/1786
f 1723/1723/1723 1789/1789/1789 1786/1786/1786
f 1786/1786/1786 1789/1789/1789 1788/1788/1788
f 1789/1789/1789 1790/1790/1790 1788/1788/1788
f 1790/1790/1790 1789/1789/1789 1791/1791/1791
f 1789/1789/1789 1723/1723/1723 1791/1791/1791
f 1791/1791/1791 1723/1723/1723 1725/1725/1725
f 1714/1714/1714 1712/1712/1712 1731/1731/1731
f 1712/1712/1712 1792/1792/1792 1731/1731/1731
f 1731/1731/1731 1792/1792/1792 1733/1733/1733
f 1792/1792/1792 1793/1793/1793 1733/1733/1733
f 1733/1733/1733 1793/1793/1793 1794/1794/1794
f 1793/1793/1793 1795/1795/1795 1794/1794/1794
f 1792/1792/1792 1712/1712/1712 1698/1698/1698
f 1712/1712/1712 1699/1699/1699 1698/1698/1698
f 1698/1698/1698 1796/1796/1796 1792/1792/1792
f 1796/1796/1796 1797/1797/1797 1792/1792/1792
f 1792/1792/1792 1797/1797/1797 1798/1798/1798
f 1797/1797/1797 1799/1799/1799 1798/1798/1798
f 1798/1798/1798 1799/1799/1799 1800/1800/1800
f 1799/1799/1799 1801/1801/1801 1800/1800/1800
f 1800/1800/1800 1801/1801/1801 1802/1802/1802
f 1801/1801/1801 1803/1803/1803 1802/1802/1802
f 1802/1802/1802 1803/1803/1803 1804/1804/1804
f 1792/1792/1792 1798/1798/1798 1793/1793/1793
f 1798/1798/1798 1805/1805/1805 1793/1793/1793
f 1793/1793/1793 1805/1805/1805 1795/1795/1795
f 1805/1805/1805 1804/1804/1804 1795/1795/1795
f 1798/1798/1798 1800/1800/1800 1805/1805/1805
f 1800/1800/1800 1802/1802/1802 1805/1805/1805
f 1805/1805/1805 1802/1802/1802 1804/1804/1804
f 1726/1726/1726 1724/1724/1724 1748/1748/1748
f 1724/1724/1724 1742/1742/1742 1748/1748/1748
f 1799/1799/1799 1806/1806/1806 1801/1801/1801
f 1806/1806/1806 1803/1803/1803 1801/1801/1801
f 1750/1750/1750 1749/1749/1749 1807/1807/1807
f 1749/1749/1749 1747/1747/1747 1807/1807/1807
f 1807/1807/1807 1747/1747/1747 1808/1808/1808
f 1747/1747/1747 1746/1746/1746 1808/1808/1808
f 1808/1808/1808 1746/1746/1746 1809/1809/1809
f 1746/1746/1746 1751/1751/1751 1809/1809/1809
f 1773/1773/1773 1774/1774/1774 1810/1810/1810
f 1774/1774/1774 1811/1811/1811 1810/1810/1810
f 1810/1810/1810 1811/1811/1811 1812/1812/1812
f 1811/1811/1811 1813/1813/1813 1812/1812/1812
f 1812/1812/1812 1813/1813/1813 1814/1814/1814
f 1813/1813/1813 1815/1815/1815 1814/1814/1814
f 1814/1814/1814 1815/1815/1815 1816/1816/1816
f 1815/1815/1815 1817/1817/1817 1816/1816/1816
f 1774/1774/1774 1775/1775/1775 1811/1811/1811
f 1775/1775/1775 1818/1818/1818 1811/1811/1811
f 1811/1811/1811 1818/1818/1818 1813/1813/1813
f 1818/1818/1818 1815/1815/1815 1813/1813/1813
f 1775/1775/1775 1776/1776/1776 1818/1818/1818
f 1776/1776/1776 1817/1817/1817 1818/1818/1818
f 1818/1818/1818 1817/1817/1817 1815/1815/1815
f 1770/1770/1770 1819/1819/1819 1768/1768/1768
f 1819/1819/1819 1766/1766/1766 1768/1768/1768
f 1819/1819/1819 1760/1760/1760 1766/1766/1766
f 1760/1760/1760 1764/1764/1764 1766/1766/1766
f 1820/1820/1820 1821/1821/1821 1822/1822/1822
f 1821/1821/1821 1823/1823/1823 1822/1822/1822
f 1822/1822/1822 1823/1823/1823 1824/1824/1824
f 1823/1823/1823 1825/1825/1825 1824/1824/1824
f 1824/1824/1824 1825/1825/1825 1826/1826/1826
f 1825/1825/1825 1827/1827/1827 1826/1826/1826
f 1826/1826/1826 1827/1827/1827 1828/1828/1828
f 1827/1827/1827 1825/1825/1825 1829/1829/1829
f 1825/1825/1825 1823/1823/1823 1829/1829/1829
f 1829/1829/1829 1823/1823/1823 1830/1830/1830
f 1823/1823/1823 1821/1821/1821 1830/1830/1830
f 1830/1830/1830 1821/1821/1821 1831/1831/1831
f 1821/1821/1821 1832/1832/1832 1831/1831/1831
f 1832/1832/1832 1821/1821/1821 1833/1833/1833
f 1821/1821/1821 1820/1820/1820 1833/1833/1833
f 1833/1833/1833 1820/1820/1820 1834/1834/1834
f 1834/1834/1834 1835/1835/1835 1833/1833/1833
f 1835/1835/1835 1836/1836/1836 1833/1833/1833
f 1833/1833/1833 1836/1836/1836 1832/1832/1832
f 1836/1836/1836 1835/1835/1835 1837/1837/1837
f 1835/1835/1835 1838/1838/1838 1837/1837/1837
f 1837/1837/1837 1838/1838/1838 1839/1839/1839
f 1838/1838/1838 1840/1840/1840 1839/1839/1839
f 1838/1838/1838 1835/1835/1835 1841/1841/1841
f 1835/1835/1835 1834/1834/1834 1841/1841/1841
f 1841/1841/1841 1842/1842/1842 1838/1838/1838
f 1842/1842/1842 1843/1843/1843 1838/1838/1838
f 1838/1838/1838 1843/1843/1843 1840/1840/1840
f 1824/1824/1824 1826/1826/1826 1844/1844/1844
f 1826/1826/1826 1845/1845/1845 1844/1844/1844
f 1844/1844/1844 1845/1845/1845 1846/1846/1846
f 1845/1845/1845 1847/1847/1847 1846/1846/1846
f 1846/1846/1846 1847/1847/1847 1848/1848/1848
f 1847/1847/1847 1849/1849/1849 1848/1848/1848
f 1826/1826/1826 1828/1828/1828 1845/1845/1845
f 1828/1828/1828 1850/1850/1850 1845/1845/1845
f 1845/1845/1845 1850/1850/1850 1847/1847/1847
f 1850/1850/1850 1851/1851/1851 1847/1847/1847
f 1847/1847/1847 1851/1851/1851 1852/1852/1852
f 1853/1853/1853 1854/1854/1854 1855/1855/1855
f 1854/1854/1854 1856/1856/1856 1855/1855/1855
f 1855/1855/1855 1856/1856/1856 1857/1857/1857
f 1856/1856/1856 1858/1858/1858 1857/1857/1857
f 1857/1857/1857 1859/1859/1859 1855/1855/1855
f 1859/1859/1859 1860/1860/1860 1855/1855/1855
f 1855/1855/1855 1860/1860/1860 1853/1853/1853
f 1860/1860/1860 1861/1861/1861 1853/1853/1853
f 1859/1859/1859 1862/1862/1862 1860/1860/1860
f 1862/1862/1862 1863/1863/1863 1860/1860/1860
f 1860/1860/1860 1863/1863/1863 1864/1864/1864
f 1854/1854/1854 1865/1865/1865 1856/1856/1856
f 1865/1865/1865 1866/1866/1866 1856/1856/1856
f 1856/1856/1856 1866/1866/1866 1858/1858/1858
f 1866/1866/1866 1867/1867/1867 1858/1858/1858
f 1867/1867/1867 1866/1866/1866 1868/1868/1868
f 1866/1866/1866 1869/1869/1869 1868/1868/1868
f 1868/1868/1868 1869/1869/1869 1870/1870/1870
f 1869/1869/1869 1871/1871/1871 1870/1870/1870
f 1870/1870/1870 1871/1871/1871 1872/1872/1872
f 1871/1871/1871 1873/1873/1873 1872/1872/1872
f 1872/1872/1872 1873/1873/1873 1874/1874/1874
f 1873/1873/1873 1875/1875/1875 1874/1874/1874
f 1874/1874/1874 1875/1875/1875 1876/1876/1876
f 1875/1875/1875 1877/1877/1877 1876/1876/1876
f 1876/1876/1876 1877/1877/1877 1878/1878/1878
f 1877/1877/1877 1879/1879/1879 1878/1878/1878
f 1873/1873/1873 1871/1871/1871 1880/1880/1880
f 1871/1871/1871 1869/1869/1869 1880/1880/1880
f 1880/1880/1880 1869/1869/1869 1881/1881/1881
f 1869/1869/1869 1866/1866/1866 1881/1881/1881
f 1881/1881/1881 1866/1866/1866 1865/1865/1865
f 1880/1880/1880 1882/1882/1882 1873/1873/1873
f 1882/1882/1882 1875/1875/1875 1873/1873/1873
f 1882/1882/1882 1883/1883/1883 1875/1875/1875
f 1883/1883/1883 1877/1877/1877 1875/1875/1875
f 1883/1883/1883 1884/1884/1884 1877/1877/1877
f 1884/1884/1884 1885/1885/1885 1877/1877/1877
f 1877/1877/1877 1885/1885/1885 1879/1879/1879
f 1886/1886/1886 1887/1887/1887 1888/1888/1888
f 1887/1887/1887 1889/1889/1889 1888/1888/1888
f 1888/1888/1888 1889/1889/1889 1890/1890/1890
f 1889/1889/1889 1891/1891/1891 1890/1890/1890
f 1890/1890/1890 1891/1891/1891 1892/1892/1892
f 1891/1891/1891 1893/1893/1893 1892/1892/1892
f 1892/1892/1892 1893/1893/1893 1894/1894/1894
f 1893/1893/1893 1895/1895/1895 1894/1894/1894
f 1894/1894/1894 1895/1895/1895 1896/1896/1896
f 1895/1895/1895 1897/1897/1897 1896/1896/1896
f 1896/1896/1896 1897/1897/1897 1898/1898/1898
f 1897/1897/1897 1899/1899/1899 1898/1898/1898
f 1898/1898/1898 1899/1899/1899 1900/1900/1900
f 1899/1899/1899 1901/1901/1901 1900/1900/1900
f 1900/1900/1900 1901/1901/1901 1902/1902/1902
f 1901/1901/1901 1903/1903/1903 1902/1902/1902
f 1902/1902/1902 1903/1903/1903 1904/1904/1904
f 1893/1893/1893 1905/1905/1905 1895/1895/1895
f 1905/1905/1905 1906/1906/1906 1895/1895/1895
f 1895/1895/1895 1906/1906/1906 1897/1897/1897
f 1906/1906/1906 1907/1907/1907 1897/1897/1897
f 1897/1897/1897 1907/1907/1907 1899/1899/1899
f 1907/1907/1907 1908/1908/1908 1899/1899/1899
f 1899/1899/1899 1908/1908/1908 1901/1901/1901
f 1908/1908/1908 1909/1909/1909 1901/1901/1901
f 1901/1901/1901 1909/1909/1909 1903/1903/1903
f 1905/1905/1905 1910/1910/1910 1906/1906/1906
f 1910/1910/1910 1911/1911/1911 1906/1906/1906
f 1906/1906/1906 1911/1911/1911 1907/1907/1907
f 1911/1911/1911 1912/1912/1912 1907/1907/1907
f 1907/1907/1907 1912/1912/1912 1908/1908/1908
f 1912/1912/1912 1913/1913/1913 1908/1908/1908
f 1908/1908/1908 1913/1913/1913 1909/1909/1909
f 1913/1913/1913 1912/1912/1912 1914/1914/1914
f 1912/1912/1912 1911/1911/1911 1914/1914/1914
f 1914/1914/1914 1911/1911/1911 1915/1915/1915
f 1911/1911/1911 1910/1910/1910 1915/1915/1915
f 1915/1915/1915 1910/1910/1910 1916/1916/1916
f 1910/1910/1910 1917/1917/1917 1916/1916/1916
f 1916/1916/1916 1917/1917/1917 1918/1918/1918
f 1917/1917/1917 1891/1891/1891 1918/1918/1918
f 1918/1918/1918 1891/1891/1891 1889/1889/1889
f 1889/1889/1889 1887/1887/1887 1918/1918/1918
f 1887/1887/1887 1919/1919/1919 1918/1918/1918
f 1918/1918/1918 1919/1919/1919 1916/1916/1916
f 1919/1919/1919 1920/1920/1920 1916/1916/1916
f 1916/1916/1916 1920/1920/1920 1915/1915/1915
f 1920/1920/1920 1921/1921/1921 1915/1915/1915
f 1915/1915/1915 1921/1921/1921 1922/1922/1922
f 1921/1921/1921 1923/1923/1923 1922/1922/1922
f 1922/1922/1922 1923/1923/1923 1924/1924/1924
f 1923/1923/1923 1925/1925/1925 1924/1924/1924
f 1923/1923/1923 1921/1921/1921 1926/1926/1926
f 1921/1921/1921 1920/1920/1920 1926/1926/1926
f 1926/1926/1926 1920/1920/1920 1927/1927/1927
f 1920/1920/1920 1919/1919/1919 1927/1927/1927
f 1927/1927/1927 1919/1919/1919 1928/1928/1928
f 1919/1919/1919 1929/1929/1929 1928/1928/1928
f 1928/1928/1928 1929/1929/1929 1930/1930/1930
f 1929/1929/1929 1931/1931/1931 1930/1930/1930
f 1919/1919/1919 1887/1887/1887 1929/1929/1929
f 1887/1887/1887 1931/1931/1931 1929/1929/1929
f 1915/1915/1915 1922/1922/1922 1914/1914/1914
f 1922/1922/1922 1932/1932/1932 1914/1914/1914
f 1914/1914/1914 1932/1932/1932 1933/1933/1933
f 1893/1893/1893 1891/1891/1891 1905/1905/1905
f 1891/1891/1891 1917/1917/1917 1905/1905/1905
f 1905/1905/1905 1917/1917/1917 1910/1910/1910
f 1892/1892/1892 1894/1894/1894 1934/1934/1934
f 1894/1894/1894 1935/1935/1935 1934/1934/1934
f 1934/1934/1934 1935/1935/1935 1936/1936/1936
f 1935/1935/1935 1937/1937/1937 1936/1936/1936
f 1936/1936/1936 1937/1937/1937 1938/1938/1938
f 1937/1937/1937 1939/1939/1939 1938/1938/1938
f 1937/1937/1937 1935/1935/1935 1940/1940/1940
f 1935/1935/1935 1896/1896/1896 1940/1940/1940
f 1940/1940/1940 1896/1896/1896 1941/1941/1941
f 1896/1896/1896 1898/1898/1898 1941/1941/1941
f 1941/1941/1941 1898/1898/1898 1942/1942/1942
f 1898/1898/1898 1900/1900/1900 1942/1942/1942
f 1942/1942/1942 1900/1900/1900 1943/1943/1943
f 1900/1900/1900 1902/1902/1902 1943/1943/1943
f 1943/1943/1943 1902/1902/1902 1944/1944/1944
f 1902/1902/1902 1904/1904/1904 1944/1944/1944
f 1944/1944/1944 1904/1904/1904 1945/1945/1945
f 1942/1942/1942 1943/1943/1943 1946/1946/1946
f 1943/1943/1943 1944/1944/1944 1946/1946/1946
f 1946/1946/1946 1944/1944/1944 1947/1947/1947
f 1944/1944/1944 1945/1945/1945 1947/1947/1947
f 1947/1947/1947 1945/1945/1945 1948/1948/1948
f 1946/1946/1946 1949/1949/1949 1942/1942/1942
f 1949/1949/1949 1950/1950/1950 1942/1942/1942
f 1942/1942/1942 1950/1950/1950 1941/1941/1941
f 1950/1950/1950 1951/1951/1951 1941/1941/1941
f 1941/1941/1941 1951/1951/1951 1940/1940/1940
f 1951/1951/1951 1952/1952/1952 1940/1940/1940
f 1940/1940/1940 1952/1952/1952 1953/1953/1953
f 1952/1952/1952 1954/1954/1954 1953/1953/1953
f 1953/1953/1953 1954/1954/1954 1955/1955/1955
f 1954/1954/1954 1956/1956/1956 1955/1955/1955
f 1955/1955/1955 1956/1956/1956 1957/1957/1957
f 1956/1956/1956 1958/1958/1958 1957/1957/1957
f 1957/1957/1957 1958/1958/1958 1959/1959/1959
f 1958/1958/1958 1960/1960/1960 1959/1959/1959
f 1959/1959/1959 1960/1960/1960 1961/1961/1961
f 1959/1959/1959 1962/1962/1962 1957/1957/1957
f 1962/1962/1962 1963/1963/1963 1957/1957/1957
f 1957/1957/1957 1963/1963/1963 1955/1955/1955
f 1963/1963/1963 1964/1964/1964 1955/1955/1955
f 1955/1955/1955 1964/1964/1964 1953/1953/1953
f 1964/1964/1964 1937/1937/1937 1953/1953/1953
f 1953/1953/1953 1937/1937/1937 1940/1940/1940
f 1962/1962/1962 1961/1961/1961 1963/1963/1963
f 1961/1961/1961 1965/1965/1965 1963/1963/1963
f 1963/1963/1963 1965/1965/1965 1964/1964/1964
f 1965/1965/1965 1939/1939/1939 1964/1964/1964
f 1964/1964/1964 1939/1939/1939 1937/1937/1937
f 1952/1952/1952 1951/1951/1951 1966/1966/1966
f 1951/1951/1951 1967/1967/1967 1966/1966/1966
f 1967/1967/1967 1951/1951/1951 1968/1968/1968
f 1951/1951/1951 1969/1969/1969 1968/1968/1968
f 1968/1968/1968 1969/1969/1969 1970/1970/1970
f 1969/1969/1969 1971/1971/1971 1970/1970/1970
f 1970/1970/1970 1971/1971/1971 1972/1972/1972
f 1951/1951/1951 1950/1950/1950 1969/1969/1969
f 1950/1950/1950 1973/1973/1973 1969/1969/1969
f 1969/1969/1969 1973/1973/1973 1971/1971/1971
f 1973/1973/1973 1950/1950/1950 1974/1974/1974
f 1950/1950/1950 1975/1975/1975 1974/1974/1974
f 1974/1974/1974 1975/1975/1975 1976/1976/1976
f 1975/1975/1975 1977/1977/1977 1976/1976/1976
f 1976/1976/1976 1977/1977/1977 1978/1978/1978
f 1950/1950/1950 1949/1949/1949 1975/1975/1975
f 1949/1949/1949 1979/1979/1979 1975/1975/1975
f 1975/1975/1975 1979/1979/1979 1977/1977/1977
f 1979/1979/1979 1949/1949/1949 1980/1980/1980
f 1949/1949/1949 1981/1981/1981 1980/1980/1980
f 1980/1980/1980 1981/1981/1981 1982/1982/1982
f 1981/1981/1981 1983/1983/1983 1982/1982/1982
f 1982/1982/1982 1983/1983/1983 1984/1984/1984
f 1983/1983/1983 1981/1981/1981 1985/1985/1985
f 1981/1981/1981 1946/1946/1946 1985/1985/1985
f 1985/1985/1985 1946/1946/1946 1986/1986/1986
f 1946/1946/1946 1947/1947/1947 1986/1986/1986
f 1986/1986/1986 1947/1947/1947 1987/1987/1987
f 1947/1947/1947 1988/1988/1988 1987/1987/1987
f 1987/1987/1987 1988/1988/1988 1989/1989/1989
f 1988/1988/1988 1990/1990/1990 1989/1989/1989
f 1989/1989/1989 1990/1990/1990 1991/1991/1991
f 1990/1990/1990 1992/1992/1992 1991/1991/1991
f 1991/1991/1991 1992/1992/1992 1993/1993/1993
f 1986/1986/1986 1987/1987/1987 1994/1994/1994
f 1987/1987/1987 1989/1989/1989 1994/1994/1994
f 1994/1994/1994 1989/1989/1989 1995/1995/1995
f 1989/1989/1989 1991/1991/1991 1995/1995/1995
f 1995/1995/1995 1991/1991/1991 1993/1993/1993
f 1995/1995/1995 1996/1996/1996 1994/1994/1994
f 1996/1996/1996 1997/1997/1997 1994/1994/1994
f 1994/1994/1994 1997/1997/1997 1986/1986/1986
f 1997/1997/1997 1985/1985/1985 1986/1986/1986
f 1973/1973/1973 1974/1974/1974 1998/1998/1998
f 1974/1974/1974 1999/1999/1999 1998/1998/1998
f 1998/1998/1998 1999/1999/1999 2000/2000/2000
f 1999/1999/1999 2001/2001/2001 2000/2000/2000
f 2000/2000/2000 2001/2001/2001 2002/2002/2002
f 2001/2001/2001 2003/2003/2003 2002/2002/2002
f 1974/1974/1974 1976/1976/1976 1999/1999/1999
f 1976/1976/1976 2004/2004/2004 1999/1999/1999
f 1999/1999/1999 2004/2004/2004 2001/2001/2001
f 2004/2004/2004 2003/2003/2003 2001/2001/2001
f 2003/2003/2003 2004/2004/2004 1978/1978/1978
f 2004/2004/2004 1976/1976/1976 1978/1978/1978
f 1979/1979/1979 1980/1980/1980 2005/2005/2005
f 1980/1980/1980 2006/2006/2006 2005/2005/2005
f 2005/2005/2005 2006/2006/2006 2007/2007/2007
f 2006/2006/2006 2008/2008/2008 2007/2007/2007
f 2007/2007/2007 2008/2008/2008 2009/2009/2009
f 2008/2008/2008 2010/2010/2010 2009/2009/2009
f 1980/1980/1980 1982/1982/1982 2006/2006/2006
f 1982/1982/1982 2011/2011/2011 2006/2006/2006
f 2006/2006/2006 2011/2011/2011 2008/2008/2008
f 2011/2011/2011 2010/2010/2010 2008/2008/2008
f 2010/2010/2010 2011/2011/2011 1984/1984/1984
f 2011/2011/2011 1982/1982/1982 1984/1984/1984
f 1967/1967/1967 1968/1968/1968 2012/2012/2012
f 1968/1968/1968 2013/2013/2013 2012/2012/2012
f 2012/2012/2012 2013/2013/2013 2014/2014/2014
f 2013/2013/2013 2015/2015/2015 2014/2014/2014
f 2014/2014/2014 2015/2015/2015 2016/2016/2016
f 2015/2015/2015 1972/1972/1972 2016/2016/2016
f 1972/1972/1972 2015/2015/2015 1970/1970/1970
f 2015/2015/2015 2013/2013/2013 1970/1970/1970
f 1970/1970/1970 2013/2013/2013 1968/1968/1968
f 2012/2012/2012 2014/2014/2014 2017/2017/2017
f 2014/2014/2014 2016/2016/2016 2017/2017/2017
f 2018/2018/2018 2019/2019/2019 2020/2020/2020
f 2019/2019/2019 2021/2021/2021 2020/2020/2020
f 2020/2020/2020 2021/2021/2021 2022/2022/2022
f 2021/2021/2021 2023/2023/2023 2022/2022/2022
f 2022/2022/2022 2023/2023/2023 2024/2024/2024
f 2023/2023/2023 1794/1794/1794 2024/2024/2024
f 2019/2019/2019 1737/1737/1737 2021/2021/2021
f 1737/1737/1737 1735/1735/1735 2021/2021/2021
f 2021/2021/2021 1735/1735/1735 2023/2023/2023
f 1735/1735/1735 1733/1733/1733 2023/2023/2023
f 2023/2023/2023 1733/1733/1733 1794/1794/1794
f 2024/2024/2024 2025/2025/2025 2022/2022/2022
f 2025/2025/2025 2026/2026/2026 2022/2022/2022
f 2022/2022/2022 2026/2026/2026 2020/2020/2020
f 2026/2026/2026 2018/2018/2018 2020/2020/2020
f 2018/2018/2018 2026/2026/2026 2027/2027/2027
f 2026/2026/2026 2025/2025/2025 2027/2027/2027
f 2028/2028/2028 2029/2029/2029 2030/2030/2030
f 2029/2029/2029 2031/2031/2031 2030/2030/2030
f 2030/2030/2030 2031/2031/2031 2032/2032/2032
f 2031/2031/2031 2033/2033/2033 2032/2032/2032
f 2032/2032/2032 2033/2033/2033 2034/2034/2034
f 2033/2033/2033 2035/2035/2035 2034/2034/2034
f 2034/2034/2034 2035/2035/2035 2036/2036/2036
f 2035/2035/2035 2037/2037/2037 2036/2036/2036
f 2036/2036/2036 2037/2037/2037 2038/2038/2038
f 2029/2029/2029 2037/2037/2037 2031/2031/2031
f 2037/2037/2037 2035/2035/2035 2031/2031/2031
f 2031/2031/2031 2035/2035/2035 2033/2033/2033
f 220/220/220 221/221/221 2039/2039/2039
f 221/221/221 222/222/222 2039/2039/2039
f 2039/2039/2039 222/222/222 2040/2040/2040
f 222/222/222 223/223/223 2040/2040/2040
f 2040/2040/2040 223/223/223 707/707/707
f 707/707/707 2041/2041/2041 2040/2040/2040
f 2041/2041/2041 2042/2042/2042 2040/2040/2040
f 2040/2040/2040 2042/2042/2042 2039/2039/2039
f 2042/2042/2042 2043/2043/2043 2039/2039/2039
f 2039/2039/2039 2043/2043/2043 220/220/220
f 2043/2043/2043 210/210/210 220/220/220
f 2041/2041/2041 703/703/703 2042/2042/2042
f 703/703/703 2044/2044/2044 2042/2042/2042
f 2042/2042/2042 2044/2044/2044 2043/2043/2043
f 2044/2044/2044 209/209/209 2043/2043/2043
f 2043/2043/2043 209/209/209 210/210/210
f 209/209/209 2044/2044/2044 208/208/208
f 2044/2044/2044 2045/2045/2045 208/208/208
f 208/208/208 2045/2045/2045 701/701/701
f 2045/2045/2045 703/703/703 701/701/701
f 703/703/703 2041/2041/2041 704/704/704
f 2041/2041/2041 705/705/705 704/704/704
f 2046/2046/2046 2047/2047/2047 2048/2048/2048
f 2047/2047/2047 2049/2049/2049 2048/2048/2048
f 2048/2048/2048 2049/2049/2049 2050/2050/2050
f 2049/2049/2049 2051/2051/2051 2050/2050/2050
f 2050/2050/2050 2051/2051/2051 2052/2052/2052
f 2051/2051/2051 2053/2053/2053 2052/2052/2052
f 2052/2052/2052 2053/2053/2053 2054/2054/2054
f 2053/2053/2053 2055/2055/2055 2054/2054/2054
f 2054/2054/2054 2055/2055/2055 2056/2056/2056
f 2055/2055/2055 2057/2057/2057 2056/2056/2056
f 2056/2056/2056 2057/2057/2057 2058/2058/2058
f 2057/2057/2057 2059/2059/2059 2058/2058/2058
f 2058/2058/2058 2059/2059/2059 2060/2060/2060
f 2059/2059/2059 2047/2047/2047 2060/2060/2060
f 2060/2060/2060 2047/2047/2047 2061/2061/2061
f 2047/2047/2047 2062/2062/2062 2061/2061/2061
f 2047/2047/2047 2059/2059/2059 2049/2049/2049
f 2059/2059/2059 2063/2063/2063 2049/2049/2049
f 2049/2049/2049 2063/2063/2063 2051/2051/2051
f 2063/2063/2063 2064/2064/2064 2051/2051/2051
f 2051/2051/2051 2064/2064/2064 2053/2053/2053
f 2064/2064/2064 2055/2055/2055 2053/2053/2053
f 2059/2059/2059 2057/2057/2057 2063/2063/2063
f 2057/2057/2057 2055/2055/2055 2063/2063/2063
f 2063/2063/2063 2055/2055/2055 2064/2064/2064
f 2052/2052/2052 2054/2054/2054 2065/2065/2065
f 2054/2054/2054 2056/2056/2056 2065/2065/2065
f 2065/2065/2065 2056/2056/2056 2066/2066/2066
f 2056/2056/2056 2067/2067/2067 2066/2066/2066
f 2066/2066/2066 2067/2067/2067 2068/2068/2068
f 2067/2067/2067 2069/2069/2069 2068/2068/2068
f 2056/2056/2056 2058/2058/2058 2067/2067/2067
f 2058/2058/2058 2070/2070/2070 2067/2067/2067
f 2067/2067/2067 2070/2070/2070 2071/2071/2071
f 2070/2070/2070 2072/2072/2072 2071/2071/2071
f 2071/2071/2071 2072/2072/2072 2073/2073/2073
f 2073/2073/2073 2074/2074/2074 2071/2071/2071
f 2074/2074/2074 2069/2069/2069 2071/2071/2071
f 2071/2071/2071 2069/2069/2069 2067/2067/2067
f 2061/2061/2061 2075/2075/2075 2060/2060/2060
f 2075/2075/2075 2070/2070/2070 2060/2060/2060
f 2060/2060/2060 2070/2070/2070 2058/2058/2058
f 2076/2076/2076 2077/2077/2077 2078/2078/2078
f 2077/2077/2077 2079/2079/2079 2078/2078/2078
f 2078/2078/2078 2079/2079/2079 2080/2080/2080
f 2079/2079/2079 2081/2081/2081 2080/2080/2080
f 2080/2080/2080 2081/2081/2081 2082/2082/2082
f 2081/2081/2081 2083/2083/2083 2082/2082/2082
f 2082/2082/2082 2083/2083/2083 2034/2034/2034
f 2083/2083/2083 2032/2032/2032 2034/2034/2034
f 2077/2077/2077 2084/2084/2084 2079/2079/2079
f 2084/2084/2084 2085/2085/2085 2079/2079/2079
f 2079/2079/2079 2085/2085/2085 2081/2081/2081
f 2085/2085/2085 2086/2086/2086 2081/2081/2081
f 2081/2081/2081 2086/2086/2086 2083/2083/2083
f 2086/2086/2086 2032/2032/2032 2083/2083/2083
f 2084/2084/2084 2087/2087/2087 2085/2085/2085
f 2087/2087/2087 2088/2088/2088 2085/2085/2085
f 2085/2085/2085 2088/2088/2088 2086/2086/2086
f 2088/2088/2088 2030/2030/2030 2086/2086/2086
f 2086/2086/2086 2030/2030/2030 2032/2032/2032
f 2087/2087/2087 2089/2089/2089 2088/2088/2088
f 2089/2089/2089 2090/2090/2090 2088/2088/2088
f 2088/2088/2088 2090/2090/2090 2028/2028/2028
f 2034/2034/2034 2036/2036/2036 2082/2082/2082
f 2036/2036/2036 2038/2038/2038 2082/2082/2082
f 2082/2082/2082 2038/2038/2038 2091/2091/2091
f 2082/2082/2082 2091/2091/2091 2080/2080/2080
f 2091/2091/2091 2092/2092/2092 2080/2080/2080
f 2080/2080/2080 2092/2092/2092 2093/2093/2093
f 2080/2080/2080 2093/2093/2093 2078/2078/2078
f 2093/2093/2093 2094/2094/2094 2078/2078/2078
f 2078/2078/2078 2094/2094/2094 2076/2076/2076
f 564/564/564 563/563/563 2095/2095/2095
f 563/563/563 562/562/562 2095/2095/2095
f 2095/2095/2095 562/562/562 561/561/561
f 561/561/561 2096/2096/2096 2095/2095/2095
f 2096/2096/2096 566/566/566 2095/2095/2095
f 2095/2095/2095 566/566/566 564/564/564
f 486/486/486 2097/2097/2097 2098/2098/2098
f 2097/2097/2097 480/480/480 2098/2098/2098
f 2098/2098/2098 480/480/480 481/481/481
f 481/481/481 482/482/482 2098/2098/2098
f 482/482/482 484/484/484 2098/2098/2098
f 2098/2098/2098 484/484/484 486/486/486
f 2075/2075/2075 2072/2072/2072 2070/2070/2070
f 1014/1014/1014 1016/1016/1016 1019/1019/1019
f 861/861/861 930/930/930 929/929/929
f 1202/1202/1202 1243/1243/1243 1204/1204/1204
f 880/880/880 882/882/882 1193/1193/1193
f 841/841/841 837/837/837 839/839/839
f 840/840/840 838/838/838 902/902/902
f 923/923/923 921/921/921 835/835/835
f 1228/1228/1228 1220/1220/1220 1219/1219/1219
f 848/848/848 878/878/878 1203/1203/1203
f 843/843/843 845/845/845 1004/1004/1004
f 852/852/852 850/850/850 1133/1133/1133
f 962/962/962 950/950/950 948/948/948
f 978/978/978 981/981/981 979/979/979
f 1112/1112/1112 856/856/856 854/854/854
f 738/738/738 739/739/739 736/736/736
f 706/706/706 689/689/689 691/691/691
f 354/354/354 363/363/363 356/356/356
f 343/343/343 470/470/470 341/341/341
f 166/166/166 171/171/171 2099/2099/2099
f 117/117/117 116/116/116 157/157/157
f 801/801/801 800/800/800 2100/2100/2100
f 46/46/46 47/47/47 53/53/53
f 49/49/49 2101/2101/2101 50/50/50
f 113/113/113 167/167/167 115/115/115
f 705/705/705 2041/2041/2041 707/707/707
f 743/743/743 2102/2102/2102 742/742/742
f 675/675/675 677/677/677 680/680/680
f 664/664/664 643/643/643 641/641/641
f 713/713/713 2103/2103/2103 714/714/714
f 1568/1568/1568 1566/1566/1566 1627/1627/1627
f 1758/1758/1758 1764/1764/1764 1760/1760/1760
f 1609/1609/1609 1554/1554/1554 1552/1552/1552
f 1577/1577/1577 1585/1585/1585 1575/1575/1575
f 485/485/485 490/490/490 487/487/487
f 1847/1847/1847 1852/1852/1852 1849/1849/1849
f 477/477/477 475/475/475 476/476/476
f 433/433/433 431/431/431 429/429/429
f 450/450/450 446/446/446 445/445/445
f 463/463/463 468/468/468 460/460/460
f 443/443/443 407/407/407 408/408/408
f 2062/2062/2062 2047/2047/2047 2046/2046/2046
f 701/701/701 697/697/697 699/699/699
f 916/916/916 918/918/918 992/992/992
f 1683/1683/1683 1685/1685/1685 1684/1684/1684
f 2044/2044/2044 703/703/703 2045/2045/2045
f 179/179/179 269/269/269 181/181/181
f 1265/1265/1265 1058/1058/1058 1060/1060/1060
f 1148/1148/1148 1150/1150/1150 1254/1254/1254
f 826/826/826 824/824/824 909/909/909
f 891/891/891 889/889/889 896/896/896
f 1094/1094/1094 932/932/932 933/933/933
f 1095/1095/1095 1091/1091/1091 1093/1093/1093
f 1161/1161/1161 1144/1144/1144 1146/1146/1146
f 1258/1258/1258 1256/1256/1256 1255/1255/1255
f 752/752/752 2104/2104/2104 34/34/34
f 263/263/263 270/270/270 264/264/264
f 1474/1474/1474 1504/1504/1504 1472/1472/1472
f 272/272/272 619/619/619 271/271/271
f 765/765/765 756/756/756 754/754/754
f 1501/1501/1501 1499/1499/1499 1508/1508/1508
f 248/248/248 2105/2105/2105 249/249/249
f 104/104/104 60/60/60 62/62/62
f 240/240/240 231/231/231 229/229/229
f 274/274/274 242/242/242 241/241/241
f 89/89/89 91/91/91 101/101/101
f 92/92/92 98/98/98 94/94/94
f 85/85/85 83/83/83 2106/2106/2106
f 1188/1188/1188 1187/1187/1187 1194/1194/1194
f 173/173/173 177/177/177 174/174/174
f 1181/1181/1181 1192/1192/1192 884/884/884
f 1139/1139/1139 1221/1221/1221 1141/1141/1141
f 201/201/201 199/199/199 608/608/608
f 143/143/143 138/138/138 137/137/137
f 275/275/275 2107/2107/2107 276/276/276
f 1303/1303/1303 1361/1361/1361 1301/1301/1301
f 1894/1894/1894 1896/1896/1896 1935/1935/1935
f 1346/1346/1346 1344/1344/1344 1359/1359/1359
f 1914/1914/1914 1933/1933/1933 1913/1913/1913
f 1959/1959/1959 1961/1961/1961 1962/1962/1962
f 1947/1947/1947 1948/1948/1948 1988/1988/1988
f 1949/1949/1949 1946/1946/1946 1981/1981/1981
f 1286/1286/1286 1284/1284/1284 1340/1340/1340
f 1342/1342/1342 1314/1314/1314 1312/1312/1312
f 1996/1996/1996 1995/1995/1995 1993/1993/1993
f 1316/1316/1316 1313/1313/1313 1315/1315/1315
f 1378/1378/1378 1377/1377/1377 1379/1379/1379
f 1924/1924/1924 1932/1932/1932 1922/1922/1922
f 1931/1931/1931 1887/1887/1887 1886/1886/1886
f 1923/1923/1923 1926/1926/1926 1925/1925/1925
f 1864/1864/1864 1861/1861/1861 1860/1860/1860
f 526/526/526 536/536/536 551/551/551
f 2028/2028/2028 2030/2030/2030 2088/2088/2088
f 1435/1435/1435 1431/1431/1431 1433/1433/1433
o object_1
g object_1
usemtl object_1
v 0.06657110899686813 1.6304420232772827 0.08859170973300934 
v 0.07264218479394913 1.6374152898788452 0.07372963428497314 
v 0.067192941904068 1.6532262563705444 0.10081201791763306 
v 0.07227684557437897 1.6624952554702759 0.07758466899394989 
v 0.06427878141403198 1.6640022993087769 0.10635223984718323 
v 0.07044080644845963 1.675756573677063 0.07885042577981949 
v 0.060616251081228256 1.6759775876998901 0.11095619946718216 
v 0.06673220545053482 1.6874442100524902 0.07982397824525833 
v 0.07379964739084244 1.640406608581543 0.05618024617433548 
v 0.07460790872573853 1.6647186279296875 0.055073872208595276 
v 0.07071562856435776 1.679240107536316 0.0550662986934185 
v 0.06639843434095383 1.6917909383773804 0.05443916842341423 
v 0.07490281760692596 1.640450358390808 0.03591258451342583 
v 0.07629859447479248 1.6644774675369263 0.03418958932161331 
v 0.07238542288541794 1.6774359941482544 0.034145601093769073 
v 0.06875909864902496 1.6905536651611328 0.032520946115255356 
v 0.07460524886846542 1.6364678144454956 0.013308444060385227 
v 0.07389276474714279 1.6629142761230469 0.010759138502180576 
v 0.07456517964601517 1.6753573417663574 0.009571678005158901 
v 0.07206355035305023 1.687792181968689 0.00678588543087244 
v 0.07129717618227005 1.6358059644699097 -0.0074109300039708614 
v 0.072486013174057 1.657859206199646 -0.009530408307909966 
v 0.06802771985530853 1.6679326295852661 -0.011864406988024712 
v 0.06658687442541122 1.6793241500854492 -0.013142417185008526 
v 0.05791856348514557 1.6330116987228394 -0.026336029171943665 
v 0.06155173480510712 1.6505762338638306 -0.029069986194372177 
v 0.05720852315425873 1.658149242401123 -0.03141382709145546 
v 0.0575462244451046 1.6673537492752075 -0.031997859477996826 
v -0.005046360660344362 1.7373210191726685 0.04700533673167229 
v -0.008300699293613434 1.7371968030929565 0.04500452056527138 
v -0.009672760032117367 1.7405282258987427 0.052673064172267914 
v -0.013213787227869034 1.7403675317764282 0.049981895834207535 
v -0.017311129719018936 1.7396467924118042 0.05523555353283882 
v -0.01516543235629797 1.7397857904434204 0.05780515447258949 
v -0.021344786509871483 1.735291600227356 0.0566982664167881 
v -0.020121583715081215 1.7352676391601562 0.05877647176384926 
v -0.008359160274267197 1.740734577178955 0.03407004848122597 
v -0.009181170724332333 1.7403550148010254 0.03307468071579933 
v -0.016063181683421135 1.737277626991272 0.03956913203001022 
v -0.016506541520357132 1.7371376752853394 0.0379418283700943 
v -0.024591440334916115 1.732304573059082 0.04011652618646622 
v -0.02478000335395336 1.7320647239685059 0.04207611829042435 
v -0.03281792253255844 1.726648211479187 0.04001661017537117 
v -0.03295870125293732 1.7264386415481567 0.041504476219415665 
v -0.037473924458026886 1.7287698984146118 0.03311207517981529 
v -0.03408491611480713 1.7287975549697876 0.03227601945400238 
v -0.03736571967601776 1.7286354303359985 0.032350026071071625 
v -0.03426536172628403 1.7286947965621948 0.03131032735109329 
v -0.029733585193753242 1.7297582626342773 0.030958466231822968 
v -0.030977763235569 1.7291687726974487 0.029406659305095673 
v -0.027689211070537567 1.7305947542190552 0.02696361020207405 
v -0.025271305814385414 1.7318315505981445 0.028084509074687958 
v -0.005080259870737791 1.7349258661270142 0.020775064826011658 
v -0.006705604959279299 1.734230399131775 0.018970713019371033 
v -0.0152696268633008 1.735697865486145 0.023908715695142746 
v -0.01757456548511982 1.7342699766159058 0.02174334228038788 
v -0.028757993131875992 1.7303701639175415 0.026467744261026382 
v -0.02679162658751011 1.7318549156188965 0.027917858213186264 
v -0.03425270691514015 1.7275406122207642 0.028881564736366272 
v -0.03332715108990669 1.7282017469406128 0.029560565948486328 
v -0.006722577381879091 1.7357177734375 0.020047880709171295 
v -0.007060313131660223 1.7353101968765259 0.01760121062397957 
v -0.014805492013692856 1.737742304801941 0.02019253745675087 
v -0.014922389760613441 1.7377262115478516 0.019097108393907547 
v -0.02488514967262745 1.7353922128677368 0.01970531791448593 
v -0.025139780715107918 1.7354336977005005 0.020150385797023773 
v -0.034790221601724625 1.7343720197677612 0.019540831446647644 
v -0.033853910863399506 1.7317944765090942 0.01993187889456749 
v -0.015075010247528553 1.734613299369812 0.014599793590605259 
v -0.011814683675765991 1.7347949743270874 0.00912407971918583 
v -0.023351704701781273 1.73358952999115 0.010834409855306149 
v -0.019418295472860336 1.7350157499313354 0.0058777183294296265 
v -0.0252014622092247 1.7336841821670532 0.002572166733443737 
v -0.02956397272646427 1.733054280281067 0.006497555412352085 
v -0.03614116087555885 1.7319918870925903 -0.005716794170439243 
v -0.038008686155080795 1.732218623161316 -0.0010757871204987168 
v -0.02009592019021511 1.7321487665176392 -0.015422659926116467 
v -0.017218904569745064 1.7327467203140259 -0.007821191102266312 
v -0.019572198390960693 1.732287049293518 -0.01562400721013546 
v -0.01625347137451172 1.7331463098526 -0.008600585162639618 
v -0.014730698429048061 1.7329646348953247 -0.0026067844592034817 
v -0.013600924983620644 1.7332253456115723 -0.002876435173675418 
v -0.011534025892615318 1.7332943677902222 -0.0010294958483427763 
v -0.01301029697060585 1.7331384420394897 -0.00002095196396112442 
v 0.018147382885217667 1.7195733785629272 -0.025828249752521515 
v 0.021407069638371468 1.713645100593567 -0.03181532770395279 
v 0.012280795723199844 1.7224922180175781 -0.03217011317610741 
v 0.016154145821928978 1.7168666124343872 -0.03604033961892128 
v 0.009726817719638348 1.714856505393982 -0.0353509895503521 
v 0.006983001716434956 1.7220560312271118 -0.032617129385471344 
v 0.001950629404745996 1.7154780626296997 -0.03599059581756592 
v 0.0006686279084533453 1.719452977180481 -0.034273434430360794 
v 0.016267919912934303 1.7328294515609741 0.013761327601969242 
v 0.01683962345123291 1.7323700189590454 0.012458047829568386 
v 0.011404866352677345 1.7369742393493652 0.006305042654275894 
v 0.012082625180482864 1.7365574836730957 0.004573422484099865 
v 0.005490690935403109 1.738207459449768 -0.0043120780028402805 
v 0.0050221653655171394 1.7382310628890991 -0.002528546843677759 
v -0.0013540061190724373 1.7368274927139282 -0.011623554863035679 
v -0.001644716365262866 1.736695647239685 -0.010244936682283878 
v 0.030165862292051315 1.7288898229599 0.07419942319393158 
v 0.030714644119143486 1.729103684425354 0.07327710837125778 
v 0.026143960654735565 1.7304250001907349 0.07577251642942429 
v 0.025663696229457855 1.730727195739746 0.07426390051841736 
v 0.021276257932186127 1.7307826280593872 0.07406745851039886 
v 0.02142777107656002 1.7293833494186401 0.07633348554372787 
v 0.01890331692993641 1.7296003103256226 0.07325311750173569 
v 0.018205519765615463 1.7294024229049683 0.07580364495515823 
v 0.015572518110275269 1.7294931411743164 0.07198896259069443 
v 0.013177032582461834 1.73043692111969 0.07479961216449738 
v 0.01308218389749527 1.7302594184875488 0.07180988043546677 
v 0.017996707931160927 1.7277928590774536 0.07418405264616013 
v 0.015649421140551567 1.729390025138855 0.06938999891281128 
v 0.018965167924761772 1.7278056144714355 0.07187721133232117 
v 0.021765967831015587 1.7283587455749512 0.07517195492982864 
v 0.021867437288165092 1.728081226348877 0.0731324702501297 
v 0.02658102661371231 1.7282544374465942 0.07531330734491348 
v 0.026373378932476044 1.7275663614273071 0.07378914952278137 
v 0.030758103355765343 1.7277336120605469 0.07449746876955032 
v 0.03025587648153305 1.7274433374404907 0.07519124448299408 
v 0.012179315090179443 1.728817105293274 0.077400341629982 
v 0.01750832609832287 1.728707194328308 0.0788375660777092 
v 0.014523956924676895 1.729493260383606 0.07458071410655975 
v 0.018208526074886322 1.7304178476333618 0.07643900066614151 
v 0.02134758047759533 1.7278960943222046 0.07954157888889313 
v 0.02120392583310604 1.7296291589736938 0.07747411727905273 
v 0.02607693336904049 1.7281908988952637 0.07883003354072571 
v 0.025657476857304573 1.7286521196365356 0.07733680307865143 
v 0.03053828701376915 1.7266684770584106 0.07669281214475632 
v 0.02999129146337509 1.7264968156814575 0.07760071754455566 
v -0.02701040357351303 1.7173194885253906 -0.03684275969862938 
v -0.029420355334877968 1.7216421365737915 -0.030976489186286926 
v -0.025793025270104408 1.7180596590042114 -0.03680594637989998 
v -0.027577130123972893 1.72238028049469 -0.030966028571128845 
v -0.02823087014257908 1.7235075235366821 -0.023928165435791016 
v -0.026321692392230034 1.7237628698349 -0.023966319859027863 
v -0.026629788801074028 1.7239550352096558 -0.02013484388589859 
v -0.02791689708828926 1.7238627672195435 -0.020085640251636505 
v -0.025212405249476433 1.727185845375061 -0.01078568771481514 
v -0.024523591622710228 1.72746741771698 -0.011975192464888096 
v -0.030281726270914078 1.7266737222671509 -0.014851897954940796 
v -0.028870398178696632 1.727044701576233 -0.01658254861831665 
v -0.03447459638118744 1.7258414030075073 -0.021639686077833176 
v -0.036249399185180664 1.7259217500686646 -0.02001800388097763 
v -0.0379442535340786 1.7240632772445679 -0.026143193244934082 
v -0.03930678218603134 1.7241677045822144 -0.025045152753591537 
v -0.036599352955818176 1.727289080619812 0.014317254535853863 
v -0.039805877953767776 1.727084755897522 0.009731856174767017 
v -0.041181135922670364 1.7284902334213257 0.015250368975102901 
v -0.04256812855601311 1.7281619310379028 0.01235230639576912 
v -0.045039188116788864 1.728406310081482 0.014640755020081997 
v -0.043410524725914 1.7283477783203125 0.015549358911812305 
v -0.047705069184303284 1.727889895439148 0.014675361104309559 
v -0.048142630606889725 1.7280393838882446 0.0157228522002697 
v -0.041225969791412354 1.7259706258773804 0.00930250808596611 
v -0.04323536530137062 1.7249711751937866 0.005699222907423973 
v -0.04754442349076271 1.728093147277832 0.012817872688174248 
v -0.04855385795235634 1.727790355682373 0.009234406985342503 
v -0.05002349987626076 1.7259715795516968 0.010522805154323578 
v -0.050119850784540176 1.7260822057724 0.013367685489356518 
v -0.0503370501101017 1.7242463827133179 0.01018183957785368 
v -0.0504269041121006 1.7242026329040527 0.01255302969366312 
v -0.013146694749593735 1.7346857786178589 0.023714106529951096 
v -0.013386723585426807 1.7341092824935913 0.02177286148071289 
v -0.020328598096966743 1.7341481447219849 0.023861903697252274 
v -0.02097325772047043 1.733543872833252 0.022376999258995056 
v -0.03032635524868965 1.7339831590652466 0.022953540086746216 
v -0.030712751671671867 1.7339786291122437 0.02444947138428688 
v -0.03590083494782448 1.7319036722183228 0.024082358926534653 
v -0.03592844679951668 1.7317503690719604 0.025437012314796448 
v 0.003516601165756583 1.735230803489685 0.013641026802361012 
v 0.0033698491752147675 1.734495997428894 0.00917716696858406 
v -0.0015685930848121643 1.7413080930709839 0.016173075884580612 
v -0.0041259354911744595 1.7418276071548462 0.012370730750262737 
v -0.010264393873512745 1.74065101146698 0.012906946241855621 
v -0.009876121766865253 1.741464614868164 0.015024865977466106 
v -0.016107192263007164 1.7365282773971558 0.008904645219445229 
v -0.01648336462676525 1.7367104291915894 0.01083320565521717 
v -0.003301780903711915 1.7385202646255493 0.013934188522398472 
v -0.0032817432656884193 1.7380930185317993 0.012131009250879288 
v -0.008659934625029564 1.7397652864456177 0.013439471833407879 
v -0.008458653464913368 1.7390741109848022 0.011268802918493748 
v -0.01607886701822281 1.737589955329895 0.009229463525116444 
v -0.016318874433636665 1.7381566762924194 0.010771152563393116 
v -0.022279711440205574 1.7341781854629517 0.00579215120524168 
v -0.022383760660886765 1.7344064712524414 0.006658894009888172 
v -0.016466885805130005 1.734122633934021 0.01833033561706543 
v -0.01468612439930439 1.7348624467849731 0.014687052927911282 
v -0.02438388019800186 1.7324973344802856 0.015503074042499065 
v -0.023456720635294914 1.7333731651306152 0.01199027244001627 
v -0.030500398948788643 1.7339848279953003 0.00740936491638422 
v -0.0313117690384388 1.7325714826583862 0.011343036778271198 
v -0.03725399449467659 1.7343182563781738 0.00029854150488972664 
v -0.03810867667198181 1.7347089052200317 0.0036566616035997868 
v -0.022682731971144676 1.732198715209961 0.018880538642406464 
v -0.02198723889887333 1.7326884269714355 0.0170183926820755 
v -0.028221415355801582 1.7293661832809448 0.017798863351345062 
v -0.02734632045030594 1.7295938730239868 0.014847452752292156 
v -0.03225896880030632 1.728345513343811 0.012612929567694664 
v -0.0329885333776474 1.7283387184143066 0.014356148429214954 
v -0.03633059188723564 1.728140950202942 0.006794953718781471 
v -0.03678373247385025 1.7278310060501099 0.009367769584059715 
v 0.0012711610179394484 1.736186146736145 0.008534499444067478 
v 0.00018934383115265518 1.7364054918289185 0.004495694767683744 
v -0.005786302965134382 1.7386177778244019 0.008541746996343136 
v -0.006134526804089546 1.7366909980773926 0.003971561323851347 
v -0.014543846249580383 1.7374142408370972 0.0014340800698846579 
v -0.015184436924755573 1.737755298614502 0.0032735210843384266 
v -0.020978039130568504 1.7345682382583618 -0.0011457880027592182 
v -0.02138877473771572 1.7345281839370728 -0.00042790453881025314 
v 0.011211453936994076 1.736364722251892 0.016318295150995255 
v 0.012504756450653076 1.7354512214660645 0.014585555531084538 
v 0.007831467315554619 1.7384552955627441 0.010294144041836262 
v 0.009076673537492752 1.7374745607376099 0.008168873377144337 
v 0.0026233107782900333 1.7373501062393188 0.001167722512036562 
v 0.0022155758924782276 1.7377842664718628 0.0027527641505002975 
v -0.004051997791975737 1.7364526987075806 -0.00453514140099287 
v -0.004093579016625881 1.7365323305130005 -0.003611814696341753 
v 0.0048942952416837215 1.7383137941360474 0.01742338389158249 
v 0.00588610116392374 1.737935185432434 0.016883108764886856 
v 0.0026290975511074066 1.7392929792404175 0.013324395753443241 
v 0.0036766361445188522 1.7389692068099976 0.01271661464124918 
v 0.00017213515820913017 1.738113284111023 0.007222411222755909 
v -0.0003710900782607496 1.7383402585983276 0.00816559512168169 
v -0.003199225291609764 1.737226128578186 0.0024563753977417946 
v -0.0034347395412623882 1.7374669313430786 0.003496031276881695 
v -0.034828633069992065 1.7275761365890503 0.02067815512418747 
v -0.03977932035923004 1.7272897958755493 0.019260268658399582 
v -0.040885936468839645 1.7274502515792847 0.02425597980618477 
v -0.04102201387286186 1.727394938468933 0.022979050874710083 
v -0.04563097655773163 1.7291191816329956 0.02497602254152298 
v -0.0459582582116127 1.728683352470398 0.026139046996831894 
v -0.04886448383331299 1.7296795845031738 0.02559235319495201 
v -0.04848689213395119 1.7292391061782837 0.02610825002193451 
v -0.035896625369787216 1.7267121076583862 0.031374506652355194 
v -0.03837227076292038 1.7268437147140503 0.03041904792189598 
v -0.04058614373207092 1.7272610664367676 0.034784071147441864 
v -0.04115124046802521 1.7274998426437378 0.03358510509133339 
v -0.04576927423477173 1.728272795677185 0.034643370658159256 
v -0.04535190761089325 1.7280770540237427 0.035918526351451874 
v -0.048364222049713135 1.7290960550308228 0.032876983284950256 
v -0.048986610025167465 1.7288457155227661 0.033713050186634064 
v -0.017827456817030907 1.7313939332962036 -0.018307216465473175 
v -0.016438273712992668 1.732446551322937 -0.009793078526854515 
v -0.017286788672208786 1.7314335107803345 -0.018477756530046463 
v -0.015644986182451248 1.7328163385391235 -0.01051512360572815 
v -0.01482123788446188 1.7332030534744263 -0.005881806835532188 
v -0.013323552906513214 1.7336331605911255 -0.005671273916959763 
v -0.01178988441824913 1.7335805892944336 -0.002498126355931163 
v -0.013116264715790749 1.7333585023880005 -0.0021396735683083534 
v -0.015063387341797352 1.731411099433899 -0.018622126430273056 
v -0.012993939220905304 1.732909083366394 -0.010651174001395702 
v -0.0145289720967412 1.7313698530197144 -0.018800053745508194 
v -0.011260113678872585 1.7341252565383911 -0.01085890457034111 
v -0.012175516225397587 1.7335947751998901 -0.006424139719456434 
v -0.009812192991375923 1.7348076105117798 -0.0059709688648581505 
v -0.007548155263066292 1.733899474143982 0.00011414126493036747 
v -0.009316112846136093 1.7330689430236816 -0.0002807187847793102 
v -0.021836915984749794 1.7321791648864746 -0.013563997112214565 
v -0.01899023912847042 1.732772707939148 -0.0059409355744719505 
v -0.021399561315774918 1.7323198318481445 -0.013770531862974167 
v -0.0180398840457201 1.7332404851913452 -0.006732206791639328 
v -0.016485312953591347 1.7337068319320679 -0.0009311184985563159 
v -0.014285624027252197 1.7339192628860474 -0.0007842064369469881 
v -0.012759536504745483 1.732008934020996 0.0026560574769973755 
v -0.01361004263162613 1.7317967414855957 0.0032299375161528587 
v -0.034197449684143066 1.7288151979446411 -0.01112015638500452 
v -0.029096761718392372 1.7298065423965454 -0.00522799976170063 
v -0.03365844488143921 1.7288609743118286 -0.011546041816473007 
v -0.028232458978891373 1.730098843574524 -0.006363501772284508 
v -0.02461126632988453 1.73110830783844 -0.0012141168117523193 
v -0.022269317880272865 1.7314375638961792 -0.0015349551104009151 
v -0.019487956538796425 1.731923222541809 0.0025925366207957268 
v -0.020294291898608208 1.7317453622817993 0.0028899889439344406 
v -0.03900866210460663 1.7262755632400513 0.03561345860362053 
v -0.03401485085487366 1.727425456047058 0.03733673691749573 
v -0.038324855268001556 1.726241946220398 0.03438617289066315 
v -0.03395972028374672 1.7274202108383179 0.03603242710232735 
v -0.02786538377404213 1.7321563959121704 0.03570450842380524 
v -0.02885657735168934 1.7313703298568726 0.0344606377184391 
v -0.020049376413226128 1.7373265027999878 0.030403289943933487 
v -0.02054184302687645 1.7370878458023071 0.031520042568445206 
v -0.014851884916424751 1.7341636419296265 0.044520922005176544 
v -0.016251329332590103 1.7326866388320923 0.042601000517606735 
v -0.022167181596159935 1.7341933250427246 0.04767382889986038 
v -0.02351224794983864 1.7326778173446655 0.04446306452155113 
v -0.03214763104915619 1.7315834760665894 0.04559781402349472 
v -0.03218604251742363 1.7320899963378906 0.04957258328795433 
v -0.040515750646591187 1.7293018102645874 0.04659097269177437 
v -0.041895411908626556 1.729045033454895 0.04989239200949669 
v -0.04491622745990753 1.7271875143051147 0.04686128348112106 
v -0.04666402190923691 1.7264889478683472 0.048729922622442245 
v -0.027399102225899696 1.7297333478927612 -0.018197547644376755 
v -0.023666979745030403 1.7303911447525024 -0.010730302892625332 
v -0.026779688894748688 1.729878544807434 -0.01846049353480339 
v -0.02291463501751423 1.7308911085128784 -0.01176581159234047 
v -0.02102835662662983 1.731178879737854 -0.006015287712216377 
v -0.019074490293860435 1.7312473058700562 -0.00569674838334322 
v -0.017349980771541595 1.7312372922897339 -0.002627799054607749 
v -0.018194105476140976 1.7310105562210083 -0.0022652933839708567 
v -0.035431619733572006 1.7273081541061401 -0.01827818527817726 
v -0.031747594475746155 1.7277919054031372 -0.012031236663460732 
v -0.03407745063304901 1.7271533012390137 -0.01901942491531372 
v -0.02991209365427494 1.7276453971862793 -0.01290351152420044 
v -0.02526724524796009 1.7275797128677368 -0.00444098049774766 
v -0.023918921127915382 1.7275911569595337 -0.005637197755277157 
v -0.02033405378460884 1.7274055480957031 -0.0019052786519750953 
v -0.021033143624663353 1.7273430824279785 -0.0007945614634081721 
v -0.019823232665657997 1.7168930768966675 -0.040910471230745316 
v -0.018210208043456078 1.722326636314392 -0.033903568983078 
v -0.0192919559776783 1.7158795595169067 -0.04100385308265686 
v -0.017540866509079933 1.7210017442703247 -0.034022971987724304 
v -0.016605092212557793 1.7271970510482788 -0.026168856769800186 
v -0.015899667516350746 1.726422905921936 -0.026331674307584763 
v -0.014016165398061275 1.7275618314743042 -0.02136131003499031 
v -0.01459746528416872 1.7277337312698364 -0.0212012380361557 
v -0.015846895053982735 1.7250245809555054 -0.038831181824207306 
v -0.01797039806842804 1.7263933420181274 -0.03244942054152489 
v -0.015219423919916153 1.7248495817184448 -0.038732968270778656 
v -0.017035534605383873 1.7261584997177124 -0.03234519809484482 
v -0.019510403275489807 1.726860523223877 -0.025306571274995804 
v -0.018418902531266212 1.7267907857894897 -0.025220494717359543 
v -0.018703557550907135 1.7265526056289673 -0.020198535174131393 
v -0.01956975646317005 1.7264825105667114 -0.02027219906449318 
v 0.014452924951910973 1.724134087562561 -0.02263408899307251 
v 0.015340534970164299 1.7202924489974976 -0.026548977941274643 
v 0.008170886896550655 1.7286003828048706 -0.029001738876104355 
v 0.010831925086677074 1.7243280410766602 -0.0314306803047657 
v 0.006503354292362928 1.7203706502914429 -0.032116957008838654 
v 0.00384540599770844 1.7275513410568237 -0.03051004931330681 
v -0.0002994433743879199 1.7175754308700562 -0.033296044915914536 
v -0.0014831682201474905 1.7214778661727905 -0.030669454485177994 
v 0.010436423122882843 1.7287706136703491 -0.019898075610399246 
v 0.011817676946520805 1.7247074842453003 -0.021985448896884918 
v 0.004460923373699188 1.7320386171340942 -0.025329727679491043 
v 0.007252946030348539 1.7289870977401733 -0.028856776654720306 
v 0.0021204636432230473 1.727199912071228 -0.029890846461057663 
v 0.0004993256297893822 1.7309318780899048 -0.026802431792020798 
v -0.004784921184182167 1.725732684135437 -0.02977878227829933 
v -0.0054275961592793465 1.7277528047561646 -0.027802515774965286 
v 0.005420508328825235 1.7307552099227905 -0.018047664314508438 
v 0.00906271580606699 1.727387547492981 -0.021696757525205612 
v 0.001768548390828073 1.736242413520813 -0.020892813801765442 
v 0.004245173651725054 1.7340530157089233 -0.025206316262483597 
v 0.000763586547691375 1.731970191001892 -0.025973394513130188 
v -0.0012734233168885112 1.7345176935195923 -0.022950775921344757 
v -0.005799577105790377 1.730707049369812 -0.028067070990800858 
v -0.007625695783644915 1.7310662269592285 -0.027312062680721283 
v 0.0022883452475070953 1.7307249307632446 -0.010275661014020443 
v 0.011805812828242779 1.7282980680465698 -0.011464412324130535 
v -0.00473453663289547 1.7378878593444824 -0.016338516026735306 
v 0.0030546998605132103 1.737078070640564 -0.02049068734049797 
v -0.0030927425250411034 1.7345589399337769 -0.02393096685409546 
v -0.009317123331129551 1.7361167669296265 -0.021121803671121597 
v -0.011965956538915634 1.730709195137024 -0.02693166956305504 
v -0.014157045632600784 1.7299703359603882 -0.02569718286395073 
v 0.0008405557018704712 1.7144354581832886 -0.032272230833768845 
v 0.003251824527978897 1.7104891538619995 -0.03494125232100487 
v -0.0029164839070290327 1.7205220460891724 -0.03560062497854233 
v -0.0005970575148239732 1.7147051095962524 -0.03592807054519653 
v -0.005037850700318813 1.7139896154403687 -0.03725723922252655 
v -0.007276583928614855 1.7187024354934692 -0.037659768015146255 
v -0.011089920997619629 1.7106865644454956 -0.04023415595293045 
v -0.012018151581287384 1.711485505104065 -0.03934434801340103 
v -0.0015658580232411623 1.723920226097107 -0.024667657911777496 
v 0.000991887180134654 1.7204328775405884 -0.028401073068380356 
v -0.006860429421067238 1.723320484161377 -0.03280135989189148 
v -0.004156332463026047 1.7186707258224487 -0.03265305608510971 
v -0.009322036989033222 1.7177990674972534 -0.0339956060051918 
v -0.011449814774096012 1.720601201057434 -0.034926388412714005 
v -0.014318515546619892 1.7132476568222046 -0.037759579718112946 
v -0.015706883743405342 1.7141770124435425 -0.036988068372011185 
v -0.005472034215927124 1.725406527519226 -0.024257905781269073 
v -0.0017317673191428185 1.7228552103042603 -0.02610202133655548 
v -0.010422874242067337 1.726967453956604 -0.03067968413233757 
v -0.006647305563092232 1.7236071825027466 -0.02989181876182556 
v -0.010468465276062489 1.7203706502914429 -0.03308390825986862 
v -0.013611366041004658 1.723508358001709 -0.033658284693956375 
v -0.01530818548053503 1.7164106369018555 -0.03677916154265404 
v -0.016755253076553345 1.717267632484436 -0.03618137165904045 
v -0.01172358077019453 1.726446509361267 -0.02127986028790474 
v -0.007883790880441666 1.726778507232666 -0.02372143417596817 
v -0.01325179636478424 1.7281259298324585 -0.025516916066408157 
v -0.010582196526229382 1.724752426147461 -0.02478669583797455 
v -0.013954460620880127 1.7232862710952759 -0.027478139847517014 
v -0.017185287550091743 1.7273105382919312 -0.028553109616041183 
v -0.01865636743605137 1.7204285860061646 -0.03160668909549713 
v -0.020073413848876953 1.7214618921279907 -0.0311075821518898 
v 0.008955826051533222 1.7356654405593872 0.0016419845633208752 
v 0.006241046357899904 1.7359143495559692 -0.004863699898123741 
v -0.0011604503961279988 1.7363382577896118 -0.006231481675058603 
v -0.0009820805862545967 1.7365914583206177 -0.010867161676287651 
v -0.00582722807303071 1.7381166219711304 -0.015215746127068996 
v -0.0066377329640090466 1.7374240159988403 -0.011089175008237362 
v -0.011196567676961422 1.7354830503463745 -0.01983291283249855 
v -0.011079054325819016 1.7354003190994263 -0.015960223972797394 
v 0.018845945596694946 1.726280689239502 -0.00810377299785614 
v 0.021092375740408897 1.7258013486862183 -0.010026338510215282 
v 0.017791973426938057 1.7304097414016724 -0.010441060177981853 
v 0.020372025668621063 1.7304476499557495 -0.012474333867430687 
v 0.01737215369939804 1.7321292161941528 -0.015828875824809074 
v 0.015521194785833359 1.7320917844772339 -0.013348613865673542 
v 0.012187122367322445 1.7331622838974 -0.020520083606243134 
v 0.011985432356595993 1.7334612607955933 -0.01897101104259491 
v 0.014465821906924248 1.7295039892196655 -0.004484969191253185 
v 0.0173483993858099 1.7284585237503052 -0.006146837025880814 
v 0.014088216237723827 1.7318850755691528 -0.008612066507339478 
v 0.016656113788485527 1.7318323850631714 -0.01100328378379345 
v 0.01400262862443924 1.7323473691940308 -0.014014489948749542 
v 0.012071684002876282 1.732878565788269 -0.011932463385164738 
v 0.008695879019796848 1.7342709302902222 -0.019330289214849472 
v 0.008500870317220688 1.7345114946365356 -0.01773395761847496 
v 0.025297967717051506 1.725418210029602 -0.010350404307246208 
v 0.028314756229519844 1.7246366739273071 -0.013205389492213726 
v 0.021643279120326042 1.7311502695083618 -0.013538597151637077 
v 0.023988019675016403 1.7301665544509888 -0.016509342938661575 
v 0.02010742388665676 1.7314082384109497 -0.019486229866743088 
v 0.018033644184470177 1.7311466932296753 -0.015942979604005814 
v 0.013028294779360294 1.7319873571395874 -0.02039775252342224 
v 0.013328155502676964 1.7317737340927124 -0.019849460572004318 
v 0.027115466073155403 1.7242980003356934 -0.015079743228852749 
v 0.02940339595079422 1.7235170602798462 -0.017400462180376053 
v 0.02335488609969616 1.730249285697937 -0.01842259243130684 
v 0.025164898484945297 1.7298628091812134 -0.019759301096200943 
v 0.021138524636626244 1.7305245399475098 -0.022422347217798233 
v 0.019397800788283348 1.7311315536499023 -0.02013680338859558 
v 0.014270942658185959 1.7292922735214233 -0.023897401988506317 
v 0.014533109962940216 1.7297286987304688 -0.022477686405181885 
v 0.010424739681184292 1.7316035032272339 -0.001939234440214932 
v 0.011640411801636219 1.7309141159057617 -0.0025768475607037544 
v 0.009140754118561745 1.7342020273208618 -0.004905547946691513 
v 0.010253014042973518 1.7329155206680298 -0.004992215894162655 
v 0.007251251023262739 1.735358715057373 -0.008477932773530483 
v 0.006739583797752857 1.735845685005188 -0.007614735513925552 
v 0.0034416501875966787 1.7367619276046753 -0.01370442844927311 
v 0.0031113065779209137 1.7365254163742065 -0.01337564829736948 
v -0.013526061549782753 1.7316770553588867 -0.022945497184991837 
v -0.011757033877074718 1.7344006299972534 -0.016847999766469002 
v -0.013030070811510086 1.7318629026412964 -0.023249492049217224 
v -0.01002899743616581 1.7356799840927124 -0.01707373559474945 
v -0.009165619499981403 1.7354995012283325 -0.01083795540034771 
v -0.008536672219634056 1.7366429567337036 -0.012319805100560188 
v -0.003688773838803172 1.7341405153274536 -0.004479831084609032 
v -0.004526415839791298 1.7338601350784302 -0.004475515801459551 
v -0.01594449020922184 1.7300113439559937 -0.0248870886862278 
v -0.014188695698976517 1.732438087463379 -0.01878231018781662 
v -0.015401658602058887 1.7299007177352905 -0.025052610784769058 
v -0.012453999370336533 1.7336584329605103 -0.018988214433193207 
v -0.011549039743840694 1.7339979410171509 -0.01284112874418497 
v -0.01093678455799818 1.7351096868515015 -0.01431820448487997 
v -0.0057571884244680405 1.7334243059158325 -0.007522855885326862 
v -0.006932345684617758 1.7328338623046875 -0.0064172823913395405 
v -0.03783717378973961 1.7317293882369995 0.05970240384340286 
v -0.033070098608732224 1.730429768562317 0.06321251392364502 
v -0.03540746495127678 1.732193112373352 0.05847422033548355 
v -0.030237017199397087 1.7316484451293945 0.06141367554664612 
v -0.025334635749459267 1.7304929494857788 0.06697264313697815 
v -0.02310108207166195 1.732437014579773 0.06467774510383606 
v -0.01530081033706665 1.7334632873535156 0.06501425057649612 
v -0.016785884276032448 1.7317447662353516 0.06798107177019119 
v -0.009265261702239513 1.7309988737106323 0.06606481969356537 
v -0.015060936100780964 1.7304693460464478 0.07172023504972458 
v -0.015624040737748146 1.7335349321365356 0.07515861093997955 
v -0.011691720224916935 1.7310587167739868 0.07038462907075882 
v -0.014178101904690266 1.7344350814819336 0.07523628324270248 
v -0.014302081428468227 1.7339786291122437 0.07806896418333054 
v -0.013174960389733315 1.7347722053527832 0.07685579359531403 
v -0.010901722125709057 1.735381007194519 0.07729669660329819 
v -0.010887623764574528 1.7351499795913696 0.07876001298427582 
v -0.007443127688020468 1.7362054586410522 0.07790951430797577 
v -0.04134654998779297 1.7217549085617065 0.06403617560863495 
v -0.042734544724226 1.7217594385147095 0.06257543712854385 
v -0.04538004845380783 1.7221122980117798 0.06697128713130951 
v -0.046827249228954315 1.7223128080368042 0.06528838723897934 
v -0.0520939864218235 1.7232850790023804 0.06827034801244736 
v -0.051504865288734436 1.7229562997817993 0.06950239092111588 
v -0.05542554706335068 1.724221110343933 0.07035011798143387 
v -0.05530397593975067 1.723990559577942 0.0711737796664238 
v -0.020515665411949158 1.7279044389724731 0.07317273318767548 
v -0.01993975229561329 1.731878399848938 0.0808204710483551 
v -0.016618166118860245 1.7295769453048706 0.0709543228149414 
v -0.015453573316335678 1.7343043088912964 0.07886135578155518 
v -0.016524842008948326 1.733315110206604 0.08451062440872192 
v -0.01382580865174532 1.7347544431686401 0.08190414309501648 
v -0.010662907734513283 1.73466956615448 0.08478662371635437 
v -0.011341836303472519 1.7344709634780884 0.08688610047101974 
v -0.004095812328159809 1.7346434593200684 0.08772452920675278 
v -0.03085765615105629 1.722869873046875 0.0813780128955841 
v -0.03247372806072235 1.7217005491256714 0.08491766452789307 
v -0.026606369763612747 1.7256239652633667 0.08085411787033081 
v -0.027248771861195564 1.725469946861267 0.08352043479681015 
v -0.029715482145547867 1.7228468656539917 0.08748097717761993 
v -0.02631666697561741 1.7264593839645386 0.08525513857603073 
v -0.02405496872961521 1.7270385026931763 0.0860726609826088 
v -0.02489602193236351 1.7255135774612427 0.08833818137645721 
v -0.018320737406611443 1.7317585945129395 0.08842640370130539 
v -0.026173342019319534 1.7248610258102417 0.07922618091106415 
v -0.025827962905168533 1.7258356809616089 0.08190761506557465 
v -0.0225999653339386 1.72795832157135 0.07733926922082901 
v -0.023337392136454582 1.7287009954452515 0.08022081106901169 
v -0.023686863481998444 1.7296782732009888 0.08466923981904984 
v -0.02261769212782383 1.7306970357894897 0.08272183686494827 
v -0.019660837948322296 1.7353044748306274 0.08413206785917282 
v -0.02012019045650959 1.7343250513076782 0.08600900322198868 
v -0.013273011893033981 1.7351884841918945 0.0867055207490921 
v -0.05032826587557793 1.7202268838882446 0.08391635864973068 
v -0.044742897152900696 1.723062515258789 0.0838693156838417 
v -0.04928731918334961 1.7206984758377075 0.08285797387361526 
v -0.043340787291526794 1.723758339881897 0.08212348818778992 
v -0.03771078959107399 1.7248436212539673 0.08346620202064514 
v -0.0368821881711483 1.7253373861312866 0.08139877021312714 
v -0.03169083222746849 1.7254565954208374 0.08044929057359695 
v -0.03149866312742233 1.7257212400436401 0.08259992301464081 
v -0.027053775265812874 1.7265839576721191 0.08080994337797165 
v -0.031992655247449875 1.7331371307373047 0.062320008873939514 
v -0.029842354357242584 1.7317332029342651 0.06548699736595154 
v -0.03133871406316757 1.7337536811828613 0.061855562031269073 
v -0.02894805185496807 1.7326887845993042 0.06457062810659409 
v -0.026565177366137505 1.7322183847427368 0.0674472227692604 
v -0.026246773079037666 1.732892632484436 0.06610308587551117 
v -0.022704215720295906 1.7329130172729492 0.06554856151342392 
v -0.022517099976539612 1.732532024383545 0.0673116147518158 
v -0.018399443477392197 1.7302967309951782 0.06490121781826019 
v -0.0368686206638813 1.7284231185913086 0.06520839035511017 
v -0.03451176732778549 1.727211594581604 0.06865955889225006 
v -0.036127254366874695 1.728920578956604 0.06472529470920563 
v -0.03354110196232796 1.7279167175292969 0.06765661388635635 
v -0.031100640073418617 1.7275713682174683 0.07092930376529694 
v -0.03029979206621647 1.7283662557601929 0.06951393932104111 
v -0.02628961019217968 1.7290865182876587 0.07002197206020355 
v -0.02657512202858925 1.7284210920333862 0.07168439030647278 
v -0.02112101949751377 1.7283724546432495 0.07061205804347992 
v -0.041497740894556046 1.7276111841201782 0.07145123183727264 
v -0.0375787615776062 1.7268611192703247 0.07341820746660233 
v -0.04108626767992973 1.728037714958191 0.07076869904994965 
v -0.03722406551241875 1.7274292707443237 0.07216694951057434 
v -0.03296642005443573 1.7278388738632202 0.07393263280391693 
v -0.03302241489291191 1.728333592414856 0.072334423661232 
v -0.02911592274904251 1.7283695936203003 0.07126113027334213 
v -0.02861807495355606 1.7281242609024048 0.07295296341180801 
v -0.024863699451088905 1.7265747785568237 0.07085026800632477 
v -0.010417544282972813 1.73062002658844 0.0706024318933487 
v -0.01174850482493639 1.7363533973693848 0.07114281505346298 
v -0.008055711165070534 1.7315067052841187 0.07004065811634064 
v -0.009821780025959015 1.736391544342041 0.07041394710540771 
v -0.010104998014867306 1.7364505529403687 0.07313605397939682 
v -0.008931571617722511 1.737176537513733 0.07195575535297394 
v -0.0056733316741883755 1.7382564544677734 0.07194029539823532 
v -0.005500738508999348 1.7378700971603394 0.0736815482378006 
v -0.0009227939881384373 1.739111304283142 0.07090926170349121 
v -0.010525180026888847 1.735052466392517 0.057150233536958694 
v -0.009410231374204159 1.739317774772644 0.06138494610786438 
v -0.00917191244661808 1.737319827079773 0.05739932134747505 
v -0.008252624422311783 1.7408024072647095 0.06102031469345093 
v -0.007150310091674328 1.739829182624817 0.06485556811094284 
v -0.006864694878458977 1.7403079271316528 0.06316344439983368 
v -0.004204018972814083 1.739615797996521 0.0637437030673027 
v -0.0035667289048433304 1.739219069480896 0.06539926677942276 
v -0.0010704766027629375 1.738646388053894 0.06370330601930618 
v -0.010238127782940865 1.7356036901474 0.05785130336880684 
v -0.010033913888037205 1.740369200706482 0.05951002240180969 
v -0.010505512356758118 1.7358852624893188 0.055046021938323975 
v -0.009023793041706085 1.7408971786499023 0.05868862196803093 
v -0.0067878901027143 1.7414394617080688 0.060741208493709564 
v -0.006886604242026806 1.7420905828475952 0.059315554797649384 
v -0.004488144535571337 1.7427729368209839 0.05858175829052925 
v -0.004118036013096571 1.7425488233566284 0.059881120920181274 
v -0.0013784976908937097 1.7428971529006958 0.05594077706336975 
v -0.01173450704663992 1.7350635528564453 0.05415580794215202 
v -0.009917724877595901 1.7404862642288208 0.05752598121762276 
v -0.010642588138580322 1.735937237739563 0.05283862724900246 
v -0.008848997764289379 1.7407933473587036 0.05568987503647804 
v -0.0066672745160758495 1.7408970594406128 0.058513980358839035 
v -0.007018698379397392 1.7412923574447632 0.05702737346291542 
v -0.004534333944320679 1.7407490015029907 0.05626564100384712 
v -0.004028851632028818 1.7405494451522827 0.05761856958270073 
v -0.0008885559509508312 1.7404662370681763 0.0540759451687336 
v -0.007569428067654371 1.7332054376602173 0.06273259967565536 
v -0.006865893956273794 1.738050103187561 0.0653596967458725 
v -0.006134875118732452 1.7351361513137817 0.06235884875059128 
v -0.0058537013828754425 1.7387932538986206 0.06472109258174896 
v -0.003599355695769191 1.7389189004898071 0.06684714555740356 
v -0.0036119341384619474 1.7391968965530396 0.06604597717523575 
v -0.0014511299086734653 1.7389401197433472 0.06549730151891708 
v -0.0009246714180335402 1.7384320497512817 0.0659722313284874 
v 0.000501891307067126 1.7379226684570312 0.06450171768665314 
v 0.024162588641047478 1.7291017770767212 0.07311730086803436 
v 0.024893304333090782 1.7288931608200073 0.0725509449839592 
v 0.0197156872600317 1.7306755781173706 0.0723440945148468 
v 0.019941674545407295 1.7298749685287476 0.07077260315418243 
v 0.01531582698225975 1.7322431802749634 0.0687091052532196 
v 0.014538507908582687 1.732885718345642 0.07064057886600494 
v 0.012528077699244022 1.7327545881271362 0.06678618490695953 
v 0.01128088217228651 1.7338565587997437 0.06849689781665802 
v 0.00925731472671032 1.7309141159057617 0.06492234766483307 
v 0.006428357679396868 1.7323832511901855 0.06626088917255402 
v 0.022854318842291832 1.7304853200912476 0.07457103580236435 
v 0.02383744902908802 1.7296098470687866 0.07381908595561981 
v 0.018011875450611115 1.7318912744522095 0.0733511745929718 
v 0.018711846321821213 1.7312794923782349 0.07290180027484894 
v 0.014448161236941814 1.7329200506210327 0.07100112736225128 
v 0.013550947420299053 1.7332377433776855 0.07229159027338028 
v 0.01090884581208229 1.7338637113571167 0.06897567957639694 
v 0.009824601002037525 1.7341333627700806 0.07017858326435089 
v 0.006919881794601679 1.7317708730697632 0.06638203561306 
v 0.005739966873079538 1.7319518327713013 0.06764210760593414 
v 0.0187455415725708 1.7316950559616089 0.07661906629800797 
v 0.019127925857901573 1.732181191444397 0.07599744945764542 
v 0.015198404900729656 1.7322174310684204 0.0760660171508789 
v 0.015691978856921196 1.7327299118041992 0.0752267986536026 
v 0.011780532076954842 1.7334386110305786 0.07409773766994476 
v 0.011165350675582886 1.733644962310791 0.07549421489238739 
v 0.008014068007469177 1.734423279762268 0.07246474176645279 
v 0.007080238778144121 1.7345942258834839 0.07380084693431854 
v 0.004167401231825352 1.7327075004577637 0.0705547109246254 
v 0.0031044369097799063 1.7332178354263306 0.0718390941619873 
v 0.02148345671594143 1.7319172620773315 0.0746157243847847 
v 0.02168083004653454 1.7329128980636597 0.07425802201032639 
v 0.016381854191422462 1.733939290046692 0.07413981109857559 
v 0.016864106059074402 1.7339739799499512 0.07356201112270355 
v 0.01310902088880539 1.73411226272583 0.0717182606458664 
v 0.012381872162222862 1.734363079071045 0.07271647453308105 
v 0.009624850936233997 1.734228253364563 0.06986064463853836 
v 0.008971567265689373 1.734453558921814 0.07094927132129669 
v 0.006123907398432493 1.732136845588684 0.06710229068994522 
v 0.005732512567192316 1.7320164442062378 0.06815167516469955 
v 0.0007986502605490386 1.736730694770813 0.07115213572978973 
v 0.000631883682217449 1.7367242574691772 0.07071033120155334 
v -0.002382934093475342 1.7376891374588013 0.07485126703977585 
v -0.0025385990738868713 1.7379413843154907 0.07394810020923615 
v -0.00483515253290534 1.7373064756393433 0.07483819127082825 
v -0.005960538517683744 1.7366323471069336 0.07621879875659943 
v -0.00866637472063303 1.7362371683120728 0.07288138568401337 
v -0.00901006069034338 1.7356828451156616 0.07365407049655914 
v -0.010149664245545864 1.7318439483642578 0.06933765113353729 
v -0.012206262908875942 1.730847954750061 0.0704822763800621 
v 0.007842032238841057 1.7316136360168457 0.08069682866334915 
v 0.007664636708796024 1.7321540117263794 0.07995360344648361 
v 0.0034484451171010733 1.7345271110534668 0.08197639882564545 
v 0.002968023531138897 1.73521888256073 0.08083503693342209 
v 0.0009963142219930887 1.7350149154663086 0.07992401719093323 
v 0.00041808042442426085 1.7346245050430298 0.08174899965524673 
v -0.002240083646029234 1.7346776723861694 0.0786304920911789 
v -0.0039810240268707275 1.7346993684768677 0.08040440082550049 
v -0.005747009068727493 1.732739806175232 0.07544023543596268 
v -0.006772350985556841 1.7323917150497437 0.07680616527795792 
v 0.011316783726215363 1.730206847190857 0.07958951592445374 
v 0.011751887388527393 1.730639100074768 0.07869569957256317 
v 0.0067323739640414715 1.7330459356307983 0.07910533249378204 
v 0.007530251517891884 1.733155369758606 0.07838317006826401 
v 0.004451005719602108 1.7351917028427124 0.07782484591007233 
v 0.003657345660030842 1.7351298332214355 0.07904736697673798 
v 0.001344523741863668 1.7344708442687988 0.07598307728767395 
v 0.0002718389732763171 1.7339996099472046 0.07699216157197952 
v -0.0016078396001830697 1.7331379652023315 0.0738372653722763 
v -0.002658943645656109 1.7334614992141724 0.07456354051828384 
v 0.00923209823668003 1.7339884042739868 0.07594086974859238 
v 0.009283448569476604 1.7342830896377563 0.07551545649766922 
v 0.007840544916689396 1.7350162267684937 0.07671166211366653 
v 0.007756606210023165 1.7341047525405884 0.07522352784872055 
v 0.004526706878095865 1.7359966039657593 0.07543690502643585 
v 0.004105953965336084 1.735758900642395 0.07680119574069977 
v 0.0012041012523695827 1.7350540161132812 0.07437489181756973 
v 0.0004642619751393795 1.734413504600525 0.07562302052974701 
v -0.001937617314979434 1.7333976030349731 0.0730244368314743 
v -0.0028413196559995413 1.7336245775222778 0.07400688529014587 
v 0.021778617054224014 1.7292002439498901 0.07803065329790115 
v 0.02156788296997547 1.7293845415115356 0.07771448791027069 
v 0.017749667167663574 1.7301620244979858 0.07789605855941772 
v 0.017774632200598717 1.7307003736495972 0.0774141252040863 
v 0.014630457386374474 1.7314127683639526 0.07678678631782532 
v 0.014189067296683788 1.7307771444320679 0.07755841314792633 
v 0.010884365998208523 1.7314869165420532 0.07630713284015656 
v 0.01071507204324007 1.7310357093811035 0.0772634744644165 
v 0.008520605973899364 1.7322667837142944 0.076029472053051 
v 0.007405814714729786 1.7319566011428833 0.07688729465007782 
v 0.017982151359319687 1.7257963418960571 0.07898814976215363 
v 0.0226365365087986 1.7255334854125977 0.08427490293979645 
v 0.02228930965065956 1.7256962060928345 0.07863489538431168 
v 0.024734534323215485 1.7271536588668823 0.0818173736333847 
v 0.02542020194232464 1.725320816040039 0.08661126345396042 
v 0.026939772069454193 1.7265571355819702 0.08390367031097412 
v 0.02945788763463497 1.7254647016525269 0.08871131390333176 
v 0.030058206990361214 1.726282000541687 0.0868091955780983 
v 0.03408487141132355 1.7246607542037964 0.08912013471126556 
v 0.03330804407596588 1.7248479127883911 0.08968395739793777 
v 0.024655191227793694 1.7240548133850098 0.07980956882238388 
v 0.028008144348859787 1.725850224494934 0.0837419182062149 
v 0.028291063383221626 1.7233344316482544 0.07931734621524811 
v 0.02933581732213497 1.7247257232666016 0.08174379169940948 
v 0.029965339228510857 1.726265549659729 0.08564713597297668 
v 0.030652185901999474 1.7255734205245972 0.0833815485239029 
v 0.03320161998271942 1.7249733209609985 0.08699430525302887 
v 0.03358662500977516 1.7250615358352661 0.0847553089261055 
v 0.037603043019771576 1.7229055166244507 0.08678670227527618 
v 0.036805059760808945 1.7232890129089355 0.08738704770803452 
v 0.02788594551384449 1.724084734916687 0.07964365184307098 
v 0.03246116638183594 1.7247875928878784 0.08148396015167236 
v 0.029324732720851898 1.7235273122787476 0.07664985954761505 
v 0.032396845519542694 1.7240163087844849 0.07798133790493011 
v 0.03556089475750923 1.7251766920089722 0.08178450167179108 
v 0.035774897783994675 1.7261420488357544 0.07923292368650436 
v 0.03938429802656174 1.7255300283432007 0.08053901791572571 
v 0.039115071296691895 1.7266463041305542 0.07896346598863602 
v 0.04536013305187225 1.7234512567520142 0.07763160020112991 
v 0.04451949894428253 1.7237528562545776 0.07867573946714401 
v 0.015199800953269005 1.722300410270691 0.08340932428836823 
v 0.020694730803370476 1.7240103483200073 0.08884857594966888 
v 0.017620349302887917 1.721802830696106 0.08283267170190811 
v 0.021665697917342186 1.7245674133300781 0.08699183166027069 
v 0.023214399814605713 1.723185658454895 0.09166738390922546 
v 0.024527741596102715 1.723641037940979 0.0898839682340622 
v 0.027177833020687103 1.7218022346496582 0.09365803003311157 
v 0.02795242890715599 1.7233649492263794 0.09229239076375961 
v 0.032826606184244156 1.7217178344726562 0.093848817050457 
v 0.031914275139570236 1.7213902473449707 0.09406597912311554 
v -0.001183339161798358 1.7298684120178223 0.08245410025119781 
v 0.0021517782006412745 1.7329376935958862 0.08747249096632004 
v 0.0017057532677426934 1.7303892374038696 0.08105200529098511 
v 0.004187090788036585 1.733460545539856 0.08588995784521103 
v 0.00576818035915494 1.7314711809158325 0.09073557704687119 
v 0.007552206050604582 1.7308955192565918 0.0888291671872139 
v 0.009596524760127068 1.7287043333053589 0.09337808191776276 
v 0.012198971584439278 1.7267746925354004 0.09090102463960648 
v 0.01620876044034958 1.722924828529358 0.09164024889469147 
v 0.01508812140673399 1.7234536409378052 0.09407850354909897 
v 0.015531320124864578 1.721777319908142 0.0946865975856781 
v 0.016339067369699478 1.7217493057250977 0.09902923554182053 
v 0.01828407682478428 1.720523476600647 0.09200438112020493 
v 0.019268332049250603 1.7204185724258423 0.0964130088686943 
v 0.01799456775188446 1.7200475931167603 0.10192932933568954 
v 0.020715659484267235 1.7197855710983276 0.10028792172670364 
v 0.021201159805059433 1.7192167043685913 0.1048911064863205 
v 0.02378339134156704 1.7186068296432495 0.10368432849645615 
v 0.026243017986416817 1.7171740531921387 0.10577282309532166 
v 0.024835243821144104 1.7168350219726562 0.10710017383098602 
v 0.010314675979316235 1.7229323387145996 0.09743325412273407 
v 0.01182587631046772 1.7218574285507202 0.10082995146512985 
v 0.014704960398375988 1.722241997718811 0.09544753283262253 
v 0.016097774729132652 1.7216461896896362 0.09857681393623352 
v 0.013253885321319103 1.7210941314697266 0.10373007506132126 
v 0.016680296510457993 1.721482753753662 0.10177803784608841 
v 0.016633834689855576 1.7206125259399414 0.10610031336545944 
v 0.020063307136297226 1.7207506895065308 0.10409936308860779 
v 0.022815031930804253 1.7200840711593628 0.10578211396932602 
v 0.02144438587129116 1.7194904088974 0.10743997991085052 
v -0.008261829614639282 1.7289791107177734 0.08638812601566315 
v -0.00823778286576271 1.7314022779464722 0.09052015841007233 
v -0.006552441045641899 1.729331135749817 0.0856344997882843 
v -0.0060843839310109615 1.7315157651901245 0.08915649354457855 
v -0.005755582824349403 1.731498122215271 0.0967627465724945 
v -0.0041680182330310345 1.7310971021652222 0.095205157995224 
v -0.0004089106514584273 1.7279058694839478 0.1039862260222435 
v 0.00023677524586673826 1.727190613746643 0.10234663635492325 
v 0.005508468486368656 1.723932147026062 0.10750929266214371 
v 0.00519849406555295 1.7243918180465698 0.10856389999389648 
v -0.01912154071033001 1.721573829650879 0.09436299651861191 
v -0.01677807793021202 1.7233999967575073 0.09684613347053528 
v -0.018604107201099396 1.723961353302002 0.09262675791978836 
v -0.015991561114788055 1.724459171295166 0.09492576867341995 
v -0.01452743262052536 1.7267950773239136 0.09899324178695679 
v -0.013779321685433388 1.7283562421798706 0.09713196754455566 
v -0.01023173052817583 1.7289220094680786 0.10068394988775253 
v -0.009825780987739563 1.7295933961868286 0.09869588911533356 
v -0.0023994154762476683 1.731890320777893 0.09961222112178802 
v -0.002624905202537775 1.7309411764144897 0.10057912021875381 
v -0.014342579990625381 1.7278032302856445 0.08982836455106735 
v -0.012521226890385151 1.7306052446365356 0.09153490513563156 
v -0.01437467709183693 1.7279404401779175 0.08787621557712555 
v -0.012070504017174244 1.7313470840454102 0.09027412533760071 
v -0.010671015828847885 1.7309197187423706 0.09302908927202225 
v -0.010319910943508148 1.7315036058425903 0.09198521822690964 
v -0.008760534226894379 1.7309160232543945 0.09496989101171494 
v -0.008236050605773926 1.7318741083145142 0.0940011590719223 
v -0.005441899877041578 1.7327262163162231 0.09690321981906891 
v -0.005441606044769287 1.7324424982070923 0.09741561114788055 
v -0.023214448243379593 1.7237502336502075 0.08954616636037827 
v -0.02169286459684372 1.7252460718154907 0.09096310287714005 
v -0.022747086361050606 1.7247847318649292 0.08846370875835419 
v -0.021337995305657387 1.7259048223495483 0.09029028564691544 
v -0.01989142969250679 1.7263835668563843 0.09233300387859344 
v -0.019548023119568825 1.727023959159851 0.09153574705123901 
v -0.017328837886452675 1.7279400825500488 0.093439981341362 
v -0.01710924692451954 1.7282885313034058 0.09253080934286118 
v -0.013118214905261993 1.729356288909912 0.09495887160301208 
v -0.013118199072778225 1.7292739152908325 0.09526129812002182 
v 0.018996398895978928 1.734795093536377 0.04671749845147133 
v 0.020031290128827095 1.734489917755127 0.0461597815155983 
v 0.014436919242143631 1.7382899522781372 0.04615084081888199 
v 0.014776824042201042 1.738816738128662 0.04460713639855385 
v 0.010537545196712017 1.7407580614089966 0.04249327629804611 
v 0.009580472484230995 1.7404769659042358 0.04445398598909378 
v 0.008287884294986725 1.740660309791565 0.04032985493540764 
v 0.006997313816100359 1.7407803535461426 0.04199451208114624 
v 0.005328625440597534 1.7374101877212524 0.03783947974443436 
v 0.0036821600515395403 1.7373000383377075 0.0394626222550869 
v 0.026168998330831528 1.7309144735336304 0.04412226378917694 
v 0.023619405925273895 1.7315760850906372 0.0427490659058094 
v 0.01823006384074688 1.7363085746765137 0.04391836002469063 
v 0.01816081628203392 1.7369976043701172 0.04244226589798927 
v 0.01469177845865488 1.7384023666381836 0.04145361855626106 
v 0.013977687805891037 1.7381490468978882 0.04286631569266319 
v 0.012257390655577183 1.737241268157959 0.04002446308732033 
v 0.011271854862570763 1.7379668951034546 0.04132932797074318 
v 0.008732638321816921 1.7367688417434692 0.037719111889600754 
v 0.007014799397438765 1.7374426126480103 0.038897555321455 
v 0.030799847096204758 1.7318476438522339 0.048871006816625595 
v 0.029495712369680405 1.7320548295974731 0.04748434200882912 
v 0.02532525174319744 1.7323158979415894 0.04762483760714531 
v 0.025118010118603706 1.7317777872085571 0.046277932822704315 
v 0.02089078538119793 1.7338075637817383 0.045204825699329376 
v 0.020416226238012314 1.7342618703842163 0.046348534524440765 
v 0.017800945788621902 1.7364600896835327 0.04438336566090584 
v 0.016809264197945595 1.7367706298828125 0.04564701020717621 
v 0.014199187979102135 1.7399479150772095 0.04265551641583443 
v 0.01256104651838541 1.7401046752929688 0.04370877891778946 
v 0.03543543443083763 1.7311795949935913 0.04815928637981415 
v 0.035172391682863235 1.7313357591629028 0.04766573756933212 
v 0.0324317067861557 1.7306886911392212 0.04878316819667816 
v 0.03218734264373779 1.730908751487732 0.04793345555663109 
v 0.028649406507611275 1.7307233810424805 0.04812991991639137 
v 0.028582768514752388 1.7304821014404297 0.049126096069812775 
v 0.02556898258626461 1.7307413816452026 0.04760442301630974 
v 0.02516544982790947 1.7306089401245117 0.04843681678175926 
v 0.02282707951962948 1.730841040611267 0.04691867530345917 
v 0.022443214431405067 1.7308017015457153 0.047450147569179535 
v 0.03471953421831131 1.7302500009536743 0.052307143807411194 
v 0.03445553779602051 1.7303098440170288 0.05198260396718979 
v 0.030353443697094917 1.7300325632095337 0.052935030311346054 
v 0.03015725500881672 1.7301300764083862 0.05244273319840431 
v 0.026546470820903778 1.7305086851119995 0.05205550417304039 
v 0.02635378949344158 1.7304716110229492 0.052691008895635605 
v 0.02328338846564293 1.7312631607055664 0.050571367144584656 
v 0.022801170125603676 1.7313542366027832 0.05129178985953331 
v 0.02063024416565895 1.7319296598434448 0.04913664609193802 
v 0.020222624763846397 1.732047200202942 0.049679942429065704 
v 0.03449735417962074 1.7300540208816528 0.05372041091322899 
v 0.03426320478320122 1.7300952672958374 0.05333443731069565 
v 0.030218301340937614 1.7298554182052612 0.05378430336713791 
v 0.030025845393538475 1.7299119234085083 0.053388811647892 
v 0.026229964569211006 1.7305164337158203 0.05287906900048256 
v 0.026172539219260216 1.7305148839950562 0.05312829464673996 
v 0.022387295961380005 1.7313662767410278 0.05224583297967911 
v 0.02207835204899311 1.7315341234207153 0.05243963375687599 
v 0.018547413870692253 1.7309399843215942 0.052217189222574234 
v 0.018221823498606682 1.73118257522583 0.052340082824230194 
v 0.015159506350755692 1.7379779815673828 0.055165331810712814 
v 0.014979055151343346 1.7379101514816284 0.05448721721768379 
v 0.011748824268579483 1.7396761178970337 0.05533583089709282 
v 0.011833187192678452 1.7394696474075317 0.0543699748814106 
v 0.007510978262871504 1.7400320768356323 0.053369902074337006 
v 0.006867092568427324 1.7403627634048462 0.05473008751869202 
v 0.0033694515004754066 1.739649772644043 0.05129501223564148 
v 0.0023297942243516445 1.7398651838302612 0.05355250835418701 
v -0.00008562819857615978 1.7385369539260864 0.04983139410614967 
v -0.0006487278733402491 1.7385849952697754 0.05194826051592827 
v 0.01622362993657589 1.7373281717300415 0.05576753988862038 
v 0.016159020364284515 1.7372912168502808 0.05526428669691086 
v 0.013079969212412834 1.739467978477478 0.05613528564572334 
v 0.013127801939845085 1.7393592596054077 0.055408746004104614 
v 0.008813675493001938 1.74089515209198 0.05475497245788574 
v 0.008539358153939247 1.7409701347351074 0.055621158331632614 
v 0.004475065041333437 1.7413235902786255 0.05341733619570732 
v 0.004179560113698244 1.7412828207015991 0.054246049374341965 
v 0.0006998476455919445 1.7406450510025024 0.052361998707056046 
v 0.0005252271075733006 1.7406061887741089 0.052945736795663834 
v 0.016796043142676353 1.736104965209961 0.057276081293821335 
v 0.016810497269034386 1.7365031242370605 0.05662653222680092 
v 0.013598981313407421 1.7381311655044556 0.057315729558467865 
v 0.013696109876036644 1.7386726140975952 0.05680464580655098 
v 0.00937182828783989 1.7394543886184692 0.05676541104912758 
v 0.009147905744612217 1.738928198814392 0.057322144508361816 
v 0.0055458578281104565 1.7383736371994019 0.05599509924650192 
v 0.005381840281188488 1.7379695177078247 0.057101886719465256 
v 0.0037599061615765095 1.735150694847107 0.05488165095448494 
v 0.0037373637314885855 1.7349249124526978 0.05580521747469902 
v 0.015901250764727592 1.7369664907455444 0.053166888654232025 
v 0.0159078948199749 1.7368618249893188 0.0527736060321331 
v 0.012745956890285015 1.7386573553085327 0.05305162072181702 
v 0.012839682400226593 1.7385112047195435 0.052411388605833054 
v 0.008348134346306324 1.7398539781570435 0.05112316459417343 
v 0.00802706554532051 1.7399541139602661 0.052207641303539276 
v 0.003961266949772835 1.740500569343567 0.04841184988617897 
v 0.003226652042940259 1.7405070066452026 0.05012869834899902 
v 0.001519913668744266 1.7388166189193726 0.04657800868153572 
v 0.0007580898818559945 1.7388008832931519 0.04809337109327316 
v 0.033203866332769394 1.7322335243225098 0.059065885841846466 
v 0.033175818622112274 1.7321456670761108 0.0585949644446373 
v 0.030178265646100044 1.7332795858383179 0.05875746160745621 
v 0.030268056318163872 1.7329097986221313 0.05798967182636261 
v 0.027330638840794563 1.7319188117980957 0.05705321207642555 
v 0.026962129399180412 1.7322207689285278 0.058075837790966034 
v 0.023357748985290527 1.7308217287063599 0.056124404072761536 
v 0.023043368011713028 1.7309989929199219 0.056772783398628235 
v 0.01813768781721592 1.7311228513717651 0.055053744465112686 
v 0.01721956394612789 1.732694149017334 0.0557449534535408 
v 0.03630250692367554 1.7322583198547363 0.061429865658283234 
v 0.036328256130218506 1.732104778289795 0.06109088659286499 
v 0.03339588642120361 1.7329097986221313 0.06110650300979614 
v 0.033516157418489456 1.7326523065567017 0.06044817715883255 
v 0.029539672657847404 1.732034683227539 0.05921367183327675 
v 0.02926032431423664 1.7322343587875366 0.060152918100357056 
v 0.024605199694633484 1.7316190004348755 0.05723939090967178 
v 0.024284949526190758 1.7316207885742188 0.058360256254673004 
v 0.01941978745162487 1.7313990592956543 0.05559193342924118 
v 0.019209634512662888 1.7313250303268433 0.05644523724913597 
v 0.035580120980739594 1.7324141263961792 0.06293723732233047 
v 0.035588014870882034 1.7325254678726196 0.0625433474779129 
v 0.03264227136969566 1.7330632209777832 0.06262531131505966 
v 0.032747603952884674 1.733044147491455 0.06196470558643341 
v 0.028688518330454826 1.7324633598327637 0.06082368642091751 
v 0.02845277450978756 1.732643485069275 0.06164462864398956 
v 0.02368243969976902 1.7318462133407593 0.05933062732219696 
v 0.02340605854988098 1.7319741249084473 0.06008192524313927 
v 0.018568512052297592 1.7313333749771118 0.05824115499854088 
v 0.0183506328612566 1.731371521949768 0.05872940272092819 
v 0.0016772979870438576 1.737819790840149 0.01915048062801361 
v 0.00012171904381830245 1.739673137664795 0.022275149822235107 
v 0.007604156155139208 1.738763689994812 0.02220391482114792 
v 0.006436659023165703 1.7404667139053345 0.02503311261534691 
v 0.01515822485089302 1.7383103370666504 0.026525825262069702 
v 0.01541606429964304 1.7381385564804077 0.025250528007745743 
v 0.025345047935843468 1.737669587135315 0.02569952979683876 
v 0.02561676688492298 1.7372832298278809 0.024952121078968048 
v 0.009555273689329624 1.7367924451828003 0.028213798999786377 
v 0.009061342105269432 1.7369569540023804 0.02900305762887001 
v 0.01226701121777296 1.737256646156311 0.030289895832538605 
v 0.011623923666775227 1.7377042770385742 0.031074002385139465 
v 0.015147050842642784 1.736638069152832 0.03315810486674309 
v 0.015529506839811802 1.7362653017044067 0.03231851011514664 
v 0.020126955583691597 1.7345012426376343 0.03564780205488205 
v 0.02045544981956482 1.734086513519287 0.035148926079273224 
v 0.012109916657209396 1.7373391389846802 0.033543381839990616 
v 0.010522615164518356 1.7385544776916504 0.03392966091632843 
v 0.014495902694761753 1.7380582094192505 0.0367424301803112 
v 0.013158434070646763 1.7390660047531128 0.038162797689437866 
v 0.01585652120411396 1.7389627695083618 0.04071633145213127 
v 0.01719844713807106 1.737690806388855 0.03960558772087097 
v 0.021239837631583214 1.7334741353988647 0.04320905730128288 
v 0.02153211645781994 1.7333717346191406 0.042740534991025925 
v 0.0011139463167637587 1.7406343221664429 0.030321288853883743 
v 0.00018603495846036822 1.740676760673523 0.03131873905658722 
v 0.004787354730069637 1.7405503988265991 0.03178289905190468 
v 0.004534937907010317 1.7405643463134766 0.03359758108854294 
v 0.00855807214975357 1.7397780418395996 0.03412322700023651 
v 0.009019763208925724 1.739320158958435 0.03262809291481972 
v 0.014118597842752934 1.7369991540908813 0.03399305045604706 
v 0.014165623113512993 1.7367652654647827 0.033459290862083435 
v 0.0017850070726126432 1.7381858825683594 0.03211717680096626 
v 0.002387917833402753 1.7390283346176147 0.03408164158463478 
v 0.005196329206228256 1.7400463819503784 0.03365922346711159 
v 0.004893811885267496 1.7406398057937622 0.035923995077610016 
v 0.008986084721982479 1.7402828931808472 0.036461375653743744 
v 0.00969400443136692 1.7393587827682495 0.034647006541490555 
v 0.014141656458377838 1.7377300262451172 0.03568016365170479 
v 0.013819064944982529 1.73743736743927 0.03485136106610298 
v -0.006852817256003618 1.7368077039718628 0.03432504087686539 
v -0.012094378471374512 1.7352803945541382 0.03903035447001457 
v -0.00797185953706503 1.7422512769699097 0.0377812497317791 
v -0.010347597301006317 1.7419871091842651 0.041238538920879364 
v -0.007430778816342354 1.7423800230026245 0.043369360268116 
v -0.004795667715370655 1.7415801286697388 0.04096270725131035 
v -0.0015149267856031656 1.7381385564804077 0.044500384479761124 
v -0.0007444622460752726 1.7377561330795288 0.043510451912879944 
v 0.03685104846954346 1.730749249458313 0.05092671886086464 
v 0.03648432716727257 1.731024146080017 0.05078539624810219 
v 0.0350424200296402 1.7317081689834595 0.054118089377880096 
v 0.034362103790044785 1.7318838834762573 0.05318112671375275 
v 0.03261353075504303 1.7317248582839966 0.05459883064031601 
v 0.033207058906555176 1.73202383518219 0.05576720088720322 
v 0.03121945448219776 1.7309865951538086 0.05557972937822342 
v 0.03287108987569809 1.7300282716751099 0.056834980845451355 
v 0.0291859433054924 1.7272526025772095 0.05691417306661606 
v 0.029243893921375275 1.7275439500808716 0.05753510445356369 
v 0.03808298707008362 1.7293238639831543 0.05261518806219101 
v 0.03780997544527054 1.729573369026184 0.05261063203215599 
v 0.03633442521095276 1.7308567762374878 0.05538805574178696 
v 0.03606661409139633 1.730916142463684 0.05517980828881264 
v 0.034189898520708084 1.7314437627792358 0.05598172917962074 
v 0.034364253282547 1.7313259840011597 0.05630960315465927 
v 0.03236076608300209 1.7316612005233765 0.05632412061095238 
v 0.03233453631401062 1.7317118644714355 0.056654270738363266 
v 0.02949673682451248 1.728488802909851 0.05790521204471588 
v 0.029516618698835373 1.7288275957107544 0.05863046273589134 
v 0.039594344794750214 1.7269986867904663 0.0557534322142601 
v 0.039238445460796356 1.7273553609848022 0.05556399002671242 
v 0.0371808186173439 1.72893226146698 0.05698879808187485 
v 0.03694538772106171 1.7295559644699097 0.056285418570041656 
v 0.0351802259683609 1.7292547225952148 0.05698319897055626 
v 0.03538195788860321 1.7294278144836426 0.057660724967718124 
v 0.033865656703710556 1.727181077003479 0.05746777355670929 
v 0.0337337963283062 1.7271075248718262 0.058152101933956146 
v 0.03205844759941101 1.7257264852523804 0.05750276520848274 
v 0.03209075331687927 1.7261362075805664 0.05820367857813835 
v 0.04307377338409424 1.7253869771957397 0.0540379099547863 
v 0.0425138957798481 1.725807547569275 0.05388474091887474 
v 0.040093839168548584 1.726861834526062 0.05512654408812523 
v 0.039805229753255844 1.7273160219192505 0.054668691009283066 
v 0.03790891543030739 1.7287778854370117 0.05535515397787094 
v 0.03804711997509003 1.728307843208313 0.05575917661190033 
v 0.036512017250061035 1.7305617332458496 0.055796828120946884 
v 0.036548394709825516 1.7302244901657104 0.056224629282951355 
v 0.035085830837488174 1.7309304475784302 0.05582603067159653 
v 0.035082485526800156 1.7308324575424194 0.056465066969394684 
v 0.03954317420721054 1.730186939239502 0.07042541354894638 
v 0.03960203379392624 1.7301522493362427 0.06907253712415695 
v 0.03589095547795296 1.729683756828308 0.07042072713375092 
v 0.03605461120605469 1.7300454378128052 0.06903662532567978 
v 0.03256082534790039 1.7299299240112305 0.067765973508358 
v 0.032365214079618454 1.729084849357605 0.06941825151443481 
v 0.03024344891309738 1.7293123006820679 0.06623736768960953 
v 0.029772527515888214 1.7284761667251587 0.06780317425727844 
v 0.027191853150725365 1.7285356521606445 0.06254077702760696 
v 0.025580711662769318 1.7285295724868774 0.06366592645645142 
v 0.04104474186897278 1.7299472093582153 0.06902013719081879 
v 0.041100483387708664 1.7295788526535034 0.06766947358846664 
v 0.03731700778007507 1.7303508520126343 0.06901820003986359 
v 0.03748153895139694 1.7302955389022827 0.06764109432697296 
v 0.03395853936672211 1.730345606803894 0.06629157066345215 
v 0.03380146622657776 1.729906678199768 0.06799252331256866 
v 0.030833832919597626 1.7288988828659058 0.06403461843729019 
v 0.031190169975161552 1.7298673391342163 0.06636981666088104 
v 0.027852099388837814 1.7294985055923462 0.06189389526844025 
v 0.028071727603673935 1.7290674448013306 0.06381762772798538 
v 0.04026075452566147 1.7301970720291138 0.07135336101055145 
v 0.04009148105978966 1.7301993370056152 0.07056937366724014 
v 0.03684242442250252 1.7293367385864258 0.07294269651174545 
v 0.03652985394001007 1.7295252084732056 0.0720425620675087 
v 0.033157721161842346 1.7285419702529907 0.07167825102806091 
v 0.033200833946466446 1.7281299829483032 0.07272903621196747 
v 0.030344901606440544 1.727847695350647 0.0705055296421051 
v 0.029884126037359238 1.7277687788009644 0.0715654045343399 
v 0.02725943736732006 1.7278496026992798 0.06837509572505951 
v 0.026032544672489166 1.7276066541671753 0.06939848512411118 
v -0.05149621143937111 1.7229695320129395 -0.010320767760276794 
v -0.04627542197704315 1.7262840270996094 -0.009178891777992249 
v -0.051447391510009766 1.722946047782898 -0.011300073005259037 
v -0.04532235860824585 1.7263294458389282 -0.010772180743515491 
v -0.04234234243631363 1.7269779443740845 -0.009080661460757256 
v -0.0414225198328495 1.7266383171081543 -0.010361184366047382 
v -0.037953052669763565 1.7249460220336914 -0.01073042768985033 
v -0.038807932287454605 1.7245956659317017 -0.008903978392481804 
v -0.0513521283864975 1.7233867645263672 0.00037929415702819824 
v -0.04958261922001839 1.7261372804641724 0.00060078757815063 
v -0.051379114389419556 1.723360538482666 -0.000369025394320488 
v -0.049588799476623535 1.7259660959243774 -0.0003052998799830675 
v -0.04589933902025223 1.7263456583023071 0.00027503655292093754 
v -0.045646920800209045 1.7260226011276245 -0.0009290839079767466 
v -0.04184429347515106 1.724676251411438 -0.0027435303200036287 
v -0.04212731122970581 1.7246376276016235 -0.0013653303030878305 
v -0.05145721137523651 1.723406434059143 0.004492588806897402 
v -0.04966697096824646 1.7263450622558594 0.004649259150028229 
v -0.05146689713001251 1.723380208015442 0.003753158263862133 
v -0.04959147050976753 1.726488709449768 0.002870303113013506 
v -0.04839866980910301 1.7272151708602905 0.0032022856175899506 
v -0.048014916479587555 1.7265547513961792 0.0014804273378103971 
v -0.04478353261947632 1.724732518196106 0.00023875362239778042 
v -0.04515650495886803 1.7249051332473755 0.0023699491284787655 
v -0.05324537679553032 1.7222720384597778 -0.002475041663274169 
v -0.05040373653173447 1.7241889238357544 -0.002170590916648507 
v -0.05328473448753357 1.722169280052185 -0.0031653521582484245 
v -0.050381533801555634 1.7241792678833008 -0.003639135044068098 
v -0.04796998202800751 1.7257436513900757 -0.003398437984287739 
v -0.04732658341526985 1.7247519493103027 -0.005595281720161438 
v -0.04355372488498688 1.7235347032546997 -0.0072180358693003654 
v -0.042812664061784744 1.7238181829452515 -0.006194765213876963 
v -0.03916153311729431 1.7267545461654663 -0.01755751483142376 
v -0.03701672703027725 1.727268099784851 -0.010810726322233677 
v -0.038780577480793 1.727007508277893 -0.017731167376041412 
v -0.03578104078769684 1.7271336317062378 -0.010867475531995296 
v -0.03525334596633911 1.7272467613220215 -0.006097236182540655 
v -0.03394756466150284 1.7273656129837036 -0.006273811217397451 
v -0.030709736049175262 1.7268601655960083 -0.0020042709074914455 
v -0.032179977744817734 1.726392388343811 -0.0014589111087843776 
v -0.04301363602280617 1.725169062614441 -0.020282890647649765 
v -0.04087112843990326 1.7265604734420776 -0.014844751916825771 
v -0.04206619784235954 1.725396990776062 -0.020677141845226288 
v -0.039104267954826355 1.7267850637435913 -0.015330442227423191 
v -0.03588108718395233 1.7267519235610962 -0.007197521161288023 
v -0.03369845449924469 1.726728081703186 -0.007209481671452522 
v -0.029808320105075836 1.7261767387390137 -0.002293064258992672 
v -0.03174711391329765 1.7259851694107056 -0.0023727312218397856 
v 0.0258206557482481 1.7286667823791504 0.015941496938467026 
v 0.024080639705061913 1.72896146774292 0.01569768413901329 
v 0.027025189250707626 1.7293740510940552 0.018128063529729843 
v 0.026102794334292412 1.7298585176467896 0.018428221344947815 
v 0.02629926986992359 1.7312082052230835 0.020311374217271805 
v 0.027457531541585922 1.730695128440857 0.020073745399713516 
v 0.024493036791682243 1.730782389640808 0.023510977625846863 
v 0.0254580806940794 1.730605959892273 0.023165952414274216 
v 0.028550518676638603 1.7279771566390991 0.016185641288757324 
v 0.026496676728129387 1.7282267808914185 0.017039619386196136 
v 0.030007949098944664 1.7287473678588867 0.018414665013551712 
v 0.029313040897250175 1.7293553352355957 0.019536267966032028 
v 0.03074703924357891 1.7308526039123535 0.020861469209194183 
v 0.031345099210739136 1.7305716276168823 0.020060449838638306 
v 0.031843770295381546 1.731972098350525 0.023292049765586853 
v 0.032224465161561966 1.7321585416793823 0.022920235991477966 
v 0.03309531882405281 1.727143406867981 0.026604805141687393 
v 0.03198964521288872 1.7269498109817505 0.026854339987039566 
v 0.03370216116309166 1.729835033416748 0.02920658141374588 
v 0.032905541360378265 1.7297600507736206 0.029354948550462723 
v 0.03284591808915138 1.731711745262146 0.031132861971855164 
v 0.033727072179317474 1.7317215204238892 0.031176961958408356 
v 0.03196972236037254 1.7327138185501099 0.03435306251049042 
v 0.03284720703959465 1.7328227758407593 0.034063298255205154 
v 0.000004157263902015984 1.6863665580749512 0.13348102569580078 
v 0.008491484448313713 1.6855800151824951 0.13275553286075592 
v -0.000003539654017004068 1.7049849033355713 0.13591060042381287 
v 0.00955526065081358 1.7042198181152344 0.13628719747066498 
v -0.00002919604958151467 1.7084119319915771 0.13353657722473145 
v 0.010163463652133942 1.7067945003509521 0.13298556208610535 
v -0.0001754374970914796 1.7113778591156006 0.13066640496253967 
v 0.010397318750619888 1.7089555263519287 0.1307382583618164 
v 0.00015809563046786934 1.7140748500823975 0.12577691674232483 
v 0.010891085490584373 1.7120497226715088 0.12649723887443542 
v 0.00048393182805739343 1.7161556482315063 0.12010391801595688 
v 0.011326284147799015 1.713329792022705 0.12065314501523972 
v 0.0002359200152568519 1.71735417842865 0.11630331724882126 
v 0.011631672270596027 1.7150253057479858 0.11658637225627899 
v 0.000003302050799902645 1.7192565202713013 0.11214698106050491 
v 0.011838630773127079 1.716889500617981 0.11262288689613342 
v 0.000008433329639956355 1.7220091819763184 0.10693906992673874 
v 0.012174762785434723 1.7192915678024292 0.10680039972066879 
v 7.364114935626276e-7 1.7249468564987183 0.10194455087184906 
v 0.012450193054974079 1.7218400239944458 0.1011119931936264 
v 0.0001615164801478386 1.7281770706176758 0.09523485600948334 
v 0.011979583650827408 1.7248839139938354 0.09528043121099472 
v 0.0004163699923083186 1.7300163507461548 0.08863069862127304 
v 0.010674982331693172 1.7257003784179688 0.08903597295284271 
v -0.00005228680311120115 1.730256199836731 0.08421465009450912 
v 0.01050188671797514 1.7267426252365112 0.08479127287864685 
v 0.00034453210537321866 1.7359949350357056 0.07998152077198029 
v 0.011322040110826492 1.7296977043151855 0.08044292032718658 
v -0.000010381359061284456 1.734325885772705 0.07561677694320679 
v 0.011243695393204689 1.7308045625686646 0.07571525871753693 
v 0.00002211673927376978 1.735709547996521 0.07130995392799377 
v 0.011399169452488422 1.7323282957077026 0.07109354436397552 
v 0.000010998967809427995 1.7341305017471313 0.06658072769641876 
v 0.011455338448286057 1.7321192026138306 0.06570746004581451 
v 0.000051193987019360065 1.7379626035690308 0.06350834667682648 
v 0.012127216905355453 1.7335070371627808 0.06226380169391632 
v -0.000017223062968696468 1.7380332946777344 0.05941067263484001 
v 0.012429695576429367 1.7336190938949585 0.059518881142139435 
v 0.00008145504398271441 1.7385621070861816 0.05590417981147766 
v 0.012637884356081486 1.733689308166504 0.05578755959868431 
v 0.0001189800095744431 1.739210605621338 0.05020816996693611 
v 0.013314178213477135 1.736552357673645 0.04993206635117531 
v 0.0004971266607753932 1.7396706342697144 0.044637057930231094 
v 0.01327467244118452 1.737069010734558 0.044340092688798904 
v 0.00014130894851405174 1.73983633518219 0.0392460934817791 
v 0.012168758548796177 1.736700415611267 0.039762068539857864 
v 0.00017887106514535844 1.7400051355361938 0.03361529856920242 
v 0.01107923686504364 1.7361418008804321 0.03451802209019661 
v 0.0004843911447096616 1.7412809133529663 0.02590956538915634 
v 0.011953406035900116 1.7364801168441772 0.02666587382555008 
v 0.0011259601451456547 1.7425838708877563 0.019525501877069473 
v 0.013107308186590672 1.737066626548767 0.01989423856139183 
v 0.0015762187540531158 1.740578055381775 0.0126598309725523 
v 0.013132418505847454 1.7359099388122559 0.013343618251383305 
v 0.0020187199115753174 1.7384071350097656 0.005391528829932213 
v 0.01332017034292221 1.734257698059082 0.0067339129745960236 
v 0.00069797522155568 1.7365580797195435 -0.0007686838507652283 
v 0.012845156714320183 1.7335246801376343 0.0001412795390933752 
v -0.00025858182925730944 1.734904170036316 -0.007083508651703596 
v 0.011946585029363632 1.730612874031067 -0.006470815744251013 
v -0.0005120704299770296 1.7351264953613281 -0.015254377387464046 
v 0.012160725891590118 1.7306462526321411 -0.014726610854268074 
v -0.0008168472559191287 1.7320351600646973 -0.020127534866333008 
v 0.012162254191935062 1.7301946878433228 -0.01987328752875328 
v -0.0005004184786230326 1.7248106002807617 -0.026333801448345184 
v 0.011373846791684628 1.7233161926269531 -0.027089569717645645 
v -0.00007965362601680681 1.7142618894577026 -0.03277501091361046 
v 0.010358970612287521 1.7134519815444946 -0.03429722785949707 
v 0.009251265786588192 1.7050361633300781 -0.041967250406742096 
v 0.017069894820451736 1.7040948867797852 -0.043963681906461716 
v 0.013759836554527283 1.696258544921875 -0.053020138293504715 
v 0.023752599954605103 1.7014564275741577 -0.044296395033597946 
v 0.01899533160030842 1.6942187547683716 -0.053226783871650696 
v 0.031102748587727547 1.6981831789016724 -0.043782155960798264 
v 0.02415267936885357 1.6915984153747559 -0.052500978112220764 
v 0.026996450498700142 1.6882880926132202 -0.053346987813711166 
v 0.02190655656158924 1.6847485303878784 -0.05443127453327179 
v 0.0234918761998415 1.6820489168167114 -0.054648999124765396 
v 0.01692107692360878 1.6787532567977905 -0.05452505499124527 
v 0.017044514417648315 1.6762820482254028 -0.05463045462965965 
v 0.012042589485645294 1.6772470474243164 -0.05552992224693298 
v 0.012224067002534866 1.6749573945999146 -0.055639225989580154 
v 0.007439662702381611 1.675454020500183 -0.056602951139211655 
v 0.007371567655354738 1.6734943389892578 -0.05696467310190201 
v 0.003766420530155301 1.675417423248291 -0.05630049854516983 
v 0.003702616784721613 1.6734739542007446 -0.05690760537981987 
v 0.00017348946130368859 1.675331950187683 -0.05533474311232567 
v 0.00015381955017801374 1.6733241081237793 -0.0562252402305603 
v 0.018632791936397552 1.7033843994140625 0.13612006604671478 
v 0.019619984552264214 1.7051911354064941 0.13300487399101257 
v 0.02054273895919323 1.7068588733673096 0.13078804314136505 
v 0.02159946970641613 1.7089320421218872 0.1265571117401123 
v 0.022047458216547966 1.709511160850525 0.12101931124925613 
v 0.022993657737970352 1.7113670110702515 0.11694616824388504 
v 0.023847846314311028 1.7136510610580444 0.11285548657178879 
v 0.02445848658680916 1.7150835990905762 0.10630149394273758 
v 0.024858862161636353 1.7154040336608887 0.09921422600746155 
v 0.02373187616467476 1.7179540395736694 0.09404037892818451 
v 0.022605959326028824 1.7203192710876465 0.0891868993639946 
v 0.022789347916841507 1.7215806245803833 0.0847766324877739 
v 0.023288553580641747 1.7252424955368042 0.0807204619050026 
v 0.023588068783283234 1.7275186777114868 0.07614259421825409 
v 0.023347457870841026 1.7274421453475952 0.07060494273900986 
v 0.024148184806108475 1.728232502937317 0.06500094383955002 
v 0.024673031643033028 1.7300535440444946 0.06184639036655426 
v 0.025221683084964752 1.7292929887771606 0.059573568403720856 
v 0.02588905580341816 1.7284045219421387 0.05569728463888168 
v 0.025947241112589836 1.7297648191452026 0.04898359999060631 
v 0.026482265442609787 1.7328373193740845 0.043989114463329315 
v 0.02527339942753315 1.7314919233322144 0.03993416950106621 
v 0.023667575791478157 1.7298794984817505 0.03530414402484894 
v 0.025001762434840202 1.7292193174362183 0.027564402669668198 
v 0.026441888883709908 1.7288929224014282 0.020415186882019043 
v 0.02592717856168747 1.7290409803390503 0.014367827214300632 
v 0.024900544434785843 1.7265340089797974 0.00826586876064539 
v 0.02551044151186943 1.7260693311691284 0.0013904671650379896 
v 0.026132088154554367 1.7257061004638672 -0.005734378471970558 
v 0.026152892038226128 1.726162075996399 -0.013536256738007069 
v 0.025811774656176567 1.7262111902236938 -0.018602851778268814 
v 0.023239251226186752 1.7204030752182007 -0.0269220769405365 
v 0.02018340677022934 1.7120593786239624 -0.03504295274615288 
v 0.028650259599089622 1.7084492444992065 -0.035594213753938675 
v 0.03698313981294632 1.7042012214660645 -0.03535163030028343 
v 0.03426182270050049 1.6939398050308228 -0.045635443180799484 
v 0.029669519513845444 1.685179352760315 -0.0536968931555748 
v 0.024452755227684975 1.679083228111267 -0.05496620759367943 
v 0.017579631879925728 1.673789620399475 -0.054721932858228683 
v 0.012391299940645695 1.6727484464645386 -0.05585959181189537 
v 0.00697248475626111 1.6716006994247437 -0.05735448747873306 
v 0.0036430051550269127 1.6716173887252808 -0.05754560977220535 
v 0.00046682756510563195 1.6715396642684937 -0.05609116703271866 
v 0.032042890787124634 1.7167387008666992 -0.026143934577703476 
v 0.03483528271317482 1.7224949598312378 -0.01690148562192917 
v 0.035826511681079865 1.7240818738937378 -0.010842717252671719 
v 0.0367487296462059 1.7246965169906616 -0.0036885584704577923 
v 0.0361018069088459 1.7255126237869263 0.0031554512679576874 
v 0.0351160392165184 1.726016640663147 0.009930052794516087 
v 0.035193897783756256 1.7261062860488892 0.015739571303129196 
v 0.03521297872066498 1.7260295152664185 0.02155563235282898 
v 0.033726781606674194 1.7290898561477661 0.029241356998682022 
v 0.03237813338637352 1.730099081993103 0.03699157387018204 
v 0.033169686794281006 1.7302676439285278 0.041551120579242706 
v 0.033190108835697174 1.728521466255188 0.04552202299237251 
v 0.033371247351169586 1.7272248268127441 0.05040939897298813 
v 0.0337672159075737 1.7258968353271484 0.056340157985687256 
v 0.03300480544567108 1.7266613245010376 0.061102911829948425 
v 0.032628048211336136 1.7272056341171265 0.06444795429706573 
v 0.03303825855255127 1.728540062904358 0.06888730078935623 
v 0.03258095681667328 1.7267509698867798 0.07315699756145477 
v 0.03264951705932617 1.7257646322250366 0.07691255211830139 
v 0.03255616873502731 1.7240725755691528 0.08042370527982712 
v 0.03240417689085007 1.7209781408309937 0.08344101905822754 
v 0.03223316743969917 1.719420075416565 0.08693995326757431 
v 0.03260156139731407 1.716508388519287 0.0925595834851265 
v 0.03296094760298729 1.7134002447128296 0.09839044511318207 
v 0.032482877373695374 1.7108184099197388 0.10467593371868134 
v 0.03245489299297333 1.7083157300949097 0.11120495200157166 
v 0.03383062407374382 1.7106233835220337 0.1150665357708931 
v 0.03390025347471237 1.70920991897583 0.11818230897188187 
v 0.03330868482589722 1.708350419998169 0.12360041588544846 
v 0.03211212158203125 1.7062029838562012 0.12815646827220917 
v 0.03161301836371422 1.7027307748794556 0.1315184086561203 
v 0.030826108530163765 1.6988005638122559 0.134835883975029 
v 0.02764200232923031 1.681322693824768 0.12969417870044708 
v 0.01668158918619156 1.684880018234253 0.1321474015712738 
v 0.03790074586868286 1.6774487495422363 0.12665888667106628 
v 0.04177555441856384 1.693634033203125 0.13092350959777832 
v 0.04229717701673508 1.6989619731903076 0.12731163203716278 
v 0.04308512434363365 1.699758529663086 0.12426365166902542 
v 0.04350314661860466 1.7053861618041992 0.11884384602308273 
v 0.04365362972021103 1.7062002420425415 0.11473913490772247 
v 0.04294430837035179 1.7059048414230347 0.11227269470691681 
v 0.04155570641160011 1.7047972679138184 0.10921034961938858 
v 0.0401834100484848 1.7072573900222778 0.1025557592511177 
v 0.040800753980875015 1.71250581741333 0.09743115305900574 
v 0.040643028914928436 1.7158607244491577 0.09107165783643723 
v 0.04042229801416397 1.718833088874817 0.08469848334789276 
v 0.03992172330617905 1.7199091911315918 0.08193306624889374 
v 0.04037737101316452 1.7233086824417114 0.08036554604768753 
v 0.040323276072740555 1.7251237630844116 0.07813332974910736 
v 0.03954271972179413 1.7247155904769897 0.07542378455400467 
v 0.03943406417965889 1.7244187593460083 0.07180260121822357 
v 0.04055795818567276 1.7254210710525513 0.0667610615491867 
v 0.04084911197423935 1.7246919870376587 0.06203217804431915 
v 0.041424382477998734 1.724318027496338 0.05707390978932381 
v 0.040894437581300735 1.7257624864578247 0.052485931664705276 
v 0.03899489343166351 1.725381851196289 0.047257836908102036 
v 0.03872092068195343 1.72665536403656 0.04279375076293945 
v 0.03929418325424194 1.7292581796646118 0.03866508975625038 
v 0.04091818258166313 1.7279998064041138 0.03076021373271942 
v 0.042318571358919144 1.726314902305603 0.0227312333881855 
v 0.04323233291506767 1.7274168729782104 0.017426665872335434 
v 0.04365245997905731 1.7273958921432495 0.011592346243560314 
v 0.045013777911663055 1.725866675376892 0.004859930370002985 
v 0.046482283622026443 1.7249881029129028 -0.0018042140873149037 
v 0.04579893872141838 1.7233093976974487 -0.008555672131478786 
v 0.044064007699489594 1.7196637392044067 -0.014676247723400593 
v 0.04166072607040405 1.7142199277877808 -0.026418045163154602 
v 0.051492661237716675 1.685449242591858 0.12391176074743271 
v 0.05213811621069908 1.6904486417770386 0.12024196237325668 
v 0.05218933895230293 1.694625973701477 0.11565922945737839 
v 0.05374452471733093 1.6996407508850098 0.11362246423959732 
v 0.05471738800406456 1.6977214813232422 0.10876762121915817 
v 0.054666414856910706 1.6980623006820679 0.10675934702157974 
v 0.054616011679172516 1.6986743211746216 0.10418974608182907 
v 0.05390484631061554 1.700796127319336 0.09936747699975967 
v 0.05401967838406563 1.7041500806808472 0.09557528048753738 
v 0.052798643708229065 1.7077975273132324 0.08953113108873367 
v 0.052204012870788574 1.7129098176956177 0.08409630507230759 
v 0.052060604095458984 1.7141166925430298 0.0817921832203865 
v 0.05153867229819298 1.7149547338485718 0.07952447235584259 
v 0.05174502357840538 1.7157851457595825 0.076954685151577 
v 0.05124916136264801 1.716774582862854 0.07464296370744705 
v 0.05165935307741165 1.7169278860092163 0.07005566358566284 
v 0.0505850613117218 1.7159004211425781 0.06538623571395874 
v 0.05031284689903259 1.7157257795333862 0.060913048684597015 
v 0.050504542887210846 1.7158986330032349 0.056350670754909515 
v 0.049910638481378555 1.7167474031448364 0.05233955755829811 
v 0.04944123327732086 1.7177613973617554 0.04841744899749756 
v 0.04916871711611748 1.719032883644104 0.04438212886452675 
v 0.04856491833925247 1.7199472188949585 0.04013144224882126 
v 0.049198850989341736 1.71977698802948 0.03280654177069664 
v 0.05055719241499901 1.7198818922042847 0.025400914251804352 
v 0.05051141977310181 1.7207406759262085 0.019237015396356583 
v 0.05014317110180855 1.7210990190505981 0.012583011761307716 
v 0.05209684371948242 1.7204757928848267 0.005375144071877003 
v 0.05397401005029678 1.7197293043136597 -0.0013428616803139448 
v 0.05334460362792015 1.7156099081039429 -0.008799398317933083 
v 0.053819745779037476 1.7135072946548462 -0.016163837164640427 
v 0.04857360199093819 1.7077122926712036 -0.028587065637111664 
v 0.04127437248826027 1.7001696825027466 -0.03923674300312996 
v 0.05981947481632233 1.680916666984558 0.11137110739946365 
v 0.06061740219593048 1.6847096681594849 0.10785657167434692 
v 0.06164126470685005 1.6857658624649048 0.10561656951904297 
v 0.062345173209905624 1.686703085899353 0.10328613221645355 
v 0.06283698976039886 1.6881694793701172 0.10117416083812714 
v 0.06301722675561905 1.6894513368606567 0.09903717041015625 
v 0.06269807368516922 1.6913272142410278 0.09593060612678528 
v 0.06279345601797104 1.6933265924453735 0.09293033927679062 
v 0.06238814815878868 1.6981137990951538 0.08728056401014328 
v 0.06078841909766197 1.7027610540390015 0.08163727819919586 
v 0.060719408094882965 1.702793002128601 0.07936369627714157 
v 0.060689833015203476 1.7028144598007202 0.07693571597337723 
v 0.05993051826953888 1.7026047706604004 0.07467397302389145 
v 0.059207309037446976 1.7025041580200195 0.07235347479581833 
v 0.057146139442920685 1.702614665031433 0.06858398765325546 
v 0.05778352916240692 1.7040681838989258 0.0644451230764389 
v 0.05791226029396057 1.70535147190094 0.06000261381268501 
v 0.05658247694373131 1.7057594060897827 0.055968452244997025 
v 0.056401241570711136 1.7056583166122437 0.05249011889100075 
v 0.0561518631875515 1.7058249711990356 0.049050942063331604 
v 0.05654209852218628 1.7058736085891724 0.0454757884144783 
v 0.05616118013858795 1.7057043313980103 0.041871894150972366 
v 0.05625012144446373 1.707555890083313 0.03474493697285652 
v 0.056760385632514954 1.709023356437683 0.02756815403699875 
v 0.057649966329336166 1.7110580205917358 0.020763400942087173 
v 0.056839194148778915 1.7118207216262817 0.013349845074117184 
v 0.05921439081430435 1.712468147277832 0.006153239868581295 
v 0.06083415448665619 1.712628960609436 -0.0004926808178424835 
v 0.062030382454395294 1.7089568376541138 -0.009501650929450989 
v 0.061701491475105286 1.704595923423767 -0.01678238809108734 
v 0.05458458140492439 1.7005912065505981 -0.030301690101623535 
v 0.044583410024642944 1.6947318315505981 -0.040800709277391434 
v 0.0376262441277504 1.690501093864441 -0.048553381115198135 
v 0.06554722040891647 1.6969722509384155 0.027814675122499466 
v 0.06491763144731522 1.695186734199524 0.034391775727272034 
v 0.06589784473180771 1.694124698638916 0.04140502214431763 
v 0.06466355174779892 1.6935895681381226 0.0444205179810524 
v 0.06442514806985855 1.6935187578201294 0.04776977747678757 
v 0.06463377922773361 1.693581223487854 0.05126481503248215 
v 0.06445498019456863 1.6936184167861938 0.05459297075867653 
v 0.06488040834665298 1.6930279731750488 0.058205947279930115 
v 0.065363310277462 1.6925688982009888 0.06207117438316345 
v 0.06523881107568741 1.6917449235916138 0.06594660133123398 
v 0.06386060267686844 1.6904033422470093 0.06984442472457886 
v 0.0653281882405281 1.6906193494796753 0.07219970226287842 
v 0.0657125934958458 1.690342903137207 0.07458744198083878 
v 0.06661458313465118 1.6902995109558105 0.07702986150979996 
v 0.06666414439678192 1.6899925470352173 0.07945583015680313 
v 0.06725697219371796 1.6870836019515991 0.08462339639663696 
v 0.06629609316587448 1.6838241815567017 0.0898686945438385 
v 0.06629950553178787 1.6822832822799683 0.092665895819664 
v 0.06511096656322479 1.6805987358093262 0.09537410736083984 
v 0.06483050435781479 1.6788331270217896 0.09779135137796402 
v 0.06462360173463821 1.6770111322402954 0.1000397801399231 
v 0.06430868804454803 1.6759144067764282 0.10205253213644028 
v 0.06383029371500015 1.6746565103530884 0.10386744141578674 
v 0.06294986605644226 1.6712918281555176 0.10650665313005447 
v 0.05926215276122093 1.6769858598709106 0.11467397212982178 
v 0.06270037591457367 1.6677385568618774 0.10948798060417175 
v 0.052934929728507996 1.6620877981185913 0.11551533639431 
v 0.05538858845829964 1.6565757989883423 0.11216598004102707 
v 0.06420973688364029 1.6602706909179688 0.10326314717531204 
v 0.06389448791742325 1.6650508642196655 0.10347557812929153 
v 0.06446842104196548 1.6675806045532227 0.10135599970817566 
v 0.06518416106700897 1.6656303405761719 0.09856465458869934 
v 0.06576590985059738 1.6683826446533203 0.09510917961597443 
v 0.06514948606491089 1.6728395223617554 0.09516759216785431 
v 0.06574765592813492 1.6745800971984863 0.09263800829648972 
v 0.06683577597141266 1.6721811294555664 0.08891253918409348 
v 0.06769295036792755 1.6745537519454956 0.08361946791410446 
v 0.06757599860429764 1.6791977882385254 0.08250278979539871 
v 0.06803151965141296 1.6805156469345093 0.0787908062338829 
v 0.06867256760597229 1.6769400835037231 0.07576501369476318 
v 0.06882021576166153 1.6782523393630981 0.07136205583810806 
v 0.06724534183740616 1.6826777458190918 0.07073822617530823 
v 0.06796308606863022 1.6832236051559448 0.06802096217870712 
v 0.06937059760093689 1.6798659563064575 0.06467141956090927 
v 0.06932634115219116 1.680928349494934 0.05917522311210632 
v 0.06800693273544312 1.6854780912399292 0.057159461081027985 
v 0.06821716576814651 1.6858335733413696 0.05357030779123306 
v 0.06920219212770462 1.6818275451660156 0.05091989040374756 
v 0.06927508860826492 1.682163119316101 0.045284122228622437 
v 0.06893614679574966 1.686691403388977 0.04318464547395706 
v 0.06943459063768387 1.6877797842025757 0.039292868226766586 
v 0.07023829966783524 1.6829732656478882 0.03524692729115486 
v 0.07025511562824249 1.6838873624801636 0.02744879573583603 
v 0.06488703191280365 1.6982039213180542 0.020298652350902557 
v 0.06599948555231094 1.6583789587020874 0.09101047366857529 
v 0.06685969978570938 1.6612299680709839 0.08491938561201096 
v 0.06786065548658371 1.6628450155258179 0.07997679710388184 
v 0.06960875540971756 1.664724349975586 0.07308130711317062 
v 0.07060685753822327 1.6661103963851929 0.06842394173145294 
v 0.07086970657110214 1.6671662330627441 0.06207417696714401 
v 0.0705796480178833 1.6677216291427612 0.05745147168636322 
v 0.06874322891235352 1.6684304475784302 0.049112580716609955 
v 0.06876163929700851 1.6688717603683472 0.044154807925224304 
v 0.07138734310865402 1.6702557802200317 0.03412273898720741 
v 0.07200032472610474 1.6715911626815796 0.026874471455812454 
v 0.07030472904443741 1.6855850219726562 0.020254261791706085 
v 0.06604445725679398 1.7002683877944946 0.013514307327568531 
v 0.06753554940223694 1.646349310874939 0.0795675739645958 
v 0.06850514560937881 1.6483111381530762 0.07556074112653732 
v 0.07015449553728104 1.6509097814559937 0.06949786841869354 
v 0.07095785439014435 1.652286410331726 0.06538170576095581 
v 0.07163552194833755 1.653312087059021 0.05963767692446709 
v 0.07201726734638214 1.6540827751159668 0.05553605407476425 
v 0.07156357169151306 1.6552057266235352 0.04832492768764496 
v 0.07104688137769699 1.6555873155593872 0.043527018278837204 
v 0.070454441010952 1.6569706201553345 0.03322954475879669 
v 0.07204803824424744 1.6578603982925415 0.026034794747829437 
v 0.07249058037996292 1.6731148958206177 0.019871041178703308 
v 0.07117079943418503 1.6874715089797974 0.013114736415445805 
v 0.06777238100767136 1.7011469602584839 0.006192146800458431 
v 0.07126587629318237 1.6261614561080933 0.06681285053491592 
v 0.07196139544248581 1.6296566724777222 0.06351423263549805 
v 0.07237812131643295 1.6315560340881348 0.06121540814638138 
v 0.0730263963341713 1.634286880493164 0.05748812109231949 
v 0.07335234433412552 1.635851263999939 0.05449844151735306 
v 0.07353322207927704 1.6381765604019165 0.04829571768641472 
v 0.07348936051130295 1.6398104429244995 0.0435904935002327 
v 0.07300415635108948 1.6403752565383911 0.03337346389889717 
v 0.07223857194185257 1.6397253274917603 0.026001498103141785 
v 0.07162189483642578 1.6593807935714722 0.01875973492860794 
v 0.0727415457367897 1.6744457483291626 0.013343353755772114 
v 0.070974200963974 1.6878455877304077 0.005921301431953907 
v 0.06703167408704758 1.7010267972946167 -0.0010951850563287735 
v 0.07122130692005157 1.6071792840957642 0.05981925502419472 
v 0.07179546356201172 1.6087123155593872 0.05963564291596413 
v 0.07236337661743164 1.6132086515426636 0.058033257722854614 
v 0.07333103567361832 1.6147087812423706 0.05663268640637398 
v 0.0747411921620369 1.6186443567276 0.04970083385705948 
v 0.07335846871137619 1.6205002069473267 0.047205910086631775 
v 0.07479219138622284 1.621280550956726 0.0351397842168808 
v 0.07479609549045563 1.6106683015823364 0.025391966104507446 
v 0.07218515127897263 1.6415787935256958 0.017234601080417633 
v 0.0733141228556633 1.6604493856430054 0.012186672538518906 
v 0.07230595499277115 1.6754940748214722 0.005655770190060139 
v 0.06977938860654831 1.6880587339401245 -0.0006924762856215239 
v 0.0653366670012474 1.6989887952804565 -0.010225251317024231 
v 0.07402309030294418 1.6152383089065552 0.01399917807430029 
v 0.07312754541635513 1.6442431211471558 0.00919665489345789 
v 0.07220455259084702 1.662641167640686 0.004877996630966663 
v 0.07069754600524902 1.676669716835022 -0.0021924872417002916 
v 0.06706951558589935 1.6867445707321167 -0.010925290174782276 
v 0.062243856489658356 1.695625901222229 -0.019438695162534714 
v 0.0718502476811409 1.6206417083740234 0.00318868737667799 
v 0.07081728428602219 1.6480001211166382 0.0010860646143555641 
v 0.07049751281738281 1.664561152458191 -0.0028898161835968494 
v 0.06763345748186111 1.6772040128707886 -0.01224211324006319 
v 0.06164010986685753 1.685425877571106 -0.02127126231789589 
v 0.056251510977745056 1.692693829536438 -0.0320606529712677 
v 0.0690566673874855 1.6263490915298462 -0.0061760563403368 
v 0.06793256103992462 1.6502662897109985 -0.007895567454397678 
v 0.06693017482757568 1.6667108535766602 -0.012268001213669777 
v 0.06184682995080948 1.6773141622543335 -0.021190203726291656 
v 0.05718282610177994 1.6839016675949097 -0.032745059579610825 
v 0.04800673946738243 1.6883057355880737 -0.04180106520652771 
v 0.04007474705576897 1.6848138570785522 -0.04944679141044617 
v 0.030846407637000084 1.6808680295944214 -0.054286375641822815 
v 0.06466176360845566 1.6327122449874878 -0.013902491889894009 
v 0.06331534683704376 1.6537202596664429 -0.016979865729808807 
v 0.06146815046668053 1.6687806844711304 -0.02087055891752243 
v 0.05759415030479431 1.6770758628845215 -0.03335828334093094 
v 0.05003463849425316 1.6816091537475586 -0.04203517362475395 
v 0.042196810245513916 1.6790289878845215 -0.04970574006438255 
v 0.03174028545618057 1.6771072149276733 -0.054663944989442825 
v 0.02516658417880535 1.6755155324935913 -0.05521438270807266 
v 0.05973677337169647 1.6374539136886597 -0.022595342248678207 
v 0.05698135122656822 1.657589316368103 -0.025890689343214035 
v 0.05775617063045502 1.6701874732971191 -0.03358869627118111 
v 0.05115710198879242 1.6764737367630005 -0.04300075024366379 
v 0.04311220347881317 1.6751304864883423 -0.050127748399972916 
v 0.03175097703933716 1.6743460893630981 -0.05454130843281746 
v 0.02509647235274315 1.6731958389282227 -0.05531762167811394 
v 0.017546504735946655 1.6718858480453491 -0.05501203611493111 
v 0.05546042323112488 1.64243745803833 -0.031498633325099945 
v 0.05578798055648804 1.6587166786193848 -0.03592906892299652 
v 0.05207943543791771 1.6716580390930176 -0.04359119012951851 
v 0.04337681457400322 1.6718887090682983 -0.05032188445329666 
v 0.03166692703962326 1.671589732170105 -0.054230235517024994 
v 0.02492319419980049 1.6708699464797974 -0.05536561459302902 
v 0.017464375123381615 1.6700509786605835 -0.05540007725358009 
v 0.0123833529651165 1.671237587928772 -0.056202974170446396 
v 0.02993275411427021 1.6654120683670044 -0.053214989602565765 
v 0.04228076711297035 1.6627141237258911 -0.04947064816951752 
v 0.051310837268829346 1.6602703332901 -0.04343869537115097 
v 0.05148118734359741 1.647326111793518 -0.04007415100932121 
v 0.05266117677092552 1.634426474571228 -0.03582856431603432 
v 0.05625079944729805 1.628496766090393 -0.029320724308490753 
v 0.051612284034490585 1.6198519468307495 -0.034955158829689026 
v 0.05360880121588707 1.6128886938095093 -0.03011031448841095 
v 0.04154901206493378 1.6072866916656494 -0.040026623755693436 
v 0.04239679127931595 1.597877860069275 -0.03482340648770332 
v 0.027572985738515854 1.5930250883102417 -0.041781261563301086 
v 0.028111569583415985 1.583192229270935 -0.035028181970119476 
v 0.014267757534980774 1.5925065279006958 -0.0454595722258091 
v 0.014360780827701092 1.5821188688278198 -0.038737256079912186 
v 0.000004157263902015984 1.5933648347854614 -0.045697689056396484 
v 0.000006722902980982326 1.5828334093093872 -0.04023193195462227 
v 0.000003302050799902645 1.6038612127304077 -0.050308387726545334 
v 0.013762732967734337 1.6029711961746216 -0.0505024716258049 
v 0.02698313258588314 1.603087067604065 -0.04740290716290474 
v 0.0393749438226223 1.615017056465149 -0.04435736685991287 
v 0.0483739972114563 1.6270149946212769 -0.039136700332164764 
v 0.04695521295070648 1.6408504247665405 -0.04277143254876137 
v 0.04695853218436241 1.6515756845474243 -0.046802718192338943 
v 0.03815903142094612 1.655656337738037 -0.051220983266830444 
v 0.000004157263902015984 1.6124705076217651 -0.0538719967007637 
v 0.012887690216302872 1.611136555671692 -0.0538116991519928 
v 0.025342797860503197 1.610845923423767 -0.05109098181128502 
v 0.03525279462337494 1.6233633756637573 -0.04549189284443855 
v 0.04180756211280823 1.6343845129013062 -0.04464535042643547 
v 0.041236333549022675 1.646652102470398 -0.04856935515999794 
v 0.03397638723254204 1.6517127752304077 -0.053157612681388855 
v 0.025672547519207 1.6570287942886353 -0.05660893768072128 
v 0.027610426768660545 1.6601797342300415 -0.05450424924492836 
v 0.02032606676220894 1.6592673063278198 -0.057700466364622116 
v 0.021538520231842995 1.6617692708969116 -0.05676401033997536 
v 0.0149520393460989 1.6616077423095703 -0.05836370959877968 
v 0.015325095504522324 1.6631938219070435 -0.05814581364393234 
v 0.01140134409070015 1.6639846563339233 -0.058536749333143234 
v 0.011953670531511307 1.6670948266983032 -0.05754534900188446 
v 0.006936625577509403 1.6672691106796265 -0.05812009796500206 
v 0.006919850129634142 1.6692990064620972 -0.05777590721845627 
v 0.003573878202587366 1.6693305969238281 -0.05823276937007904 
v 0.0036106102634221315 1.670483112335205 -0.05788769945502281 
v 0.0004300534201320261 1.6704257726669312 -0.056623950600624084 
v 0.0000015916245956759667 1.6215940713882446 -0.05580820143222809 
v 0.011909672059118748 1.6201094388961792 -0.05557464808225632 
v 0.023286283016204834 1.6193381547927856 -0.05314090847969055 
v 0.031630244106054306 1.6312669515609741 -0.05115712806582451 
v 0.035522643476724625 1.6414011716842651 -0.0505426861345768 
v 0.029750144109129906 1.6478835344314575 -0.0546841062605381 
v 0.023785239085555077 1.654091238975525 -0.05826840549707413 
v 0.019214149564504623 1.6569104194641113 -0.05829308554530144 
v 0.0145624540746212 1.6598786115646362 -0.05853112414479256 
v 0.011297988705337048 1.6622759103775024 -0.0587971992790699 
v 0.0073156822472810745 1.6644994020462036 -0.05859217420220375 
v 0.0034535713493824005 1.6640276908874512 -0.059385888278484344 
v 0.003539980622008443 1.6669975519180298 -0.058869145810604095 
v 0.0001084932591766119 1.6633917093276978 -0.059728484600782394 
v 0.0003616363392211497 1.6661911010742188 -0.05781453102827072 
v 0.0000075781163104693405 1.6290072202682495 -0.0578523725271225 
v 0.01015828549861908 1.6286777257919312 -0.05723593384027481 
v 0.020144710317254066 1.6287082433700562 -0.05532393604516983 
v 0.026560811325907707 1.6400526762008667 -0.05461354926228523 
v 0.000019551102013792843 1.6367233991622925 -0.05897783488035202 
v 0.00834064744412899 1.6374813318252563 -0.058372873812913895 
v 0.016665320843458176 1.638405203819275 -0.057056885212659836 
v 0.022525839507579803 1.6463419198989868 -0.057300057262182236 
v 0.000020406312614795752 1.6441020965576172 -0.0595037005841732 
v 0.007310937624424696 1.6446446180343628 -0.0590062253177166 
v 0.014501298777759075 1.6450061798095703 -0.05840788781642914 
v 0.0180649496614933 1.6529384851455688 -0.05869017913937569 
v 0.014680701307952404 1.6566137075424194 -0.05908659100532532 
v 0.011173541657626629 1.6604262590408325 -0.058969348669052124 
v 0.000024682380171725526 1.651579737663269 -0.059696342796087265 
v 0.006152501795440912 1.6516214609146118 -0.05932973325252533 
v 0.0123969167470932 1.6516493558883667 -0.05927634984254837 
v 0.010135267861187458 1.6562408208847046 -0.05921975150704384 
v 0.0077606611885130405 1.6608906984329224 -0.059084635227918625 
v 0.0075410050339996815 1.6628412008285522 -0.05890696495771408 
v 0.004991880618035793 1.656035304069519 -0.05950988829135895 
v 0.0037670203018933535 1.6602708101272583 -0.05949262157082558 
v 0.0036085760220885277 1.662123680114746 -0.05948647856712341 
v 0.00002981365832965821 1.6556566953659058 -0.0597759447991848 
v 0.00005632526517729275 1.6593703031539917 -0.059639208018779755 
v 0.00007685037417104468 1.6614571809768677 -0.0597192645072937 
v -0.00001978870204766281 1.7065118551254272 -0.041519101709127426 
v 0.007122220937162638 1.6967049837112427 -0.05009510740637779 
v 0.00020940840477123857 1.6969490051269531 -0.04652765020728111 
v 0.00018888329213950783 1.6898819208145142 -0.0508032850921154 
v 0.005360661540180445 1.6894780397415161 -0.05362088978290558 
v 0.010456006973981857 1.6888750791549683 -0.05556831508874893 
v 0.015422406606376171 1.6880887746810913 -0.05503714457154274 
v 0.02024966850876808 1.6871758699417114 -0.05441062152385712 
v 0.016689462587237358 1.6807750463485718 -0.05485827848315239 
v 0.011865619570016861 1.679658055305481 -0.05587848275899887 
v 0.00728454627096653 1.6784014701843262 -0.05663162097334862 
v 0.00369405304081738 1.6789194345474243 -0.056075792759656906 
v 0.0071885245852172375 1.681170105934143 -0.05663385987281799 
v 0.011756593361496925 1.6820284128189087 -0.05612115189433098 
v 0.01640118472278118 1.6823667287826538 -0.055331915616989136 
v 0.0036667166277766228 1.6822007894515991 -0.0557815358042717 
v 0.00021026363538112491 1.6828449964523315 -0.054336294531822205 
v 0.00016921339556574821 1.6794439554214478 -0.054845746606588364 
v 0.0004197908565402031 1.6691066026687622 -0.0571376234292984 
v 0.04641569033265114 1.6708554029464722 0.12101072818040848 
v 0.07208898663520813 1.5994294881820679 0.06049651652574539 
v 0.0706404522061348 1.623548150062561 0.06947441399097443 
v 0.07134576886892319 1.5962480306625366 0.061410143971443176 
v 0.06954848021268845 1.6192396879196167 0.07304944097995758 
v 0.06976266205310822 1.593420386314392 0.06484100222587585 
v 0.06872487813234329 1.6171103715896606 0.0761658102273941 
v 0.06897345185279846 1.592602252960205 0.06796649843454361 
v 0.06811168789863586 1.6138975620269775 0.08334463834762573 
v 0.06927710026502609 1.5914267301559448 0.07584848999977112 
v 0.06712055951356888 1.6087839603424072 0.09127294272184372 
v 0.06829679012298584 1.593098759651184 0.08636494725942612 
v 0.066569983959198 1.6436342000961304 0.0842108204960823 
v 0.06602118164300919 1.6418079137802124 0.08747351914644241 
v 0.06538436561822891 1.656537413597107 0.09422723203897476 
v 0.06563939899206161 1.6382893323898315 0.09220103919506073 
v 0.06475300341844559 1.6522935628890991 0.098724365234375 
v 0.0582449808716774 1.6510895490646362 0.10883070528507233 
v 0.06089645251631737 1.645626425743103 0.10462220013141632 
v 0.06393453478813171 1.6310151815414429 0.09833252429962158 
v 0.05263934284448624 1.720465064048767 0.023426752537488937 
v 0.047976087778806686 1.72528874874115 0.025559239089488983 
v 0.055420953780412674 1.7181569337844849 0.02682705968618393 
v 0.048682358115911484 1.7253347635269165 0.028236720710992813 
v 0.04242366552352905 1.726717472076416 0.025656960904598236 
v 0.04272250458598137 1.7273039817810059 0.0281086266040802 
v 0.038172122091054916 1.7263951301574707 0.02627599611878395 
v 0.038131456822156906 1.726023554801941 0.02425125613808632 
v 0.03779362514615059 1.7255693674087524 0.01216309703886509 
v 0.03734323009848595 1.7246812582015991 0.014537609182298183 
v 0.04344550147652626 1.7265430688858032 0.014919190667569637 
v 0.044438134878873825 1.7269665002822876 0.017077986150979996 
v 0.05256416276097298 1.7246853113174438 0.01848490908741951 
v 0.05191396549344063 1.724107265472412 0.016411177814006805 
v 0.05768952518701553 1.7184783220291138 0.019965507090091705 
v 0.05726369842886925 1.7206188440322876 0.01716247946023941 
v 0.02972809039056301 1.7249469757080078 -0.001738168764859438 
v 0.028968947008252144 1.7248297929763794 0.0009988821111619473 
v 0.03507671132683754 1.7284404039382935 0.002174083609133959 
v 0.03399337828159332 1.7285170555114746 0.00467683095484972 
v 0.03822801262140274 1.729824423789978 0.006357784382998943 
v 0.039452239871025085 1.7291754484176636 0.004881259519606829 
v 0.04148229584097862 1.7303696870803833 0.007895414717495441 
v 0.042195603251457214 1.7296336889266968 0.006726040504872799 
v 0.033505771309137344 1.7279859781265259 0.040319692343473434 
v 0.03453492373228073 1.727795958518982 0.043880052864551544 
v 0.03768432140350342 1.7300807237625122 0.040673963725566864 
v 0.037813663482666016 1.728491187095642 0.04393313452601433 
v 0.04076208919286728 1.7301478385925293 0.04224786162376404 
v 0.03998957574367523 1.730945110321045 0.03966237232089043 
v 0.04224947839975357 1.7300392389297485 0.03735942393541336 
v 0.04088053107261658 1.7298895120620728 0.03567913919687271 
v -0.060051385313272476 1.7059168815612793 0.012849333696067333 
v -0.06145499274134636 1.7057734727859497 0.023774508386850357 
v -0.05951118469238281 1.711579442024231 0.015791848301887512 
v -0.05932135879993439 1.7100377082824707 0.02370135486125946 
v -0.05865205451846123 1.714401125907898 0.023853350430727005 
v -0.05795206129550934 1.7146321535110474 0.01862330362200737 
v -0.05512323975563049 1.718464732170105 0.025261931121349335 
v -0.054875507950782776 1.7189143896102905 0.022423837333917618 
v 0.029119929298758507 1.7248449325561523 0.0028607980348169804 
v 0.02837086282670498 1.7250944375991821 0.005370501894503832 
v 0.03457954525947571 1.7288750410079956 0.006119616329669952 
v 0.03348880633711815 1.728929877281189 0.008600560948252678 
v 0.03816073760390282 1.730087161064148 0.009861424565315247 
v 0.03899138420820236 1.7303935289382935 0.008158973418176174 
v 0.042199209332466125 1.7294219732284546 0.010206184349954128 
v 0.04386526346206665 1.729286551475525 0.00888574868440628 
v 0.0011568318586796522 1.6728154420852661 -0.05398636683821678 
v -0.008147653192281723 1.6751309633255005 -0.05192270129919052 
v 0.005442748311907053 1.678725242614746 -0.05507248267531395 
v -0.0014162830775603652 1.6833186149597168 -0.05419161915779114 
v 0.008921444416046143 1.6913000345230103 -0.057617221027612686 
v 0.011624958366155624 1.6853818893432617 -0.058479294180870056 
v 0.024753259494900703 1.6998409032821655 -0.05787959694862366 
v 0.025204678997397423 1.6953778266906738 -0.0580342635512352 
v 0.008510999381542206 1.6946717500686646 -0.05729211866855621 
v 0.0006549744284711778 1.6866540908813477 -0.05568039417266846 
v 0.007459503598511219 1.697592854499817 -0.05489496514201164 
v -0.0009892004309222102 1.6905819177627563 -0.05378422513604164 
v -0.0033967914059758186 1.6811045408248901 -0.054085686802864075 
v -0.006304964888840914 1.683249592781067 -0.05424343794584274 
v -0.010492915287613869 1.6756943464279175 -0.05276346206665039 
v -0.006640010979026556 1.6753383874893188 -0.05338430032134056 
v -0.05626211687922478 1.7070974111557007 0.052491385489702225 
v -0.05546962469816208 1.7060937881469727 0.06195005029439926 
v -0.054517004638910294 1.7097830772399902 0.05882570892572403 
v -0.05641002580523491 1.7091056108474731 0.06379896402359009 
v -0.0534125491976738 1.7138351202011108 0.06726638227701187 
v -0.051349543035030365 1.7161016464233398 0.06037406623363495 
v -0.05109389126300812 1.7220348119735718 0.06820311397314072 
v -0.04895121231675148 1.722988247871399 0.06538952142000198 
v 0.005212217103689909 1.7013963460922241 -0.056157488375902176 
v -0.002309685805812478 1.6944236755371094 -0.0531584806740284 
v 0.004303937312215567 1.7035452127456665 -0.05461503565311432 
v -0.0036966672632843256 1.6985074281692505 -0.05180172622203827 
v -0.0060700299218297005 1.6875196695327759 -0.05433470755815506 
v -0.010435616597533226 1.6927717924118042 -0.04976780712604523 
v -0.015055201016366482 1.6876059770584106 -0.05098729953169823 
v -0.009143011644482613 1.6812113523483276 -0.05358161777257919 
v -0.058892909437417984 1.7062970399856567 0.042412880808115005 
v -0.05663863196969032 1.7030900716781616 0.05181783065199852 
v -0.06028309836983681 1.7065047025680542 0.04451287165284157 
v -0.059877216815948486 1.7037171125411987 0.04984746128320694 
v -0.05606183409690857 1.7099658250808716 0.05042027309536934 
v -0.056410741060972214 1.7118339538574219 0.04611669480800629 
v -0.05160636082291603 1.7165088653564453 0.05495578050613403 
v -0.05102211609482765 1.7190991640090942 0.04952089115977287 
v 0.03593164682388306 1.6833142042160034 -0.05876334011554718 
v 0.022012030705809593 1.679000735282898 -0.05648943781852722 
v 0.03615992143750191 1.6871685981750488 -0.05918600410223007 
v 0.021358979865908623 1.6841751337051392 -0.05728606879711151 
v 0.014743405394256115 1.6748075485229492 -0.056656818836927414 
v 0.010319606401026249 1.6810369491577148 -0.05733092874288559 
v 0.002890504663810134 1.6760469675064087 -0.055147524923086166 
v 0.009872961789369583 1.6719917058944702 -0.05654720589518547 
v 0.019259734079241753 1.651574730873108 -0.06101932004094124 
v 0.014263173565268517 1.661138892173767 -0.060331735759973526 
v 0.021859657019376755 1.651952862739563 -0.060641512274742126 
v 0.018003297969698906 1.6622971296310425 -0.0598805770277977 
v 0.009904547594487667 1.6669055223464966 -0.059727951884269714 
v 0.013207066804170609 1.6707290410995483 -0.056711677461862564 
v 0.008465292863547802 1.6746681928634644 -0.05516607314348221 
v 0.006494173780083656 1.6693243980407715 -0.05686065927147865 
v -0.0724753886461258 1.6869937181472778 0.049960970878601074 
v -0.07088305056095123 1.6947503089904785 0.04640502482652664 
v -0.07244765013456345 1.6868072748184204 0.04923437535762787 
v -0.07066723704338074 1.6917439699172974 0.04485110566020012 
v -0.06576862931251526 1.6986969709396362 0.04131478816270828 
v -0.06678297370672226 1.696125864982605 0.039229802787303925 
v -0.06292369216680527 1.6990717649459839 0.03134705126285553 
v -0.06290502101182938 1.7002204656600952 0.03736904263496399 
v -0.022837597876787186 1.6633847951889038 -0.05703938007354736 
v -0.020101070404052734 1.6647793054580688 -0.05873105302453041 
v -0.02224983088672161 1.6621536016464233 -0.05706392601132393 
v -0.01897135190665722 1.663048267364502 -0.05890456959605217 
v -0.01514592207968235 1.6664351224899292 -0.05667368322610855 
v -0.014275746420025826 1.6649945974349976 -0.05707108601927757 
v -0.009653717279434204 1.668451189994812 -0.05516914278268814 
v -0.0117405466735363 1.6694151163101196 -0.05480244383215904 
v 0.051011938601732254 1.7223812341690063 -0.000776907429099083 
v 0.05150669440627098 1.7221554517745972 0.002224491909146309 
v 0.05203293263912201 1.7207177877426147 -0.003798008430749178 
v 0.05280350148677826 1.7208887338638306 -0.0010599916568025947 
v 0.05175096541643143 1.7196531295776367 -0.0067664859816432 
v 0.052931129932403564 1.7179780006408691 -0.0028519765473902225 
v 0.054390039294958115 1.7146271467208862 -0.007575456518679857 
v 0.052165139466524124 1.714385986328125 -0.012707668356597424 
v 0.06200812757015228 1.7032474279403687 -0.011885499581694603 
v 0.05931314826011658 1.7007795572280884 -0.019923899322748184 
v 0.007492717821151018 1.6580568552017212 -0.061086270958185196 
v 0.00600924389436841 1.6617664098739624 -0.06079482287168503 
v 0.008220566436648369 1.657945990562439 -0.06110362336039543 
v 0.007102504838258028 1.6623703241348267 -0.060388315469026566 
v 0.003749074414372444 1.665658950805664 -0.05958157405257225 
v 0.004489435348659754 1.666049838066101 -0.059572961181402206 
v 0.0005138642736710608 1.6695419549942017 -0.0557994619011879 
v -0.0005987679469399154 1.668509602546692 -0.05593041330575943 
v -0.06532768160104752 1.7041324377059937 -0.015354407951235771 
v -0.06311599910259247 1.704787254333496 -0.021293140947818756 
v -0.06556490063667297 1.7032638788223267 -0.015182224102318287 
v -0.06351926177740097 1.7015842199325562 -0.019570615142583847 
v -0.05865361541509628 1.7005499601364136 -0.02813117951154709 
v -0.06143767014145851 1.6989513635635376 -0.02322901040315628 
v -0.05733563005924225 1.6908130645751953 -0.024085842072963715 
v -0.05662171170115471 1.6950212717056274 -0.02869425341486931 
v -0.019359825178980827 1.6950620412826538 -0.05047713592648506 
v -0.017900148406624794 1.6858378648757935 -0.05393229052424431 
v -0.022395478561520576 1.695670485496521 -0.05022554472088814 
v -0.021262533962726593 1.6862465143203735 -0.056170448660850525 
v -0.016301194205880165 1.6806269884109497 -0.05358055606484413 
v -0.020403612405061722 1.6795214414596558 -0.05518392473459244 
v -0.01695544458925724 1.6714987754821777 -0.05430862680077553 
v -0.013572920113801956 1.6743556261062622 -0.053403567522764206 
v -0.05922996252775192 1.7027961015701294 -0.005798369646072388 
v -0.059538573026657104 1.7028871774673462 -0.0036219097673892975 
v -0.06285634636878967 1.7069302797317505 -0.003600146621465683 
v -0.0626383051276207 1.7061853408813477 -0.0024712663143873215 
v -0.06408613175153732 1.7069910764694214 0.00034240330569446087 
v -0.06423132866621017 1.7089635133743286 -0.0003710733726620674 
v -0.06704967468976974 1.7055906057357788 0.005841883830726147 
v -0.06654560565948486 1.706750512123108 0.005530484952032566 
v -0.06328599154949188 1.7028021812438965 0.028979014605283737 
v -0.06310228258371353 1.702109456062317 0.03153858706355095 
v -0.06537529081106186 1.7054086923599243 0.031783416867256165 
v -0.0647432804107666 1.7040215730667114 0.03327208012342453 
v -0.06638800352811813 1.7051992416381836 0.03592399135231972 
v -0.06668037176132202 1.7063971757888794 0.035306286066770554 
v -0.06813733279705048 1.7056488990783691 0.04021945968270302 
v -0.0683993548154831 1.7067362070083618 0.04094306007027626 
v 0.05273468792438507 1.722497582435608 0.02930430695414543 
v 0.04649139195680618 1.7269529104232788 0.028705481439828873 
v 0.053975462913513184 1.7201495170593262 0.03059541806578636 
v 0.04648962244391441 1.7270641326904297 0.030407704412937164 
v 0.042356379330158234 1.7269705533981323 0.0280255526304245 
v 0.04236244410276413 1.7272218465805054 0.02971348911523819 
v 0.038082242012023926 1.7268606424331665 0.02820107713341713 
v 0.038271013647317886 1.726539969444275 0.026255007833242416 
v -0.017021983861923218 1.714355230331421 0.1290760636329651 
v -0.019953958690166473 1.7099543809890747 0.1320037841796875 
v -0.0029633997473865747 1.7137572765350342 0.13096022605895996 
v -0.0054307738319039345 1.7091013193130493 0.1354103982448578 
v -0.02038409747183323 1.7049806118011475 0.1353258490562439 
v -0.007195781450718641 1.7053945064544678 0.13718074560165405 
v -0.01850399747490883 1.7009260654449463 0.1383160650730133 
v -0.00789927039295435 1.703040599822998 0.13957852125167847 
v -0.01480065193027258 1.6941328048706055 0.13999152183532715 
v -0.006344122346490622 1.697605848312378 0.1410207748413086 
v -0.0005235092248767614 1.6864943504333496 0.13272064924240112 
v -0.007746416609734297 1.686415433883667 0.1316656768321991 
v -0.030069949105381966 1.7116601467132568 0.12887826561927795 
v -0.0331464447081089 1.7060596942901611 0.1335477977991104 
v -0.017879510298371315 1.7138397693634033 0.13200661540031433 
v -0.019786519929766655 1.7095065116882324 0.13437339663505554 
v -0.03365664184093475 1.7016267776489258 0.13558730483055115 
v -0.01958451420068741 1.7058517932891846 0.13572001457214355 
v -0.030621273443102837 1.6963176727294922 0.13715657591819763 
v -0.01728222519159317 1.7013020515441895 0.13758523762226105 
v -0.024576904252171516 1.6919180154800415 0.1391056627035141 
v -0.012610800564289093 1.6955649852752686 0.13908515870571136 
v -0.004976972937583923 1.6885290145874023 0.13335555791854858 
v -0.016258137300610542 1.6841177940368652 0.13292686641216278 
v -0.03903954476118088 1.7051960229873657 0.13080669939517975 
v -0.04244508966803551 1.702270269393921 0.129585862159729 
v -0.032571204006671906 1.707634449005127 0.1311206817626953 
v -0.033021844923496246 1.704909324645996 0.1328268200159073 
v -0.0445873886346817 1.6960517168045044 0.13080142438411713 
v -0.031797975301742554 1.701989769935608 0.13567326962947845 
v -0.041412606835365295 1.691418170928955 0.13429726660251617 
v -0.028913412243127823 1.6978068351745605 0.1372249722480774 
v -0.03163781762123108 1.6888415813446045 0.13666388392448425 
v -0.024244049564003944 1.6929616928100586 0.13848716020584106 
v -0.01583745703101158 1.6851887702941895 0.1327986866235733 
v -0.0244724303483963 1.6828203201293945 0.13249176740646362 
v 0.002240304136648774 1.6873805522918701 0.13209111988544464 
v 0.010639728046953678 1.686448335647583 0.13239403069019318 
v 0.007136682514101267 1.6945946216583252 0.13753145933151245 
v 0.013194122351706028 1.6923713684082031 0.13679680228233337 
v 0.01756873168051243 1.6966601610183716 0.14046654105186462 
v 0.00999390333890915 1.6998944282531738 0.14132525026798248 
v 0.021061716601252556 1.7031171321868896 0.13821183145046234 
v 0.013598276302218437 1.7058768272399902 0.13626596331596375 
v 0.023212198168039322 1.7052342891693115 0.1354815512895584 
v 0.018840717151761055 1.709978699684143 0.13318926095962524 
v 0.025948451831936836 1.708146333694458 0.1299825757741928 
v 0.023121880367398262 1.709320068359375 0.13055944442749023 
v -0.052560362964868546 1.671721339225769 0.117208331823349 
v -0.051580339670181274 1.6757416725158691 0.11994753777980804 
v -0.05630221962928772 1.671656608581543 0.1150471493601799 
v -0.05748526379466057 1.6774433851242065 0.11752129346132278 
v -0.04973246902227402 1.6777228116989136 0.12223883718252182 
v -0.05664778873324394 1.6828182935714722 0.12130507081747055 
v -0.04606414958834648 1.6798253059387207 0.1249556615948677 
v -0.05167357623577118 1.6899762153625488 0.12628895044326782 
v -0.04226185753941536 1.6818532943725586 0.1285323202610016 
v -0.0436909943819046 1.69024658203125 0.1320560723543167 
v -0.03513530641794205 1.6859947443008423 0.13072176277637482 
v -0.03448924422264099 1.6835780143737793 0.12877826392650604 
v 0.023608041927218437 1.6661723852157593 -0.055278632789850235 
v 0.01700785756111145 1.6667561531066895 -0.05666043981909752 
v 0.012388551607728004 1.6697221994400024 -0.05657656490802765 
v 0.006941705476492643 1.6704673767089844 -0.0575672909617424 
v -0.014618121087551117 1.670423150062561 -0.05459161847829819 
v -0.0189860500395298 1.666418194770813 -0.05453522503376007 
v -0.020240630954504013 1.6745253801345825 -0.0550553984940052 
v -0.02485501952469349 1.6718411445617676 -0.055885590612888336 
v -0.03050895966589451 1.675512671470642 -0.05623077228665352 
v -0.02577819675207138 1.6788185834884644 -0.05761471390724182 
v -0.03566388413310051 1.6819729804992676 -0.05421602725982666 
v -0.032540880143642426 1.6835436820983887 -0.05498993769288063 
v -0.0625084638595581 1.6898441314697266 0.06347310543060303 
v -0.06335647404193878 1.688576340675354 0.06142551451921463 
v -0.07246995717287064 1.6864429712295532 0.0731704980134964 
v -0.07285437732934952 1.6848698854446411 0.07231123000383377 
v -0.07466310262680054 1.6816176176071167 0.07681115716695786 
v -0.0743849128484726 1.6827031373977661 0.07711528986692429 
v -0.07544265687465668 1.6758918762207031 0.08098942041397095 
v -0.07545842975378036 1.6762417554855347 0.08106886595487595 
v -0.0408790186047554 1.717965006828308 -0.0193110890686512 
v -0.039919279515743256 1.7165976762771606 -0.019793294370174408 
v -0.044891685247421265 1.7195409536361694 -0.02045576646924019 
v -0.042940594255924225 1.717789649963379 -0.021503370255231857 
v -0.048285067081451416 1.7178035974502563 -0.02581561729311943 
v -0.05063071846961975 1.7189821004867554 -0.0243295356631279 
v -0.053096603602170944 1.7146943807601929 -0.030213255435228348 
v -0.05406545102596283 1.7156230211257935 -0.029311206191778183 
v 0.0057741389609873295 1.6651631593704224 -0.05744075030088425 
v 0.010480014607310295 1.6640549898147583 -0.05738981068134308 
v 0.007554704789072275 1.6566082239151 -0.06093673035502434 
v 0.01251859962940216 1.6572375297546387 -0.06041593477129936 
v 0.01209125854074955 1.6498316526412964 -0.061037398874759674 
v 0.008389216847717762 1.6511718034744263 -0.06223119795322418 
v 0.009201541543006897 1.6417495012283325 -0.0613056980073452 
v 0.006796632427722216 1.6427973508834839 -0.06294851005077362 
v 0.0017529589822515845 1.6593655347824097 -0.058256976306438446 
v 0.004363983403891325 1.6620573997497559 -0.058258939534425735 
v 0.0014907156582921743 1.6554840803146362 -0.05877763032913208 
v 0.005739226471632719 1.6562775373458862 -0.060088079422712326 
v 0.005005638115108013 1.649436116218567 -0.06445799022912979 
v 0.0017086522420868278 1.650316834449768 -0.06316543370485306 
v 0.002506847493350506 1.6423383951187134 -0.06491078436374664 
v 0.00037617498310282826 1.6415437459945679 -0.06347965449094772 
v 0.01379593275487423 1.6712592840194702 -0.05494507774710655 
v 0.013415580615401268 1.672049641609192 -0.054595597088336945 
v 0.016695624217391014 1.6721755266189575 -0.05517338588833809 
v 0.016190331429243088 1.6730828285217285 -0.0548241101205349 
v 0.02021007053554058 1.6734338998794556 -0.05618065595626831 
v 0.02018941007554531 1.672411561012268 -0.05645177513360977 
v 0.029998239129781723 1.670936942100525 -0.05899418890476227 
v 0.029484368860721588 1.670458436012268 -0.0587870329618454 
v 0.04578380286693573 1.719293475151062 0.09517765790224075 
v 0.044509924948215485 1.7170933485031128 0.09724747389554977 
v 0.05187549814581871 1.7143477201461792 0.09573625773191452 
v 0.04713638126850128 1.7135127782821655 0.09824034571647644 
v 0.05384807661175728 1.7111984491348267 0.09563473612070084 
v 0.05179554224014282 1.7101879119873047 0.09858454018831253 
v 0.05390234664082527 1.7058180570602417 0.09704263508319855 
v 0.05543018877506256 1.7072429656982422 0.09351252764463425 
v 0.05431835725903511 1.7004094123840332 0.09591392427682877 
v 0.05665384232997894 1.7010935544967651 0.08918815106153488 
v 0.04432808980345726 1.7110155820846558 0.104192815721035 
v 0.043311670422554016 1.7110114097595215 0.10496770590543747 
v 0.04776674136519432 1.709455966949463 0.10476823896169662 
v 0.047233302146196365 1.708559513092041 0.1055513545870781 
v 0.050633206963539124 1.70698082447052 0.10479159653186798 
v 0.049528468400239944 1.705199122428894 0.10551588982343674 
v 0.05141724646091461 1.7036055326461792 0.1048554927110672 
v 0.05187702178955078 1.7045741081237793 0.10314388573169708 
v 0.05137987807393074 1.6995807886123657 0.10289183259010315 
v 0.053566135466098785 1.6997607946395874 0.09873006492853165 
v -0.059201065450906754 1.7073780298233032 -0.00815143808722496 
v -0.05942190811038017 1.707802414894104 -0.006413268856704235 
v -0.059095874428749084 1.7147225141525269 -0.007560687605291605 
v -0.059909895062446594 1.713635802268982 -0.005226084031164646 
v -0.05714360252022743 1.7185091972351074 -0.0010244380682706833 
v -0.05646652355790138 1.7197297811508179 -0.0022585932165384293 
v -0.05847250670194626 1.7205146551132202 0.004382387734949589 
v -0.05826437473297119 1.7209004163742065 0.004470272921025753 
v 0.03087828867137432 1.7074477672576904 0.13087564706802368 
v 0.028865931555628777 1.7048068046569824 0.13373857736587524 
v 0.035848766565322876 1.7048711776733398 0.12879854440689087 
v 0.034245815128088 1.7014942169189453 0.1312897950410843 
v 0.02692358009517193 1.7029057741165161 0.1367461085319519 
v 0.03273709863424301 1.6994316577911377 0.13501349091529846 
v 0.023602599278092384 1.6972401142120361 0.13841229677200317 
v 0.02947709523141384 1.695454716682434 0.13680048286914825 
v 0.020811913534998894 1.6923733949661255 0.136537104845047 
v 0.026139002293348312 1.6907267570495605 0.13569888472557068 
v 0.019557606428861618 1.6850183010101318 0.13144300878047943 
v 0.015065179206430912 1.6859912872314453 0.13155904412269592 
v 0.06269754469394684 1.6917680501937866 0.050991419702768326 
v 0.06530428677797318 1.6920591592788696 0.061020076274871826 
v 0.06339751929044724 1.6891388893127441 0.05476396903395653 
v 0.06565417349338531 1.6897608041763306 0.06125297397375107 
v 0.06827609241008759 1.690842628479004 0.06651005893945694 
v 0.06891858577728271 1.6886883974075317 0.06693557649850845 
v 0.0698540136218071 1.687081217765808 0.07167379558086395 
v 0.0693424642086029 1.6889162063598633 0.07168261706829071 
v 0.07009553909301758 1.6846801042556763 0.0771227553486824 
v 0.06993626803159714 1.6860514879226685 0.07645933330059052 
v 0.03425700590014458 1.655049443244934 -0.0590856671333313 
v 0.023822259157896042 1.6615911722183228 -0.059459786862134933 
v 0.037210121750831604 1.655474066734314 -0.05749739706516266 
v 0.028192194178700447 1.663378357887268 -0.05816911533474922 
v 0.018626488745212555 1.6646145582199097 -0.05662732943892479 
v 0.020807333290576935 1.666070580482483 -0.056195445358753204 
v 0.015471301972866058 1.668211579322815 -0.05534619465470314 
v 0.01491485070437193 1.6671065092086792 -0.05595897138118744 
v 0.053618013858795166 1.7200244665145874 0.021852850914001465 
v 0.05423080548644066 1.7193905115127563 0.023339278995990753 
v 0.05561193823814392 1.7181158065795898 0.017588287591934204 
v 0.05758817866444588 1.715952754020691 0.02067975327372551 
v 0.05724543333053589 1.7171248197555542 0.012636675499379635 
v 0.06001117452979088 1.7139678001403809 0.016210410743951797 
v 0.059102728962898254 1.7068408727645874 0.011607097461819649 
v 0.05870461463928223 1.7112013101577759 0.006644971668720245 
v 0.05817243456840515 1.6999198198318481 0.008629191666841507 
v 0.058264363557100296 1.701029658317566 0.0012989768292754889 
v -0.0014895480126142502 1.6862082481384277 0.13286282122135162 
v 0.005096605513244867 1.688033103942871 0.13259351253509521 
v -0.007667844649404287 1.6970627307891846 0.13859130442142487 
v 0.0015112818218767643 1.6984343528747559 0.1402377337217331 
v 0.0005078778485767543 1.7041494846343994 0.13904383778572083 
v -0.008898725733160973 1.703519582748413 0.13748061656951904 
v 0.0011867319699376822 1.7069053649902344 0.13648594915866852 
v -0.008460007607936859 1.7083778381347656 0.13506552577018738 
v 0.003612274071201682 1.71026611328125 0.13390515744686127 
v -0.004643199034035206 1.713918685913086 0.1293727308511734 
v 0.00956443976610899 1.7146446704864502 0.12829773128032684 
v -0.0012450427748262882 1.7159926891326904 0.12764328718185425 
v 0.00729232095181942 1.6888978481292725 0.13276030123233795 
v 0.0129740871489048 1.686972737312317 0.13207921385765076 
v 0.002116652438417077 1.6972377300262451 0.1385044902563095 
v 0.011505164206027985 1.6966681480407715 0.1394340544939041 
v 0.010784528218209743 1.7015793323516846 0.138429194688797 
v -0.000169450999237597 1.7024130821228027 0.13765288889408112 
v 0.011209074407815933 1.7038657665252686 0.1364670991897583 
v -0.000005250079993857071 1.7063957452774048 0.13538551330566406 
v 0.013779419474303722 1.707327961921692 0.1351040005683899 
v 0.0032998789101839066 1.711576223373413 0.1322888731956482 
v 0.019819647073745728 1.7109415531158447 0.13019892573356628 
v 0.00724422512575984 1.714536428451538 0.12905746698379517 
v 0.037007734179496765 1.716939091682434 -0.021693840622901917 
v 0.04445692524313927 1.7124005556106567 -0.02287280187010765 
v 0.03131122887134552 1.7164907455444336 -0.033491525799036026 
v 0.03816869109869003 1.711586594581604 -0.03396560996770859 
v 0.034189969301223755 1.708358645439148 -0.035937849432229996 
v 0.027420736849308014 1.715178370475769 -0.036328356713056564 
v 0.027023645117878914 1.7079342603683472 -0.04078173264861107 
v 0.023686019703745842 1.711473822593689 -0.040405601263046265 
v 0.01443905383348465 1.7218588590621948 -0.0297788605093956 
v 0.020696688443422318 1.724483847618103 -0.028128251433372498 
v 0.01567583531141281 1.7178902626037598 -0.03150628134608269 
v 0.023409660905599594 1.7171176671981812 -0.030795026570558548 
v 0.02587406523525715 1.7246891260147095 -0.02761821076273918 
v 0.029819784685969353 1.7190924882888794 -0.03136096149682999 
v 0.037185121327638626 1.714759349822998 -0.023949425667524338 
v 0.03495365381240845 1.7191014289855957 -0.01947476714849472 
v 0.018796561285853386 1.7125719785690308 -0.03994863107800484 
v 0.02228076010942459 1.7163265943527222 -0.035823285579681396 
v 0.02173019014298916 1.7093342542648315 -0.04053538665175438 
v 0.02813855931162834 1.7108498811721802 -0.03656475991010666 
v 0.026089267805218697 1.7180014848709106 -0.033090777695178986 
v 0.03275308012962341 1.7139090299606323 -0.03433307260274887 
v 0.036625936627388 1.7137266397476196 -0.028885912150144577 
v 0.0303110983222723 1.7180238962173462 -0.025354694575071335 
v 0.050195902585983276 1.6722779273986816 0.12532144784927368 
v 0.05126386508345604 1.6797008514404297 0.12676209211349487 
v 0.048079714179039 1.6732332706451416 0.12887056171894073 
v 0.048985615372657776 1.6796259880065918 0.13014017045497894 
v 0.04457599297165871 1.675379991531372 0.12956072390079498 
v 0.04534291476011276 1.6802184581756592 0.1309138685464859 
v 0.05133138969540596 1.6858723163604736 0.12589018046855927 
v 0.04923463985323906 1.6836884021759033 0.13022570312023163 
v 0.04464622959494591 1.681885004043579 0.13125573098659515 
v 0.048755332827568054 1.690643548965454 0.1277264505624771 
v 0.04706031084060669 1.6864423751831055 0.13172917068004608 
v 0.04266851395368576 1.682832956314087 0.13212084770202637 
v 0.0455467514693737 1.6961479187011719 0.13195039331912994 
v 0.0433013029396534 1.6892426013946533 0.13517120480537415 
v 0.04041355848312378 1.6827974319458008 0.1335533857345581 
v 0.03764232620596886 1.69747793674469 0.13120706379413605 
v 0.03730830177664757 1.6900527477264404 0.13363441824913025 
v 0.03727099299430847 1.682877779006958 0.13119687139987946 
v 0.029571156948804855 1.694164514541626 0.13763371109962463 
v 0.03102349303662777 1.6872680187225342 0.1355242282152176 
v 0.03225213289260864 1.6820976734161377 0.13220541179180145 
v 0.02617267519235611 1.68324613571167 0.12955434620380402 
v 0.030818697065114975 1.6820166110992432 0.1294371634721756 
v -0.03352496027946472 1.67767333984375 0.1292140781879425 
v -0.02867281809449196 1.6802012920379639 0.1310880333185196 
v -0.04138794168829918 1.6823186874389648 0.1302192360162735 
v -0.03518671542406082 1.685443639755249 0.13540786504745483 
v -0.04055311158299446 1.688568115234375 0.1360156536102295 
v -0.03586705029010773 1.6923139095306396 0.13752183318138123 
v -0.03912068158388138 1.6953816413879395 0.13623058795928955 
v -0.024653727188706398 1.683156132698059 0.13114699721336365 
v -0.03205317258834839 1.6888203620910645 0.13769975304603577 
v 0.03561953827738762 1.7336996793746948 0.02228683978319168 
v 0.03486976772546768 1.7317309379577637 0.019190814346075058 
v 0.034740254282951355 1.7338365316390991 0.022367004305124283 
v 0.03370794281363487 1.7313491106033325 0.019260894507169724 
v 0.03405801206827164 1.7288461923599243 0.01713678240776062 
v 0.03315841034054756 1.7287734746932983 0.01742744818329811 
v 0.0313209667801857 1.725846767425537 0.015344946645200253 
v 0.03236221894621849 1.7257729768753052 0.014928235672414303 
v 0.05563906580209732 1.7126628160476685 -0.014816589653491974 
v 0.0563468299806118 1.712795376777649 -0.013342637568712234 
v 0.05658893287181854 1.709720492362976 -0.018260423094034195 
v 0.05751959979534149 1.7100439071655273 -0.016419533640146255 
v 0.058667540550231934 1.7051526308059692 -0.020783867686986923 
v 0.059627946466207504 1.7062973976135254 -0.01811550185084343 
v 0.062053438276052475 1.6999469995498657 -0.019322026520967484 
v 0.06084459647536278 1.6990097761154175 -0.022057291120290756 
v 0.06162227690219879 1.6921333074569702 -0.01865105703473091 
v 0.06042368710041046 1.6908594369888306 -0.02155473083257675 
v -0.04669489338994026 1.6848492622375488 0.12867560982704163 
v -0.04434112086892128 1.6913334131240845 0.1333928257226944 
v -0.05009106919169426 1.6875920295715332 0.1278565376996994 
v -0.04694986343383789 1.6950469017028809 0.13091197609901428 
v -0.051144614815711975 1.690751075744629 0.12794922292232513 
v -0.04623125493526459 1.6997699737548828 0.12829361855983734 
v -0.049133069813251495 1.6977392435073853 0.1261371374130249 
v -0.04246349260210991 1.6983904838562012 0.1337725669145584 
v -0.0433010458946228 1.701643943786621 0.1304224580526352 
v 0.055535800755023956 1.713955044746399 -0.012563012540340424 
v 0.05627310276031494 1.7132755517959595 -0.012571481987833977 
v 0.05775685980916023 1.7104802131652832 -0.015254716388881207 
v 0.05826273560523987 1.7111181020736694 -0.013259855099022388 
v 0.059287622570991516 1.707581639289856 -0.016841702163219452 
v 0.06024119257926941 1.708143711090088 -0.014276131987571716 
v 0.06258115917444229 1.703381896018982 -0.015501204878091812 
v 0.06190427020192146 1.7020354270935059 -0.018116317689418793 
v 0.06282085925340652 1.6948723793029785 -0.015190480276942253 
v 0.061221763491630554 1.6918134689331055 -0.019579380750656128 
v 0.056287821382284164 1.7136892080307007 -0.011513452045619488 
v 0.056780606508255005 1.7136582136154175 -0.010610431432723999 
v 0.05832148343324661 1.711403489112854 -0.012686710804700851 
v 0.058888550847768784 1.711398720741272 -0.011301702819764614 
v 0.060247406363487244 1.7083860635757446 -0.013914264738559723 
v 0.06031506881117821 1.709356665611267 -0.012207635678350925 
v 0.06293200701475143 1.7045769691467285 -0.013379989191889763 
v 0.06229281425476074 1.7043222188949585 -0.015127544291317463 
v 0.06347201019525528 1.696926474571228 -0.012313595041632652 
v 0.06240834668278694 1.6955238580703735 -0.01591845601797104 
v 0.055688872933387756 1.716293454170227 -0.006748492829501629 
v 0.05618765577673912 1.7171307802200317 -0.0037300419062376022 
v 0.05821697786450386 1.7130851745605469 -0.00909229926764965 
v 0.05851002037525177 1.714274525642395 -0.00569089874625206 
v 0.059169769287109375 1.7113405466079712 -0.01083449088037014 
v 0.059796299785375595 1.7123981714248657 -0.006894410587847233 
v 0.06146962195634842 1.7100820541381836 -0.008054554462432861 
v 0.06089484319090843 1.709189772605896 -0.011261412873864174 
v 0.06386952102184296 1.7012814283370972 -0.007242579944431782 
v 0.06282190978527069 1.701048731803894 -0.011975742876529694 
v 0.06382519751787186 1.7001913785934448 -0.008946459740400314 
v 0.05784064531326294 1.7133464813232422 -0.0023742637131363153 
v 0.05886508524417877 1.7017837762832642 0.002215505111962557 
v 0.05876109004020691 1.7122901678085327 0.002864610869437456 
v 0.05604152753949165 1.7178698778152466 0.0027664215303957462 
v 0.05661948025226593 1.7164665460586548 0.005767517723143101 
v 0.055170126259326935 1.7176278829574585 0.007166583091020584 
v 0.05469512566924095 1.7189334630966187 0.004244199953973293 
v 0.05560845881700516 1.7222157716751099 0.016206324100494385 
v 0.052899446338415146 1.7201255559921265 0.007394382730126381 
v 0.05671056732535362 1.7214521169662476 0.016596022993326187 
v 0.057286038994789124 1.721095085144043 0.016855258494615555 
v 0.05780782923102379 1.717045783996582 0.012227949686348438 
v 0.057992953807115555 1.7169475555419922 0.012937440536916256 
v 0.05850093439221382 1.715144157409668 0.010101506486535072 
v 0.05846945941448212 1.71560537815094 0.01114661805331707 
v 0.06189072132110596 1.7101359367370605 0.0068399375304579735 
v 0.06167377904057503 1.7111668586730957 0.003900179173797369 
v 0.06575183570384979 1.7011321783065796 0.0040647489950060844 
v 0.06494845449924469 1.7008310556411743 -0.003817091230303049 
v 0.05754232034087181 1.721044659614563 0.01749638095498085 
v 0.058260370045900345 1.7199476957321167 0.018797285854816437 
v 0.05806749686598778 1.7198580503463745 0.017718173563480377 
v 0.058471132069826126 1.7193795442581177 0.018433772027492523 
v 0.05887019261717796 1.7157596349716187 0.013606871478259563 
v 0.06005622446537018 1.7142062187194824 0.015579485334455967 
v 0.06231456995010376 1.7077544927597046 0.011117025278508663 
v 0.06177356839179993 1.7099575996398926 0.007562088780105114 
v 0.06473986804485321 1.700770378112793 0.011132154613733292 
v 0.06542129069566727 1.7017873525619507 0.0035238629207015038 
v 0.05435243248939514 1.721024990081787 0.030096493661403656 
v 0.05430273711681366 1.7209724187850952 0.030274901539087296 
v 0.05521346628665924 1.719112515449524 0.026593461632728577 
v 0.05638817697763443 1.7118605375289917 0.027831070125102997 
v 0.05906407907605171 1.7156656980514526 0.019707120954990387 
v 0.058886587619781494 1.7153953313827515 0.020080816000699997 
v 0.06202171742916107 1.7050238847732544 0.020788364112377167 
v 0.06040878966450691 1.7118850946426392 0.01525538694113493 
v 0.06352044641971588 1.6995161771774292 0.01839510351419449 
v 0.06438146531581879 1.701205849647522 0.011405795812606812 
v 0.05352484807372093 1.7132807970046997 0.043193843215703964 
v 0.05366344004869461 1.7130392789840698 0.04415702819824219 
v 0.05522860959172249 1.7122117280960083 0.032905787229537964 
v 0.05565318092703819 1.710649847984314 0.03611356392502785 
v 0.05665948987007141 1.7109932899475098 0.02900509536266327 
v 0.05774112045764923 1.7082449197769165 0.03163273259997368 
v 0.062001898884773254 1.7027736902236938 0.028785929083824158 
v 0.06052873283624649 1.70684015750885 0.023179490119218826 
v 0.06333764642477036 1.698001742362976 0.026631738990545273 
v 0.0635983794927597 1.699173092842102 0.01897568255662918 
v 0.054005689918994904 1.712598204612732 0.07088854163885117 
v 0.05472465977072716 1.7120579481124878 0.07741159945726395 
v 0.05535852909088135 1.709999442100525 0.060142453759908676 
v 0.056940823793411255 1.7068573236465454 0.06600731611251831 
v 0.056540872901678085 1.7075824737548828 0.05432744324207306 
v 0.05908463895320892 1.7043863534927368 0.061794430017471313 
v 0.06153632700443268 1.7000864744186401 0.057221341878175735 
v 0.05851444602012634 1.7043200731277466 0.04614195600152016 
v 0.06166147068142891 1.6960159540176392 0.05022169277071953 
v 0.062305618077516556 1.6971267461776733 0.036462195217609406 
v -0.062140051275491714 1.7006840705871582 0.06325852125883102 
v -0.06247963756322861 1.700541615486145 0.06395451724529266 
v -0.06295887380838394 1.7043322324752808 0.07004478573799133 
v -0.06408049166202545 1.7034153938293457 0.07046235352754593 
v -0.06122599169611931 1.7076059579849243 0.07470840215682983 
v -0.06068176403641701 1.708303451538086 0.07384475320577621 
v -0.058281783014535904 1.7087005376815796 0.07892972230911255 
v -0.057260483503341675 1.7097688913345337 0.07901229709386826 
v -0.06033249944448471 1.701016902923584 0.06483558565378189 
v -0.06157085299491882 1.7011903524398804 0.0680413618683815 
v -0.06232137605547905 1.7062684297561646 0.07434866577386856 
v -0.06380283087491989 1.7043293714523315 0.07458747923374176 
v -0.062096282839775085 1.7051905393600464 0.07803952693939209 
v -0.0606844536960125 1.7065726518630981 0.07838709652423859 
v -0.06072071194648743 1.7005048990249634 0.08693958073854446 
v -0.060356318950653076 1.7013112306594849 0.08676128089427948 
v -0.06128527969121933 1.7015177011489868 0.06787049025297165 
v -0.062317244708538055 1.7020498514175415 0.07005507498979568 
v -0.06417744606733322 1.7038511037826538 0.07540147006511688 
v -0.06549698859453201 1.7018381357192993 0.07645329087972641 
v -0.06495893001556396 1.700597882270813 0.07883107662200928 
v -0.0634348914027214 1.7025576829910278 0.07885486632585526 
v -0.06265459209680557 1.6956902742385864 0.0874607041478157 
v -0.062423620373010635 1.6959470510482788 0.08772821724414825 
v -0.06126416102051735 1.7002109289169312 0.06598273664712906 
v -0.06234852597117424 1.698175311088562 0.06546235829591751 
v -0.06742428243160248 1.69868803024292 0.07048355787992477 
v -0.0682142972946167 1.6969672441482544 0.06959792971611023 
v -0.06852882355451584 1.6952589750289917 0.07701221108436584 
v -0.06777509301900864 1.6972981691360474 0.0764663815498352 
v -0.06625907868146896 1.6915713548660278 0.08299335837364197 
v -0.06622111052274704 1.6920623779296875 0.08277363330125809 
v -0.05525139346718788 1.7044485807418823 0.05340040475130081 
v -0.05612516775727272 1.7042385339736938 0.05966736748814583 
v -0.058771006762981415 1.703485131263733 0.05949600413441658 
v -0.06071760505437851 1.7035073041915894 0.0642426609992981 
v -0.05858208239078522 1.7088721990585327 0.06872090697288513 
v -0.055254243314266205 1.7103691101074219 0.062460146844387054 
v -0.05424998700618744 1.7138224840164185 0.06989680975675583 
v -0.05193726718425751 1.7154127359390259 0.06391763687133789 
v -0.055863156914711 1.6562919616699219 -0.02873445674777031 
v -0.05833651125431061 1.6503747701644897 -0.027704354375600815 
v -0.0654604509472847 1.674765706062317 -0.010837102308869362 
v -0.0687742531299591 1.6646474599838257 -0.008534716442227364 
v -0.0675254613161087 1.684285044670105 0.007593972608447075 
v -0.07256904989480972 1.6731752157211304 0.00901799276471138 
v -0.06866590678691864 1.6905708312988281 0.032054390758275986 
v -0.0737033262848854 1.6777124404907227 0.03253687173128128 
v -0.06670352071523666 1.6914838552474976 0.05437138304114342 
v -0.07208921760320663 1.6791280508041382 0.05417509749531746 
v -0.06812161207199097 1.687433123588562 0.07982505112886429 
v -0.07302715629339218 1.6756864786148071 0.07809120416641235 
v -0.060984984040260315 1.676240086555481 0.10875523835420609 
v -0.06459414958953857 1.664904236793518 0.10321371257305145 
v -0.06084121763706207 1.644426941871643 -0.026336323469877243 
v -0.07213090360164642 1.6547209024429321 -0.006930646486580372 
v -0.07598360627889633 1.6609870195388794 0.01010277308523655 
v -0.07543148100376129 1.6641205549240112 0.032561562955379486 
v -0.07538973540067673 1.6652380228042603 0.053975023329257965 
v -0.07318851351737976 1.6624172925949097 0.07625673711299896 
v -0.0681367889046669 1.653626799583435 0.09809707850217819 
v -0.05786844342947006 1.632817268371582 -0.024790268391370773 
v -0.07260402292013168 1.6351381540298462 -0.0055753979831933975 
v -0.0762563943862915 1.6381052732467651 0.01135430671274662 
v -0.07734249532222748 1.6405667066574097 0.03303460776805878 
v -0.07626241445541382 1.639405608177185 0.054232172667980194 
v -0.07344868779182434 1.636560082435608 0.07040242105722427 
v -0.06773467361927032 1.6319605112075806 0.08415011316537857 
v -0.010314137674868107 1.656793236732483 -0.06057896465063095 
v -0.008632064796984196 1.6594524383544922 -0.05988764762878418 
v -0.009668317623436451 1.6557978391647339 -0.06100018694996834 
v -0.007373626343905926 1.6582317352294922 -0.060699038207530975 
v -0.00570713309571147 1.663235068321228 -0.05780063942074776 
v -0.004248895216733217 1.6623269319534302 -0.05901526287198067 
v -0.001802714541554451 1.66667640209198 -0.055808499455451965 
v -0.003551228903234005 1.6672335863113403 -0.0553286038339138 
v -0.06081795692443848 1.692273736000061 -0.02506961300969124 
v -0.05869985744357109 1.6923127174377441 -0.03003130480647087 
v -0.0611085519194603 1.691132664680481 -0.024887971580028534 
v -0.05924636498093605 1.6891809701919556 -0.02970597892999649 
v -0.05580705776810646 1.6893776655197144 -0.03417235240340233 
v -0.05673053115606308 1.6871882677078247 -0.03158104419708252 
v -0.05506656691431999 1.6845391988754272 -0.031686943024396896 
v -0.052715860307216644 1.6852232217788696 -0.03535155951976776 
v 0.05555953085422516 1.708263874053955 0.08603908866643906 
v 0.05605509504675865 1.7071417570114136 0.09247562289237976 
v 0.05876952409744263 1.7063349485397339 0.07968556135892868 
v 0.05868709087371826 1.705056071281433 0.08519542217254639 
v 0.05961013585329056 1.7048805952072144 0.07605069875717163 
v 0.06076951324939728 1.7036495208740234 0.07921622693538666 
v 0.06308908015489578 1.697842001914978 0.07373526692390442 
v 0.05906706675887108 1.7034708261489868 0.07110786437988281 
v 0.06067636236548424 1.697105050086975 0.06519336998462677 
v 0.059779174625873566 1.699916958808899 0.06100042164325714 
v -0.05803994834423065 1.6949591636657715 0.09631787240505219 
v -0.056259140372276306 1.6924843788146973 0.1028313934803009 
v -0.05448421090841293 1.7023950815200806 0.0978100597858429 
v -0.05249917507171631 1.6998814344406128 0.10326144844293594 
v -0.04758353531360626 1.7053414583206177 0.10377949476242065 
v -0.050682079046964645 1.7059739828109741 0.09936530888080597 
v -0.04518480971455574 1.7066844701766968 0.10496804863214493 
v -0.04705869406461716 1.7076538801193237 0.10194902867078781 
v -0.049838971346616745 1.7210659980773926 0.03472033143043518 
v -0.05528278648853302 1.7168782949447632 0.03192657232284546 
v -0.04975714907050133 1.720150351524353 0.03902086243033409 
v -0.056153230369091034 1.7139312028884888 0.038982126861810684 
v -0.058907393366098404 1.7128714323043823 0.03125670179724693 
v -0.05877028405666351 1.7105060815811157 0.03873976692557335 
v -0.059678349643945694 1.705849051475525 0.03951071575284004 
v -0.061242133378982544 1.7064615488052368 0.029094092547893524 
v -0.057118579745292664 1.7089632749557495 0.04158594086766243 
v -0.05667538568377495 1.7069255113601685 0.05174044519662857 
v -0.056400518864393234 1.7119979858398438 0.04519450291991234 
v -0.05553567782044411 1.7095385789871216 0.0516517199575901 
v -0.052420470863580704 1.7155927419662476 0.05380634963512421 
v -0.052485089749097824 1.7172099351882935 0.047573234885931015 
v -0.04869787022471428 1.7215412855148315 0.05621318146586418 
v -0.046628858894109726 1.7264858484268188 0.049119919538497925 
v -0.05918073654174805 1.710165023803711 0.028743926435709 
v -0.05755007266998291 1.709112524986267 0.03900160640478134 
v -0.056654635816812515 1.7156423330307007 0.031579382717609406 
v -0.05654505267739296 1.7134442329406738 0.038919597864151 
v -0.05358988419175148 1.7166553735733032 0.03875183314085007 
v -0.052654340863227844 1.719488501548767 0.03166116774082184 
v -0.04544644057750702 1.7280925512313843 0.036478471010923386 
v -0.04653215408325195 1.7285088300704956 0.03606324642896652 
v -0.058498941361904144 1.7091785669326782 0.013132695108652115 
v -0.059756550937891006 1.7092429399490356 0.024096287786960602 
v -0.057275883853435516 1.7151960134506226 0.016753267496824265 
v -0.05726870894432068 1.7135262489318848 0.024411004036664963 
v -0.05513826385140419 1.7184492349624634 0.024985667318105698 
v -0.054732561111450195 1.7188647985458374 0.01960013434290886 
v -0.050268981605768204 1.722885251045227 0.02491733431816101 
v -0.04998688027262688 1.7234368324279785 0.022442594170570374 
v 0.051667243242263794 1.7218708992004395 0.003046578262001276 
v 0.052207544445991516 1.7212268114089966 0.004823670256882906 
v 0.054433420300483704 1.719605565071106 0.0006180270574986935 
v 0.05505681037902832 1.718934416770935 0.003031441941857338 
v 0.056245237588882446 1.7177644968032837 -0.0013105541002005339 
v 0.05712374672293663 1.7168713808059692 0.0011070207692682743 
v 0.05866844207048416 1.7125331163406372 -0.0017045654822140932 
v 0.059167660772800446 1.7138582468032837 -0.004654689691960812 
v 0.06354469805955887 1.7024065256118774 -0.006954878102988005 
v 0.06187795475125313 1.7010654211044312 -0.014352505095303059 
v 0.052205223590135574 1.720919132232666 0.007208816707134247 
v 0.05248202383518219 1.720168113708496 0.00939206499606371 
v 0.05475291609764099 1.7186931371688843 0.004942078143358231 
v 0.05499548465013504 1.7177109718322754 0.007523918524384499 
v 0.05656953155994415 1.7173103094100952 0.0029614223167300224 
v 0.057033903896808624 1.716060757637024 0.005493832752108574 
v 0.05857463181018829 1.7083206176757812 0.0042105368338525295 
v 0.05896671488881111 1.712337613105774 -0.001106643001548946 
v 0.05834051966667175 1.7015365362167358 0.0021469020284712315 
v 0.06346055865287781 1.7028170824050903 -0.006780683994293213 
v 0.061051465570926666 1.6226803064346313 -0.023212499916553497 
v 0.05479748919606209 1.6042863130569458 -0.025265738368034363 
v 0.04319418966770172 1.5888649225234985 -0.02863728627562523 
v 0.02844562940299511 1.5744942426681519 -0.029069174081087112 
v 0.014472047798335552 1.5727297067642212 -0.033310044556856155 
v 7.364114935626276e-7 1.5728260278701782 -0.03527647629380226 
v 0.063844233751297 1.615280270576477 -0.016837473958730698 
v 0.05520855262875557 1.595894455909729 -0.019527319818735123 
v 0.043525561690330505 1.580351710319519 -0.023051351308822632 
v 0.02893553301692009 1.565811038017273 -0.023306529968976974 
v 0.014727462083101273 1.5630494356155396 -0.02861485630273819 
v -1.1880160855071153e-7 1.5622090101242065 -0.03075558692216873 
v 0.06596557796001434 1.6080613136291504 -0.009808249771595001 
v 0.05575431138277054 1.5870660543441772 -0.014575178734958172 
v 0.044517695903778076 1.5715397596359253 -0.016778409481048584 
v 0.028793560341000557 1.5597931146621704 -0.020290404558181763 
v 0.014474176801741123 1.5562525987625122 -0.026634972542524338 
v 0.00004606270886142738 1.5542378425598145 -0.027350790798664093 
v 0.06710837036371231 1.6005321741104126 -0.002693108981475234 
v 0.05610428750514984 1.578290343284607 -0.009228881448507309 
v 0.04473071172833443 1.564926266670227 -0.01203086692839861 
v 0.02873091958463192 1.5539008378982544 -0.018201373517513275 
v 0.014224591664969921 1.5495482683181763 -0.024810131639242172 
v 0.0000905337801668793 1.5468860864639282 -0.025881599634885788 
v 0.06774478405714035 1.5927757024765015 0.004957121796905994 
v 0.056534118950366974 1.5706137418746948 -0.002908698981627822 
v 0.04423752427101135 1.5581647157669067 -0.008410191163420677 
v 0.02906716987490654 1.551435112953186 -0.01754363626241684 
v 0.014401217922568321 1.546011209487915 -0.02448245882987976 
v 0.00008454729686491191 1.542887568473816 -0.025737855583429337 
v 0.06576717644929886 1.5830777883529663 0.009595259092748165 
v 0.055583275854587555 1.5630472898483276 0.0034479908645153046 
v 0.044355109333992004 1.5554553270339966 -0.0069944472052156925 
v 0.029242750257253647 1.5488313436508179 -0.01668267510831356 
v 0.014582538045942783 1.5424879789352417 -0.02401016280055046 
v 0.0000777055902290158 1.5389865636825562 -0.025445882230997086 
v 0.07390014082193375 1.5989168882369995 0.02786923199892044 
v 0.06288211047649384 1.5731216669082642 0.014983688481152058 
v 0.055057838559150696 1.5597213506698608 0.005736785940825939 
v 0.044357720762491226 1.5524481534957886 -0.005541534628719091 
v 0.0296359620988369 1.5457617044448853 -0.01570955291390419 
v 0.014927715994417667 1.539178490638733 -0.02321656420826912 
v 0.00020513235358521342 1.535220980644226 -0.024109743535518646 
v 0.06952033191919327 1.5869537591934204 0.029983263462781906 
v 0.06140877306461334 1.5676769018173218 0.018184512853622437 
v 0.05529798939824104 1.55642569065094 0.007805278524756432 
v 0.044626228511333466 1.549586534500122 -0.004051919560879469 
v 0.028580455109477043 1.5412073135375977 -0.013356022536754608 
v 0.014395400881767273 1.5349301099777222 -0.021268382668495178 
v 0.0005395206972025335 1.532295823097229 -0.02170240506529808 
v 0.06591945141553879 1.5797256231307983 0.033799633383750916 
v 0.060366470366716385 1.562219500541687 0.020789064466953278 
v 0.05532154440879822 1.552665114402771 0.009801983833312988 
v 0.04276057332754135 1.5445917844772339 -0.0010889077093452215 
v 0.06382967531681061 1.5718275308609009 0.03535626828670502 
v 0.058883924037218094 1.5577458143234253 0.022841934114694595 
v 0.05365850403904915 1.5476797819137573 0.012449593283236027 
v 0.06313899904489517 1.5661548376083374 0.03631932660937309 
v 0.056134432554244995 1.5522578954696655 0.025175057351589203 
v 0.052485719323158264 1.7160979509353638 0.03327232226729393 
v 0.05277271941304207 1.7155178785324097 0.03421345725655556 
v 0.05478671193122864 1.7151671648025513 0.02473914623260498 
v 0.055302318185567856 1.7136658430099487 0.027700841426849365 
v 0.05744671821594238 1.7154196500778198 0.021069850772619247 
v 0.057201940566301346 1.7120990753173828 0.02370627224445343 
v 0.05987827479839325 1.7053194046020508 0.02023284137248993 
v 0.05957457050681114 1.710090160369873 0.01479948777705431 
v 0.06249067187309265 1.7012220621109009 0.018501542508602142 
v 0.058478452265262604 1.7002793550491333 0.00880587100982666 
v -0.0679236426949501 1.5936931371688843 0.08517889678478241 
v -0.06682121753692627 1.6114786863327026 0.09146244078874588 
v -0.06834542751312256 1.5920631885528564 0.07335372269153595 
v -0.06733368337154388 1.6142531633377075 0.08440984040498734 
v -0.06840124726295471 1.617397665977478 0.07767163217067719 
v -0.0668911263346672 1.6411455869674683 0.09005270898342133 
v -0.06943526864051819 1.6191970109939575 0.07435648143291473 
v -0.06766901910305023 1.6427756547927856 0.08686240017414093 
v -0.07099936902523041 1.6233779191970825 0.07033395022153854 
v -0.06902758777141571 1.6453427076339722 0.08180579543113708 
v -0.07211866229772568 1.6276435852050781 0.06775123625993729 
v -0.07057656347751617 1.6472431421279907 0.07719232887029648 
v -0.07320576161146164 1.6322602033615112 0.06429465860128403 
v -0.07198681682348251 1.6502262353897095 0.07013092935085297 
v -0.07373786717653275 1.6346505880355835 0.060853369534015656 
v -0.07218169420957565 1.6519216299057007 0.0655074343085289 
v -0.07413922250270844 1.6371878385543823 0.056279174983501434 
v -0.07259344309568405 1.6533888578414917 0.05999455973505974 
v -0.07432451844215393 1.63869047164917 0.05215606093406677 
v -0.07296343147754669 1.6544350385665894 0.05517175793647766 
v -0.07441066950559616 1.64093017578125 0.04617045447230339 
v -0.07340436428785324 1.6556288003921509 0.04865081235766411 
v -0.07484249770641327 1.641832709312439 0.04106976091861725 
v -0.07386060059070587 1.656345009803772 0.04287339001893997 
v -0.07522497326135635 1.6417731046676636 0.032632358372211456 
v -0.07405728846788406 1.6573649644851685 0.033790819346904755 
v -0.07611092180013657 1.6433171033859253 0.026146605610847473 
v -0.07413332909345627 1.6589785814285278 0.02630642056465149 
v -0.07379934936761856 1.6594620943069458 0.0195724256336689 
v -0.07214967161417007 1.6725341081619263 0.02049412578344345 
v -0.07216107100248337 1.6734050512313843 0.014063511975109577 
v -0.06777273863554001 1.6859718561172485 0.014409366063773632 
v -0.06694731116294861 1.685930609703064 0.007111728191375732 
v -0.06344965845346451 1.6990314722061157 0.007295784540474415 
v -0.0625627413392067 1.6987630128860474 0.00023046997375786304 
v -0.056880634278059006 1.71102774143219 0.0008558854460716248 
v -0.05929860845208168 1.7090654373168945 -0.008612678386271 
v -0.051782529801130295 1.7196321487426758 -0.0005071659106761217 
v -0.05365794897079468 1.7179288864135742 -0.009362145327031612 
v -0.04529734328389168 1.7250498533248901 -0.0012589137768372893 
v -0.04621393606066704 1.7239066362380981 -0.008864276111125946 
v -0.0376969613134861 1.726488471031189 -0.011387483216822147 
v -0.03781753405928612 1.7247964143753052 -0.01806071400642395 
v -0.028757968917489052 1.727362036705017 -0.01904081180691719 
v -0.025639373809099197 1.7201825380325317 -0.026227660477161407 
v -0.01318766176700592 1.7231770753860474 -0.026671364903450012 
v -0.011818922124803066 1.7151857614517212 -0.03544086590409279 
v -0.00007965362601680681 1.7142618894577026 -0.03277501091361046 
v -0.009421641938388348 1.7055705785751343 -0.042161937803030014 
v -0.00001978870204766281 1.7065118551254272 -0.041519101709127426 
v -0.006786511745303869 1.6955394744873047 -0.04744306951761246 
v 0.00020940840477123857 1.6969490051269531 -0.04652765020728111 
v 0.00018888329213950783 1.6898819208145142 -0.0508032850921154 
v -0.0055542285554111 1.6887584924697876 -0.05105400085449219 
v -0.013746652752161026 1.6942638158798218 -0.04854664206504822 
v -0.018629934638738632 1.7051748037338257 -0.04253353551030159 
v -0.02308778464794159 1.7143853902816772 -0.035427529364824295 
v -0.034168437123298645 1.7172967195510864 -0.02524123713374138 
v -0.04644931107759476 1.7216461896896362 -0.01557310950011015 
v -0.05483626574277878 1.7158094644546509 -0.01590123400092125 
v -0.06028900668025017 1.7064156532287598 -0.01578393392264843 
v -0.06219053640961647 1.6973552703857422 -0.008996394462883472 
v -0.06669443100690842 1.686252474784851 0.00007516122423112392 
v -0.07016406208276749 1.673758625984192 0.006312858313322067 
v -0.07355396449565887 1.6596683263778687 0.013056034222245216 
v -0.07629580050706863 1.644530177116394 0.01754678785800934 
v -0.07488995045423508 1.6163617372512817 0.01244017481803894 
v -0.07438104599714279 1.611172080039978 0.025287091732025146 
v -0.06692875176668167 1.5936800241470337 0.004578714724630117 
v -0.06501103192567825 1.5837501287460327 0.009702703915536404 
v -0.05591972917318344 1.5702685117721558 -0.0016900909831747413 
v -0.055424511432647705 1.5634342432022095 0.00454060360789299 
v -0.04448191821575165 1.558228850364685 -0.008867910131812096 
v -0.04386824369430542 1.5559345483779907 -0.006512551102787256 
v -0.02948811836540699 1.5508123636245728 -0.018777862191200256 
v -0.0295167937874794 1.5479819774627686 -0.01751738414168358 
v -0.01438656635582447 1.5466423034667969 -0.023417100310325623 
v -0.014407515525817871 1.5420323610305786 -0.022565361112356186 
v 0.00008454729686491191 1.542887568473816 -0.025737855583429337 
v 0.0000777055902290158 1.5389865636825562 -0.025445882230997086 
v -0.07512679696083069 1.6214500665664673 0.03478961065411568 
v -0.07395634055137634 1.6208022832870483 0.040428243577480316 
v -0.07423640042543411 1.620385766029358 0.046772632747888565 
v -0.07463007420301437 1.6183662414550781 0.05102447420358658 
v -0.07398402690887451 1.6161590814590454 0.05446191877126694 
v -0.07262510061264038 1.6124502420425415 0.05758907273411751 
v -0.07115296274423599 1.6090043783187866 0.05873185768723488 
v -0.07164130359888077 1.6032897233963013 0.05932557210326195 
v -0.07163136452436447 1.598215937614441 0.0613858699798584 
v -0.07014976441860199 1.594262957572937 0.06439363956451416 
v -0.069132000207901 1.5930367708206177 0.06770291179418564 
v -0.06038326397538185 1.557855248451233 0.03902004659175873 
v -0.0625196024775505 1.567423701286316 0.03634084388613701 
v -0.057618141174316406 1.5524119138717651 0.025480620563030243 
v -0.05949483439326286 1.5575670003890991 0.023178458213806152 
v -0.052689507603645325 1.5483068227767944 0.014681612141430378 
v -0.05379251763224602 1.552397608757019 0.011824916116893291 
v -0.04290395975112915 1.5446890592575073 0.0004991255700588226 
v -0.04391953721642494 1.5485764741897583 -0.0026594321243464947 
v -0.028598103672266006 1.5410505533218384 -0.012581439688801765 
v -0.029713058844208717 1.5442942380905151 -0.015131817199289799 
v -0.014684678986668587 1.538305640220642 -0.021987687796354294 
v -0.04351548105478287 1.5514711141586304 -0.004676851909607649 
v -0.055060844868421555 1.5596238374710083 0.006796418689191341 
v -0.06252425163984299 1.573577880859375 0.015589355491101742 
v -0.07307463139295578 1.6005192995071411 0.02707398310303688 
v -0.05496955290436745 1.5559741258621216 0.009006904438138008 
v -0.061443787068128586 1.5684765577316284 0.018489979207515717 
v -0.06835564225912094 1.5872746706008911 0.0290035642683506 
v -0.06071105971932411 1.5633245706558228 0.02094414085149765 
v -0.0665813758969307 1.5805591344833374 0.031850166618824005 
v -0.06530072540044785 1.5738084316253662 0.034103795886039734 
v -0.062332525849342346 1.6359577178955078 0.09903423488140106 
v -0.06613508611917496 1.6391812562942505 0.09385310858488083 
v -0.0643504410982132 1.652052402496338 0.09913959354162216 
v -0.0646299347281456 1.6555358171463013 0.09527797251939774 
v -0.06394531577825546 1.6608606576919556 0.10314042866230011 
v -0.06491191685199738 1.6655884981155396 0.09891550987958908 
v -0.06467348337173462 1.665561318397522 0.10350440442562103 
v -0.06527645885944366 1.6676193475723267 0.10175000131130219 
v -0.06284201890230179 1.6712566614151 0.10608286410570145 
v -0.0640287920832634 1.6745034456253052 0.10372274369001389 
v -0.05943947285413742 1.680895209312439 0.11079683154821396 
v -0.060079824179410934 1.6845747232437134 0.10750895738601685 
v -0.05119428411126137 1.690407395362854 0.12012315541505814 
v -0.050595663487911224 1.692048192024231 0.11614743620157242 
v -0.041685800999403 1.6990580558776855 0.1275118738412857 
v -0.041160035878419876 1.7035655975341797 0.12330790609121323 
v -0.0323062390089035 1.7086896896362305 0.12728935480117798 
v -0.03315751254558563 1.7107254266738892 0.12235042452812195 
v -0.022207660600543022 1.712515115737915 0.12364251166582108 
v -0.022097395732998848 1.712265968322754 0.11792289465665817 
v -0.011811028234660625 1.7161345481872559 0.11911649256944656 
v -0.011748669669032097 1.7166413068771362 0.11580484360456467 
v 0.0002359200152568519 1.71735417842865 0.11630331724882126 
v 0.000003302050799902645 1.7192565202713013 0.11214698106050491 
v -0.011870251968502998 1.7174328565597534 0.11190219968557358 
v -0.022685090079903603 1.712523102760315 0.11507968604564667 
v -0.032059237360954285 1.7093013525009155 0.11793200671672821 
v -0.04186795651912689 1.7051080465316772 0.11942470073699951 
v -0.05129130929708481 1.6936737298965454 0.11247199028730392 
v -0.06135980784893036 1.685680866241455 0.1053355410695076 
v -0.06471037119626999 1.6758586168289185 0.10188540071249008 
v -0.023444274440407753 1.7132641077041626 0.11109884828329086 
v -0.03210006654262543 1.709112524986267 0.11461331695318222 
v -0.041963208466768265 1.705894112586975 0.11555267870426178 
v -0.05201981961727142 1.6940536499023438 0.10909920185804367 
v -0.062028318643569946 1.6864686012268066 0.10321716964244843 
v -0.06604285538196564 1.677108883857727 0.10005096346139908 
v -0.06549287587404251 1.6684764623641968 0.0952116996049881 
v -0.06520944833755493 1.657829761505127 0.09196402877569199 
v -0.031743280589580536 1.7082000970840454 0.11076036095619202 
v -0.04070339351892471 1.7041195631027222 0.11308750510215759 
v -0.0529044084250927 1.6958802938461304 0.10629474371671677 
v -0.06215609237551689 1.6874834299087524 0.1010037511587143 
v -0.06643515080213547 1.6784881353378296 0.09781879931688309 
v -0.06586864590644836 1.6727718114852905 0.09536369144916534 
v -0.06620609760284424 1.6712313890457153 0.08987591415643692 
v -0.06694839894771576 1.6601794958114624 0.08657588064670563 
v -0.06899050623178482 1.6619962453842163 0.08154410123825073 
v -0.07073350250720978 1.6646143198013306 0.07357876002788544 
v -0.06567418575286865 1.6738662719726562 0.09305539727210999 
v -0.06432988494634628 1.6795085668563843 0.09493889659643173 
v -0.06229554861783981 1.6886253356933594 0.09845056384801865 
v -0.05345676839351654 1.6982613801956177 0.10371068120002747 
v -0.04147210717201233 1.7062145471572876 0.10895021259784698 
v -0.03389173373579979 1.713971734046936 0.10486530512571335 
v -0.023926204070448875 1.7162690162658691 0.10502489656209946 
v -0.02442796342074871 1.7188373804092407 0.09952021390199661 
v -0.01208039466291666 1.7231251001358032 0.10115174204111099 
v -0.011341609992086887 1.726723551750183 0.09538047015666962 
v 0.0001615164801478386 1.7281770706176758 0.09523485600948334 
v 0.0004163699923083186 1.7300163507461548 0.08863069862127304 
v -0.010425113141536713 1.729345440864563 0.0895010381937027 
v -0.02227732725441456 1.7215665578842163 0.0949636697769165 
v -0.03477565944194794 1.7168340682983398 0.09983577579259872 
v -0.04253295063972473 1.71017587184906 0.10354163497686386 
v -0.05406464263796806 1.701015591621399 0.09937278181314468 
v -0.0623658150434494 1.6904927492141724 0.09512803703546524 
v -0.06486885994672775 1.6810189485549927 0.09185018390417099 
v -0.02195891924202442 1.7256814241409302 0.08974159508943558 
v -0.03408339247107506 1.7203288078308105 0.09411170333623886 
v -0.043817631900310516 1.7137049436569214 0.0985381230711937 
v -0.05434785783290863 1.7038666009902954 0.09560622274875641 
v -0.061268121004104614 1.6918597221374512 0.09133009612560272 
v -0.06539253145456314 1.6823078393936157 0.08900528401136398 
v -0.06806053966283798 1.6737135648727417 0.08416303992271423 
v -0.03292398899793625 1.7225860357284546 0.08785166591405869 
v -0.043494850397109985 1.7157505750656128 0.09177150577306747 
v -0.05582014098763466 1.7075392007827759 0.08968127518892288 
v -0.06283146142959595 1.6955205202102661 0.08518363535404205 
v -0.06671000272035599 1.6854277849197388 0.08347615599632263 
v -0.06885822862386703 1.6789790391921997 0.08236424624919891 
v -0.07024423032999039 1.6770840883255005 0.0761546939611435 
v -0.07062431424856186 1.6661248207092285 0.06836367398500443 
v -0.07058935612440109 1.6673115491867065 0.06230933964252472 
v -0.0701393410563469 1.6806403398513794 0.07884369790554047 
v -0.06956746429204941 1.688439965248108 0.07879717648029327 
v -0.06404998153448105 1.698825478553772 0.07947105169296265 
v -0.05504794046282768 1.7082957029342651 0.08232751488685608 
v -0.04348365589976311 1.7182093858718872 0.08505429327487946 
v -0.032737720757722855 1.7231398820877075 0.08410079777240753 
v -0.021987905725836754 1.7273417711257935 0.08564306795597076 
v -0.021763863041996956 1.7280648946762085 0.08135532587766647 
v -0.010499226860702038 1.7310943603515625 0.08080001175403595 
v -0.010737779550254345 1.7329570055007935 0.07644453644752502 
v -0.000010381359061284456 1.734325885772705 0.07561677694320679 
v 0.00002211673927376978 1.735709547996521 0.07130995392799377 
v -0.010471360757946968 1.7333024740219116 0.07186778634786606 
v -0.02151750959455967 1.7286710739135742 0.07666230201721191 
v -0.03289160504937172 1.7245832681655884 0.08035992830991745 
v -0.04365549981594086 1.7191911935806274 0.08199067413806915 
v -0.05513755977153778 1.7091408967971802 0.07991927117109299 
v -0.06588630378246307 1.700595736503601 0.0779026597738266 
v -0.06968311220407486 1.6893428564071655 0.07649348676204681 
v -0.020687952637672424 1.7277668714523315 0.0723123699426651 
v -0.032763391733169556 1.7250624895095825 0.07655995339155197 
v -0.043966665863990784 1.7202568054199219 0.07922465354204178 
v -0.05631701275706291 1.711603045463562 0.07762018591165543 
v -0.06588142365217209 1.701399803161621 0.07580244541168213 
v -0.0699307844042778 1.6902681589126587 0.0740661695599556 
v -0.07086684554815292 1.6790014505386353 0.07092682272195816 
v -0.03268256410956383 1.7256945371627808 0.07260586321353912 
v -0.04368800297379494 1.7203181982040405 0.07595353573560715 
v -0.056185733526945114 1.7123082876205444 0.07498814910650253 
v -0.06520138680934906 1.7016830444335938 0.0732887014746666 
v -0.07056470960378647 1.6912816762924194 0.07163091003894806 
v -0.07136865705251694 1.6838335990905762 0.07021958380937576 
v -0.07005225867033005 1.6804170608520508 0.06489550322294235 
v -0.07092984765768051 1.6681002378463745 0.05693136900663376 
v -0.07163725793361664 1.6689554452896118 0.04984131082892418 
v -0.07088227570056915 1.6844247579574585 0.06782901287078857 
v -0.07068730890750885 1.6920801401138306 0.06912864744663239 
v -0.06493186205625534 1.702229619026184 0.07171151787042618 
v -0.05598176643252373 1.7130793333053589 0.07235927134752274 
v -0.043634578585624695 1.7208458185195923 0.0727512463927269 
v -0.033233657479286194 1.7251251935958862 0.0681590735912323 
v -0.02168046310544014 1.7281728982925415 0.06754667311906815 
v -0.02286347560584545 1.7289313077926636 0.06253262609243393 
v -0.010994729585945606 1.7330278158187866 0.06278102099895477 
v -0.011839689686894417 1.7351566553115845 0.05864332243800163 
v -0.000017223062968696468 1.7380332946777344 0.05941067263484001 
v 0.00008145504398271441 1.7385621070861816 0.05590417981147766 
v -0.012368883937597275 1.7364104986190796 0.0562174953520298 
v -0.023820653557777405 1.7321287393569946 0.05838660150766373 
v -0.034876685589551926 1.727911114692688 0.0644025057554245 
v -0.043419189751148224 1.720502257347107 0.06833436340093613 
v -0.05372116342186928 1.712595820426941 0.06852375715970993 
v -0.0620432011783123 1.7025941610336304 0.06844839453697205 
v -0.06731801480054855 1.6918269395828247 0.06622043997049332 
v -0.024329133331775665 1.7339940071105957 0.056700799614191055 
v -0.03556131199002266 1.7301912307739258 0.06055933237075806 
v -0.043847814202308655 1.7217284440994263 0.0642848089337349 
v -0.05246693268418312 1.713788628578186 0.06479710340499878 
v -0.059890761971473694 1.7035664319992065 0.06465813517570496 
v -0.06637261807918549 1.6921855211257935 0.062487609684467316 
v -0.06965082138776779 1.6813050508499146 0.05887691676616669 
v -0.036039140075445175 1.7321134805679321 0.05747649818658829 
v -0.04405570775270462 1.7233048677444458 0.06039568781852722 
v -0.05119585990905762 1.7149513959884644 0.061031587421894073 
v -0.0571528784930706 1.7046326398849487 0.06083410978317261 
v -0.06501288712024689 1.692297101020813 0.05876266211271286 
v -0.06906671077013016 1.6856995820999146 0.05745821073651314 
v -0.06955400854349136 1.6821013689041138 0.0512135773897171 
v -0.07258298248052597 1.6695469617843628 0.0438348650932312 
v -0.07299453020095825 1.6706939935684204 0.034612417221069336 
v -0.06880571693181992 1.686017632484436 0.054130919277668 
v -0.06393857300281525 1.6928385496139526 0.05474480241537094 
v -0.054362110793590546 1.7058316469192505 0.0560729056596756 
v -0.04967900738120079 1.7163314819335938 0.0568540096282959 
v -0.045686520636081696 1.726029396057129 0.05749285966157913 
v -0.03552938252687454 1.7316160202026367 0.05289105325937271 
v -0.023816600441932678 1.733223795890808 0.052435848861932755 
v -0.023104645311832428 1.7316502332687378 0.04620989412069321 
v -0.011062315665185452 1.7374058961868286 0.045190852135419846 
v -0.010971086099743843 1.7375375032424927 0.03985059633851051 
v 0.00014130894851405174 1.73983633518219 0.0392460934817791 
v 0.00017887106514535844 1.7400051355361938 0.03361529856920242 
v -0.010587163269519806 1.7370786666870117 0.03448881581425667 
v -0.023175809532403946 1.7328466176986694 0.04052402824163437 
v -0.03464193642139435 1.7304002046585083 0.04730652645230293 
v -0.04474601894617081 1.7259458303451538 0.053456660360097885 
v -0.051652953028678894 1.717347264289856 0.05245697870850563 
v -0.05502244830131531 1.7061163187026978 0.051574304699897766 
v -0.0641668364405632 1.6931010484695435 0.05060382932424545 
v -0.022462287917733192 1.7321585416793823 0.03533175215125084 
v -0.033745743334293365 1.7298126220703125 0.04230964556336403 
v -0.043895915150642395 1.725990653038025 0.04878706857562065 
v -0.051566824316978455 1.717246651649475 0.04831179976463318 
v -0.05764449015259743 1.7075656652450562 0.04839635267853737 
v -0.06653598695993423 1.6948431730270386 0.04747654125094414 
v -0.07057206332683563 1.6830863952636719 0.044645022600889206 
v -0.03292635828256607 1.7292295694351196 0.037288568913936615 
v -0.04270035773515701 1.7257267236709595 0.044128526002168655 
v -0.05138082429766655 1.7172746658325195 0.04423634707927704 
v -0.05849489942193031 1.7076386213302612 0.044599972665309906 
v -0.06721198558807373 1.6952210664749146 0.04399993270635605 
v -0.07088228315114975 1.6876760721206665 0.04301482066512108 
v -0.07091602683067322 1.6841559410095215 0.03560711815953255 
v -0.07302022725343704 1.6719430685043335 0.026953428983688354 
v -0.07109133899211884 1.6886910200119019 0.03929457813501358 
v -0.0674503743648529 1.6957319974899292 0.04037068039178848 
v -0.05890876427292824 1.7083922624588013 0.04106364771723747 
v -0.051351577043533325 1.7175116539001465 0.040028974413871765 
v -0.04202175885438919 1.7252815961837769 0.039235588163137436 
v -0.03424029052257538 1.7288285493850708 0.029247909784317017 
v -0.023659348487854004 1.7304669618606567 0.027783822268247604 
v -0.025177596136927605 1.7291244268417358 0.020506881177425385 
v -0.01056850329041481 1.736759066581726 0.020030025392770767 
v -0.010566295124590397 1.736162543296814 0.013468521647155285 
v 0.0015762187540531158 1.740578055381775 0.0126598309725523 
v 0.0020187199115753174 1.7384071350097656 0.005391528829932213 
v -0.010911046527326107 1.7356300354003906 0.006669125519692898 
v -0.024896271526813507 1.7290009260177612 0.014417371712625027 
v -0.03582561016082764 1.7287203073501587 0.021385077387094498 
v -0.04318723455071449 1.7259052991867065 0.03063133731484413 
v -0.05218140780925751 1.7190241813659668 0.03224903345108032 
v -0.059631865471601486 1.709795594215393 0.034005891531705856 
v -0.06714420020580292 1.6971718072891235 0.033819325268268585 
v -0.024839306250214577 1.7291368246078491 0.008371315896511078 
v -0.03565621003508568 1.7284256219863892 0.015764553099870682 
v -0.044537633657455444 1.726948618888855 0.022511649876832962 
v -0.052740905433893204 1.7202359437942505 0.024808470159769058 
v -0.060515910387039185 1.71129310131073 0.02711651101708412 
v -0.06614334881305695 1.6980985403060913 0.027580074965953827 
v -0.06982966512441635 1.6839475631713867 0.028045836836099625 
v -0.05927787721157074 1.71143639087677 0.020837347954511642 
v -0.052399616688489914 1.7208303213119507 0.01911420002579689 
v -0.044348474591970444 1.7266769409179688 0.01731593906879425 
v -0.035321250557899475 1.7281640768051147 0.009800436906516552 
v -0.026181070134043694 1.728514552116394 0.0013967202976346016 
v -0.012263934127986431 1.7346135377883911 -0.000022463733330368996 
v -0.013701461255550385 1.7327680587768555 -0.00659464905038476 
v -0.00025858182925730944 1.734904170036316 -0.007083508651703596 
v -0.0005120704299770296 1.7351264953613281 -0.015254377387464046 
v -0.014377920888364315 1.7328615188598633 -0.01464302558451891 
v -0.02748035080730915 1.7268074750900269 -0.0059394221752882 
v -0.03615232929587364 1.7275034189224243 0.0031388183124363422 
v -0.044359657913446426 1.7268880605697632 0.011402996256947517 
v -0.05178390070796013 1.7209516763687134 0.01272754929959774 
v -0.05840923637151718 1.7116271257400513 0.01440055575221777 
v -0.06555792689323425 1.6989768743515015 0.020930122584104538 
v -0.028263093903660774 1.7275501489639282 -0.013405567035079002 
v -0.03695138171315193 1.7265464067459106 -0.0036680845078080893 
v -0.0449749194085598 1.7262440919876099 0.005094187334179878 
v -0.05169469490647316 1.72025728225708 0.006145560182631016 
v -0.05762908235192299 1.7113362550735474 0.007676504552364349 
v -0.06428458541631699 1.6994894742965698 0.014218817465007305 
v -0.06896224617958069 1.685027003288269 0.02109033614397049 
v -0.014510530978441238 1.7310576438903809 -0.02025848999619484 
v -0.0005004184786230326 1.7248106002807617 -0.026333801448345184 
v -0.0008168472559191287 1.7320351600646973 -0.020127534866333008 
v -0.011646676808595657 1.7365837097167969 0.0513359010219574 
v 0.0004971266607753932 1.7396706342697144 0.044637057930231094 
v 0.0001189800095744431 1.739210605621338 0.05020816996693611 
v -0.011873572133481503 1.720129370689392 0.10624165087938309 
v 7.364114935626276e-7 1.7249468564987183 0.10194455087184906 
v 0.000008433329639956355 1.7220091819763184 0.10693906992673874 
v -0.010187163949012756 1.7316313982009888 0.06748176366090775 
v 0.000051193987019360065 1.7379626035690308 0.06350834667682648 
v 0.000010998967809427995 1.7341305017471313 0.06658072769641876 
v 0.00069797522155568 1.7365580797195435 -0.0007686838507652283 
v -0.010486355982720852 1.736857295036316 0.026836905628442764 
v 0.0011259601451456547 1.7425838708877563 0.019525501877069473 
v 0.0004843911447096616 1.7412809133529663 0.02590956538915634 
v 0.00020513235358521342 1.535220980644226 -0.024109743535518646 
v -0.01481369137763977 1.5350775718688965 -0.02041728049516678 
v 0.0000905337801668793 1.5468860864639282 -0.025881599634885788 
v -0.014368019066751003 1.5506235361099243 -0.02452874928712845 
v 0.00004606270886142738 1.5542378425598145 -0.027350790798664093 
v -0.0145581578835845 1.5561336278915405 -0.027049850672483444 
v -1.1880160855071153e-7 1.5622090101242065 -0.03075558692216873 
v -0.014646693132817745 1.5630638599395752 -0.028573475778102875 
v 7.364114935626276e-7 1.5728260278701782 -0.03527647629380226 
v -0.014484981074929237 1.5726920366287231 -0.033313605934381485 
v 0.000006722902980982326 1.5828334093093872 -0.04023193195462227 
v -0.014466382563114166 1.5820573568344116 -0.039267655462026596 
v 0.000004157263902015984 1.5933648347854614 -0.045697689056396484 
v -0.014123565517365932 1.5930358171463013 -0.04508128762245178 
v 0.000003302050799902645 1.6038612127304077 -0.050308387726545334 
v -0.013512707315385342 1.6038684844970703 -0.04974402114748955 
v 0.000004157263902015984 1.6124705076217651 -0.0538719967007637 
v -0.012769641354680061 1.6117095947265625 -0.05344788357615471 
v 0.0000015916245956759667 1.6215940713882446 -0.05580820143222809 
v -0.01189055759459734 1.6202975511550903 -0.05498442426323891 
v 0.0000075781163104693405 1.6290072202682495 -0.0578523725271225 
v -0.010051235556602478 1.6288131475448608 -0.05638805404305458 
v 0.000019551102013792843 1.6367233991622925 -0.05897783488035202 
v -0.008147325366735458 1.637589931488037 -0.05758349969983101 
v 0.000020406312614795752 1.6441020965576172 -0.0595037005841732 
v -0.006905590649694204 1.6447056531906128 -0.05879853665828705 
v 0.000024682380171725526 1.651579737663269 -0.059696342796087265 
v -0.005465641152113676 1.651673674583435 -0.05933700501918793 
v -0.004609416238963604 1.6560086011886597 -0.05930721387267113 
v -0.009474054910242558 1.6562694311141968 -0.05863599851727486 
v -0.007755064871162176 1.6607099771499634 -0.058133315294981 
v -0.013777283020317554 1.6568440198898315 -0.05788419768214226 
v -0.011227058246731758 1.660197377204895 -0.057977549731731415 
v -0.01812584511935711 1.657352328300476 -0.057114630937576294 
v -0.014511190354824066 1.6599024534225464 -0.057907622307538986 
v -0.020139893516898155 1.6596320867538452 -0.056644849479198456 
v -0.015140332281589508 1.6612838506698608 -0.05740547180175781 
v -0.022211864590644836 1.6618081331253052 -0.0562046654522419 
v -0.01590423285961151 1.6629022359848022 -0.05678095668554306 
v -0.024340245872735977 1.6663895845413208 -0.055180586874485016 
v -0.01703893579542637 1.6665972471237183 -0.05584828555583954 
v -0.025094855576753616 1.6709767580032349 -0.05475670471787453 
v -0.017629191279411316 1.6701680421829224 -0.05538065731525421 
v -0.024999679997563362 1.6730681657791138 -0.05436788871884346 
v -0.017621690407395363 1.6719416379928589 -0.0551706925034523 
v -0.024808118119835854 1.6752749681472778 -0.05382729694247246 
v -0.017587127164006233 1.6737180948257446 -0.05489538982510567 
v -0.024040404707193375 1.6783004999160767 -0.053215205669403076 
v -0.017115341499447823 1.6760886907577515 -0.05451500043272972 
v -0.02313690446317196 1.6808961629867554 -0.05259767174720764 
v -0.016817815601825714 1.6784348487854004 -0.05410267785191536 
v -0.021335419267416 1.6840168237686157 -0.0523240864276886 
v -0.01641816645860672 1.680655598640442 -0.053417377173900604 
v -0.019601857289671898 1.6870818138122559 -0.05195631831884384 
v -0.015774445608258247 1.6827632188796997 -0.052755117416381836 
v -0.012210534885525703 1.6820317506790161 -0.0533774234354496 
v -0.01228860393166542 1.6795769929885864 -0.05362587049603462 
v -0.0124394241720438 1.676766276359558 -0.05388263612985611 
v -0.012636125087738037 1.6745309829711914 -0.05423416569828987 
v -0.012745346873998642 1.6724215745925903 -0.054649557918310165 
v -0.012702717445790768 1.670974612236023 -0.05489587411284447 
v -0.01240591611713171 1.6695494651794434 -0.05523227900266647 
v -0.012030325829982758 1.6666635274887085 -0.0557243786752224 
v -0.011454712599515915 1.6634052991867065 -0.05673620104789734 
v -0.011357230134308338 1.6616524457931519 -0.057449255138635635 
v -0.02920854277908802 1.5535156726837158 -0.019730355590581894 
v -0.028970979154109955 1.5596305131912231 -0.020912252366542816 
v -0.028792686760425568 1.565855622291565 -0.02303893491625786 
v -0.02837047353386879 1.5744866132736206 -0.02895433083176613 
v -0.028155185282230377 1.583187222480774 -0.03510763496160507 
v -0.027218960225582123 1.594154715538025 -0.04085078090429306 
v -0.02641366235911846 1.6050901412963867 -0.04546915739774704 
v -0.024771204218268394 1.6125327348709106 -0.04951327666640282 
v -0.022727392613887787 1.6200491189956665 -0.05187073349952698 
v -0.019873837009072304 1.6286754608154297 -0.05443744361400604 
v -0.016293324530124664 1.6384347677230835 -0.05571991205215454 
v -0.013499845750629902 1.6451839208602905 -0.057383324950933456 
v -0.01098997239023447 1.6518014669418335 -0.058662332594394684 
v -0.016371170058846474 1.6531389951705933 -0.05736546218395233 
v -0.02157471887767315 1.6546167135238647 -0.055454231798648834 
v -0.0248846635222435 1.6577924489974976 -0.05525559186935425 
v -0.028126703575253487 1.660645604133606 -0.055117178708314896 
v -0.030989037826657295 1.6662654876708984 -0.05398132652044296 
v -0.03190382197499275 1.6718732118606567 -0.05371604487299919 
v -0.03188110888004303 1.6743086576461792 -0.05312271788716316 
v -0.03159549832344055 1.6764665842056274 -0.05238863453269005 
v -0.030793704092502594 1.6800130605697632 -0.0515187531709671 
v -0.02962161973118782 1.6836081743240356 -0.05053367838263512 
v -0.026509243994951248 1.6874898672103882 -0.05047798901796341 
v -0.023449860513210297 1.690816879272461 -0.05022686347365379 
v -0.015650896355509758 1.687463402748108 -0.05181838944554329 
v -0.008712412789463997 1.6816034317016602 -0.05386011302471161 
v -0.008100952953100204 1.6784625053405762 -0.05394336208701134 
v -0.007513387128710747 1.6748876571655273 -0.05393033102154732 
v -0.007418869063258171 1.6728495359420776 -0.05442797765135765 
v -0.007292416412383318 1.6710271835327148 -0.05497873201966286 
v -0.006983634550124407 1.6699241399765015 -0.05523058399558067 
v -0.006925932597368956 1.6688066720962524 -0.05553269013762474 
v -0.006791303865611553 1.66673743724823 -0.05610004439949989 
v -0.002797486027702689 1.6687926054000854 -0.055635593831539154 
v -0.0026052275206893682 1.6662310361862183 -0.05649435892701149 
v 0.0003616363392211497 1.6661911010742188 -0.05781453102827072 
v 0.0001084932591766119 1.6633917093276978 -0.059728484600782394 
v -0.04442351683974266 1.5648469924926758 -0.012021868489682674 
v -0.04378059133887291 1.5713030099868774 -0.016296446323394775 
v -0.042976029217243195 1.5800360441207886 -0.02283661812543869 
v -0.04286743700504303 1.5884783267974854 -0.02838907390832901 
v -0.040766358375549316 1.59788978099823 -0.03276274353265762 
v -0.03929382935166359 1.6084100008010864 -0.038498666137456894 
v -0.03715471178293228 1.6178345680236816 -0.04140723496675491 
v -0.033797331154346466 1.624455451965332 -0.043929580599069595 
v -0.030931400135159492 1.631738543510437 -0.05001664534211159 
v -0.02584226243197918 1.640487790107727 -0.05252886563539505 
v -0.020991826429963112 1.6468268632888794 -0.055089037865400314 
v -0.05502970516681671 1.5776392221450806 -0.008521601557731628 
v -0.054988566786050797 1.5863994359970093 -0.014375557191669941 
v -0.054827600717544556 1.5951554775238037 -0.01974678412079811 
v -0.05339481681585312 1.6034542322158813 -0.025777120143175125 
v -0.051175765693187714 1.6119831800460815 -0.030710894614458084 
v -0.04979413375258446 1.6198753118515015 -0.03551941365003586 
v -0.04609121382236481 1.628191351890564 -0.03867437317967415 
v -0.03982086107134819 1.6353815793991089 -0.04196304827928543 
v -0.03339138999581337 1.6429381370544434 -0.04626594856381416 
v -0.028364188969135284 1.648606777191162 -0.05252593383193016 
v -0.0670398697257042 1.600911021232605 -0.003268043277785182 
v -0.0667577013373375 1.6080960035324097 -0.01051443163305521 
v -0.06459026783704758 1.6152456998825073 -0.017832674086093903 
v -0.060862038284540176 1.6226502656936646 -0.024091176688671112 
v -0.05448753759264946 1.6292766332626343 -0.02796219289302826 
v -0.05036471411585808 1.6354159116744995 -0.03386775031685829 
v -0.04401257261633873 1.6421774625778198 -0.039078887552022934 
v -0.037606269121170044 1.6486247777938843 -0.04514707997441292 
v -0.07444757223129272 1.6214193105697632 0.0015142452903091908 
v -0.07183059304952621 1.6270380020141602 -0.007485814392566681 
v -0.06514988094568253 1.6335176229476929 -0.013530360534787178 
v -0.06009269878268242 1.6380778551101685 -0.02209112048149109 
v -0.05402322858572006 1.6428240537643433 -0.029955927282571793 
v -0.04923609644174576 1.6485413312911987 -0.038162365555763245 
v -0.04156416654586792 1.654046893119812 -0.043709490448236465 
v -0.032113101333379745 1.6531583070755005 -0.051625318825244904 
v -0.035639554262161255 1.6574851274490356 -0.05055264011025429 
v -0.03930812329053879 1.6640962362289429 -0.04856428503990173 
v -0.04104584455490112 1.6721433401107788 -0.04868288338184357 
v -0.04139956459403038 1.6746007204055786 -0.04845641180872917 
v -0.04165450856089592 1.677472710609436 -0.04787544161081314 
v -0.041079938411712646 1.682780146598816 -0.04696088656783104 
v -0.03929285705089569 1.6874942779541016 -0.04391411319375038 
v -0.035030465573072433 1.6924325227737427 -0.04324240982532501 
v -0.030511535704135895 1.697109580039978 -0.041720688343048096 
v -0.018878791481256485 1.692564606666565 -0.049568403512239456 
v -0.011283895000815392 1.6877907514572144 -0.051740311086177826 
v -0.004207572899758816 1.681984543800354 -0.053815823048353195 
v -0.0038770234677940607 1.6789302825927734 -0.054061274975538254 
v 0.00016921339556574821 1.6794439554214478 -0.054845746606588364 
v 0.00017348946130368859 1.675331950187683 -0.05533474311232567 
v -0.04516342282295227 1.6619648933410645 -0.04033224657177925 
v -0.048328932374715805 1.6720792055130005 -0.042229752987623215 
v -0.0490298867225647 1.67546546459198 -0.042386122047901154 
v -0.0496002621948719 1.678709864616394 -0.04231942072510719 
v -0.04953451454639435 1.6855279207229614 -0.04115884378552437 
v -0.04905909672379494 1.692306399345398 -0.039570603519678116 
v -0.0433569997549057 1.6971226930618286 -0.03616708517074585 
v -0.03673982620239258 1.7032791376113892 -0.0332573764026165 
v -0.024823734536767006 1.7018040418624878 -0.0431513674557209 
v 0.00021026363538112491 1.6828449964523315 -0.054336294531822205 
v -0.052793994545936584 1.6596282720565796 -0.03386412560939789 
v -0.05588553473353386 1.6709338426589966 -0.03205877169966698 
v -0.05675656720995903 1.6764582395553589 -0.03213609382510185 
v -0.05712142959237099 1.6817407608032227 -0.031790684908628464 
v -0.05680844560265541 1.6894181966781616 -0.030296839773654938 
v -0.05440536513924599 1.698316216468811 -0.027330446988344193 
v -0.049517516046762466 1.7069708108901978 -0.025999993085861206 
v -0.059778809547424316 1.6955076456069946 -0.017560545355081558 
v -0.06430581212043762 1.6845422983169556 -0.009471317753195763 
v -0.06829247623682022 1.6747196912765503 -0.0013868901878595352 
v -0.07200071960687637 1.661688208580017 0.004957920406013727 
v -0.07577051967382431 1.6460355520248413 0.009146712720394135 
v -0.059288859367370605 1.6832607984542847 -0.018654312938451767 
v -0.06557702273130417 1.6756304502487183 -0.011101644486188889 
v -0.06977442651987076 1.663678526878357 -0.002955805044621229 
v -0.07247314602136612 1.6481996774673462 0.00010424596257507801 
v -0.059961095452308655 1.6764706373214722 -0.01929636299610138 
v -0.06620178371667862 1.6664437055587769 -0.011969040147960186 
v -0.06992208957672119 1.6503406763076782 -0.009000815451145172 
v -0.05995658040046692 1.6693085432052612 -0.01960521936416626 
v -0.06337007135152817 1.653578281402588 -0.016725946217775345 
v -0.05772889032959938 1.6572602987289429 -0.025258868932724 
v -0.04215419664978981 1.7135285139083862 -0.02370619773864746 
v -0.029681749641895294 1.7085061073303223 -0.03369314596056938 
v 0.00002981365832965821 1.6556566953659058 -0.0597759447991848 
v -0.0036506345495581627 1.6601873636245728 -0.05903143063187599 
v 0.00005632526517729275 1.6593703031539917 -0.059639208018779755 
v -0.003349288133904338 1.6619319915771484 -0.0588771291077137 
v 0.00007685037417104468 1.6614571809768677 -0.0597192645072937 
v -0.003039092291146517 1.6637934446334839 -0.058599840849637985 
v -0.007295509800314903 1.6624113321304321 -0.057626884430646896 
v -0.006803588476032019 1.6640459299087524 -0.05696040764451027 
v -0.00005228680311120115 1.730256199836731 0.08421465009450912 
v -0.010555318556725979 1.7307997941970825 0.08529514074325562 
v 0.00034453210537321866 1.7359949350357056 0.07998152077198029 
v -0.003491835668683052 1.6750630140304565 -0.05434330925345421 
v -0.0033844891004264355 1.6729379892349243 -0.05504242330789566 
v 0.00015381955017801374 1.6733241081237793 -0.0562252402305603 
v -0.0029911864548921585 1.6712192296981812 -0.05466676503419876 
v 0.00046682756510563195 1.6715396642684937 -0.05609116703271866 
v -0.002885427325963974 1.6701102256774902 -0.055131442844867706 
v 0.0004300534201320261 1.6704257726669312 -0.056623950600624084 
v 0.0004197908565402031 1.6691066026687622 -0.0571376234292984 
v 0.00048393182805739343 1.7161556482315063 0.12010391801595688 
v -0.011806052178144455 1.7149672508239746 0.12518514692783356 
v 0.00015809563046786934 1.7140748500823975 0.12577691674232483 
v -0.011614756658673286 1.7122621536254883 0.13058215379714966 
v -0.0001754374970914796 1.7113778591156006 0.13066640496253967 
v -0.010853723622858524 1.708646297454834 0.13321201503276825 
v -0.00002919604958151467 1.7084119319915771 0.13353657722473145 
v -0.009625078178942204 1.7045345306396484 0.1362045407295227 
v -0.000003539654017004068 1.7049849033355713 0.13591060042381287 
v 0.000004157263902015984 1.6863665580749512 0.13348102569580078 
v -0.022467294707894325 1.7118064165115356 0.12935394048690796 
v -0.020738931372761726 1.7081921100616455 0.13225562870502472 
v -0.018783530220389366 1.704025387763977 0.13591977953910828 
v -0.016249733045697212 1.6812856197357178 0.13358570635318756 
v -0.008382084779441357 1.6847679615020752 0.13271386921405792 
v -0.03201640769839287 1.7042350769042969 0.13144046068191528 
v -0.03134254738688469 1.699289321899414 0.13540337979793549 
v -0.04219919815659523 1.694103479385376 0.1322508007287979 
v -0.02795586921274662 1.6794943809509277 0.131149023771286 
v -0.036972664296627045 1.6750729084014893 0.12866097688674927 
v -0.0514264814555645 1.6856642961502075 0.12408673018217087 
v -0.04631794989109039 1.6704713106155396 0.12113949656486511 
v -0.05879789590835571 1.6769617795944214 0.11381779611110687 
v -0.053754597902297974 1.6639496088027954 0.11359146237373352 
v -0.062221214175224304 1.6678162813186646 0.10888509452342987 
v -0.05588793009519577 1.657962679862976 0.11047182232141495 
v -0.05825573205947876 1.6526721715927124 0.10708536207675934 
v -0.059794723987579346 1.647175669670105 0.10332857817411423 
v 0.05221150815486908 1.7145618200302124 0.060966916382312775 
v 0.052414074540138245 1.714800238609314 0.06833327561616898 
v 0.05336706340312958 1.7128139734268188 0.049694404006004333 
v 0.05584278330206871 1.7090381383895874 0.057885635644197464 
v 0.05501363426446915 1.7106422185897827 0.043949052691459656 
v 0.056942012161016464 1.7067996263504028 0.05267666280269623 
v 0.05782386288046837 1.702088713645935 0.04748181998729706 
v 0.05718990042805672 1.7075672149658203 0.037023283541202545 
v 0.06070484220981598 1.698745846748352 0.041703175753355026 
v 0.06201961264014244 1.699546217918396 0.028294231742620468 
v 0.0005395206972025335 1.532295823097229 -0.02170240506529808 
v 0.06275606900453568 1.559601068496704 0.0373610220849514 
v -0.00860797893255949 1.7319942712783813 0.06364220380783081 
v -0.00846127886325121 1.7362726926803589 0.07617592811584473 
v -0.003693064209073782 1.7345045804977417 0.0863170474767685 
v -0.01792258210480213 1.731817364692688 0.0870552659034729 
v -0.012878920882940292 1.7350391149520874 0.0853356197476387 
v -0.027566267177462578 1.7260504961013794 0.07888417690992355 
v -0.018889451399445534 1.7305673360824585 0.06343217939138412 
v -0.02114318311214447 1.728861927986145 0.06928904354572296 
v -0.02539108507335186 1.7266870737075806 0.06955714523792267 
v -0.0010194370988756418 1.739306092262268 0.0691021978855133 
v -0.0011073516216129065 1.7389050722122192 0.06230548769235611 
v -0.00167319574393332 1.7429786920547485 0.055259961634874344 
v -0.0017725232755765319 1.7405697107315063 0.05309957638382912 
v 0.000381306279450655 1.7380452156066895 0.06404633820056915 
v 0.02202044241130352 1.6847755908966064 0.13155874609947205 
vn 0.936997 -0.187342 0.294855
vn 0.978635 -0.090461 0.184634
vn 0.956182 -0.060309 0.286493
vn 0.982807 0.000000 0.184634
vn 0.948736 0.157712 0.273910
vn 0.965312 0.180222 0.188926
vn 0.941027 0.179971 0.286493
vn 0.954216 0.231902 0.188926
vn 0.998147 -0.015095 0.058953
vn 0.995088 0.067901 0.072033
vn 0.964547 0.253890 0.072033
vn 0.948801 0.311857 0.050227
vn 0.998685 -0.045283 0.024029
vn 0.997128 0.075446 0.006554
vn 0.958993 0.283017 0.015292
vn 0.953189 0.297406 0.054590
vn 0.996477 -0.022662 -0.080746
vn 0.995915 0.030202 -0.085100
vn 0.979134 0.172861 -0.106846
vn 0.971402 0.202363 -0.124206
vn 0.929924 -0.045271 -0.364954
vn 0.937262 0.000000 -0.348627
vn 0.926623 0.090435 -0.364954
vn 0.906837 0.082916 -0.413246
vn 0.819048 -0.097987 -0.565296
vn 0.827213 0.015111 -0.561686
vn 0.839025 0.142830 -0.525011
vn 0.862948 0.052854 -0.502521
vn 0.187495 0.913570 -0.360882
vn 0.187495 0.913570 -0.360882
vn 0.049034 0.986091 -0.158808
vn 0.049034 0.986091 -0.158808
vn -0.305940 0.924498 0.227387
vn -0.305940 0.924498 0.227387
vn -0.579218 0.683113 0.444818
vn -0.579218 0.683113 0.444818
vn -0.410404 0.911880 -0.006554
vn -0.410404 0.911880 -0.006554
vn -0.464474 0.884981 0.032765
vn -0.464474 0.884981 0.032765
vn -0.537957 0.841203 0.054590
vn -0.537957 0.841203 0.054590
vn -0.563396 0.824913 0.045863
vn -0.563396 0.824913 0.045863
vn -0.052837 0.993768 -0.098153
vn -0.181993 0.971765 -0.150174
vn -0.052837 0.993768 -0.098153
vn -0.181993 0.971765 -0.150174
vn -0.366719 0.926021 -0.089453
vn -0.366719 0.926021 -0.089453
vn -0.444238 0.895139 -0.037131
vn -0.444238 0.895139 -0.037131
vn -0.030185 0.941267 -0.336311
vn -0.030185 0.941267 -0.336311
vn -0.255527 0.935408 -0.244371
vn -0.255527 0.935408 -0.244371
vn -0.425406 0.887716 -0.176038
vn -0.425406 0.887716 -0.176038
vn -0.509900 0.842917 -0.171735
vn -0.509900 0.842917 -0.171735
vn 0.231984 0.953337 -0.193215
vn 0.231984 0.953337 -0.193215
vn 0.071642 0.989667 -0.124206
vn 0.071642 0.989667 -0.124206
vn -0.194956 0.980109 -0.037131
vn -0.194956 0.980109 -0.037131
vn -0.099839 0.983606 -0.150174
vn -0.099839 0.983606 -0.150174
vn -0.105473 0.993882 -0.032765
vn -0.105473 0.993882 -0.032765
vn -0.172811 0.984894 0.010923
vn -0.172811 0.984894 0.010923
vn -0.187642 0.982041 0.019661
vn -0.187642 0.982041 0.019661
vn -0.150461 0.988594 -0.006554
vn -0.150461 0.988594 -0.006554
vn -0.349264 0.935677 0.050227
vn -0.284621 0.956547 0.063314
vn -0.349264 0.935677 0.050227
vn -0.284621 0.956547 0.063314
vn -0.159812 0.986082 0.045863
vn -0.159812 0.986082 0.045863
vn -0.105530 0.994414 0.002185
vn -0.105530 0.994414 0.002185
vn 0.667520 0.678196 -0.307354
vn 0.667520 0.678196 -0.307354
vn 0.386974 0.690412 -0.611214
vn 0.386974 0.690412 -0.611214
vn -0.052841 0.415862 -0.907892
vn -0.052841 0.415862 -0.907892
vn 0.110147 0.387940 -0.915079
vn 0.110147 0.387940 -0.915079
vn 0.640175 0.768152 0.010923
vn 0.640175 0.768152 0.010923
vn 0.483033 0.874400 -0.045863
vn 0.483033 0.874400 -0.045863
vn 0.124259 0.989632 -0.072033
vn 0.124259 0.989632 -0.072033
vn -0.144853 0.988178 -0.050227
vn -0.144853 0.988178 -0.050227
vn 0.470645 0.757379 0.452627
vn 0.470645 0.757379 0.452627
vn 0.176434 0.937792 0.299027
vn 0.176434 0.937792 0.299027
vn -0.287475 0.887199 0.360882
vn -0.287475 0.887199 0.360882
vn -0.273416 0.926911 0.257060
vn -0.273416 0.926911 0.257060
vn -0.054680 0.996495 0.063314
vn -0.054680 0.996495 0.063314
vn 0.332843 0.931634 0.145853
vn 0.208062 0.977040 0.045863
vn 0.332843 0.931634 0.145853
vn 0.208062 0.977040 0.045863
vn 0.079197 0.950953 -0.299027
vn 0.079197 0.950953 -0.299027
vn 0.191429 0.964797 -0.180338
vn 0.191429 0.964797 -0.180338
vn 0.205455 0.842050 0.498738
vn 0.205455 0.842050 0.498738
vn -0.422377 0.791963 0.440900
vn -0.272314 0.801477 0.532428
vn -0.422377 0.791963 0.440900
vn -0.272314 0.801477 0.532428
vn 0.094080 0.880679 0.464277
vn 0.094080 0.880679 0.464277
vn 0.305937 0.902484 0.303194
vn 0.305937 0.902484 0.303194
vn 0.466793 0.773292 0.429097
vn 0.466793 0.773292 0.429097
vn -0.286045 0.726369 -0.624953
vn -0.218603 0.880235 -0.421188
vn -0.286045 0.726369 -0.624953
vn -0.218603 0.880235 -0.421188
vn -0.114921 0.982609 -0.145853
vn -0.114921 0.982609 -0.145853
vn -0.073562 0.993653 -0.085100
vn -0.073562 0.993653 -0.085100
vn -0.191369 0.974171 0.119869
vn -0.191369 0.974171 0.119869
vn -0.219034 0.974189 0.054590
vn -0.219034 0.974189 0.054590
vn -0.209862 0.972792 -0.098153
vn -0.209862 0.972792 -0.098153
vn -0.180119 0.953884 -0.240131
vn -0.180119 0.953884 -0.240131
vn 0.209902 0.958441 -0.193215
vn 0.209902 0.958441 -0.193215
vn 0.150495 0.974330 -0.167429
vn 0.150495 0.974330 -0.167429
vn -0.037748 0.999228 -0.010923
vn -0.037748 0.999228 -0.010923
vn -0.168817 0.913962 0.369018
vn -0.168817 0.913962 0.369018
vn 0.129816 0.934235 -0.332193
vn 0.129816 0.934235 -0.332193
vn -0.077303 0.966596 -0.244371
vn -0.077303 0.966596 -0.244371
vn -0.841710 0.533182 0.085100
vn -0.841710 0.533182 0.085100
vn -0.981385 0.187516 -0.041497
vn -0.981385 0.187516 -0.041497
vn -0.075458 0.958791 -0.273910
vn -0.075458 0.958791 -0.273910
vn -0.028306 0.942787 -0.332193
vn -0.028306 0.942787 -0.332193
vn -0.118656 0.950706 -0.286493
vn -0.118656 0.950706 -0.286493
vn -0.366719 0.926021 -0.089453
vn -0.366719 0.926021 -0.089453
vn 0.732755 0.667394 -0.132872
vn 0.732755 0.667394 -0.132872
vn 0.403352 0.914604 0.028397
vn 0.403352 0.914604 0.028397
vn -0.264649 0.960959 0.080746
vn -0.264649 0.960959 0.080746
vn -0.435030 0.864190 -0.252835
vn -0.435030 0.864190 -0.252835
vn 0.237369 0.945446 -0.223129
vn 0.237369 0.945446 -0.223129
vn 0.026434 0.958961 -0.282304
vn 0.026434 0.958961 -0.282304
vn -0.172610 0.925797 -0.336311
vn -0.172610 0.925797 -0.336311
vn -0.280733 0.886010 -0.369018
vn -0.280733 0.886010 -0.369018
vn -0.230120 0.969434 0.085100
vn -0.230120 0.969434 0.085100
vn -0.152237 0.976868 0.150174
vn -0.152237 0.976868 0.150174
vn -0.163271 0.952503 0.257060
vn -0.163271 0.952503 0.257060
vn -0.247988 0.926718 0.282304
vn -0.247988 0.926718 0.282304
vn -0.466098 0.882767 0.058953
vn -0.466098 0.882767 0.058953
vn -0.340305 0.939886 0.028397
vn -0.340305 0.939886 0.028397
vn -0.165378 0.986228 -0.002185
vn -0.165378 0.986228 -0.002185
vn -0.037748 0.999228 -0.010923
vn -0.037748 0.999228 -0.010923
vn 0.325978 0.944648 -0.037131
vn 0.325978 0.944648 -0.037131
vn 0.257373 0.933785 -0.248605
vn 0.257373 0.933785 -0.248605
vn 0.067900 0.925313 -0.373076
vn 0.067900 0.925313 -0.373076
vn -0.297199 0.914684 -0.273910
vn -0.297199 0.914684 -0.273910
vn 0.555410 0.831230 -0.024029
vn 0.555410 0.831230 -0.024029
vn 0.396091 0.902008 -0.171735
vn 0.396091 0.902008 -0.171735
vn 0.207948 0.942598 -0.261280
vn 0.207948 0.942598 -0.261280
vn 0.081066 0.966287 -0.244371
vn 0.081066 0.966287 -0.244371
vn 0.368615 0.929374 0.019661
vn 0.368615 0.929374 0.019661
vn 0.246479 0.958759 -0.141528
vn 0.246479 0.958759 -0.141528
vn 0.107444 0.966850 -0.231639
vn 0.107444 0.966850 -0.231639
vn 0.039656 0.976825 -0.210333
vn 0.039656 0.976825 -0.210333
vn -0.045257 0.998113 -0.041497
vn -0.045257 0.998113 -0.041497
vn 0.028314 0.998336 -0.050227
vn 0.028314 0.998336 -0.050227
vn 0.297185 0.948823 0.106846
vn 0.297185 0.948823 0.106846
vn 0.231438 0.888040 0.397268
vn 0.231438 0.888040 0.397268
vn 0.073525 0.995549 -0.058953
vn 0.073525 0.995549 -0.058953
vn 0.113036 0.993588 -0.002185
vn 0.113036 0.993588 -0.002185
vn 0.211544 0.972857 0.093804
vn 0.211544 0.972857 0.093804
vn 0.266490 0.961756 0.063314
vn 0.266490 0.961756 0.063314
vn -0.466098 0.882767 -0.058953
vn -0.377478 0.924882 -0.045863
vn -0.466098 0.882767 -0.058953
vn -0.377478 0.924882 -0.045863
vn -0.224624 0.974443 -0.002185
vn -0.224624 0.974443 -0.002185
vn -0.157862 0.987053 0.028397
vn -0.157862 0.987053 0.028397
vn -0.575805 0.816300 -0.045863
vn -0.530051 0.847625 -0.024029
vn -0.575805 0.816300 -0.045863
vn -0.530051 0.847625 -0.024029
vn -0.463859 0.873820 0.145853
vn -0.463859 0.873820 0.145853
vn -0.459310 0.840807 0.286493
vn -0.459310 0.840807 0.286493
vn -0.393116 0.916995 0.067674
vn -0.231976 0.972719 0.002185
vn -0.393116 0.916995 0.067674
vn -0.231976 0.972719 0.002185
vn -0.050952 0.995069 0.085100
vn -0.050952 0.995069 0.085100
vn 0.041465 0.918494 0.393255
vn 0.041465 0.918494 0.393255
vn -0.263104 0.963677 0.045863
vn -0.202410 0.978889 -0.028397
vn -0.263104 0.963677 0.045863
vn -0.202410 0.978889 -0.028397
vn -0.159779 0.985874 -0.050227
vn -0.159779 0.985874 -0.050227
vn -0.196882 0.978906 0.054590
vn -0.196882 0.978906 0.054590
vn -0.253923 0.967104 -0.015292
vn -0.491225 0.870964 -0.010923
vn -0.253923 0.967104 -0.015292
vn -0.491225 0.870964 -0.010923
vn -0.606247 0.793953 -0.045863
vn -0.606247 0.793953 -0.045863
vn -0.590608 0.801985 -0.089453
vn -0.590608 0.801985 -0.089453
vn -0.211189 0.842869 -0.494946
vn -0.211189 0.842869 -0.494946
vn -0.180076 0.890786 -0.417221
vn -0.180076 0.890786 -0.417221
vn -0.224412 0.944445 -0.240131
vn -0.224412 0.944445 -0.240131
vn -0.329679 0.936452 -0.119869
vn -0.329679 0.936452 -0.119869
vn -0.439194 0.891485 -0.111189
vn -0.439194 0.891485 -0.111189
vn -0.432192 0.894350 0.115530
vn -0.231817 0.972051 0.037131
vn -0.432192 0.894350 0.115530
vn -0.231817 0.972051 0.037131
vn -0.075426 0.996862 0.024029
vn -0.075426 0.996862 0.024029
vn -0.181937 0.966632 0.180338
vn -0.181937 0.966632 0.180338
vn 0.030189 0.994275 -0.102500
vn 0.015090 0.999025 -0.041497
vn 0.030189 0.994275 -0.102500
vn 0.015090 0.999025 -0.041497
vn 0.000000 0.999711 0.024029
vn 0.000000 0.999711 0.024029
vn 0.005661 0.998245 0.058953
vn 0.005661 0.998245 0.058953
vn 0.752174 0.426271 -0.502521
vn 0.668476 0.519288 -0.532428
vn 0.752174 0.426271 -0.502521
vn 0.668476 0.519288 -0.532428
vn 0.484710 0.733912 -0.475846
vn 0.484710 0.733912 -0.475846
vn 0.224636 0.955095 -0.193215
vn 0.224636 0.955095 -0.193215
vn 0.257422 0.958283 -0.124206
vn 0.150456 0.983732 -0.098153
vn 0.257422 0.958283 -0.124206
vn 0.150456 0.983732 -0.098153
vn 0.015099 0.999597 -0.024029
vn 0.015099 0.999597 -0.024029
vn -0.086720 0.993625 0.072033
vn -0.086720 0.993625 0.072033
vn 0.755428 0.544185 -0.364954
vn 0.755428 0.544185 -0.364954
vn 0.475702 0.575737 -0.665007
vn 0.475702 0.575737 -0.665007
vn -0.032040 0.295208 -0.954896
vn -0.032040 0.295208 -0.954896
vn 0.067327 0.241512 -0.968060
vn 0.067327 0.241512 -0.968060
vn 0.715644 0.496619 -0.491145
vn 0.715644 0.496619 -0.491145
vn 0.405002 0.651147 -0.641857
vn 0.405002 0.651147 -0.641857
vn -0.125767 0.648006 -0.751179
vn -0.125767 0.648006 -0.751179
vn -0.136675 0.593961 -0.792799
vn -0.136675 0.593961 -0.792799
vn 0.763735 0.614575 0.197500
vn 0.763735 0.614575 0.197500
vn 0.476051 0.872360 -0.111189
vn 0.476051 0.872360 -0.111189
vn -0.109236 0.783891 -0.611214
vn -0.109236 0.783891 -0.611214
vn 0.047208 0.779234 -0.624953
vn 0.047208 0.779234 -0.624953
vn 0.266606 0.761917 0.590257
vn 0.266606 0.761917 0.590257
vn 0.127985 0.967324 0.218868
vn 0.127985 0.967324 0.218868
vn -0.120479 0.833124 -0.539805
vn -0.120479 0.833124 -0.539805
vn -0.107244 0.750723 -0.651854
vn -0.107244 0.750723 -0.651854
vn 0.851848 0.523785 -0.002185
vn 0.851848 0.523785 -0.002185
vn 0.718729 0.438222 -0.539805
vn 0.718729 0.438222 -0.539805
vn 0.336038 0.125886 -0.933398
vn 0.336038 0.125886 -0.933398
vn 0.393554 0.104799 -0.913308
vn 0.393554 0.104799 -0.913308
vn 0.501990 0.776348 -0.381169
vn 0.501990 0.776348 -0.381169
vn 0.453201 0.611566 -0.648534
vn 0.453201 0.611566 -0.648534
vn 0.387420 0.111965 -0.915079
vn 0.387420 0.111965 -0.915079
vn 0.524417 0.119972 -0.842967
vn 0.524417 0.119972 -0.842967
vn 0.495458 0.850607 -0.176038
vn 0.495458 0.850607 -0.176038
vn 0.523007 0.680046 -0.513810
vn 0.523007 0.680046 -0.513810
vn 0.438236 0.285720 -0.852240
vn 0.438236 0.285720 -0.852240
vn 0.433611 0.272137 -0.859025
vn 0.433611 0.272137 -0.859025
vn 0.127849 0.937400 0.323938
vn 0.127849 0.937400 0.323938
vn 0.444857 0.848542 -0.286493
vn 0.444857 0.848542 -0.286493
vn 0.547863 0.242270 -0.800720
vn 0.547863 0.242270 -0.800720
vn 0.558427 0.235397 -0.795454
vn 0.558427 0.235397 -0.795454
vn 0.052833 0.998486 0.015292
vn 0.052833 0.998486 0.015292
vn 0.120472 0.992176 0.032765
vn 0.120472 0.992176 0.032765
vn -0.159660 0.985140 0.063314
vn -0.159660 0.985140 0.063314
vn -0.479513 0.875835 0.054590
vn -0.479513 0.875835 0.054590
vn 0.621969 0.502205 0.600787
vn 0.621969 0.502205 0.600787
vn 0.436299 0.770773 0.464277
vn 0.436299 0.770773 0.464277
vn 0.148581 0.973105 0.176038
vn 0.148581 0.973105 0.176038
vn 0.113032 0.988731 0.098153
vn 0.113032 0.988731 0.098153
vn 0.505920 0.765652 0.397268
vn 0.505920 0.765652 0.397268
vn 0.332501 0.906188 0.261280
vn 0.332501 0.906188 0.261280
vn 0.222660 0.973112 0.058953
vn 0.222660 0.973112 0.058953
vn 0.304442 0.951627 0.041497
vn 0.304442 0.951627 0.041497
vn 0.605967 0.645950 0.464277
vn 0.605967 0.645950 0.464277
vn 0.525698 0.802463 0.282304
vn 0.525698 0.802463 0.282304
vn 0.178422 0.982885 0.045863
vn 0.178422 0.982885 0.045863
vn 0.066018 0.991604 0.111189
vn 0.066018 0.991604 0.111189
vn 0.645947 0.639280 0.417221
vn 0.645947 0.639280 0.417221
vn 0.541325 0.784245 0.303194
vn 0.541325 0.784245 0.303194
vn -0.003777 0.973797 -0.227387
vn -0.003777 0.973797 -0.227387
vn -0.099894 0.940790 -0.323938
vn -0.099894 0.940790 -0.323938
vn 0.596361 0.714956 0.364954
vn 0.596361 0.714956 0.364954
vn 0.696614 0.711287 0.093804
vn 0.696614 0.711287 0.093804
vn 0.632595 0.755202 -0.171735
vn 0.632595 0.755202 -0.171735
vn 0.525965 0.835548 -0.158808
vn 0.525965 0.835548 -0.158808
vn -0.601661 0.776087 -0.188926
vn -0.682218 0.727592 -0.072033
vn -0.601661 0.776087 -0.188926
vn -0.682218 0.727592 -0.072033
vn -0.608249 0.748028 0.265495
vn -0.608249 0.748028 0.265495
vn -0.281992 0.858112 0.429097
vn -0.281992 0.858112 0.429097
vn -0.581872 0.786743 -0.206059
vn -0.688483 0.719161 -0.093804
vn -0.581872 0.786743 -0.206059
vn -0.688483 0.719161 -0.093804
vn -0.468357 0.851469 0.235888
vn -0.468357 0.851469 0.235888
vn -0.185676 0.934665 0.303194
vn -0.185676 0.934665 0.303194
vn -0.137138 0.905634 0.401274
vn -0.227578 0.876047 0.425147
vn -0.137138 0.905634 0.401274
vn -0.227578 0.876047 0.425147
vn -0.231350 0.873128 0.429097
vn -0.231350 0.873128 0.429097
vn 0.000000 0.864565 0.502521
vn 0.000000 0.864565 0.502521
vn 0.225277 0.790955 0.568894
vn -0.376991 0.658001 -0.651854
vn -0.427906 0.756257 -0.494946
vn -0.376991 0.658001 -0.651854
vn -0.427906 0.756257 -0.494946
vn -0.401167 0.905672 0.137202
vn -0.401167 0.905672 0.137202
vn -0.299045 0.942348 0.150174
vn -0.299045 0.942348 0.150174
vn -0.257535 0.953839 0.154492
vn 0.050961 0.997647 -0.045863
vn 0.050961 0.997647 -0.045863
vn 0.120454 0.992024 -0.037131
vn 0.120454 0.992024 -0.037131
vn 0.217246 0.976056 0.010923
vn 0.217246 0.976056 0.010923
vn 0.327678 0.940121 0.093804
vn 0.327678 0.940121 0.093804
vn -0.562733 0.743704 -0.360882
vn -0.540587 0.795449 -0.273910
vn -0.562733 0.743704 -0.360882
vn -0.540587 0.795449 -0.273910
vn -0.320810 0.945811 0.050227
vn -0.320810 0.945811 0.050227
vn -0.122375 0.990982 0.054590
vn -0.122375 0.990982 0.054590
vn -0.035863 0.995727 0.085100
vn -0.598306 0.795233 -0.098153
vn -0.658376 0.750377 -0.058953
vn -0.598306 0.795233 -0.098153
vn -0.658376 0.750377 -0.058953
vn -0.614575 0.763735 0.197500
vn -0.614575 0.763735 0.197500
vn -0.606446 0.744902 0.278110
vn -0.606446 0.744902 0.278110
vn -0.670362 0.707692 0.223129
vn -0.800998 0.498046 -0.332193
vn -0.816059 0.508941 -0.273910
vn -0.800998 0.498046 -0.332193
vn -0.816059 0.508941 -0.273910
vn -0.822982 0.568063 -0.002185
vn -0.822982 0.568063 -0.002185
vn -0.488813 0.816453 0.307354
vn -0.488813 0.816453 0.307354
vn -0.153871 0.891950 0.425147
vn -0.457970 0.888836 -0.015292
vn -0.329676 0.941342 0.072033
vn -0.457970 0.888836 -0.015292
vn -0.329676 0.941342 0.072033
vn -0.187656 0.982116 0.015292
vn -0.187656 0.982116 0.015292
vn -0.187581 0.976887 -0.102500
vn -0.187581 0.976887 -0.102500
vn -0.224601 0.969495 -0.098153
vn -0.275792 0.787760 0.550793
vn -0.281821 0.833155 0.475846
vn -0.275792 0.787760 0.550793
vn -0.281821 0.833155 0.475846
vn -0.152120 0.947187 0.282304
vn -0.152120 0.947187 0.282304
vn 0.273873 0.945518 0.176038
vn 0.273873 0.945518 0.176038
vn 0.526314 0.841170 0.124206
vn -0.174193 0.874520 0.452627
vn -0.246131 0.889402 0.385205
vn -0.174193 0.874520 0.452627
vn -0.246131 0.889402 0.385205
vn -0.262355 0.907492 0.328069
vn -0.262355 0.907492 0.328069
vn -0.065933 0.930278 0.360882
vn -0.065933 0.930278 0.360882
vn 0.086628 0.920438 0.381169
vn -0.003774 0.910612 0.413246
vn -0.120466 0.929488 0.348627
vn -0.003774 0.910612 0.413246
vn -0.120466 0.929488 0.348627
vn -0.120377 0.967328 0.223129
vn -0.120377 0.967328 0.223129
vn 0.189520 0.978182 0.085100
vn 0.189520 0.978182 0.085100
vn 0.389574 0.920785 0.019661
vn -0.350245 -0.056430 -0.934957
vn -0.487841 0.199003 -0.849946
vn -0.350245 -0.056430 -0.934957
vn -0.487841 0.199003 -0.849946
vn -0.395945 0.906617 0.145853
vn -0.395945 0.906617 0.145853
vn -0.220671 0.947443 0.231639
vn -0.220671 0.947443 0.231639
vn -0.122275 0.966098 0.227387
vn -0.782472 0.536747 -0.315658
vn -0.664127 0.725544 -0.180338
vn -0.782472 0.536747 -0.315658
vn -0.664127 0.725544 -0.180338
vn 0.071625 0.975003 0.210333
vn 0.071625 0.975003 0.210333
vn 0.215264 0.964940 0.150174
vn 0.215264 0.964940 0.150174
vn 0.295442 0.948350 0.115530
vn -0.679630 0.551650 -0.483514
vn -0.701018 0.673001 -0.235888
vn -0.679630 0.551650 -0.483514
vn -0.701018 0.673001 -0.235888
vn -0.418971 0.851366 0.315658
vn -0.418971 0.851366 0.315658
vn -0.088541 0.977153 0.193215
vn -0.088541 0.977153 0.193215
vn 0.082883 0.985828 0.145853
vn -0.780950 0.503927 -0.369018
vn -0.765542 0.589801 -0.257060
vn -0.780950 0.503927 -0.369018
vn -0.765542 0.589801 -0.257060
vn -0.096053 0.976443 0.193215
vn -0.096053 0.976443 0.193215
vn 0.144800 0.985409 0.089453
vn 0.144800 0.985409 0.089453
vn 0.137272 0.986082 0.093804
vn -0.686382 0.429691 -0.586724
vn -0.675749 0.615726 -0.405273
vn -0.686382 0.429691 -0.586724
vn -0.675749 0.615726 -0.405273
vn -0.001887 0.897554 0.440900
vn -0.001887 0.897554 0.440900
vn 0.428019 0.811774 0.397268
vn 0.428019 0.811774 0.397268
vn 0.542415 0.801162 0.252835
vn 0.322639 0.944100 0.067674
vn 0.322639 0.944100 0.067674
vn 0.499927 0.835685 -0.227387
vn 0.499927 0.835685 -0.227387
vn 0.446759 0.854353 -0.265495
vn 0.446759 0.854353 -0.265495
vn 0.065999 0.895126 -0.440900
vn 0.065999 0.895126 -0.440900
vn -0.111110 0.796920 -0.593778
vn -0.111110 0.796920 -0.593778
vn 0.352211 0.805927 -0.475846
vn 0.352211 0.805927 -0.475846
vn 0.404161 0.805686 -0.433040
vn 0.404161 0.805686 -0.433040
vn 0.361523 0.917207 -0.167429
vn 0.361523 0.917207 -0.167429
vn 0.003775 0.968598 -0.248605
vn 0.003775 0.968598 -0.248605
vn -0.215096 0.893915 -0.393255
vn -0.215096 0.893915 -0.393255
vn 0.016959 0.783202 0.621536
vn 0.016959 0.783202 0.621536
vn 0.013202 0.824783 0.565296
vn 0.013202 0.824783 0.565296
vn 0.161500 0.964198 0.210333
vn 0.161500 0.964198 0.210333
vn -0.018887 0.983423 -0.180338
vn -0.018887 0.983423 -0.180338
vn -0.257294 0.918903 -0.299027
vn -0.257294 0.918903 -0.299027
vn 0.043162 0.331455 0.942483
vn 0.043162 0.331455 0.942483
vn 0.033919 0.659226 0.751179
vn 0.033919 0.659226 0.751179
vn 0.071644 0.994501 -0.076390
vn 0.071644 0.994501 -0.076390
vn -0.096147 0.958131 -0.269705
vn -0.096147 0.958131 -0.269705
vn -0.266295 0.900215 -0.344528
vn -0.266295 0.900215 -0.344528
vn 0.196928 0.976718 -0.085100
vn 0.196928 0.976718 -0.085100
vn 0.013206 0.993216 0.115530
vn 0.013206 0.993216 0.115530
vn -0.304366 0.931856 0.197500
vn -0.304366 0.931856 0.197500
vn -0.635542 0.770134 0.054590
vn -0.635542 0.770134 0.054590
vn -0.909362 0.399642 -0.115530
vn -0.909362 0.399642 -0.115530
vn 0.588139 0.713304 0.381169
vn 0.588139 0.713304 0.381169
vn 0.306340 0.806116 0.506293
vn 0.306340 0.806116 0.506293
vn -0.216893 0.935742 0.278110
vn -0.216893 0.935742 0.278110
vn -0.235489 0.963908 -0.124206
vn -0.235489 0.963908 -0.124206
vn -0.266512 0.925327 -0.269705
vn -0.266512 0.925327 -0.269705
vn 0.396460 0.734471 0.550793
vn 0.396460 0.734471 0.550793
vn 0.393226 0.738925 0.547141
vn 0.393226 0.738925 0.547141
vn 0.052813 0.978879 0.197500
vn 0.052813 0.978879 0.197500
vn -0.304494 0.951790 -0.037131
vn -0.304494 0.951790 -0.037131
vn -0.410404 0.911880 -0.006554
vn -0.410404 0.911880 -0.006554
vn 0.678032 0.563463 0.471999
vn 0.678032 0.563463 0.471999
vn 0.480890 0.787631 -0.385205
vn 0.480890 0.787631 -0.385205
vn 0.109287 0.957898 -0.265495
vn 0.109287 0.957898 -0.265495
vn -0.409915 0.905844 0.106846
vn -0.409915 0.905844 0.106846
vn -0.508280 0.850192 0.137202
vn -0.508280 0.850192 0.137202
vn 0.200241 0.899111 0.389234
vn 0.200241 0.899111 0.389234
vn 0.082815 0.773504 0.628358
vn 0.082815 0.773504 0.628358
vn -0.041472 0.745684 0.665007
vn -0.041472 0.745684 0.665007
vn 0.054666 0.830430 0.554434
vn 0.054666 0.830430 0.554434
vn 0.231299 0.863218 0.448727
vn 0.231299 0.863218 0.448727
vn -0.569225 0.820066 0.058953
vn -0.399514 0.897942 0.184634
vn -0.569225 0.820066 0.058953
vn -0.399514 0.897942 0.184634
vn -0.157795 0.923883 0.348627
vn -0.157795 0.923883 0.348627
vn -0.122275 0.966098 0.227387
vn -0.122275 0.966098 0.227387
vn 0.174734 0.981299 -0.080746
vn 0.174734 0.981299 -0.080746
vn -0.009439 0.868872 -0.494946
vn -0.077365 0.899939 -0.429097
vn -0.009439 0.868872 -0.494946
vn -0.077365 0.899939 -0.429097
vn 0.024521 0.995289 -0.093804
vn 0.024521 0.995289 -0.093804
vn 0.224431 0.973606 0.041497
vn 0.224431 0.973606 0.041497
vn 0.424089 0.905491 -0.015292
vn 0.424089 0.905491 -0.015292
vn -0.065998 0.974469 -0.214603
vn -0.347433 0.937397 0.024029
vn -0.065998 0.974469 -0.214603
vn -0.347433 0.937397 0.024029
vn -0.414915 0.824295 0.385205
vn -0.414915 0.824295 0.385205
vn 0.082937 0.919097 0.385205
vn 0.082937 0.919097 0.385205
vn 0.319017 0.947626 -0.015292
vn 0.319017 0.947626 -0.015292
vn -0.542658 0.839315 -0.032765
vn -0.326137 0.940213 0.098153
vn -0.542658 0.839315 -0.032765
vn -0.326137 0.940213 0.098153
vn -0.170568 0.873211 0.456519
vn -0.170568 0.873211 0.456519
vn -0.299106 0.693758 0.655161
vn -0.299106 0.693758 0.655161
vn -0.016942 0.588248 0.808503
vn -0.016942 0.588248 0.808503
vn -0.447855 0.841130 -0.303194
vn -0.028304 0.995589 -0.089453
vn -0.447855 0.841130 -0.303194
vn -0.028304 0.995589 -0.089453
vn 0.582623 0.803196 0.124206
vn 0.582623 0.803196 0.124206
vn 0.654872 0.746857 0.115530
vn 0.654872 0.746857 0.115530
vn 0.671207 0.725899 0.150174
vn 0.671207 0.725899 0.150174
vn 0.366712 0.928465 -0.058953
vn 0.275782 0.961158 0.010923
vn 0.366712 0.928465 -0.058953
vn 0.275782 0.961158 0.010923
vn 0.209862 0.972792 0.098153
vn 0.209862 0.972792 0.098153
vn 0.267996 0.927314 0.261280
vn 0.267996 0.927314 0.261280
vn 0.254661 0.837474 0.483514
vn 0.254661 0.837474 0.483514
vn 0.122350 0.983553 0.132872
vn 0.037716 0.993560 0.106846
vn 0.122350 0.983553 0.132872
vn 0.037716 0.993560 0.106846
vn 0.009430 0.990498 0.137202
vn 0.009430 0.990498 0.137202
vn 0.086633 0.954157 0.286493
vn 0.086633 0.954157 0.286493
vn 0.099812 0.908731 0.405273
vn 0.099812 0.908731 0.405273
vn -0.336758 0.819171 -0.464277
vn -0.016991 0.974641 -0.223129
vn -0.336758 0.819171 -0.464277
vn -0.016991 0.974641 -0.223129
vn 0.510713 0.859416 -0.024029
vn 0.510713 0.859416 -0.024029
vn 0.669935 0.738016 -0.080746
vn 0.669935 0.738016 -0.080746
vn 0.612200 0.774591 -0.158808
vn 0.612200 0.774591 -0.158808
vn -0.426139 0.853809 0.299027
vn -0.738753 0.656030 0.154492
vn -0.426139 0.853809 0.299027
vn -0.738753 0.656030 0.154492
vn -0.698833 0.702836 0.132872
vn -0.698833 0.702836 0.132872
vn -0.285316 0.834154 0.471999
vn -0.285316 0.834154 0.471999
vn -0.179159 0.722028 0.668264
vn -0.179159 0.722028 0.668264
vn -0.835400 0.549117 0.024029
vn -0.743114 0.659117 0.115530
vn -0.835400 0.549117 0.024029
vn -0.743114 0.659117 0.115530
vn -0.489850 0.778073 0.393255
vn -0.489850 0.778073 0.393255
vn -0.563537 0.715300 0.413246
vn -0.563537 0.715300 0.413246
vn -0.602768 0.698776 0.385205
vn -0.602768 0.698776 0.385205
vn -0.759478 0.617036 0.206059
vn -0.704634 0.664595 0.248605
vn -0.759478 0.617036 0.206059
vn -0.704634 0.664595 0.248605
vn -0.577890 0.779987 0.240131
vn -0.577890 0.779987 0.240131
vn -0.473488 0.855318 0.210333
vn -0.473488 0.855318 0.210333
vn -0.388850 0.889456 0.240131
vn -0.388850 0.889456 0.240131
vn 0.486527 0.712010 0.506293
vn 0.486527 0.712010 0.506293
vn 0.326332 0.848195 0.417221
vn 0.326332 0.848195 0.417221
vn 0.075411 0.967807 0.240131
vn 0.075411 0.967807 0.240131
vn -0.362783 0.899262 -0.244371
vn -0.362783 0.899262 -0.244371
vn -0.481819 0.764020 -0.429097
vn -0.481819 0.764020 -0.429097
vn 0.478528 0.677919 -0.558065
vn 0.478528 0.677919 -0.558065
vn 0.463958 0.821213 -0.332193
vn 0.463958 0.821213 -0.332193
vn -0.065998 0.974469 0.214603
vn -0.065998 0.974469 0.214603
vn -0.082986 0.958168 -0.273910
vn -0.082986 0.958168 -0.273910
vn 0.141134 0.906785 -0.397268
vn 0.141134 0.906785 -0.397268
vn 0.062237 0.994045 0.089453
vn 0.062237 0.994045 0.089453
vn 0.302754 0.936670 -0.176038
vn 0.302754 0.936670 -0.176038
vn 0.565690 0.788880 -0.240131
vn 0.565690 0.788880 -0.240131
vn 0.622699 0.765270 0.163120
vn 0.622699 0.765270 0.163120
vn 0.593060 0.754045 0.282304
vn 0.593060 0.754045 0.282304
vn -0.084768 0.936444 0.340423
vn -0.084768 0.936444 0.340423
vn -0.050892 0.955467 0.290677
vn -0.050892 0.955467 0.290677
vn -0.033972 0.968009 0.248605
vn -0.033972 0.968009 0.248605
vn -0.022643 0.980041 0.197500
vn -0.022643 0.980041 0.197500
vn -0.003776 0.987987 0.154492
vn -0.003776 0.987987 0.154492
vn -0.022643 0.980041 0.197500
vn -0.022643 0.980041 0.197500
vn 0.035836 0.982952 0.180338
vn 0.035836 0.982952 0.180338
vn 0.137316 0.981575 0.132872
vn 0.137316 0.981575 0.132872
vn 0.206204 0.976166 0.067674
vn 0.206204 0.976166 0.067674
vn 0.231883 0.972329 0.028397
vn 0.231883 0.972329 0.028397
vn -0.043390 0.990183 0.132872
vn -0.043390 0.990183 0.132872
vn 0.045275 0.993702 0.102500
vn 0.045275 0.993702 0.102500
vn 0.170822 0.983266 0.063314
vn 0.170822 0.983266 0.063314
vn 0.069806 0.921866 -0.381169
vn 0.069806 0.921866 -0.381169
vn -0.073520 0.694680 -0.715552
vn -0.073520 0.694680 -0.715552
vn 0.428600 0.880674 -0.201782
vn 0.428600 0.880674 -0.201782
vn 0.268273 0.942880 -0.197500
vn 0.268273 0.942880 -0.197500
vn 0.077290 0.973639 -0.214603
vn 0.077290 0.973639 -0.214603
vn -0.118706 0.970396 -0.210333
vn -0.118706 0.970396 -0.210333
vn -0.224636 0.955095 -0.193215
vn -0.224636 0.955095 -0.193215
vn 0.550056 0.824490 -0.132872
vn 0.550056 0.824490 -0.132872
vn 0.420296 0.898846 -0.124206
vn 0.420296 0.898846 -0.124206
vn 0.219163 0.972341 -0.080746
vn 0.219163 0.972341 -0.080746
vn -0.015095 0.999349 -0.032765
vn -0.015095 0.999349 -0.032765
vn -0.172802 0.984838 -0.015292
vn -0.172802 0.984838 -0.015292
vn 0.478316 0.743005 0.468142
vn 0.478316 0.743005 0.468142
vn 0.287215 0.722962 0.628358
vn 0.287215 0.722962 0.628358
vn -0.103260 0.727812 0.677958
vn -0.103260 0.727812 0.677958
vn -0.716524 0.637886 0.282304
vn -0.716524 0.637886 0.282304
vn -0.881162 0.470991 0.041497
vn -0.881162 0.470991 0.041497
vn 0.470338 0.854915 -0.218868
vn 0.470338 0.854915 -0.218868
vn 0.372042 0.910529 -0.180338
vn 0.372042 0.910529 -0.180338
vn 0.226444 0.970300 -0.085100
vn 0.226444 0.970300 -0.085100
vn -0.163523 0.978130 -0.128540
vn -0.163523 0.978130 -0.128540
vn -0.450420 0.870698 -0.197500
vn -0.450420 0.870698 -0.197500
vn 0.340304 0.920251 -0.193215
vn 0.340304 0.920251 -0.193215
vn 0.028301 0.930596 -0.364954
vn 0.028301 0.930596 -0.364954
vn -0.167017 0.910978 -0.377126
vn -0.167017 0.910978 -0.377126
vn -0.050959 0.956726 -0.286493
vn -0.050959 0.956726 -0.286493
vn 0.097988 0.970822 -0.218868
vn 0.097988 0.970822 -0.218868
vn 0.238846 0.891386 -0.385205
vn 0.238846 0.891386 -0.385205
vn 0.043383 0.925145 -0.377126
vn 0.043383 0.925145 -0.377126
vn -0.011330 0.964046 -0.265495
vn -0.011330 0.964046 -0.265495
vn -0.022643 0.994475 -0.102500
vn -0.022643 0.994475 -0.102500
vn -0.037748 0.999228 -0.010923
vn -0.037748 0.999228 -0.010923
vn 0.183697 0.945259 0.269705
vn 0.183697 0.945259 0.269705
vn -0.032088 0.998222 0.050227
vn -0.032088 0.998222 0.050227
vn -0.079156 0.984131 -0.158808
vn -0.079156 0.984131 -0.158808
vn -0.058520 0.975877 -0.210333
vn -0.058520 0.975877 -0.210333
vn -0.058494 0.980248 -0.188926
vn -0.058494 0.980248 -0.188926
vn 0.103628 0.877556 -0.468142
vn 0.103628 0.877556 -0.468142
vn 0.202256 0.876439 -0.436974
vn 0.202256 0.876439 -0.436974
vn 0.220709 0.918509 -0.328069
vn 0.220709 0.918509 -0.328069
vn 0.049041 0.991044 -0.124206
vn 0.049041 0.991044 -0.124206
vn -0.005667 0.977613 -0.210333
vn -0.005667 0.977613 -0.210333
vn 0.228252 0.951546 -0.206059
vn 0.228252 0.951546 -0.206059
vn 0.426910 0.885245 -0.184634
vn 0.426910 0.885245 -0.184634
vn 0.462473 0.868982 -0.176038
vn 0.462473 0.868982 -0.176038
vn 0.447471 0.742314 -0.498738
vn 0.447471 0.742314 -0.498738
vn 0.392720 0.823574 -0.409263
vn 0.392720 0.823574 -0.409263
vn 0.585910 0.803868 -0.102500
vn 0.585910 0.803868 -0.102500
vn 0.706498 0.706498 0.041497
vn 0.706498 0.706498 0.041497
vn 0.030200 0.999427 -0.015292
vn 0.030200 0.999427 -0.015292
vn 0.128027 0.991749 0.006554
vn 0.128027 0.991749 0.006554
vn 0.329777 0.941630 -0.067674
vn 0.329777 0.941630 -0.067674
vn 0.437541 0.888669 -0.137202
vn 0.437541 0.888669 -0.137202
vn -0.366320 0.890544 -0.269705
vn -0.366320 0.890544 -0.269705
vn -0.075446 0.963446 -0.257060
vn -0.075446 0.963446 -0.257060
vn 0.255606 0.928399 -0.269705
vn 0.255606 0.928399 -0.269705
vn 0.386929 0.873697 -0.294855
vn 0.386929 0.873697 -0.294855
vn -0.683137 0.287055 -0.671508
vn -0.683137 0.287055 -0.671508
vn -0.624008 0.527987 -0.576059
vn -0.624008 0.527987 -0.576059
vn 0.271947 0.944434 0.184634
vn 0.271947 0.944434 0.184634
vn 0.517923 0.801460 0.299027
vn 0.517923 0.801460 0.299027
vn 0.576672 0.812976 0.080746
vn 0.576672 0.812976 0.080746
vn 0.262898 0.955630 0.132872
vn 0.262898 0.955630 0.132872
vn -0.215316 0.972439 0.089453
vn -0.215316 0.972439 0.089453
vn -0.393354 0.595906 0.700121
vn -0.393354 0.595906 0.700121
vn -0.338935 0.476754 0.811067
vn -0.338935 0.476754 0.811067
vn 0.674273 0.738324 0.015292
vn 0.674273 0.738324 0.015292
vn 0.530193 0.847852 -0.006554
vn 0.530193 0.847852 -0.006554
vn 0.207873 0.971309 0.115530
vn 0.207873 0.971309 0.115530
vn -0.542730 0.839427 -0.028397
vn -0.542730 0.839427 -0.028397
vn -0.772781 0.615582 -0.154492
vn -0.772781 0.615582 -0.154492
vn 0.661647 0.736338 0.141528
vn 0.661647 0.736338 0.141528
vn 0.362481 0.803632 0.471999
vn 0.362481 0.803632 0.471999
vn -0.420440 0.788590 0.448727
vn -0.420440 0.788590 0.448727
vn -0.742841 0.668180 0.041497
vn -0.742841 0.668180 0.041497
vn -0.628104 0.777243 -0.037131
vn -0.628104 0.777243 -0.037131
vn 0.509216 0.799016 0.319801
vn 0.509216 0.799016 0.319801
vn 0.583967 0.753031 0.303194
vn 0.583967 0.753031 0.303194
vn 0.711011 0.628350 0.315658
vn 0.711011 0.628350 0.315658
vn 0.586405 0.661039 0.468142
vn 0.586405 0.661039 0.468142
vn 0.212502 0.776061 0.593778
vn 0.212502 0.776061 0.593778
vn -0.135443 0.990243 -0.032765
vn -0.135443 0.990243 -0.032765
vn -0.127909 0.986014 0.106846
vn -0.127909 0.986014 0.106846
vn -0.288001 0.908366 0.303194
vn -0.288001 0.908366 0.303194
vn -0.501705 0.808595 0.307354
vn -0.501705 0.808595 0.307354
vn -0.530662 0.803528 0.269705
vn -0.530662 0.803528 0.269705
vn 0.105521 0.960617 -0.257060
vn 0.105521 0.960617 -0.257060
vn 0.065995 0.986455 -0.150174
vn 0.065995 0.986455 -0.150174
vn -0.295661 0.951495 0.085100
vn -0.295661 0.951495 0.085100
vn 0.001888 0.986605 -0.163120
vn 0.001888 0.986605 -0.163120
vn 0.444836 0.800687 -0.401274
vn 0.444836 0.800687 -0.401274
vn -0.219084 0.974412 0.050227
vn -0.219084 0.974412 0.050227
vn -0.262974 0.948607 0.176038
vn -0.262974 0.948607 0.176038
vn -0.332226 0.885827 0.323938
vn -0.332226 0.885827 0.323938
vn -0.185629 0.963437 0.193215
vn -0.185629 0.963437 0.193215
vn -0.039616 0.997474 0.058953
vn -0.039616 0.997474 0.058953
vn -0.451790 0.858003 -0.244371
vn -0.329351 0.906113 -0.265495
vn -0.451790 0.858003 -0.244371
vn -0.329351 0.906113 -0.265495
vn 0.313628 0.940806 0.128540
vn 0.313628 0.940806 0.128540
vn 0.500074 0.775592 0.385205
vn 0.500074 0.775592 0.385205
vn -0.816997 0.567460 -0.102500
vn -0.378757 0.897128 -0.227387
vn -0.816997 0.567460 -0.102500
vn -0.378757 0.897128 -0.227387
vn 0.220959 0.972932 -0.067674
vn 0.220959 0.972932 -0.067674
vn 0.449100 0.885981 0.115530
vn 0.449100 0.885981 0.115530
vn -0.855763 0.517327 0.006554
vn -0.759441 0.639438 -0.119869
vn -0.855763 0.517327 0.006554
vn -0.759441 0.639438 -0.119869
vn 0.391444 0.916652 -0.080746
vn 0.391444 0.916652 -0.080746
vn 0.586158 0.809345 0.037131
vn 0.586158 0.809345 0.037131
vn -0.567998 0.822888 -0.015292
vn -0.514984 0.806411 -0.290677
vn -0.567998 0.822888 -0.015292
vn -0.514984 0.806411 -0.290677
vn -0.142947 0.888043 -0.436974
vn -0.142947 0.888043 -0.436974
vn 0.150366 0.920410 -0.360882
vn 0.150366 0.920410 -0.360882
vn 0.103568 0.992605 -0.063314
vn 0.022634 0.998882 -0.041497
vn 0.103568 0.992605 -0.063314
vn 0.022634 0.998882 -0.041497
vn -0.150381 0.973598 0.171735
vn -0.150381 0.973598 0.171735
vn -0.187342 0.936997 0.294855
vn -0.187342 0.936997 0.294855
vn -0.168967 0.972744 -0.158808
vn -0.054680 0.996495 -0.063314
vn -0.168967 0.972744 -0.158808
vn -0.054680 0.996495 -0.063314
vn -0.028315 0.995970 0.085100
vn -0.028315 0.995970 0.085100
vn -0.107364 0.963720 0.244371
vn -0.107364 0.963720 0.244371
vn 0.205923 0.892510 -0.401274
vn 0.205923 0.892510 -0.401274
vn 0.211404 0.855877 -0.471999
vn 0.211404 0.855877 -0.471999
vn 0.403467 0.914866 0.015292
vn 0.403467 0.914866 0.015292
vn 0.438497 0.824871 0.356804
vn 0.438497 0.824871 0.356804
vn -0.013223 0.948781 -0.315658
vn -0.013223 0.948781 -0.315658
vn -0.105506 0.902660 -0.417221
vn -0.105506 0.902660 -0.417221
vn -0.189226 0.843603 -0.502521
vn -0.189226 0.843603 -0.502521
vn -0.082937 0.919097 -0.385205
vn -0.082937 0.919097 -0.385205
vn -0.272905 0.698302 -0.661738
vn -0.272905 0.698302 -0.661738
vn -0.248199 0.685605 -0.684356
vn -0.248199 0.685605 -0.684356
vn -0.084817 0.864774 -0.494946
vn -0.084817 0.864774 -0.494946
vn 0.005664 0.955525 -0.294855
vn 0.005664 0.955525 -0.294855
vn 0.007475 -0.152150 0.988329
vn 0.035296 -0.157047 0.986960
vn 0.022397 0.013620 0.999656
vn 0.063611 0.028864 0.997557
vn 0.075189 0.691350 0.718598
vn 0.151676 0.768562 0.621536
vn 0.079010 0.790188 0.607750
vn 0.170207 0.791697 0.586724
vn 0.120341 0.904446 0.409263
vn 0.238933 0.906295 0.348627
vn 0.116679 0.941672 0.315658
vn 0.257066 0.922951 0.286493
vn 0.058441 0.919283 0.389234
vn 0.202012 0.870537 0.448727
vn 0.041469 0.904174 0.425147
vn 0.240436 0.896106 0.373076
vn 0.049007 0.894279 0.444818
vn 0.325409 0.908758 0.261280
vn 0.037725 0.892872 0.448727
vn 0.376154 0.879781 0.290677
vn 0.071626 0.946166 0.315658
vn 0.386629 0.877965 0.282304
vn 0.124278 0.980147 0.154492
vn 0.369841 0.903971 0.214603
vn 0.209157 0.838884 0.502521
vn 0.334580 0.820063 0.464277
vn 0.133366 0.891454 0.433040
vn 0.288512 0.819627 0.494946
vn 0.022643 0.989675 0.141528
vn 0.300612 0.925189 0.231639
vn 0.049073 0.996500 0.067674
vn 0.290110 0.951488 0.102500
vn 0.056565 0.975992 0.210333
vn 0.273685 0.930258 0.244371
vn 0.026400 0.924128 0.381169
vn 0.320439 0.912904 0.252835
vn -0.003776 0.997700 0.067674
vn 0.352536 0.933654 -0.063314
vn 0.050902 0.972473 0.227387
vn 0.359351 0.915612 0.180338
vn 0.013214 0.979341 0.201782
vn 0.298524 0.899228 0.319801
vn 0.015099 0.999597 0.024029
vn 0.286682 0.955633 0.067674
vn 0.043386 0.997318 -0.058953
vn 0.353914 0.888961 -0.290677
vn 0.082904 0.995693 0.041497
vn 0.425403 0.900129 -0.093804
vn 0.077247 0.987527 0.137202
vn 0.454492 0.887833 0.072033
vn -0.001888 0.998946 -0.045863
vn 0.451244 0.892270 0.015292
vn -0.045297 0.965333 -0.257060
vn 0.447274 0.870337 -0.206059
vn -0.005666 0.972785 -0.231639
vn 0.432135 0.881797 -0.188926
vn 0.056617 0.962448 -0.265495
vn 0.361329 0.921635 -0.141528
vn 0.097969 0.985075 -0.141528
vn 0.328054 0.941202 -0.080746
vn 0.049041 0.991044 -0.124206
vn 0.275798 0.961213 0.002185
vn -0.005665 0.799389 -0.600787
vn 0.168868 0.875564 -0.452627
vn -0.030245 0.615646 -0.787443
vn 0.051000 0.699823 -0.712493
vn 0.049032 0.610977 -0.790128
vn -0.011342 0.676255 -0.736580
vn -0.149824 0.666120 -0.730641
vn 0.049080 0.703075 -0.709420
vn -0.032086 0.608638 -0.792799
vn 0.291632 0.658420 -0.693855
vn 0.247394 0.541718 -0.803330
vn 0.358747 0.613810 -0.703234
vn 0.301923 0.492693 -0.816147
vn 0.304085 0.421107 -0.854518
vn 0.020724 0.146555 -0.988985
vn 0.009520 0.117315 -0.993049
vn 0.028077 0.033461 -0.999046
vn 0.011373 0.064499 -0.997853
vn 0.206004 -0.030140 -0.978087
vn 0.199072 0.074250 -0.977168
vn 0.073818 0.007630 -0.997243
vn 0.111773 0.133205 -0.984766
vn -0.176069 0.111110 -0.978087
vn -0.137701 0.253614 -0.957454
vn -0.251223 0.180654 -0.950921
vn -0.290556 0.237231 -0.926984
vn 0.120966 -0.036573 0.991983
vn 0.228636 0.776840 0.586724
vn 0.199902 0.820130 0.536122
vn 0.207687 0.936574 0.282304
vn 0.205861 0.940681 0.269705
vn 0.187293 0.859356 0.475846
vn 0.330457 0.875436 0.352719
vn 0.450479 0.880792 0.145853
vn 0.448731 0.875282 0.180338
vn 0.365483 0.866334 0.340423
vn 0.298524 0.899228 0.319801
vn 0.241889 0.832316 0.498738
vn 0.188777 0.800451 0.568894
vn 0.251746 0.945602 0.206059
vn 0.242921 0.967368 0.072033
vn 0.139200 0.944037 0.299027
vn 0.176352 0.956684 0.231639
vn 0.352595 0.919069 -0.176038
vn 0.394515 0.916706 0.063314
vn 0.335606 0.876738 0.344528
vn 0.361100 0.921051 0.145853
vn 0.389109 0.827254 -0.405273
vn 0.331351 0.926940 -0.176038
vn 0.333331 0.942807 -0.002185
vn 0.375673 0.926688 0.010923
vn 0.448758 0.865350 -0.223129
vn 0.404488 0.889008 -0.214603
vn 0.275651 0.960699 -0.032765
vn 0.217233 0.976000 0.015292
vn 0.224503 0.973922 0.032765
vn 0.287439 0.860221 -0.421188
vn 0.233811 0.700042 -0.674740
vn 0.135052 0.669271 -0.730641
vn 0.263758 0.660222 -0.703234
vn 0.307230 0.647926 -0.696995
vn 0.327280 0.584498 -0.742462
vn 0.299569 0.287538 -0.909715
vn -0.009479 0.099878 -0.994955
vn 0.017045 0.072227 -0.997243
vn 0.204904 0.129229 -0.970214
vn 0.150559 0.173230 -0.973306
vn -0.131015 0.257132 -0.957454
vn -0.337241 0.198346 -0.920287
vn 0.308206 0.689763 -0.655161
vn 0.321083 0.831886 -0.452627
vn 0.094269 0.993244 -0.067674
vn 0.030177 0.998683 -0.041497
vn -0.003774 0.997071 -0.076390
vn 0.041495 0.986437 -0.158808
vn 0.144788 0.980501 -0.132872
vn 0.135450 0.985468 -0.102500
vn 0.090511 0.986399 -0.137202
vn 0.168967 0.972744 -0.158808
vn 0.440458 0.878582 -0.184634
vn 0.311252 0.923762 0.223129
vn 0.202110 0.933923 0.294855
vn 0.266490 0.961756 0.063314
vn 0.302838 0.941815 -0.145853
vn 0.275745 0.961030 -0.019661
vn 0.139189 0.972901 0.184634
vn 0.107304 0.980027 0.167429
vn 0.125998 0.955844 0.265495
vn 0.144416 0.804549 0.576059
vn 0.174147 0.828368 0.532428
vn 0.176198 0.907560 0.381169
vn 0.192875 0.886228 0.421188
vn 0.358843 0.879883 0.311509
vn 0.479937 0.841342 0.248605
vn 0.390745 0.905144 0.167429
vn 0.237353 0.950236 0.201782
vn 0.224236 0.938856 0.261280
vn 0.305675 0.896822 0.319801
vn 0.389370 0.727209 0.565296
vn 0.411644 0.630068 0.658456
vn 0.232745 -0.081157 0.969146
vn 0.155883 -0.262475 0.952264
vn 0.082401 -0.205063 0.975274
vn 0.253108 -0.303593 0.918568
vn 0.393714 -0.104197 0.913308
vn 0.644958 0.472318 0.600787
vn 0.666030 0.460608 0.586724
vn 0.611103 0.693731 0.381169
vn 0.427118 0.900583 0.080746
vn 0.491057 0.870665 -0.028397
vn 0.462511 0.879054 0.115530
vn 0.459067 0.792614 0.401274
vn 0.440283 0.777686 0.448727
vn 0.409802 0.785181 0.464277
vn 0.368772 0.784390 0.498738
vn 0.324486 0.832678 0.448727
vn 0.359558 0.828609 0.429097
vn 0.385135 0.873072 0.299027
vn 0.414593 0.886370 0.206059
vn 0.489163 0.869892 -0.063314
vn 0.540015 0.817109 -0.201782
vn 0.547588 0.835239 -0.050227
vn 0.495859 0.866400 0.058953
vn 0.469064 0.870303 0.150174
vn 0.483512 0.847534 0.218868
vn 0.542108 0.828305 0.141528
vn 0.542948 0.839764 -0.002185
vn 0.523505 0.851393 -0.032765
vn 0.458022 0.888938 -0.002185
vn 0.361462 0.931811 0.032765
vn 0.340422 0.940209 0.010923
vn 0.319054 0.947734 -0.002185
vn 0.304426 0.936927 -0.171735
vn 0.388925 0.884680 -0.257060
vn 0.419042 0.793732 -0.440900
vn 0.332788 0.712177 -0.618107
vn 0.574705 -0.060151 0.816147
vn 0.792858 0.344745 0.502521
vn 0.788369 0.288281 0.543478
vn 0.802743 0.414100 0.429097
vn 0.748177 0.644214 0.158808
vn 0.743434 0.606309 0.282304
vn 0.652022 0.705353 0.278110
vn 0.597374 0.692025 0.405273
vn 0.623227 0.648569 0.436974
vn 0.631785 0.655802 0.413246
vn 0.613315 0.682659 0.397268
vn 0.623970 0.765142 0.158808
vn 0.667163 0.743217 0.050227
vn 0.717416 0.696066 -0.028397
vn 0.721454 0.678734 -0.137202
vn 0.736274 0.668196 -0.106846
vn 0.768152 0.640175 0.010923
vn 0.763339 0.645994 -0.002185
vn 0.752978 0.656998 -0.037131
vn 0.777629 0.628416 0.019661
vn 0.757136 0.645166 0.102500
vn 0.740372 0.668327 0.072033
vn 0.785322 0.616275 0.058953
vn 0.787825 0.604122 0.119869
vn 0.755202 0.632595 0.171735
vn 0.748774 0.656762 0.089453
vn 0.746914 0.656280 0.106846
vn 0.705627 0.682933 0.188926
vn 0.672380 0.732454 -0.106846
vn 0.627189 0.713860 -0.311509
vn 0.558936 0.692229 -0.456519
vn 0.472872 0.637991 -0.607750
vn 0.354718 0.601798 -0.715552
vn 0.878823 0.216611 0.425147
vn 0.868800 0.209357 0.448727
vn 0.889671 0.238712 0.389234
vn 0.901199 0.246032 0.356804
vn 0.893774 0.296753 0.336311
vn 0.877723 0.360502 0.315658
vn 0.850035 0.415336 0.323938
vn 0.835254 0.428546 0.344528
vn 0.827029 0.476032 0.299027
vn 0.827892 0.535315 0.167429
vn 0.840645 0.536172 -0.076390
vn 0.828271 0.529034 -0.184634
vn 0.806078 0.508244 -0.303194
vn 0.866425 0.463916 -0.184634
vn 0.895110 0.437648 0.085100
vn 0.863529 0.484032 0.141528
vn 0.839668 0.542886 -0.015292
vn 0.837706 0.542438 -0.063314
vn 0.843502 0.536375 -0.028397
vn 0.847706 0.530101 0.019661
vn 0.852683 0.510460 0.111189
vn 0.835594 0.542716 0.085100
vn 0.826012 0.548801 0.128540
vn 0.837553 0.522768 0.158808
vn 0.820846 0.554426 0.137202
vn 0.776791 0.590501 0.218868
vn 0.798625 0.579302 0.163120
vn 0.837934 0.536060 -0.102500
vn 0.803690 0.501806 -0.319801
vn 0.731396 0.484729 -0.479685
vn 0.626179 0.496946 -0.600787
vn 0.449703 0.513742 -0.730641
vn 0.389538 0.464233 -0.795454
vn 0.880741 0.464215 0.093804
vn 0.834378 0.549281 0.045863
vn 0.802454 0.592350 0.072033
vn 0.841216 0.455920 0.290677
vn 0.886656 0.450927 0.102500
vn 0.877865 0.477787 -0.032765
vn 0.874348 0.484467 -0.028397
vn 0.892321 0.451270 0.010923
vn 0.893953 0.444268 0.058953
vn 0.901337 0.402953 0.158808
vn 0.930529 0.361441 0.058953
vn 0.914013 0.361234 -0.184634
vn 0.949678 0.297453 -0.098153
vn 0.958828 0.282968 -0.024029
vn 0.957450 0.275767 0.085100
vn 0.958525 0.217118 0.184634
vn 0.968209 0.135396 0.210333
vn 0.967807 0.075411 0.240131
vn 0.957427 0.060312 0.282304
vn 0.978480 0.082974 0.188926
vn 0.976185 0.067841 0.206059
vn 0.966128 0.082946 0.244371
vn 0.934222 0.075418 0.348627
vn 0.945732 0.105473 0.307354
vn 0.681263 -0.045203 0.730641
vn 0.787489 -0.045236 0.614666
vn 0.530941 -0.177662 0.828576
vn 0.660961 -0.127390 0.739528
vn 0.895494 -0.015086 0.444818
vn 0.971748 0.045260 0.231639
vn 0.964998 0.022628 0.261280
vn 0.986577 -0.007551 0.163120
vn 0.988631 -0.007548 0.150174
vn 0.987532 0.030203 0.154492
vn 0.973688 0.015088 0.227387
vn 0.985422 -0.030176 0.167429
vn 0.983489 -0.015091 0.180338
vn 0.990099 0.045275 0.132872
vn 0.992444 0.060323 0.106846
vn 0.985884 0.037744 0.163120
vn 0.987735 0.127976 0.089453
vn 0.971141 0.224421 0.080746
vn 0.943161 0.311609 0.115530
vn 0.974164 0.224559 0.024029
vn 0.978771 0.194930 -0.063314
vn 0.949437 0.304523 0.076390
vn 0.930761 0.361531 -0.054590
vn 0.980053 0.172810 -0.098153
vn 0.980880 0.082973 0.176038
vn 0.904083 0.296930 0.307354
vn 0.914954 0.403506 -0.006554
vn 0.982847 0.150320 0.106846
vn 0.959146 0.268399 0.089453
vn 0.868536 0.470932 0.154492
vn 0.987273 -0.037751 0.154492
vn 0.983341 -0.045296 0.176038
vn 0.973738 -0.045241 0.223129
vn 0.973542 -0.022631 0.227387
vn 0.989825 0.037711 0.137202
vn 0.995142 0.075386 0.063314
vn 0.991484 0.105474 -0.076390
vn 0.989561 0.105526 -0.098153
vn 0.995950 0.067878 0.058953
vn 0.991244 0.030207 0.128540
vn 0.996115 0.022653 0.085100
vn 0.955797 0.268484 0.119869
vn 0.867204 0.457111 0.197500
vn 0.970623 -0.015097 0.240131
vn 0.970740 0.000000 0.240131
vn 0.974789 0.000000 0.223129
vn 0.985027 0.015097 0.171735
vn 0.989474 0.030189 0.141528
vn 0.996094 0.075458 0.045863
vn 0.992707 0.120536 -0.002185
vn 0.986921 0.157841 -0.032765
vn 0.993532 0.113030 -0.010923
vn 0.999741 0.022654 -0.002185
vn 0.994541 0.060377 0.085100
vn 0.976216 0.209817 0.054590
vn 0.920961 0.389649 0.002185
vn 0.985027 0.015097 0.171735
vn 0.990415 0.037733 0.132872
vn 0.968605 0.000000 0.248605
vn 0.969564 0.015099 0.244371
vn 0.982083 0.037736 0.184634
vn 0.997914 0.052802 0.037131
vn 0.997147 0.075447 -0.002185
vn 0.995780 0.090488 -0.015292
vn 0.995057 0.082951 -0.054590
vn 0.997965 -0.007546 0.063314
vn 0.997773 0.060354 0.028397
vn 0.981336 0.165368 -0.098153
vn 0.937701 0.282846 -0.201782
vn 0.996596 0.052796 -0.063314
vn 0.922013 -0.067835 0.381169
vn 0.924013 -0.030170 0.381169
vn 0.959206 0.015087 0.282304
vn 0.999340 0.022645 0.028397
vn 0.999826 0.015102 0.010923
vn 0.998781 0.045287 0.019661
vn 0.990464 -0.067914 -0.119869
vn 0.997737 0.022636 -0.063314
vn 0.999435 -0.007548 -0.032765
vn 0.987248 0.052810 -0.150174
vn 0.963311 0.135554 -0.231639
vn 0.926920 0.157901 -0.340423
vn 0.981764 -0.045279 -0.184634
vn 0.981962 -0.007552 -0.188926
vn 0.967244 -0.022653 -0.252835
vn 0.962469 0.030209 -0.269705
vn 0.919097 0.082937 -0.385205
vn 0.892550 0.150351 -0.425147
vn 0.960688 -0.045305 -0.273910
vn 0.938746 -0.007552 -0.344528
vn 0.932683 -0.052851 -0.356804
vn 0.903258 0.000000 -0.429097
vn 0.900699 0.067949 -0.429097
vn 0.795791 0.274457 -0.539805
vn 0.927770 -0.007551 -0.373076
vn 0.889200 -0.030212 -0.456519
vn 0.862453 -0.060393 -0.502521
vn 0.904841 0.022655 -0.425147
vn 0.870745 0.172720 -0.460402
vn 0.637887 0.327565 -0.696995
vn 0.527590 0.276244 -0.803330
vn 0.273173 0.185374 -0.943935
vn 0.875206 0.015109 -0.483514
vn 0.870947 -0.015098 -0.491145
vn 0.912202 -0.060340 -0.405273
vn 0.911117 0.135510 -0.389234
vn 0.703080 0.251880 -0.665007
vn 0.547178 0.185742 -0.816147
vn 0.291651 0.074883 -0.953589
vn 0.005732 0.052094 -0.998626
vn 0.874815 0.030213 -0.483514
vn 0.903109 -0.060375 -0.425147
vn 0.942940 -0.022646 -0.332193
vn 0.761961 0.223732 -0.607750
vn 0.545636 0.060391 -0.835843
vn 0.311147 -0.082391 -0.946784
vn 0.068001 -0.029718 -0.997243
vn 0.055541 0.083550 -0.994955
vn 0.858016 -0.060419 -0.510057
vn 0.892249 -0.127939 -0.433040
vn 0.763863 -0.015118 -0.645202
vn 0.495845 -0.141657 -0.856780
vn 0.304634 -0.173695 -0.936498
vn 0.194616 -0.073963 -0.978087
vn 0.157595 0.073488 -0.984766
vn 0.198804 0.197468 -0.959939
vn 0.317513 -0.052782 -0.946784
vn 0.447966 -0.097537 -0.888714
vn 0.703822 -0.120268 -0.700121
vn 0.743700 -0.186895 -0.641857
vn 0.697593 -0.120236 -0.706334
vn 0.821856 -0.030212 -0.568894
vn 0.714635 -0.172249 -0.677958
vn 0.743498 -0.238001 -0.624953
vn 0.589054 -0.319006 -0.742462
vn 0.586168 -0.385696 -0.712493
vn 0.382470 -0.451889 -0.805924
vn 0.388587 -0.487273 -0.782026
vn 0.143317 -0.455765 -0.878487
vn 0.193412 -0.478039 -0.856780
vn -0.003783 -0.431053 -0.902319
vn 0.032112 -0.476686 -0.878487
vn -0.022657 -0.398629 -0.916832
vn 0.108453 -0.392563 -0.913308
vn 0.385724 -0.369687 -0.845310
vn 0.566664 -0.171402 -0.805924
vn 0.576110 -0.164149 -0.800720
vn 0.556638 -0.221364 -0.800720
vn 0.592542 -0.156817 -0.790128
vn 0.421484 0.037718 -0.906051
vn -0.026397 -0.304131 -0.952264
vn 0.087439 -0.283776 -0.954896
vn 0.359748 -0.182240 -0.915079
vn 0.534029 -0.142114 -0.833437
vn 0.515298 -0.199628 -0.833437
vn 0.483868 -0.198891 -0.852240
vn 0.449497 0.067751 -0.890709
vn 0.389953 0.295453 -0.872149
vn 0.343225 0.161091 -0.925336
vn 0.251483 0.304941 -0.918568
vn 0.307609 0.200139 -0.930226
vn 0.172279 0.176285 -0.969146
vn 0.219259 0.229952 -0.948181
vn 0.131134 0.252362 -0.958706
vn 0.172048 0.305567 -0.936498
vn 0.149560 0.256527 -0.954896
vn 0.167681 0.250102 -0.953589
vn -0.125188 0.226930 -0.965832
vn -0.163457 0.237831 -0.957454
vn -0.400642 0.324677 -0.856780
vn -0.050640 -0.197533 -0.978987
vn 0.095011 -0.194801 -0.976230
vn 0.382948 -0.126416 -0.915079
vn 0.500774 -0.206404 -0.840609
vn 0.502436 -0.192260 -0.842967
vn 0.432435 -0.112280 -0.894647
vn 0.337607 0.022681 -0.941014
vn 0.155598 0.156939 -0.975274
vn 0.150557 0.155907 -0.976230
vn 0.078053 0.104843 -0.991421
vn 0.116516 0.222002 -0.968060
vn 0.105171 0.159522 -0.981576
vn 0.026371 0.197892 -0.979869
vn -0.144293 0.249923 -0.957454
vn -0.243560 0.331375 -0.911520
vn -0.066439 -0.165339 -0.983996
vn 0.110496 -0.161107 -0.980732
vn 0.368635 -0.182317 -0.911520
vn 0.423019 -0.176755 -0.888714
vn -0.056636 -0.103178 -0.993049
vn 0.111785 -0.115817 -0.986960
vn 0.260137 -0.151646 -0.953589
vn 0.313872 -0.173934 -0.933398
vn -0.045222 -0.053240 -0.997557
vn 0.059920 -0.106315 -0.992526
vn 0.150352 -0.167737 -0.974299
vn 0.207195 -0.088383 -0.974299
vn 0.086568 0.050711 -0.994955
vn 0.084017 0.100127 -0.991421
vn -0.019612 -0.028926 -0.999389
vn 0.032757 -0.051617 -0.998130
vn 0.077197 -0.057031 -0.995383
vn 0.044564 0.041849 -0.998130
vn 0.050664 0.060051 -0.996909
vn 0.063977 0.133473 -0.988985
vn 0.041046 0.014939 -0.999046
vn 0.055610 0.042273 -0.997557
vn 0.072530 0.092697 -0.993049
vn -0.017477 0.000000 -0.999847
vn -0.051155 0.011395 -0.998626
vn -0.121979 0.003795 -0.992526
vn 0.024568 0.587979 -0.808503
vn -0.334886 0.529670 -0.779295
vn -0.174201 0.477385 -0.861253
vn -0.168549 0.467381 -0.867840
vn -0.302923 0.384180 -0.872149
vn -0.058250 0.269794 -0.961155
vn 0.139315 0.166029 -0.976230
vn 0.128452 0.147190 -0.980732
vn 0.061544 -0.022400 -0.997853
vn 0.186413 -0.141052 -0.972293
vn 0.025855 -0.064892 -0.997557
vn -0.210306 0.030237 -0.977168
vn -0.009526 0.095505 -0.995383
vn 0.134286 0.037284 -0.990241
vn 0.118279 0.030055 -0.992526
vn -0.242463 0.211690 -0.946784
vn -0.174318 0.332136 -0.926984
vn -0.222545 0.105974 -0.969146
vn -0.373581 0.278907 -0.884674
vn 0.431027 -0.231457 0.872149
vn 0.998709 0.007551 0.050227
vn 0.949164 -0.045272 0.311509
vn 0.925860 -0.097944 0.364954
vn 0.963374 -0.037710 0.265495
vn 0.949946 -0.090479 0.299027
vn 0.994455 0.037750 0.098153
vn 0.998481 0.022652 0.050227
vn 0.994970 0.052837 0.085100
vn 0.998315 0.052823 0.024029
vn 0.991223 0.045271 0.124206
vn 0.995342 0.045295 0.085100
vn 0.976672 -0.007548 0.214603
vn 0.991244 0.030207 0.128540
vn 0.992531 -0.022654 0.119869
vn 0.984845 0.045254 0.167429
vn 0.960431 0.015088 0.278110
vn 0.780079 -0.030177 0.624953
vn 0.915182 0.037703 0.401274
vn 0.974703 0.045286 0.218868
vn 0.693782 0.693782 -0.193215
vn 0.564687 0.794570 -0.223129
vn 0.693782 0.693782 -0.193215
vn 0.564687 0.794570 -0.223129
vn 0.167272 0.958313 -0.231639
vn 0.167272 0.958313 -0.231639
vn -0.099891 0.979302 -0.176038
vn -0.099891 0.979302 -0.176038
vn -0.293193 0.912118 0.286493
vn -0.293193 0.912118 0.286493
vn 0.022638 0.999054 -0.037131
vn 0.022638 0.999054 -0.037131
vn 0.558150 0.743165 -0.369018
vn 0.558150 0.743165 -0.369018
vn 0.754493 0.531374 -0.385205
vn 0.754493 0.531374 -0.385205
vn -0.491031 0.865595 -0.098153
vn -0.491031 0.865595 -0.098153
vn -0.397914 0.910119 -0.115530
vn -0.397914 0.910119 -0.115530
vn -0.146738 0.962685 -0.227387
vn -0.146738 0.962685 -0.227387
vn 0.030194 0.922337 -0.385205
vn 0.030194 0.922337 -0.385205
vn -0.452443 0.874246 0.176038
vn -0.452443 0.874246 0.176038
vn -0.370994 0.883338 0.286493
vn -0.370994 0.883338 0.286493
vn 0.075356 0.943072 0.323938
vn 0.075356 0.943072 0.323938
vn 0.474182 0.871622 0.124206
vn 0.474182 0.871622 0.124206
vn -0.979623 0.157832 -0.124206
vn -0.979623 0.157832 -0.124206
vn -0.986293 0.154112 -0.058953
vn -0.986293 0.154112 -0.058953
vn -0.914971 0.403514 -0.002185
vn -0.914971 0.403514 -0.002185
vn -0.740598 0.668532 -0.067674
vn -0.740598 0.668532 -0.067674
vn -0.486902 0.843340 -0.227387
vn -0.486902 0.843340 -0.227387
vn -0.378718 0.906909 -0.184634
vn -0.378718 0.906909 -0.184634
vn -0.090488 0.995780 0.015292
vn -0.090488 0.995780 0.015292
vn 0.135433 0.961246 0.240131
vn 0.135433 0.961246 0.240131
vn -0.220186 -0.018946 -0.975274
vn -0.220186 -0.018946 -0.975274
vn -0.220961 -0.088459 -0.971263
vn -0.220961 -0.088459 -0.971263
vn -0.143641 -0.003793 -0.989623
vn -0.143641 -0.003793 -0.989623
vn -0.078142 0.110131 -0.990841
vn -0.078142 0.110131 -0.990841
vn -0.350836 0.282887 -0.892687
vn -0.193196 0.185164 -0.963530
vn -0.350836 0.282887 -0.892687
vn -0.193196 0.185164 -0.963530
vn -0.030340 -0.003833 -0.999532
vn -0.030340 -0.003833 -0.999532
vn -0.163150 -0.026416 -0.986248
vn -0.163150 -0.026416 -0.986248
vn -0.934542 0.336576 0.115530
vn -0.934542 0.336576 0.115530
vn -0.867933 0.494560 -0.045863
vn -0.867933 0.494560 -0.045863
vn -0.887390 0.416573 -0.197500
vn -0.887390 0.416573 -0.197500
vn -0.939261 0.286525 -0.188926
vn -0.939261 0.286525 -0.188926
vn -0.414697 0.155408 -0.896591
vn -0.465434 0.246905 -0.849946
vn -0.414697 0.155408 -0.896591
vn -0.465434 0.246905 -0.849946
vn -0.433767 0.190919 -0.880566
vn -0.433767 0.190919 -0.880566
vn -0.350245 0.056430 -0.934957
vn -0.350245 0.056430 -0.934957
vn -0.430189 -0.880870 -0.197500
vn -0.430189 -0.880870 -0.197500
vn -0.977311 0.049015 0.206059
vn -0.977311 0.049015 0.206059
vn -0.849305 0.446077 0.282304
vn -0.849305 0.446077 0.282304
vn -0.871696 0.419787 0.252835
vn -0.871696 0.419787 0.252835
vn -0.095567 -0.160480 -0.982402
vn -0.030143 -0.127184 -0.991421
vn -0.095567 -0.160480 -0.982402
vn -0.030143 -0.127184 -0.991421
vn -0.015746 -0.007583 -0.999847
vn -0.015746 -0.007583 -0.999847
vn -0.108250 0.152213 -0.982402
vn -0.108250 0.152213 -0.982402
vn 0.084194 0.105576 -0.990841
vn 0.178471 0.306601 -0.934957
vn 0.084194 0.105576 -0.990841
vn 0.178471 0.306601 -0.934957
vn 0.028367 0.465347 -0.884674
vn 0.028367 0.465347 -0.884674
vn -0.399507 0.407530 -0.821166
vn -0.399507 0.407530 -0.821166
vn -0.951598 0.086729 -0.294855
vn -0.914597 0.322174 -0.244371
vn -0.951598 0.086729 -0.294855
vn -0.914597 0.322174 -0.244371
vn -0.752945 0.632892 -0.180338
vn -0.752945 0.632892 -0.180338
vn -0.611324 0.777824 -0.145853
vn -0.611324 0.777824 -0.145853
vn -0.438932 -0.198186 -0.876391
vn -0.097359 0.128182 -0.986960
vn -0.438932 -0.198186 -0.876391
vn -0.097359 0.128182 -0.986960
vn 0.125045 0.428917 -0.894647
vn 0.125045 0.428917 -0.894647
vn 0.067858 0.476796 -0.876391
vn 0.067858 0.476796 -0.876391
vn 0.778437 0.622508 -0.080746
vn 0.778437 0.622508 -0.080746
vn 0.790607 0.597734 -0.132872
vn 0.790607 0.597734 -0.132872
vn 0.874289 0.477887 -0.085100
vn 0.874289 0.477887 -0.085100
vn 0.763108 0.583371 -0.278110
vn 0.763108 0.583371 -0.278110
vn 0.714866 0.610802 -0.340423
vn 0.714866 0.610802 -0.340423
vn 0.235105 0.213725 -0.948181
vn 0.113720 0.194446 -0.974299
vn 0.235105 0.213725 -0.948181
vn 0.113720 0.194446 -0.974299
vn -0.278637 0.402142 -0.872149
vn -0.278637 0.402142 -0.872149
vn -0.356373 0.481504 -0.800720
vn -0.356373 0.481504 -0.800720
vn -0.915907 -0.098038 -0.389234
vn -0.892703 -0.041550 -0.448727
vn -0.915907 -0.098038 -0.389234
vn -0.892703 -0.041550 -0.448727
vn -0.882739 -0.172699 -0.436974
vn -0.882739 -0.172699 -0.436974
vn -0.876163 -0.278728 -0.393255
vn -0.876163 -0.278728 -0.393255
vn 0.522570 0.499852 -0.690702
vn 0.491737 0.275169 -0.826122
vn 0.522570 0.499852 -0.690702
vn 0.491737 0.275169 -0.826122
vn 0.300731 -0.015129 -0.953589
vn 0.300731 -0.015129 -0.953589
vn 0.208340 0.059740 -0.976230
vn 0.208340 0.059740 -0.976230
vn -0.771309 -0.631318 -0.080746
vn -0.771309 -0.631318 -0.080746
vn -0.773834 -0.621942 -0.119869
vn -0.773834 -0.621942 -0.119869
vn -0.828328 -0.335436 -0.448727
vn -0.828328 -0.335436 -0.448727
vn -0.827623 -0.242296 -0.506293
vn -0.827623 -0.242296 -0.506293
vn -0.824514 -0.558013 -0.093804
vn -0.824514 -0.558013 -0.093804
vn -0.808281 -0.570446 -0.145853
vn -0.808281 -0.570446 -0.145853
vn -0.826643 -0.496159 -0.265495
vn -0.826643 -0.496159 -0.265495
vn -0.870186 -0.378333 -0.315658
vn -0.870186 -0.378333 -0.315658
vn 0.678468 0.733197 -0.045863
vn 0.525374 0.847031 -0.080746
vn 0.678468 0.733197 -0.045863
vn 0.525374 0.847031 -0.080746
vn 0.011320 0.987245 -0.158808
vn 0.011320 0.987245 -0.158808
vn -0.030212 0.985421 -0.167429
vn -0.030212 0.985421 -0.167429
vn -0.120014 0.719203 0.684356
vn -0.125414 0.641362 0.756919
vn -0.120014 0.719203 0.684356
vn -0.125414 0.641362 0.756919
vn -0.171054 0.584988 0.792799
vn -0.171054 0.584988 0.792799
vn -0.216174 0.434634 0.874278
vn -0.216174 0.434634 0.874278
vn -0.146419 -0.462817 0.874278
vn -0.146419 -0.462817 0.874278
vn -0.088446 -0.764522 0.638501
vn -0.088446 -0.764522 0.638501
vn -0.190218 0.534243 0.823652
vn -0.155255 0.443693 0.882628
vn -0.190218 0.534243 0.823652
vn -0.155255 0.443693 0.882628
vn -0.128282 0.321963 0.938021
vn -0.128282 0.321963 0.938021
vn -0.104323 0.255536 0.961155
vn -0.104323 0.255536 0.961155
vn 0.088383 -0.252584 0.963530
vn 0.088383 -0.252584 0.963530
vn 0.162812 -0.501082 0.849946
vn 0.162812 -0.501082 0.849946
vn -0.404052 0.534315 0.742462
vn -0.466036 0.503323 0.727651
vn -0.404052 0.534315 0.742462
vn -0.466036 0.503323 0.727651
vn -0.397196 0.310907 0.863465
vn -0.397196 0.310907 0.863465
vn -0.273396 0.092392 0.957454
vn -0.273396 0.092392 0.957454
vn -0.043016 -0.289589 0.956184
vn -0.043016 -0.289589 0.956184
vn 0.102879 -0.482194 0.870003
vn 0.102879 -0.482194 0.870003
vn -0.088155 -0.560202 0.823652
vn -0.088155 -0.560202 0.823652
vn -0.099309 -0.565620 0.818664
vn -0.099309 -0.565620 0.818664
vn 0.079248 -0.119862 0.989623
vn 0.079248 -0.119862 0.989623
vn 0.174393 0.419792 0.890709
vn 0.174393 0.419792 0.890709
vn 0.297875 0.721599 0.624953
vn 0.297875 0.721599 0.624953
vn 0.440703 0.685431 0.579625
vn 0.440703 0.685431 0.579625
vn -0.447674 -0.423701 0.787443
vn -0.447912 -0.447912 0.773790
vn -0.447674 -0.423701 0.787443
vn -0.447912 -0.447912 0.773790
vn -0.408979 -0.377030 0.831014
vn -0.408979 -0.377030 0.831014
vn -0.452033 -0.365646 0.813615
vn -0.452033 -0.365646 0.813615
vn -0.404166 -0.465386 0.787443
vn -0.404166 -0.465386 0.787443
vn 0.108683 -0.606731 0.787443
vn 0.108683 -0.606731 0.787443
vn 0.283493 0.022691 -0.958706
vn 0.217381 0.156064 -0.963530
vn 0.193592 0.282511 -0.939526
vn 0.171152 0.211156 -0.962351
vn 0.039201 -0.057817 -0.997557
vn 0.039201 -0.057817 -0.997557
vn 0.078201 0.007583 -0.996909
vn 0.078201 0.007583 -0.996909
vn -0.145024 0.069840 -0.986960
vn -0.145024 0.069840 -0.986960
vn -0.310294 0.045310 -0.949560
vn -0.310294 0.045310 -0.949560
vn -0.534323 0.799670 -0.273910
vn -0.534323 0.799670 -0.273910
vn -0.652053 0.714774 -0.252835
vn -0.652053 0.714774 -0.252835
vn -0.958860 0.279400 -0.050227
vn -0.958860 0.279400 -0.050227
vn -0.970109 0.213404 0.115530
vn -0.970109 0.213404 0.115530
vn 0.421433 0.549223 -0.721629
vn 0.421433 0.549223 -0.721629
vn 0.414899 0.718625 -0.558065
vn 0.414899 0.718625 -0.558065
vn 0.205581 0.798860 -0.565296
vn 0.205581 0.798860 -0.565296
vn 0.028326 0.801526 -0.597288
vn 0.028326 0.801526 -0.597288
vn 0.101137 0.394511 -0.913308
vn 0.101137 0.394511 -0.913308
vn 0.099777 0.248304 -0.963530
vn 0.099777 0.248304 -0.963530
vn 0.186627 0.007569 -0.982402
vn 0.186627 0.007569 -0.982402
vn 0.284875 -0.067517 -0.956184
vn 0.284875 -0.067517 -0.956184
vn -0.147505 0.140805 -0.978987
vn -0.147505 0.140805 -0.978987
vn -0.308391 0.458561 -0.833437
vn -0.308391 0.458561 -0.833437
vn -0.335764 0.386444 -0.859025
vn -0.335764 0.386444 -0.859025
vn -0.318608 0.173778 -0.931821
vn -0.318608 0.173778 -0.931821
vn -0.174493 0.327458 -0.928614
vn -0.174493 0.327458 -0.928614
vn -0.270519 0.235772 -0.933398
vn -0.270519 0.235772 -0.933398
vn -0.240325 0.232312 -0.942483
vn -0.240325 0.232312 -0.942483
vn -0.204524 0.253867 -0.945368
vn -0.204524 0.253867 -0.945368
vn 0.355050 0.524585 0.773790
vn 0.355050 0.524585 0.773790
vn 0.387143 0.404453 0.828576
vn 0.387143 0.404453 0.828576
vn 0.616243 0.207362 0.759767
vn 0.616243 0.207362 0.759767
vn 0.868430 0.067874 0.491145
vn 0.868430 0.067874 0.491145
vn 0.919306 -0.015083 0.393255
vn 0.919306 -0.015083 0.393255
vn 0.319281 0.850874 0.417221
vn 0.319281 0.850874 0.417221
vn 0.370094 0.658631 0.655161
vn 0.370094 0.658631 0.655161
vn 0.408483 0.282834 0.867840
vn 0.408483 0.282834 0.867840
vn 0.848492 -0.022627 0.528725
vn 0.848492 -0.022627 0.528725
vn 0.973731 -0.105507 0.201782
vn 0.973731 -0.105507 0.201782
vn -0.990781 0.026416 -0.132872
vn -0.990781 0.026416 -0.132872
vn -0.937710 0.336834 -0.085100
vn -0.937710 0.336834 -0.085100
vn -0.894688 0.423678 -0.141528
vn -0.894688 0.423678 -0.141528
vn -0.930398 0.205996 -0.303194
vn -0.930398 0.205996 -0.303194
vn 0.544699 0.316659 0.776550
vn 0.554876 0.477628 0.681164
vn 0.544699 0.316659 0.776550
vn 0.554876 0.477628 0.681164
vn 0.444088 0.417440 0.792799
vn 0.444088 0.417440 0.792799
vn 0.190666 -0.059187 0.979869
vn 0.190666 -0.059187 0.979869
vn -0.026358 -0.438146 0.898517
vn -0.026358 -0.438146 0.898517
vn -0.101145 -0.554340 0.826122
vn -0.101145 -0.554340 0.826122
vn 0.935829 0.105443 -0.336311
vn 0.907639 0.135531 -0.397268
vn 0.935829 0.105443 -0.336311
vn 0.907639 0.135531 -0.397268
vn 0.925382 0.209828 -0.315658
vn 0.925382 0.209828 -0.315658
vn 0.973647 0.209785 -0.089453
vn 0.973647 0.209785 -0.089453
vn 0.994223 0.075408 -0.076390
vn 0.994223 0.075408 -0.076390
vn 0.218107 0.162201 -0.962351
vn 0.140244 0.232834 -0.962351
vn 0.218107 0.162201 -0.962351
vn 0.140244 0.232834 -0.962351
vn -0.037793 0.417498 -0.907892
vn -0.037793 0.417498 -0.907892
vn 0.132066 0.430894 -0.892687
vn 0.132066 0.430894 -0.892687
vn 0.707065 0.707065 0.010923
vn 0.707065 0.707065 0.010923
vn 0.683522 0.727546 0.058953
vn 0.683522 0.727546 0.058953
vn 0.858066 0.388094 -0.336311
vn 0.858066 0.388094 -0.336311
vn 0.945046 0.067935 -0.319801
vn 0.945046 0.067935 -0.319801
vn 0.987604 -0.067883 -0.141528
vn 0.987604 -0.067883 -0.141528
vn 0.149245 -0.395977 0.906051
vn 0.149245 -0.395977 0.906051
vn 0.014991 -0.190482 0.981576
vn 0.014991 -0.190482 0.981576
vn -0.190921 0.390873 0.900427
vn -0.190921 0.390873 0.900427
vn -0.086472 0.654410 0.751179
vn -0.086472 0.654410 0.751179
vn -0.005651 0.735079 0.677958
vn -0.005651 0.735079 0.677958
vn 0.009422 0.783329 0.621536
vn 0.009422 0.783329 0.621536
vn -0.110515 -0.609891 0.784742
vn -0.110515 -0.609891 0.784742
vn -0.107353 -0.235892 0.965832
vn -0.107353 -0.235892 0.965832
vn -0.050715 0.396038 0.916832
vn -0.050715 0.396038 0.916832
vn -0.001884 0.493043 0.870003
vn -0.001884 0.493043 0.870003
vn 0.075124 0.618702 0.782026
vn 0.075124 0.618702 0.782026
vn 0.110800 0.729692 0.674740
vn 0.110800 0.729692 0.674740
vn 0.474980 0.840313 -0.261280
vn 0.474980 0.840313 -0.261280
vn 0.421298 0.762420 -0.491145
vn 0.421298 0.762420 -0.491145
vn 0.371806 0.403889 -0.835843
vn 0.371806 0.403889 -0.835843
vn 0.487419 0.435312 -0.756919
vn 0.487419 0.435312 -0.756919
vn 0.119259 0.376842 -0.918568
vn -0.026426 0.410406 -0.911520
vn 0.119259 0.376842 -0.918568
vn -0.026426 0.410406 -0.911520
vn 0.421551 0.682306 -0.597288
vn 0.421551 0.682306 -0.597288
vn 0.685072 0.662382 -0.303194
vn 0.685072 0.662382 -0.303194
vn 0.365851 0.500334 -0.784742
vn 0.259771 0.487752 -0.833437
vn 0.365851 0.500334 -0.784742
vn 0.259771 0.487752 -0.833437
vn 0.355098 0.770944 -0.528725
vn 0.355098 0.770944 -0.528725
vn 0.446787 0.859405 -0.248605
vn 0.446787 0.859405 -0.248605
vn 0.809087 -0.223629 0.543478
vn 0.858873 -0.157616 0.487334
vn 0.580466 -0.269983 0.768225
vn 0.655999 -0.200472 0.727651
vn 0.153160 -0.287786 0.945368
vn 0.188346 -0.224138 0.956184
vn 0.844865 0.120261 0.521287
vn 0.698397 0.015082 0.715552
vn 0.269357 -0.183645 0.945368
vn 0.728696 0.149751 0.668264
vn 0.660098 0.000000 0.751179
vn 0.415573 -0.353076 0.838234
vn 0.281664 0.235255 0.930226
vn 0.134372 0.036973 0.990241
vn -0.193958 -0.376101 0.906051
vn 0.101670 0.050138 0.993554
vn 0.003732 -0.130653 0.991421
vn -0.167054 -0.414366 0.894647
vn 0.250512 -0.446454 0.859025
vn 0.165027 -0.527399 0.833437
vn 0.013195 -0.646735 0.762601
vn 0.024496 -0.672680 0.739528
vn -0.177347 -0.743144 0.645202
vn -0.127964 -0.415761 0.900427
vn 0.065514 -0.410034 0.909715
vn -0.214971 -0.532519 0.818664
vn -0.102766 -0.474423 0.874278
vn -0.437520 -0.355105 0.826122
vn -0.333645 -0.132099 0.933398
vn -0.444400 0.074961 0.892687
vn 0.273972 -0.386708 0.880566
vn 0.054297 -0.375241 0.925336
vn -0.292260 0.791933 -0.536122
vn -0.296390 0.719249 -0.628358
vn -0.292260 0.791933 -0.536122
vn -0.296390 0.719249 -0.628358
vn -0.264766 0.629334 -0.730641
vn -0.264766 0.629334 -0.730641
vn -0.240610 0.652476 -0.718598
vn -0.240610 0.652476 -0.718598
vn 0.656894 0.652891 -0.377126
vn 0.656894 0.652891 -0.377126
vn 0.681907 0.595191 -0.425147
vn 0.681907 0.595191 -0.425147
vn 0.765429 0.453551 -0.456519
vn 0.765429 0.453551 -0.456519
vn 0.894934 0.135435 -0.425147
vn 0.894934 0.135435 -0.425147
vn 0.922443 -0.082913 -0.377126
vn 0.922443 -0.082913 -0.377126
vn -0.484507 -0.476506 0.733618
vn -0.597034 -0.048974 0.800720
vn -0.687873 -0.138507 0.712493
vn -0.689380 0.208136 0.693855
vn -0.743579 0.175514 0.645202
vn -0.729775 0.414801 0.543478
vn -0.764391 0.399216 0.506293
vn -0.618534 0.257226 0.742462
vn -0.688728 0.425921 0.586724
vn 0.627870 0.685277 -0.369018
vn 0.627870 0.685277 -0.369018
vn 0.696645 0.615233 -0.369018
vn 0.696645 0.615233 -0.369018
vn 0.760878 0.519193 -0.389234
vn 0.760878 0.519193 -0.389234
vn 0.924183 0.202361 -0.323938
vn 0.924183 0.202361 -0.323938
vn 0.966277 0.015104 -0.257060
vn 0.966277 0.015104 -0.257060
vn 0.624747 0.714178 -0.315658
vn 0.624747 0.714178 -0.315658
vn 0.699034 0.645666 -0.307354
vn 0.699034 0.645666 -0.307354
vn 0.776005 0.546055 -0.315658
vn 0.776005 0.546055 -0.315658
vn 0.913522 0.209612 -0.348627
vn 0.913522 0.209612 -0.348627
vn 0.938655 0.015104 -0.344528
vn 0.938655 0.015104 -0.344528
vn 0.630495 0.714528 -0.303194
vn 0.630495 0.714528 -0.303194
vn 0.648919 0.699633 -0.299027
vn 0.648919 0.699633 -0.299027
vn 0.696548 0.657832 -0.286493
vn 0.696548 0.657832 -0.286493
vn 0.900399 0.354057 -0.252835
vn 0.900399 0.354057 -0.252835
vn 0.941922 0.239039 -0.235888
vn 0.941922 0.239039 -0.235888
vn 0.985624 0.022661 -0.167429
vn 0.983972 0.127956 -0.124206
vn 0.985624 0.022661 -0.167429
vn 0.983972 0.127956 -0.124206
vn 0.860613 0.504140 0.072033
vn 0.860613 0.504140 0.072033
vn 0.293635 0.937917 -0.184634
vn 0.293635 0.937917 -0.184634
vn 0.150452 0.949915 -0.273910
vn 0.150452 0.949915 -0.273910
vn 0.608181 0.629548 -0.483514
vn 0.608181 0.629548 -0.483514
vn 0.692089 0.602653 -0.397268
vn 0.692089 0.602653 -0.397268
vn 0.752185 0.613640 -0.240131
vn 0.752185 0.613640 -0.240131
vn 0.905491 0.424089 0.015292
vn 0.905491 0.424089 0.015292
vn 0.924710 0.375370 0.063314
vn 0.924710 0.375370 0.063314
vn 0.909335 0.368481 -0.193215
vn 0.909335 0.368481 -0.193215
vn 0.890719 0.396022 -0.223129
vn 0.890719 0.396022 -0.223129
vn 0.881637 0.430563 -0.193215
vn 0.881637 0.430563 -0.193215
vn 0.922321 0.382549 -0.054590
vn 0.922321 0.382549 -0.054590
vn 0.943525 0.326013 0.058953
vn 0.943525 0.326013 0.058953
vn 0.965660 -0.037705 0.257060
vn 0.965660 -0.037705 0.257060
vn 0.895286 0.209316 0.393255
vn 0.895286 0.209316 0.393255
vn 0.888115 0.216808 0.405273
vn 0.888115 0.216808 0.405273
vn 0.964234 0.253807 0.076390
vn 0.964234 0.253807 0.076390
vn 0.966827 0.253850 0.028397
vn 0.966827 0.253850 0.028397
vn 0.751807 0.657120 0.054590
vn 0.751807 0.657120 0.054590
vn 0.818861 0.561337 0.119869
vn 0.818861 0.561337 0.119869
vn 0.826512 0.528721 0.193215
vn 0.826512 0.528721 0.193215
vn 0.915501 0.396584 0.067674
vn 0.915501 0.396584 0.067674
vn 0.956116 0.290035 -0.041497
vn 0.956116 0.290035 -0.041497
vn 0.809206 0.586057 -0.041497
vn 0.809206 0.586057 -0.041497
vn 0.859498 0.510762 -0.019661
vn 0.859498 0.510762 -0.019661
vn 0.862902 0.504006 -0.037131
vn 0.862902 0.504006 -0.037131
vn 0.911328 0.396382 -0.111189
vn 0.911328 0.396382 -0.111189
vn 0.947346 0.282814 -0.150174
vn 0.947346 0.282814 -0.150174
vn -0.848275 0.415692 -0.328069
vn -0.848275 0.415692 -0.328069
vn -0.737170 0.615820 -0.278110
vn -0.737170 0.615820 -0.278110
vn -0.662552 0.747866 -0.041497
vn -0.662552 0.747866 -0.041497
vn -0.609262 0.759668 0.227387
vn -0.609262 0.759668 0.227387
vn -0.879551 0.314771 -0.356804
vn -0.879551 0.314771 -0.356804
vn -0.882728 0.440663 -0.163120
vn -0.882728 0.440663 -0.163120
vn -0.713613 0.600433 0.360882
vn -0.713613 0.600433 0.360882
vn -0.686903 0.592254 0.421188
vn -0.686903 0.592254 0.421188
vn -0.538936 0.722512 -0.433040
vn -0.538936 0.722512 -0.433040
vn -0.641390 0.721354 0.261280
vn -0.641390 0.721354 0.261280
vn -0.677765 0.553940 0.483514
vn -0.677765 0.553940 0.483514
vn -0.693820 0.530207 0.487334
vn -0.693820 0.530207 0.487334
vn -0.591909 0.478589 -0.648534
vn -0.591909 0.478589 -0.648534
vn -0.813053 0.475226 -0.336311
vn -0.813053 0.475226 -0.336311
vn -0.860187 0.419029 0.290677
vn -0.860187 0.419029 0.290677
vn -0.735100 0.414972 0.536122
vn -0.735100 0.414972 0.536122
vn 0.275793 -0.961195 0.006554
vn 0.275793 -0.961195 0.006554
vn -0.888681 0.094291 -0.448727
vn -0.888681 0.094291 -0.448727
vn -0.732148 0.630776 -0.257060
vn -0.732148 0.630776 -0.257060
vn -0.707109 0.673753 -0.214603
vn -0.707109 0.673753 -0.214603
vn -0.755040 0.208825 -0.621536
vn -0.772576 0.205382 -0.600787
vn -0.879593 0.242528 -0.409263
vn -0.874038 0.235175 -0.425147
vn -0.924679 0.332985 -0.184634
vn -0.936783 0.297235 -0.184634
vn -0.923242 0.382420 -0.037131
vn -0.956554 0.290168 -0.028397
vn -0.923242 0.382420 0.037131
vn -0.958590 0.282898 0.032765
vn -0.913693 0.357537 0.193215
vn -0.955023 0.235392 0.180338
vn -0.883567 0.321592 0.340423
vn -0.932030 0.153919 0.328069
vn -0.880666 -0.094207 -0.464277
vn -0.935607 0.015113 -0.352719
vn -0.987165 0.105527 -0.119869
vn -0.995182 0.098017 0.002185
vn -0.993748 0.101789 0.045863
vn -0.986848 0.030182 0.158808
vn -0.969087 -0.033967 0.244371
vn -0.886579 -0.278932 -0.369018
vn -0.949201 -0.120521 -0.290677
vn -0.997050 0.007548 -0.076390
vn -0.998914 0.045293 0.010923
vn -0.996904 0.056593 0.054590
vn -0.987310 0.000000 0.158808
vn -0.976902 -0.037722 0.210333
vn -0.249525 0.346657 -0.904194
vn -0.286464 0.481041 -0.828576
vn -0.249525 0.346657 -0.904194
vn -0.286464 0.481041 -0.828576
vn -0.189369 0.553453 -0.811067
vn -0.189369 0.553453 -0.811067
vn -0.052867 0.546417 -0.835843
vn -0.052867 0.546417 -0.835843
vn -0.910237 0.116818 -0.397268
vn -0.865972 -0.094180 -0.491145
vn -0.910237 0.116818 -0.397268
vn -0.865972 -0.094180 -0.491145
vn -0.735019 -0.385111 -0.558065
vn -0.735019 -0.385111 -0.558065
vn -0.739536 -0.392077 -0.547141
vn -0.739536 -0.392077 -0.547141
vn 0.629626 0.772224 0.085100
vn 0.629626 0.772224 0.085100
vn 0.748774 0.656762 0.089453
vn 0.748774 0.656762 0.089453
vn 0.900327 0.430584 -0.063314
vn 0.900327 0.430584 -0.063314
vn 0.851452 0.470504 -0.231639
vn 0.851452 0.470504 -0.231639
vn 0.837775 0.469880 -0.278110
vn 0.837775 0.469880 -0.278110
vn -0.865646 0.342733 0.364954
vn -0.865646 0.342733 0.364954
vn -0.788458 0.440693 0.429097
vn -0.788458 0.440693 0.429097
vn -0.652496 0.567206 0.502521
vn -0.652496 0.567206 0.502521
vn -0.600153 0.616165 0.510057
vn -0.600153 0.616165 0.510057
vn -0.684587 0.697926 0.210333
vn -0.720002 0.662674 0.206059
vn -0.684587 0.697926 0.210333
vn -0.720002 0.662674 0.206059
vn -0.905017 0.389168 0.171735
vn -0.905017 0.389168 0.171735
vn -0.943763 0.289984 0.158808
vn -0.943763 0.289984 0.158808
vn -0.985993 0.150433 0.072033
vn -0.985993 0.150433 0.072033
vn -0.945293 0.271844 0.180338
vn -0.945293 0.271844 0.180338
vn -0.880870 0.430189 0.197500
vn -0.880870 0.430189 0.197500
vn -0.863025 0.487373 0.132872
vn -0.863025 0.487373 0.132872
vn -0.924286 0.336413 0.180338
vn -0.924286 0.336413 0.180338
vn -0.869982 0.453652 0.193215
vn -0.869982 0.453652 0.193215
vn -0.776148 0.612407 0.150174
vn -0.776148 0.612407 0.150174
vn -0.792877 0.594719 0.132872
vn -0.792877 0.594719 0.132872
vn -0.957871 0.264803 -0.111189
vn -0.957871 0.264803 -0.111189
vn -0.949464 0.311673 -0.037131
vn -0.949464 0.311673 -0.037131
vn -0.827921 0.558591 0.050227
vn -0.827921 0.558591 0.050227
vn -0.674337 0.738394 0.006554
vn -0.674337 0.738394 0.006554
vn 0.665724 0.743123 0.067674
vn 0.665724 0.743123 0.067674
vn 0.690430 0.722445 0.037131
vn 0.690430 0.722445 0.037131
vn 0.841231 0.530014 -0.106846
vn 0.841231 0.530014 -0.106846
vn 0.927995 0.332856 0.167429
vn 0.927995 0.332856 0.167429
vn 0.913266 0.289599 0.286493
vn 0.913266 0.289599 0.286493
vn 0.721011 0.678317 0.141528
vn 0.721011 0.678317 0.141528
vn 0.716719 0.678016 0.163120
vn 0.716719 0.678016 0.163120
vn 0.940245 0.340435 -0.006554
vn 0.940245 0.340435 -0.006554
vn 0.999285 0.037750 0.002185
vn 0.999285 0.037750 0.002185
vn 0.998285 -0.045265 0.037131
vn 0.998285 -0.045265 0.037131
vn 0.860739 -0.052866 -0.506293
vn 0.745708 -0.302237 -0.593778
vn 0.579428 -0.417245 -0.700121
vn 0.424022 -0.452090 -0.784742
vn 0.243529 -0.424323 -0.872149
vn 0.033970 -0.453303 -0.890709
vn 0.880184 -0.142848 -0.452627
vn 0.742615 -0.322921 -0.586724
vn 0.564543 -0.416708 -0.712493
vn 0.460285 -0.420207 -0.782026
vn 0.270394 -0.370236 -0.888714
vn 0.007553 -0.375026 -0.926984
vn 0.881972 -0.194937 -0.429097
vn 0.745589 -0.309344 -0.590257
vn 0.578243 -0.449057 -0.681164
vn 0.507048 -0.373995 -0.776550
vn 0.279644 -0.284987 -0.916832
vn 0.003776 -0.305251 -0.952264
vn 0.896951 -0.209705 -0.389234
vn 0.778654 -0.337859 -0.528725
vn 0.625690 -0.471386 -0.621536
vn 0.528770 -0.303105 -0.792799
vn 0.290099 -0.166035 -0.942483
vn 0.001889 -0.246481 -0.969146
vn 0.920540 -0.246332 -0.303194
vn 0.806553 -0.393802 -0.440900
vn 0.664887 -0.448522 -0.597288
vn 0.540520 -0.214170 -0.813615
vn 0.293441 -0.067530 -0.953589
vn -0.048516 -0.144401 -0.988329
vn 0.923637 -0.311622 -0.223129
vn 0.820873 -0.421645 -0.385205
vn 0.697129 -0.363257 -0.618107
vn 0.561318 -0.228417 -0.795454
vn 0.317470 -0.167278 -0.933398
vn -0.046817 -0.180818 -0.982402
vn 0.949422 -0.290224 -0.119869
vn 0.921181 -0.340194 -0.188926
vn 0.847485 -0.317836 -0.425147
vn 0.711192 -0.308377 -0.631751
vn 0.599409 -0.399093 -0.693855
vn 0.379730 -0.381066 -0.842967
vn -0.033958 -0.385728 -0.921987
vn 0.935192 -0.333238 -0.119869
vn 0.944148 -0.275795 -0.180338
vn 0.861153 -0.231397 -0.452627
vn 0.695422 -0.443655 -0.565296
vn 0.603385 -0.495338 -0.624953
vn 0.412935 -0.502233 -0.759767
vn -0.035880 -0.529363 -0.847636
vn 0.952669 -0.282948 -0.111189
vn 0.958201 -0.231986 -0.167429
vn 0.859575 -0.353492 -0.369018
vn 0.670318 -0.531801 -0.517554
vn 0.961250 -0.268308 -0.063314
vn 0.936069 -0.340255 -0.089453
vn 0.835548 -0.449689 -0.315658
vn 0.920943 -0.389641 -0.006554
vn 0.910540 -0.410358 -0.050227
vn 0.775305 0.615526 0.141528
vn 0.775305 0.615526 0.141528
vn 0.570683 0.772642 0.278110
vn 0.570683 0.772642 0.278110
vn 0.845100 0.394423 0.360882
vn 0.845100 0.394423 0.360882
vn 0.893520 0.310944 0.323938
vn 0.893520 0.310944 0.323938
vn 0.856303 0.408784 0.315658
vn 0.856303 0.408784 0.315658
vn -0.997050 0.007548 0.076390
vn -0.948602 -0.075414 0.307354
vn -0.994704 -0.007548 0.102500
vn -0.972570 -0.049019 0.227387
vn -0.981113 -0.041524 0.188926
vn -0.979365 -0.011326 0.201782
vn -0.962876 -0.067835 0.261280
vn -0.962825 -0.015088 0.269705
vn -0.961450 -0.071600 0.265495
vn -0.953976 -0.022652 0.299027
vn -0.973389 -0.067898 0.218868
vn -0.965234 -0.007543 0.261280
vn -0.989474 -0.030189 0.141528
vn -0.988271 0.045246 0.145853
vn -0.996194 0.018878 0.085100
vn -0.994965 0.086732 0.050227
vn -0.996278 0.030177 0.080746
vn -0.992576 0.097997 0.072033
vn -0.998159 0.026421 0.054590
vn -0.991126 0.094182 0.093804
vn -0.998197 0.011322 0.058953
vn -0.990814 0.082898 0.106846
vn -0.998331 0.018873 0.054590
vn -0.994546 0.075432 0.072033
vn -0.997450 0.022656 0.067674
vn -0.995210 0.090436 0.037131
vn -0.999110 0.007545 0.041497
vn -0.994224 0.105509 -0.019661
vn -0.990216 0.131793 -0.045863
vn -0.979600 0.184023 -0.080746
vn -0.971402 0.202363 -0.124206
vn -0.955128 0.264717 -0.132872
vn -0.956203 0.275758 -0.098153
vn -0.932129 0.340160 -0.124206
vn -0.934372 0.354360 -0.037131
vn -0.884981 0.464474 0.032765
vn -0.902504 0.423852 0.076390
vn -0.768108 0.640138 -0.015292
vn -0.744633 0.665897 -0.045863
vn -0.464331 0.879711 -0.102500
vn -0.477599 0.862477 -0.167429
vn -0.277385 0.948950 -0.150174
vn -0.364079 0.726187 -0.583180
vn -0.293228 0.743688 -0.600787
vn -0.303954 0.596960 -0.742462
vn -0.129360 0.620093 -0.773790
vn -0.015127 0.616203 -0.787443
vn 0.049032 0.610977 -0.790128
vn 0.058516 0.549508 -0.833437
vn 0.024568 0.587979 -0.808503
vn 0.020806 0.484979 -0.874278
vn -0.174201 0.477385 -0.861253
vn -0.168549 0.467381 -0.867840
vn 0.015127 0.462093 -0.886702
vn 0.009448 0.496754 -0.867840
vn -0.084753 0.589473 -0.803330
vn -0.268403 0.620814 -0.736580
vn -0.422855 0.506877 -0.751179
vn -0.412304 0.693976 -0.590257
vn -0.581730 0.608442 -0.539805
vn -0.871865 0.307508 -0.381169
vn -0.954526 0.293868 -0.050227
vn -0.959049 0.250139 -0.132872
vn -0.963820 0.217219 -0.154492
vn -0.982240 0.154233 -0.106846
vn -0.999483 0.015097 -0.028397
vn -0.978177 -0.191442 -0.080746
vn -0.984836 -0.161522 -0.063314
vn -0.924101 -0.300656 -0.235888
vn -0.927303 -0.297328 -0.227387
vn -0.834956 -0.349427 -0.425147
vn -0.849172 -0.377800 -0.369018
vn -0.657317 -0.286588 -0.696995
vn -0.720243 -0.346851 -0.600787
vn -0.524358 -0.289648 -0.800720
vn -0.560246 -0.390240 -0.730641
vn -0.254220 -0.270275 -0.928614
vn -0.314198 -0.300852 -0.900427
vn -0.048516 -0.144401 -0.988329
vn -0.046817 -0.180818 -0.982402
vn -0.995412 -0.033963 0.089453
vn -0.998083 -0.018868 0.058953
vn -0.998882 -0.022634 0.041497
vn -0.999597 0.000000 0.028397
vn -0.997708 0.000000 0.067674
vn -0.995012 -0.033950 0.093804
vn -0.987214 -0.094267 0.128540
vn -0.974194 -0.116681 0.193215
vn -0.958691 -0.090396 0.269705
vn -0.957588 -0.075364 0.278110
vn -0.981764 -0.045279 0.184634
vn -0.964131 -0.246611 -0.098153
vn -0.952172 -0.304617 -0.024029
vn -0.940066 -0.308226 -0.145853
vn -0.937700 -0.326115 -0.119869
vn -0.819284 -0.475922 -0.319801
vn -0.842918 -0.391554 -0.369018
vn -0.699547 -0.562353 -0.440900
vn -0.716048 -0.464257 -0.521287
vn -0.573766 -0.619166 -0.536122
vn -0.576167 -0.526750 -0.624953
vn -0.378890 -0.445661 -0.811067
vn -0.728515 -0.316080 -0.607750
vn -0.858131 -0.356983 -0.369018
vn -0.929609 -0.336565 -0.150174
vn -0.952052 -0.250215 -0.176038
vn -0.856405 -0.292953 -0.425147
vn -0.941238 -0.282810 -0.184634
vn -0.942583 -0.326110 -0.072033
vn -0.941776 -0.300843 -0.150174
vn -0.955284 -0.268340 -0.124206
vn -0.951627 -0.304442 -0.041497
vn -0.812935 -0.153770 0.561686
vn -0.919097 -0.082937 0.385205
vn -0.874364 -0.127793 0.468142
vn -0.981926 -0.011328 0.188926
vn -0.844642 -0.212970 0.491145
vn -0.972446 -0.116760 0.201782
vn -0.928932 0.030174 0.369018
vn -0.938570 -0.056555 0.340423
vn -0.906522 0.142815 0.397268
vn -0.896450 0.094094 0.433040
vn -0.861056 0.374009 0.344528
vn -0.810349 0.458413 0.364954
vn -0.800726 0.481174 0.356804
vn -0.782427 0.529320 0.328069
vn -0.706065 0.527911 0.471999
vn -0.736125 0.532961 0.417221
vn -0.436048 0.720050 0.539805
vn -0.363148 0.914950 0.176038
vn -0.205966 0.955687 0.210333
vn -0.297485 0.954664 -0.010923
vn -0.125984 0.958148 0.257060
vn -0.189236 0.940476 0.282304
vn 0.058441 0.919283 0.389234
vn 0.041469 0.904174 0.425147
vn -0.225934 0.893001 0.389234
vn -0.396517 0.917817 0.019661
vn -0.332939 0.917196 -0.218868
vn -0.698018 0.663348 0.269705
vn -0.768137 0.576733 0.278110
vn -0.787631 0.480890 0.385205
vn -0.903258 0.000000 0.429097
vn -0.326430 0.855817 0.401274
vn -0.378949 0.922259 -0.076390
vn -0.503054 0.836082 -0.218868
vn -0.686267 0.724957 0.058953
vn -0.793641 0.474178 0.381169
vn -0.944605 0.052778 0.323938
vn -0.984000 -0.071667 0.163120
vn -0.971421 0.026413 0.235888
vn -0.325256 0.793856 0.513810
vn -0.451296 0.892372 -0.002185
vn -0.672689 0.687359 0.273910
vn -0.838454 0.452845 0.303194
vn -0.962892 0.261264 -0.067674
vn -0.996359 -0.082959 0.019661
vn -0.975024 0.037742 0.218868
vn -0.954125 0.015102 0.299027
vn -0.959318 0.003772 0.282304
vn -0.984883 0.022644 0.171735
vn -0.994733 0.000000 0.102500
vn -0.968587 0.246509 -0.032765
vn -0.867949 0.429954 0.248605
vn -0.696456 0.530249 0.483514
vn -0.523458 0.671085 0.525011
vn -0.257084 0.740001 0.621536
vn -0.243544 0.800827 0.547141
vn -0.238219 0.835632 0.494946
vn -0.245662 0.848819 0.468142
vn -0.262411 0.888210 0.377126
vn 0.071626 0.946166 0.315658
vn 0.124278 0.980147 0.154492
vn -0.229724 0.938694 0.257060
vn -0.303607 0.866026 0.397268
vn -0.277993 0.840932 0.464277
vn -0.543729 0.617024 0.568894
vn -0.725483 0.497237 0.475846
vn -0.886767 0.392335 0.244371
vn -0.965105 0.239073 0.106846
vn -0.350130 0.897033 0.269705
vn -0.339372 0.878477 0.336311
vn -0.544784 0.742770 0.389234
vn -0.746103 0.540210 0.389234
vn -0.883262 0.342892 0.319801
vn -0.924154 0.286381 0.252835
vn -0.957340 0.037708 0.286493
vn -0.374611 0.889606 0.261280
vn -0.551757 0.794757 0.252835
vn -0.720403 0.653731 0.231639
vn -0.838454 0.452845 0.303194
vn -0.865452 0.271282 0.421188
vn -0.899819 0.097861 0.425147
vn -0.983424 -0.018864 0.180338
vn -0.998173 0.060378 -0.002185
vn -0.994224 0.105509 -0.019661
vn -0.937231 0.007550 0.348627
vn -0.844988 0.220229 0.487334
vn -0.771273 0.564092 0.294855
vn -0.683130 0.709817 0.171735
vn -0.559903 0.778982 0.282304
vn -0.355324 0.891094 0.282304
vn -0.309703 0.926299 0.214603
vn -0.279003 0.931934 0.231639
vn -0.200410 0.921674 0.332193
vn -0.291983 0.949939 0.111189
vn 0.022643 0.989675 0.141528
vn 0.049073 0.996500 0.067674
vn -0.309931 0.946542 -0.089453
vn -0.264684 0.946495 0.184634
vn -0.348622 0.914332 0.206059
vn -0.518724 0.792876 0.319801
vn -0.625186 0.654517 0.425147
vn -0.705737 0.427056 0.565296
vn -0.935449 0.131553 0.328069
vn -0.322639 0.944100 -0.067674
vn -0.311694 0.944638 0.102500
vn -0.488937 0.856932 0.163120
vn -0.639007 0.697664 0.323938
vn -0.816209 0.501722 0.286493
vn -0.968013 0.242779 0.063314
vn -0.999912 0.007551 0.010923
vn -0.304646 0.952263 0.019661
vn -0.479513 0.875835 0.054590
vn -0.644144 0.760155 0.085100
vn -0.818106 0.573868 0.037131
vn -0.954609 0.297468 0.015292
vn -0.999141 -0.030191 0.028397
vn -0.961246 0.135433 -0.240131
vn -0.990092 0.135423 0.037131
vn -0.986014 0.127909 0.106846
vn -0.879831 0.101711 -0.464277
vn -0.796557 0.341697 -0.498738
vn -0.761167 0.564226 -0.319801
vn -0.669272 0.734651 -0.111189
vn -0.504324 0.863446 0.010923
vn -0.299068 0.932654 0.201782
vn -0.260906 0.954283 0.145853
vn -0.148284 0.862685 0.483514
vn -0.276679 0.863742 0.421188
vn -0.309271 0.905460 0.290677
vn -0.003776 0.997700 0.067674
vn 0.050902 0.972473 0.227387
vn -0.204200 0.967342 0.150174
vn -0.165028 0.844161 0.510057
vn -0.274498 0.839937 0.468142
vn -0.566026 0.819520 0.089453
vn -0.707717 0.698370 -0.106846
vn -0.755897 0.537991 -0.373076
vn -0.777475 0.406738 -0.479685
vn -0.169010 0.968166 0.184634
vn -0.275717 0.782651 0.558065
vn -0.627659 0.717020 0.303194
vn -0.775181 0.624736 0.093804
vn -0.804324 0.537716 -0.252835
vn -0.812549 0.495275 -0.307354
vn -0.975080 0.209833 -0.072033
vn -0.309369 0.910639 0.273910
vn -0.620497 0.579167 0.528725
vn -0.863529 0.484032 0.141528
vn -0.807283 0.524931 -0.269705
vn -0.768587 0.567746 -0.294855
vn -0.891980 0.430753 -0.137202
vn -0.967123 0.187563 0.171735
vn -0.988296 0.112982 0.102500
vn -0.989721 0.142994 0.002185
vn -0.914954 0.403506 -0.006554
vn -0.827525 0.558325 -0.058953
vn -0.870964 0.491225 0.010923
vn -0.893891 0.406528 0.188926
vn -0.673922 0.669919 0.311509
vn -0.284622 0.946804 -0.150174
vn -0.189475 0.980367 -0.054590
vn -0.284768 0.957041 -0.054590
vn -0.277455 0.958928 0.058953
vn -0.304698 0.952427 -0.006554
vn 0.043386 0.997318 -0.058953
vn 0.082904 0.995693 0.041497
vn -0.304686 0.952390 0.010923
vn -0.352499 0.931099 -0.093804
vn -0.304655 0.937632 -0.167429
vn -0.631772 0.763681 -0.132872
vn -0.847140 0.529747 0.041497
vn -0.819331 0.451981 0.352719
vn -0.810691 0.410740 0.417221
vn -0.301117 0.951183 -0.067674
vn -0.357940 0.920875 -0.154492
vn -0.598985 0.786553 -0.150174
vn -0.768361 0.631035 -0.106846
vn -0.804155 0.533917 0.261280
vn -0.782459 0.382798 0.491145
vn -0.969831 0.142907 0.197500
vn -0.275651 0.960699 -0.032765
vn -0.566771 0.805778 -0.171735
vn -0.721814 0.684455 -0.102500
vn -0.803498 0.585641 0.106846
vn -0.841158 0.506716 0.188926
vn -0.964993 0.235458 0.115530
vn -0.978758 0.202383 -0.032765
vn -0.980966 0.176593 -0.080746
vn -0.971884 0.231777 0.041497
vn -0.887770 0.440693 0.132872
vn -0.801411 0.572929 0.171735
vn -0.687246 0.721923 0.080746
vn -0.497675 0.867031 0.024029
vn -0.167190 0.984412 0.054590
vn -0.268480 0.963085 -0.019661
vn -0.290085 0.956280 -0.037131
vn -0.432285 0.899512 -0.063314
vn -0.430674 0.886841 -0.167429
vn -0.045297 0.965333 -0.257060
vn -0.005666 0.972785 -0.231639
vn -0.370047 0.916795 -0.150174
vn -0.327796 0.942908 -0.058953
vn -0.113015 0.993399 0.019661
vn -0.434013 0.887561 0.154492
vn -0.662600 0.727992 0.176038
vn -0.812674 0.551243 0.188926
vn -0.926184 0.368325 0.080746
vn -0.320737 0.945594 -0.054590
vn -0.120472 0.992176 -0.032765
vn -0.415310 0.905271 0.089453
vn -0.684455 0.721814 0.102500
vn -0.859763 0.507279 0.058953
vn -0.947354 0.318926 -0.028397
vn -0.962232 0.253920 -0.098153
vn -0.868118 0.487413 -0.093804
vn -0.733085 0.679713 -0.024029
vn -0.410388 0.911845 -0.010923
vn -0.122403 0.991209 -0.050227
vn -0.292123 0.950394 -0.106846
vn -0.317060 0.934273 -0.163120
vn -0.293908 0.953435 -0.067674
vn 0.097969 0.985075 -0.141528
vn 0.049041 0.991044 -0.124206
vn -0.284622 0.946804 -0.150174
vn -0.284768 0.957041 -0.054590
vn -0.137286 0.983771 -0.115530
vn -0.410388 0.911845 -0.010923
vn -0.753093 0.657098 -0.032765
vn -0.864399 0.493979 -0.093804
vn -0.937196 0.325940 -0.124206
vn -0.311831 0.945054 -0.098153
vn -0.178247 0.979504 -0.093804
vn -0.437611 0.893791 -0.098153
vn -0.773725 0.631165 -0.054590
vn -0.875759 0.474389 -0.089453
vn -0.932218 0.336622 -0.132872
vn -0.962245 0.250338 -0.106846
vn -0.192444 0.736457 -0.648534
vn -0.030245 0.615646 -0.787443
vn -0.005665 0.799389 -0.600787
vn -0.206074 0.975550 0.076390
vn 0.015099 0.999597 0.024029
vn 0.013214 0.979341 0.201782
vn -0.241954 0.852001 0.464277
vn 0.037725 0.892872 0.448727
vn 0.049007 0.894279 0.444818
vn -0.301037 0.946049 0.119869
vn 0.026400 0.924128 0.381169
vn 0.056565 0.975992 0.210333
vn 0.056617 0.962448 -0.265495
vn -0.363200 0.929844 0.058953
vn -0.001888 0.998946 -0.045863
vn 0.077247 0.987527 0.137202
vn -0.033958 -0.385728 -0.921987
vn -0.396413 -0.555895 -0.730641
vn 0.001889 -0.246481 -0.969146
vn -0.256497 -0.279218 -0.925336
vn 0.003776 -0.305251 -0.952264
vn -0.267429 -0.268766 -0.925336
vn 0.007553 -0.375026 -0.926984
vn -0.244147 -0.392621 -0.886702
vn 0.033970 -0.453303 -0.890709
vn -0.185387 -0.516718 -0.835843
vn 0.032112 -0.476686 -0.878487
vn -0.165251 -0.496365 -0.852240
vn -0.003783 -0.431053 -0.902319
vn -0.178119 -0.413986 -0.892687
vn -0.022657 -0.398629 -0.916832
vn -0.170844 -0.391467 -0.904194
vn -0.026397 -0.304131 -0.952264
vn -0.155311 -0.314405 -0.936498
vn -0.050640 -0.197533 -0.978987
vn -0.152307 -0.188384 -0.970214
vn -0.066439 -0.165339 -0.983996
vn -0.182292 -0.124941 -0.975274
vn -0.056636 -0.103178 -0.993049
vn -0.206793 -0.077958 -0.975274
vn -0.045222 -0.053240 -0.997557
vn -0.183577 -0.066816 -0.980732
vn -0.019612 -0.028926 -0.999389
vn -0.146808 -0.018851 -0.988985
vn -0.147623 0.037589 -0.988329
vn -0.147623 0.037589 -0.988329
vn -0.159718 0.119778 -0.979869
vn -0.128452 -0.147190 -0.980732
vn -0.044564 0.041849 -0.998130
vn -0.199218 -0.122303 -0.972293
vn -0.106498 0.068033 -0.991983
vn -0.206716 0.109151 -0.972293
vn -0.128785 0.308447 -0.942483
vn -0.147313 0.164741 -0.975274
vn -0.080096 0.268516 -0.959939
vn -0.125638 0.132349 -0.983208
vn -0.055916 0.191651 -0.979869
vn -0.112099 0.109422 -0.987654
vn -0.041258 0.146640 -0.988329
vn -0.129593 0.179015 -0.975274
vn -0.035721 0.161369 -0.986248
vn -0.150801 0.210781 -0.965832
vn -0.037541 0.174189 -0.983996
vn -0.161322 0.229111 -0.959939
vn -0.046817 0.180818 -0.982402
vn -0.150851 0.241095 -0.958706
vn -0.009487 0.182239 -0.983208
vn -0.113665 0.242261 -0.963530
vn 0.041358 0.190930 -0.980732
vn -0.085569 0.253551 -0.963530
vn -0.037284 0.134286 -0.990241
vn -0.095842 0.101179 -0.990241
vn -0.007585 0.043016 -0.999046
vn 0.047717 0.102828 -0.993554
vn 0.065276 0.215593 -0.974299
vn 0.050652 0.219490 -0.974299
vn 0.028307 0.223473 -0.974299
vn -0.009434 0.190838 -0.981576
vn -0.041421 0.230065 -0.972293
vn -0.063820 0.328104 -0.942483
vn -0.073217 0.359609 -0.930226
vn -0.482838 -0.181097 -0.856780
vn -0.461536 -0.212667 -0.861253
vn -0.423106 -0.419098 -0.803330
vn -0.407878 -0.510597 -0.756919
vn -0.426772 -0.449495 -0.784742
vn -0.436484 -0.356378 -0.826122
vn -0.450904 -0.325731 -0.831014
vn -0.475938 -0.250777 -0.842967
vn -0.390956 -0.161940 -0.906051
vn -0.295808 -0.104081 -0.949560
vn -0.277973 -0.060117 -0.958706
vn -0.256822 -0.089008 -0.962351
vn -0.209092 -0.037724 -0.977168
vn -0.275110 -0.100132 -0.956184
vn -0.317659 -0.104008 -0.942483
vn -0.334992 -0.071205 -0.939526
vn -0.391081 -0.011344 -0.920287
vn -0.422090 -0.030188 -0.906051
vn -0.409522 -0.037725 -0.911520
vn -0.350726 0.133013 -0.926984
vn -0.330848 0.201193 -0.921987
vn -0.261154 0.376811 -0.888714
vn -0.276415 0.448537 -0.849946
vn -0.326957 0.445514 -0.833437
vn -0.230631 0.575317 -0.784742
vn -0.063716 0.298551 -0.952264
vn -0.007573 0.250606 -0.968060
vn -0.028240 0.038869 -0.998845
vn -0.035439 0.121303 -0.991983
vn -0.001898 0.182476 -0.983208
vn 0.024474 0.167807 -0.985516
vn -0.011349 0.300897 -0.953589
vn -0.052514 0.249481 -0.966955
vn -0.050867 0.363444 -0.930226
vn -0.208872 0.316427 -0.925336
vn -0.173909 0.481490 -0.859025
vn -0.243560 0.331375 -0.911520
vn -0.144293 0.249923 -0.957454
vn -0.605407 -0.271198 -0.748288
vn -0.575564 -0.401348 -0.712493
vn -0.583865 -0.446626 -0.677958
vn -0.568742 -0.377751 -0.730641
vn -0.548145 -0.310656 -0.776550
vn -0.539274 -0.276470 -0.795454
vn -0.521630 -0.171079 -0.835843
vn -0.543931 -0.160429 -0.823652
vn -0.524652 -0.079079 -0.847636
vn -0.419205 0.000000 -0.907892
vn -0.319929 -0.096803 -0.942483
vn -0.806641 -0.380077 -0.452627
vn -0.784361 -0.393295 -0.479685
vn -0.733295 -0.343561 -0.586724
vn -0.670151 -0.279630 -0.687535
vn -0.586343 -0.178605 -0.790128
vn -0.574678 -0.060401 -0.816147
vn -0.688165 -0.075366 -0.721629
vn -0.671601 -0.045280 -0.739528
vn -0.580999 -0.067909 -0.811067
vn -0.427160 -0.155474 -0.890709
vn -0.912691 -0.336659 -0.231639
vn -0.879514 -0.300466 -0.369018
vn -0.802068 -0.157616 -0.576059
vn -0.735013 0.011339 -0.677958
vn -0.769028 0.030215 -0.638501
vn -0.783240 -0.015098 -0.621536
vn -0.671242 -0.082968 -0.736580
vn -0.582730 -0.211202 -0.784742
vn -0.965761 -0.116826 -0.231639
vn -0.913814 0.026414 -0.405273
vn -0.857986 0.086759 -0.506293
vn -0.821856 0.030212 -0.568894
vn -0.825661 -0.052855 -0.561686
vn -0.727840 -0.079157 -0.681164
vn -0.632650 -0.097905 -0.768225
vn -0.511414 -0.199554 -0.835843
vn -0.603847 -0.105197 -0.790128
vn -0.652056 -0.153534 -0.742462
vn -0.635566 -0.211673 -0.742462
vn -0.562680 -0.030246 -0.826122
vn -0.497746 0.119692 -0.859025
vn -0.418965 0.300662 -0.856780
vn -0.273362 0.488606 -0.828576
vn -0.248078 0.575462 -0.779295
vn -0.337597 0.589774 -0.733618
vn -0.073533 0.583880 -0.808503
vn 0.020791 0.402738 -0.915079
vn -0.022667 0.345836 -0.938021
vn -0.098197 0.104902 -0.989623
vn -0.222545 0.105974 -0.969146
vn -0.251223 0.180654 -0.950921
vn -0.742298 -0.105340 -0.661738
vn -0.764455 -0.194407 -0.614666
vn -0.760548 -0.097906 -0.641857
vn -0.730820 0.079219 -0.677958
vn -0.696371 0.244528 -0.674740
vn -0.393173 0.530231 -0.751179
vn -0.173701 0.630001 -0.756919
vn -0.352590 0.550231 -0.756919
vn -0.295888 0.608194 -0.736580
vn -0.174318 0.332136 -0.926984
vn -0.840942 -0.037767 -0.539805
vn -0.896905 -0.067935 -0.436974
vn -0.926154 0.003774 -0.377126
vn -0.929733 0.049040 -0.364954
vn -0.888926 0.124168 -0.440900
vn -0.644586 0.404861 -0.648534
vn -0.318524 0.581900 -0.748288
vn -0.959855 0.090505 -0.265495
vn -0.934819 0.220837 -0.278110
vn -0.962196 0.187545 -0.197500
vn -0.966902 0.150466 -0.206059
vn -0.984427 0.075394 -0.158808
vn -0.950985 0.105522 -0.290677
vn -0.910277 0.161572 -0.381169
vn -0.952872 0.154170 -0.261280
vn -0.962143 0.101758 -0.252835
vn -0.920896 0.112987 -0.373076
vn -0.888926 0.124168 -0.440900
vn -0.921361 0.094183 -0.377126
vn -0.897167 0.026420 -0.440900
vn -0.839045 0.067929 -0.539805
vn -0.866745 -0.003777 -0.498738
vn -0.329448 0.560552 -0.759767
vn -0.464580 0.504668 -0.727651
vn -0.017477 0.000000 -0.999847
vn -0.206128 0.066975 -0.976230
vn -0.051155 0.011395 -0.998626
vn -0.312095 0.078725 -0.946784
vn -0.121979 0.003795 -0.992526
vn -0.234539 0.446564 -0.863465
vn -0.228515 0.260571 -0.938021
vn -0.119482 0.426438 -0.896591
vn 0.209157 0.838884 0.502521
vn -0.120408 0.909769 0.397268
vn 0.133366 0.891454 0.433040
vn -0.163779 0.178500 -0.970214
vn -0.196526 0.118550 -0.973306
vn -0.290556 0.237231 -0.926984
vn -0.163401 0.059473 -0.984766
vn -0.337241 0.198346 -0.920287
vn -0.206741 0.378258 -0.902319
vn -0.400642 0.324677 -0.856780
vn -0.373581 0.278907 -0.884674
vn 0.116679 0.941672 0.315658
vn -0.056552 0.927700 0.369018
vn 0.120341 0.904446 0.409263
vn -0.033928 0.798689 0.600787
vn 0.079010 0.790188 0.607750
vn -0.043318 0.604463 0.795454
vn 0.075189 0.691350 0.718598
vn -0.038645 -0.007224 0.999227
vn 0.022397 0.013620 0.999656
vn 0.007475 -0.152150 0.988329
vn -0.197910 0.779910 0.593778
vn -0.214287 0.596096 0.773790
vn -0.125014 -0.018486 0.991983
vn -0.101961 -0.176601 0.978987
vn -0.042269 -0.137333 0.989623
vn -0.445728 0.606435 0.658456
vn -0.245457 -0.022523 0.969146
vn -0.483659 -0.041370 0.874278
vn -0.159176 -0.230606 0.959939
vn -0.339688 -0.265393 0.902319
vn -0.668141 -0.105060 0.736580
vn -0.535206 -0.312626 0.784742
vn -0.720936 -0.127546 0.681164
vn -0.585563 -0.304707 0.751179
vn -0.734769 -0.175723 0.655161
vn -0.623960 -0.284953 0.727651
vn -0.727512 -0.297775 0.618107
vn -0.758057 -0.197593 0.621536
vn 0.684837 0.727514 -0.041497
vn 0.684837 0.727514 -0.041497
vn 0.791817 0.610755 0.002185
vn 0.791817 0.610755 0.002185
vn 0.910732 0.410445 -0.045863
vn 0.910732 0.410445 -0.045863
vn 0.924957 0.375471 0.058953
vn 0.924957 0.375471 0.058953
vn 0.877850 0.443687 0.180338
vn 0.877850 0.443687 0.180338
vn -0.035880 -0.529363 -0.847636
vn 0.892372 -0.451296 -0.002185
vn 0.225277 0.790955 0.568894
vn -0.257535 0.953839 0.154492
vn -0.035863 0.995727 0.085100
vn -0.670362 0.707692 0.223129
vn -0.153871 0.891950 0.425147
vn -0.224601 0.969495 -0.098153
vn 0.526314 0.841170 0.124206
vn 0.086628 0.920438 0.381169
vn 0.389574 0.920785 0.019661
vn -0.122275 0.966098 0.227387
vn 0.295442 0.948350 0.115530
vn 0.082883 0.985828 0.145853
vn 0.137272 0.986082 0.093804
vn 0.542415 0.801162 0.252835
vn 0.142004 -0.617321 0.773790
vt 0.521107 0.454621
vt 0.539510 0.463512
vt 0.501021 0.485381
vt 0.531331 0.498838
vt 0.491038 0.500761
vt 0.527242 0.516381
vt 0.481055 0.516141
vt 0.523152 0.534044
vt 0.564407 0.468439
vt 0.561280 0.505687
vt 0.559837 0.524311
vt 0.558153 0.542935
vt 0.592192 0.469760
vt 0.590869 0.506288
vt 0.590267 0.524552
vt 0.589666 0.542935
vt 0.624186 0.469039
vt 0.624907 0.504726
vt 0.625268 0.522509
vt 0.625629 0.540292
vt 0.653052 0.469880
vt 0.654015 0.499799
vt 0.654496 0.514699
vt 0.655097 0.529718
vt 0.680596 0.466516
vt 0.682641 0.490307
vt 0.683844 0.502323
vt 0.684926 0.514218
vt 0.829139 0.798507
vt 0.821923 0.810523
vt 0.814586 0.790937
vt 0.810737 0.800309
vt 0.797386 0.798147
vt 0.802317 0.790937
vt 0.780908 0.798507
vt 0.782231 0.795503
vt 0.887955 0.278232
vt 0.884347 0.281836
vt 0.864621 0.270422
vt 0.864982 0.274627
vt 0.854759 0.274987
vt 0.851391 0.270542
vt 0.835153 0.281836
vt 0.834552 0.277511
vt 0.963249 0.373155
vt 0.969744 0.372554
vt 0.963971 0.374597
vt 0.970105 0.374477
vt 0.978284 0.372554
vt 0.977081 0.376279
vt 0.984539 0.379043
vt 0.987906 0.375558
vt 0.765753 0.888744
vt 0.757454 0.899679
vt 0.748914 0.888023
vt 0.744464 0.896194
vt 0.725460 0.892950
vt 0.728346 0.888023
vt 0.715717 0.893070
vt 0.715837 0.891628
vt 0.104585 0.947741
vt 0.104344 0.952787
vt 0.094722 0.946659
vt 0.094962 0.950384
vt 0.077402 0.949303
vt 0.076199 0.947020
vt 0.062728 0.951946
vt 0.062728 0.949543
vt 0.776939 0.007400
vt 0.790530 0.011726
vt 0.770203 0.021458
vt 0.784155 0.024222
vt 0.780186 0.035757
vt 0.768760 0.034555
vt 0.778021 0.059668
vt 0.768760 0.055342
vt 0.456879 0.972373
vt 0.439920 0.973454
vt 0.456759 0.971051
vt 0.440641 0.970811
vt 0.428012 0.973454
vt 0.427651 0.971051
vt 0.422359 0.968648
vt 0.421758 0.972493
vt 0.851992 0.617432
vt 0.853676 0.636297
vt 0.833830 0.618754
vt 0.838762 0.634735
vt 0.824208 0.635095
vt 0.822644 0.617432
vt 0.808331 0.630529
vt 0.808091 0.620676
vt 0.780908 0.909051
vt 0.782953 0.905326
vt 0.800273 0.910132
vt 0.802317 0.907128
vt 0.814465 0.905326
vt 0.812300 0.908570
vt 0.835755 0.910853
vt 0.832748 0.913256
vt 0.046851 0.951706
vt 0.048054 0.953629
vt 0.035906 0.949303
vt 0.034944 0.952547
vt 0.024840 0.953388
vt 0.024840 0.947861
vt 0.018105 0.952908
vt 0.017744 0.947380
vt 0.009806 0.953629
vt 0.007400 0.946659
vt 0.900584 0.732782
vt 0.911049 0.729538
vt 0.904794 0.738549
vt 0.912011 0.734464
vt 0.920310 0.728937
vt 0.919228 0.733142
vt 0.930654 0.731580
vt 0.929090 0.735065
vt 0.938953 0.738549
vt 0.938713 0.736627
vt 0.897457 0.083098
vt 0.908403 0.082978
vt 0.899743 0.091269
vt 0.908042 0.091509
vt 0.916221 0.083098
vt 0.914777 0.088746
vt 0.926444 0.086342
vt 0.925001 0.089467
vt 0.938592 0.091509
vt 0.937750 0.089346
vt 0.967820 0.676669
vt 0.950139 0.679312
vt 0.965414 0.674026
vt 0.949056 0.675828
vt 0.937630 0.677630
vt 0.937750 0.674026
vt 0.931736 0.675948
vt 0.931135 0.677871
vt 0.653052 0.972373
vt 0.654255 0.969850
vt 0.662915 0.971652
vt 0.663757 0.967206
vt 0.675063 0.967206
vt 0.673860 0.972253
vt 0.689857 0.969850
vt 0.688775 0.972373
vt 0.939073 0.141494
vt 0.931376 0.151467
vt 0.928850 0.139692
vt 0.924159 0.146180
vt 0.916341 0.141975
vt 0.921753 0.139692
vt 0.906959 0.142576
vt 0.905877 0.140413
vt 0.875446 0.110734
vt 0.868350 0.120587
vt 0.854759 0.106168
vt 0.851752 0.113978
vt 0.840566 0.112056
vt 0.838280 0.106168
vt 0.829861 0.113257
vt 0.829019 0.108331
vt 0.511245 0.967687
vt 0.511124 0.971892
vt 0.500540 0.967326
vt 0.499578 0.970571
vt 0.485866 0.969489
vt 0.484543 0.967326
vt 0.474440 0.970811
vt 0.473598 0.968047
vt 0.936788 0.275949
vt 0.934383 0.281836
vt 0.929812 0.270301
vt 0.920551 0.275228
vt 0.913214 0.272584
vt 0.915379 0.270422
vt 0.902749 0.272945
vt 0.903712 0.270301
vt 0.946050 0.053420
vt 0.941599 0.057385
vt 0.934262 0.048373
vt 0.934623 0.053540
vt 0.922836 0.051858
vt 0.924640 0.048373
vt 0.909846 0.054381
vt 0.909244 0.052819
vt 0.894089 0.802112
vt 0.891804 0.810523
vt 0.880378 0.797906
vt 0.877251 0.805116
vt 0.862577 0.805116
vt 0.866786 0.797906
vt 0.843934 0.807038
vt 0.848143 0.801151
vt 0.950259 0.940772
vt 0.948936 0.944857
vt 0.941359 0.935725
vt 0.938472 0.941493
vt 0.929451 0.939690
vt 0.930534 0.935725
vt 0.915379 0.944497
vt 0.917904 0.939450
vt 0.961325 0.235937
vt 0.957957 0.240262
vt 0.951943 0.232332
vt 0.949177 0.237979
vt 0.937750 0.234976
vt 0.937871 0.232332
vt 0.928850 0.233654
vt 0.928730 0.232452
vt 0.719446 0.945218
vt 0.721851 0.938849
vt 0.733639 0.945218
vt 0.735924 0.940411
vt 0.747831 0.940411
vt 0.745787 0.943535
vt 0.765753 0.944737
vt 0.764069 0.945097
vt 0.597845 0.991117
vt 0.597364 0.986551
vt 0.606866 0.988714
vt 0.606385 0.987152
vt 0.615646 0.987873
vt 0.615045 0.990156
vt 0.628155 0.989555
vt 0.624306 0.991117
vt 0.930173 0.545699
vt 0.921272 0.551947
vt 0.915138 0.541854
vt 0.915499 0.544497
vt 0.902148 0.544257
vt 0.900584 0.541854
vt 0.890842 0.545459
vt 0.891443 0.543656
vt 0.954469 0.622719
vt 0.950740 0.625482
vt 0.944847 0.617432
vt 0.943885 0.620076
vt 0.930895 0.620436
vt 0.930534 0.617432
vt 0.922114 0.625482
vt 0.920070 0.623920
vt 0.835634 0.973935
vt 0.817833 0.976819
vt 0.835755 0.972493
vt 0.818675 0.974656
vt 0.809053 0.976338
vt 0.807730 0.973454
vt 0.800273 0.972493
vt 0.800513 0.975497
vt 0.406843 0.951946
vt 0.389644 0.951346
vt 0.407084 0.950625
vt 0.388922 0.947140
vt 0.380623 0.951946
vt 0.378097 0.946659
vt 0.365107 0.947501
vt 0.366911 0.951105
vt 0.404077 0.969249
vt 0.387238 0.971051
vt 0.403957 0.968047
vt 0.387839 0.968528
vt 0.375691 0.971051
vt 0.373165 0.966605
vt 0.365347 0.967206
vt 0.365107 0.969489
vt 0.966858 0.784689
vt 0.950861 0.786852
vt 0.966978 0.783368
vt 0.951462 0.784088
vt 0.939314 0.786852
vt 0.937390 0.782647
vt 0.927166 0.782647
vt 0.927647 0.784449
vt 0.793657 0.934043
vt 0.802919 0.927915
vt 0.795341 0.936326
vt 0.803640 0.930559
vt 0.817713 0.928155
vt 0.816390 0.931039
vt 0.835755 0.936326
vt 0.834191 0.934163
vt 0.858367 0.696975
vt 0.852594 0.702863
vt 0.839604 0.691809
vt 0.837198 0.699859
vt 0.827335 0.698417
vt 0.824809 0.690247
vt 0.813022 0.699258
vt 0.808692 0.694933
vt 0.806768 0.702863
vt 0.796544 0.701421
vt 0.157627 0.970330
vt 0.140788 0.972133
vt 0.157627 0.969129
vt 0.142111 0.969729
vt 0.129602 0.972133
vt 0.126836 0.968408
vt 0.119619 0.968648
vt 0.119740 0.970691
vt 0.304366 0.971051
vt 0.293301 0.973815
vt 0.305329 0.967567
vt 0.292940 0.969489
vt 0.280792 0.971532
vt 0.281514 0.968768
vt 0.275981 0.967567
vt 0.273335 0.970210
vt 0.942080 0.192921
vt 0.924640 0.193041
vt 0.943043 0.191479
vt 0.928248 0.188355
vt 0.911049 0.193041
vt 0.912492 0.191599
vt 0.907320 0.183308
vt 0.905877 0.185111
vt 0.203092 0.970571
vt 0.190343 0.975257
vt 0.202972 0.969369
vt 0.190583 0.972253
vt 0.180961 0.975016
vt 0.181442 0.973334
vt 0.172301 0.970450
vt 0.172301 0.972733
vt 0.845377 0.657084
vt 0.841889 0.668378
vt 0.826012 0.650956
vt 0.827455 0.662851
vt 0.815668 0.668378
vt 0.816149 0.651076
vt 0.799070 0.670301
vt 0.799070 0.659727
vt 0.857044 0.403554
vt 0.861735 0.414008
vt 0.838762 0.407279
vt 0.843332 0.417853
vt 0.831785 0.420496
vt 0.829260 0.409682
vt 0.815307 0.420496
vt 0.814706 0.414368
vt 0.893368 0.827104
vt 0.897457 0.841042
vt 0.878574 0.827104
vt 0.879295 0.838639
vt 0.869914 0.838399
vt 0.868470 0.828546
vt 0.854157 0.836356
vt 0.851391 0.833232
vt 0.770564 0.650956
vt 0.784396 0.665374
vt 0.748433 0.650956
vt 0.757093 0.669580
vt 0.738209 0.668739
vt 0.734240 0.653239
vt 0.717521 0.664653
vt 0.714274 0.660087
vt 0.864140 0.148343
vt 0.863539 0.159758
vt 0.854037 0.137889
vt 0.854518 0.152068
vt 0.844174 0.150145
vt 0.843092 0.137889
vt 0.828538 0.152909
vt 0.828057 0.149785
vt 0.868951 0.180545
vt 0.866426 0.193041
vt 0.855360 0.174417
vt 0.855480 0.186913
vt 0.844655 0.182828
vt 0.843212 0.174417
vt 0.828658 0.186553
vt 0.828057 0.182708
vt 0.861013 0.435155
vt 0.871116 0.437679
vt 0.849827 0.442725
vt 0.861254 0.442966
vt 0.860051 0.454260
vt 0.849827 0.454501
vt 0.858848 0.469640
vt 0.854999 0.469640
vt 0.902870 0.378442
vt 0.908403 0.386492
vt 0.891323 0.374957
vt 0.895412 0.384329
vt 0.884708 0.384450
vt 0.880739 0.372554
vt 0.870154 0.386492
vt 0.869072 0.382647
vt 0.780908 0.888744
vt 0.794018 0.881775
vt 0.808572 0.890547
vt 0.814706 0.882977
vt 0.829380 0.882857
vt 0.824689 0.890547
vt 0.844655 0.884899
vt 0.838882 0.890547
vt 0.220773 0.955311
vt 0.220773 0.949183
vt 0.228230 0.953508
vt 0.228952 0.946659
vt 0.238695 0.947741
vt 0.236530 0.953869
vt 0.253008 0.950384
vt 0.250482 0.952547
vt 0.911770 0.891268
vt 0.911770 0.884539
vt 0.921633 0.888624
vt 0.924159 0.881775
vt 0.932338 0.884058
vt 0.929932 0.889345
vt 0.947252 0.889465
vt 0.944245 0.891268
vt 0.927406 0.508931
vt 0.927166 0.518063
vt 0.916461 0.507249
vt 0.915379 0.515420
vt 0.905155 0.515540
vt 0.906358 0.506648
vt 0.890842 0.508691
vt 0.893608 0.506648
vt 0.952304 0.305988
vt 0.953026 0.313678
vt 0.941238 0.305988
vt 0.941238 0.312716
vt 0.931135 0.313197
vt 0.931015 0.306949
vt 0.914898 0.309232
vt 0.917183 0.306829
vt 0.373887 0.990276
vt 0.372805 0.987032
vt 0.382066 0.989916
vt 0.380021 0.987272
vt 0.390606 0.987993
vt 0.390125 0.990276
vt 0.403957 0.985830
vt 0.404077 0.987152
vt 0.638138 0.951946
vt 0.621179 0.950985
vt 0.638378 0.950745
vt 0.620337 0.946659
vt 0.607347 0.950745
vt 0.609632 0.946900
vt 0.591109 0.950144
vt 0.591831 0.951946
vt 0.576074 0.951946
vt 0.559236 0.951105
vt 0.576435 0.950625
vt 0.558153 0.946900
vt 0.545644 0.950625
vt 0.547689 0.946659
vt 0.531451 0.948342
vt 0.530249 0.951946
vt 0.809414 0.233654
vt 0.822644 0.229929
vt 0.816751 0.240262
vt 0.826253 0.235456
vt 0.836597 0.225844
vt 0.839844 0.233293
vt 0.852353 0.235336
vt 0.849707 0.226444
vt 0.862697 0.232452
vt 0.320003 0.954350
vt 0.328302 0.950745
vt 0.324453 0.957594
vt 0.330346 0.952187
vt 0.333955 0.946659
vt 0.334436 0.950384
vt 0.339367 0.952667
vt 0.340931 0.950144
vt 0.346464 0.955551
vt 0.952785 0.649153
vt 0.953146 0.656363
vt 0.943163 0.649153
vt 0.942080 0.653839
vt 0.932218 0.656242
vt 0.931135 0.652758
vt 0.921393 0.658525
vt 0.920070 0.656843
vt 0.814706 0.551947
vt 0.806046 0.536928
vt 0.822885 0.546059
vt 0.815788 0.533563
vt 0.805445 0.526234
vt 0.814105 0.526714
vt 0.814465 0.516982
vt 0.810135 0.514939
vt 0.820118 0.503044
vt 0.876409 0.415570
vt 0.876649 0.407279
vt 0.883746 0.420496
vt 0.886031 0.414729
vt 0.883625 0.404155
vt 0.890000 0.412206
vt 0.895052 0.410043
vt 0.893248 0.404636
vt 0.909124 0.408000
vt 0.877371 0.231251
vt 0.882182 0.227646
vt 0.881340 0.240262
vt 0.884948 0.234976
vt 0.890241 0.227286
vt 0.889399 0.232452
vt 0.898540 0.236057
vt 0.899743 0.231851
vt 0.914056 0.237138
vt 0.912131 0.832752
vt 0.923558 0.832151
vt 0.915619 0.834914
vt 0.927166 0.835155
vt 0.932338 0.832391
vt 0.934743 0.836236
vt 0.939555 0.837197
vt 0.939314 0.832151
vt 0.948696 0.834914
vt 0.923076 0.378802
vt 0.930774 0.372554
vt 0.923678 0.380004
vt 0.931496 0.375798
vt 0.935946 0.372554
vt 0.935465 0.376159
vt 0.939795 0.378442
vt 0.941118 0.375318
vt 0.948455 0.381686
vt 0.953747 0.735305
vt 0.961565 0.728937
vt 0.954349 0.736507
vt 0.962167 0.732061
vt 0.966617 0.728937
vt 0.966016 0.732541
vt 0.970586 0.733503
vt 0.971548 0.730259
vt 0.978164 0.734945
vt 0.962888 0.575498
vt 0.970346 0.569250
vt 0.963730 0.576699
vt 0.971188 0.572494
vt 0.975638 0.569250
vt 0.975277 0.573094
vt 0.980449 0.573455
vt 0.981050 0.569970
vt 0.988027 0.572854
vt 0.923798 0.412927
vt 0.928369 0.407880
vt 0.928850 0.414609
vt 0.931857 0.409802
vt 0.932338 0.404155
vt 0.934743 0.407039
vt 0.941960 0.408000
vt 0.942441 0.404275
vt 0.952063 0.410884
vt 0.938352 0.441644
vt 0.947252 0.439000
vt 0.942321 0.444648
vt 0.950380 0.441884
vt 0.954589 0.435155
vt 0.954349 0.438640
vt 0.960242 0.439841
vt 0.962407 0.436717
vt 0.967098 0.442124
vt 0.920551 0.866035
vt 0.927166 0.860988
vt 0.923918 0.867116
vt 0.929812 0.862430
vt 0.933300 0.855942
vt 0.934623 0.859546
vt 0.940878 0.860868
vt 0.940998 0.857984
vt 0.948816 0.865554
vt 0.951462 0.281356
vt 0.955070 0.275108
vt 0.954950 0.281836
vt 0.957717 0.275949
vt 0.961084 0.270662
vt 0.961325 0.273546
vt 0.966377 0.273065
vt 0.967098 0.270782
vt 0.975157 0.278352
vt 0.964091 0.918783
vt 0.970346 0.915179
vt 0.966858 0.920946
vt 0.972150 0.917341
vt 0.977803 0.914458
vt 0.977442 0.916140
vt 0.981652 0.917942
vt 0.983215 0.916861
vt 0.986583 0.919985
vt 0.927647 0.108571
vt 0.929090 0.110494
vt 0.918265 0.106168
vt 0.917544 0.110013
vt 0.907440 0.110614
vt 0.907440 0.106168
vt 0.901547 0.113137
vt 0.899983 0.108571
vt 0.894210 0.116862
vt 0.890241 0.112056
vt 0.156665 0.950745
vt 0.157627 0.953749
vt 0.146562 0.948342
vt 0.147404 0.950024
vt 0.138142 0.949784
vt 0.137541 0.946659
vt 0.129843 0.950985
vt 0.128881 0.947861
vt 0.120461 0.953749
vt 0.119259 0.950504
vt 0.047573 0.972012
vt 0.048054 0.973935
vt 0.040356 0.970210
vt 0.040958 0.972613
vt 0.032658 0.971532
vt 0.032418 0.968288
vt 0.024359 0.971892
vt 0.023758 0.968648
vt 0.014978 0.973935
vt 0.014496 0.970571
vt 0.963490 0.765705
vt 0.963249 0.767747
vt 0.953747 0.762581
vt 0.954108 0.764143
vt 0.944967 0.763782
vt 0.944847 0.761259
vt 0.936548 0.763902
vt 0.936668 0.761259
vt 0.927166 0.765945
vt 0.927406 0.763542
vt 0.940757 0.018094
vt 0.940517 0.019055
vt 0.933180 0.010885
vt 0.932819 0.012807
vt 0.927888 0.010524
vt 0.925602 0.007400
vt 0.918867 0.013167
vt 0.917303 0.010284
vt 0.911049 0.019055
vt 0.909244 0.016051
vt 0.206099 0.953028
vt 0.205257 0.954710
vt 0.196958 0.949904
vt 0.195395 0.952307
vt 0.190343 0.952187
vt 0.190463 0.948101
vt 0.182405 0.951586
vt 0.180721 0.946659
vt 0.173143 0.954710
vt 0.172301 0.951105
vt 0.567174 0.988113
vt 0.566933 0.990637
vt 0.557672 0.986551
vt 0.558394 0.988834
vt 0.551899 0.988354
vt 0.551417 0.985350
vt 0.544441 0.988474
vt 0.542878 0.985350
vt 0.538788 0.990036
vt 0.536383 0.988354
vt 0.989831 0.938849
vt 0.990312 0.939931
vt 0.987305 0.936566
vt 0.986704 0.940652
vt 0.980449 0.938609
vt 0.979848 0.935725
vt 0.972992 0.938849
vt 0.971548 0.935725
vt 0.967339 0.940291
vt 0.965053 0.938729
vt 0.984178 0.008842
vt 0.983697 0.009563
vt 0.976119 0.008481
vt 0.976119 0.010043
vt 0.969624 0.009923
vt 0.968902 0.007400
vt 0.962047 0.010043
vt 0.962047 0.007400
vt 0.957356 0.010764
vt 0.955551 0.008241
vt 0.873041 0.694092
vt 0.886512 0.690247
vt 0.879295 0.700940
vt 0.886632 0.698417
vt 0.894450 0.690247
vt 0.893368 0.697336
vt 0.904794 0.692049
vt 0.903351 0.696254
vt 0.916341 0.697816
vt 0.914898 0.695654
vt 0.885790 0.441283
vt 0.896856 0.436958
vt 0.892887 0.446570
vt 0.897578 0.442845
vt 0.902749 0.435155
vt 0.902509 0.441043
vt 0.912612 0.438520
vt 0.910928 0.443206
vt 0.923678 0.446570
vt 0.922475 0.444167
vt 0.724738 0.917702
vt 0.736044 0.914458
vt 0.728827 0.924190
vt 0.735323 0.921787
vt 0.744223 0.914578
vt 0.743141 0.920706
vt 0.753605 0.918543
vt 0.751801 0.922748
vt 0.765753 0.924190
vt 0.763949 0.922148
vt 0.885790 0.464353
vt 0.900705 0.462791
vt 0.888677 0.468559
vt 0.899743 0.467477
vt 0.909004 0.461349
vt 0.908763 0.466156
vt 0.919829 0.461349
vt 0.918386 0.466516
vt 0.932578 0.466276
vt 0.931135 0.464594
vt 0.840445 0.732421
vt 0.851752 0.728456
vt 0.844775 0.738549
vt 0.854277 0.734344
vt 0.861013 0.723650
vt 0.862817 0.730259
vt 0.871237 0.723650
vt 0.874484 0.731100
vt 0.885911 0.734344
vt 0.884948 0.728456
vt 0.897096 0.890907
vt 0.889158 0.897275
vt 0.897096 0.881775
vt 0.888797 0.888023
vt 0.880378 0.897756
vt 0.880257 0.891147
vt 0.870515 0.895353
vt 0.869673 0.888744
vt 0.860772 0.885620
vt 0.859449 0.889585
vt 0.907681 0.577781
vt 0.900825 0.581866
vt 0.903351 0.569250
vt 0.896856 0.572734
vt 0.894811 0.585350
vt 0.890962 0.577180
vt 0.885550 0.585350
vt 0.882422 0.577420
vt 0.874364 0.577660
vt 0.874965 0.582707
vt 0.766234 0.869039
vt 0.752041 0.872643
vt 0.762144 0.861949
vt 0.752282 0.865795
vt 0.742659 0.873244
vt 0.745185 0.865674
vt 0.732676 0.868078
vt 0.735082 0.859546
vt 0.719927 0.859546
vt 0.715717 0.861229
vt 0.962888 0.981865
vt 0.967339 0.979943
vt 0.963370 0.985230
vt 0.967820 0.982826
vt 0.972150 0.978501
vt 0.972872 0.981625
vt 0.978645 0.978501
vt 0.978765 0.981264
vt 0.988628 0.983427
vt 0.988387 0.981745
vt 0.969263 0.642665
vt 0.969143 0.637859
vt 0.972150 0.643266
vt 0.972270 0.638580
vt 0.969744 0.632572
vt 0.972150 0.633413
vt 0.969143 0.626804
vt 0.972270 0.627045
vt 0.972751 0.618033
vt 0.971669 0.617432
vt 0.078845 0.988354
vt 0.083777 0.988954
vt 0.078364 0.991478
vt 0.083656 0.990877
vt 0.088828 0.988474
vt 0.088467 0.990637
vt 0.094962 0.989315
vt 0.094361 0.991358
vt 0.104344 0.991478
vt 0.104585 0.990877
vt 0.899141 0.936566
vt 0.900705 0.938249
vt 0.889278 0.935725
vt 0.888677 0.939210
vt 0.879175 0.940411
vt 0.879055 0.935725
vt 0.872921 0.942214
vt 0.872079 0.937888
vt 0.861374 0.943896
vt 0.859449 0.939210
vt 0.922716 0.209623
vt 0.916942 0.212386
vt 0.904674 0.209262
vt 0.903591 0.212626
vt 0.895894 0.212266
vt 0.895533 0.208902
vt 0.888436 0.212146
vt 0.888557 0.208661
vt 0.878814 0.212626
vt 0.877371 0.208541
vt 0.960844 0.330980
vt 0.957115 0.333023
vt 0.947733 0.330139
vt 0.946651 0.333023
vt 0.937510 0.332422
vt 0.937149 0.329658
vt 0.930534 0.331941
vt 0.929692 0.328697
vt 0.921152 0.333023
vt 0.919348 0.329418
vt 0.990071 0.835876
vt 0.988989 0.836717
vt 0.981652 0.832872
vt 0.980690 0.835515
vt 0.975037 0.834914
vt 0.974916 0.832151
vt 0.970225 0.835756
vt 0.968902 0.833352
vt 0.964572 0.836717
vt 0.963370 0.835395
vt 0.983817 0.144979
vt 0.982614 0.145459
vt 0.972511 0.140413
vt 0.971308 0.141614
vt 0.966016 0.141134
vt 0.965655 0.139692
vt 0.960363 0.143056
vt 0.959521 0.140653
vt 0.954710 0.145459
vt 0.953747 0.144017
vt 0.150411 0.989555
vt 0.148967 0.991117
vt 0.139104 0.986792
vt 0.138142 0.987392
vt 0.132249 0.987513
vt 0.132128 0.986792
vt 0.125994 0.987753
vt 0.125513 0.987152
vt 0.121063 0.987873
vt 0.119619 0.987392
vt 0.104585 0.972133
vt 0.102420 0.973695
vt 0.097007 0.968648
vt 0.096526 0.970811
vt 0.089189 0.970691
vt 0.088708 0.967446
vt 0.081732 0.971652
vt 0.080649 0.968408
vt 0.072350 0.973695
vt 0.071388 0.971412
vt 0.765753 0.983307
vt 0.764791 0.984268
vt 0.758656 0.979943
vt 0.758416 0.982106
vt 0.751560 0.981505
vt 0.751199 0.979342
vt 0.744824 0.982826
vt 0.743983 0.980303
vt 0.734360 0.984268
vt 0.734481 0.982706
vt 0.503667 0.986551
vt 0.504268 0.988954
vt 0.496571 0.988474
vt 0.497052 0.990997
vt 0.490196 0.990757
vt 0.489113 0.988113
vt 0.482739 0.990637
vt 0.481897 0.987633
vt 0.473598 0.989916
vt 0.474560 0.986551
vt 0.897818 0.982346
vt 0.897337 0.983187
vt 0.891203 0.979823
vt 0.890722 0.981385
vt 0.883625 0.980784
vt 0.883625 0.978621
vt 0.874725 0.981264
vt 0.875086 0.979462
vt 0.866666 0.983187
vt 0.865824 0.981865
vt 0.628155 0.969850
vt 0.627674 0.970691
vt 0.620337 0.966726
vt 0.620096 0.968528
vt 0.613120 0.969008
vt 0.612759 0.966726
vt 0.603378 0.970450
vt 0.603137 0.968648
vt 0.592312 0.971892
vt 0.591109 0.968047
vt 0.305329 0.951946
vt 0.304968 0.952908
vt 0.297871 0.947861
vt 0.297390 0.949543
vt 0.290534 0.949303
vt 0.290534 0.946659
vt 0.281393 0.949784
vt 0.281514 0.946659
vt 0.267682 0.950024
vt 0.267802 0.947260
vt 0.847903 0.210103
vt 0.847301 0.211064
vt 0.839604 0.208661
vt 0.839363 0.210344
vt 0.832387 0.210344
vt 0.832146 0.207940
vt 0.823125 0.210824
vt 0.823246 0.208782
vt 0.810256 0.211064
vt 0.809414 0.209623
vt 0.660029 0.990877
vt 0.659908 0.989075
vt 0.668809 0.989075
vt 0.668568 0.987152
vt 0.677950 0.987753
vt 0.677348 0.989555
vt 0.689857 0.989675
vt 0.689857 0.990877
vt 0.429095 0.991598
vt 0.428974 0.989675
vt 0.437033 0.990156
vt 0.437033 0.988113
vt 0.445453 0.988474
vt 0.444851 0.990396
vt 0.456879 0.990276
vt 0.456759 0.991598
vt 0.965053 0.191599
vt 0.961806 0.193041
vt 0.962287 0.182708
vt 0.958438 0.182587
vt 0.957717 0.174657
vt 0.961445 0.174537
vt 0.963971 0.162041
vt 0.965053 0.162521
vt 0.964332 0.807279
vt 0.963009 0.804755
vt 0.972751 0.806077
vt 0.973232 0.802352
vt 0.981652 0.802953
vt 0.981652 0.806197
vt 0.991996 0.806077
vt 0.991755 0.807279
vt 0.947252 0.468559
vt 0.950259 0.464473
vt 0.957717 0.466156
vt 0.958558 0.461349
vt 0.967339 0.461950
vt 0.967098 0.466156
vt 0.976239 0.466756
vt 0.975037 0.468559
vt 0.962528 0.891268
vt 0.961926 0.886822
vt 0.969985 0.888744
vt 0.970225 0.883818
vt 0.978043 0.884178
vt 0.978765 0.889345
vt 0.987666 0.888744
vt 0.987545 0.891268
vt 0.989229 0.859907
vt 0.988147 0.860748
vt 0.980810 0.856663
vt 0.979848 0.859306
vt 0.974555 0.858705
vt 0.974676 0.855942
vt 0.969865 0.858946
vt 0.969143 0.856543
vt 0.964091 0.860748
vt 0.963490 0.859306
vt 0.991755 0.414248
vt 0.990673 0.414609
vt 0.983215 0.411124
vt 0.982734 0.411845
vt 0.976720 0.411485
vt 0.976961 0.410644
vt 0.971789 0.412446
vt 0.971548 0.411845
vt 0.967579 0.414609
vt 0.966737 0.413167
vt 0.969143 0.521548
vt 0.969744 0.522749
vt 0.968181 0.530679
vt 0.969985 0.532121
vt 0.969744 0.538850
vt 0.968181 0.538369
vt 0.969744 0.544738
vt 0.968542 0.545459
vt 0.970827 0.549664
vt 0.969143 0.550265
vt 0.786561 0.202654
vt 0.785358 0.203254
vt 0.778863 0.201092
vt 0.777781 0.202774
vt 0.770925 0.202774
vt 0.771887 0.201092
vt 0.764310 0.203615
vt 0.764670 0.202053
vt 0.760100 0.203495
vt 0.759979 0.202173
vt 0.458924 0.951346
vt 0.458082 0.953989
vt 0.450745 0.948101
vt 0.449783 0.950865
vt 0.440281 0.950264
vt 0.441724 0.946659
vt 0.433906 0.950504
vt 0.434507 0.946659
vt 0.424765 0.953989
vt 0.421758 0.950625
vt 0.963009 0.488505
vt 0.962648 0.491509
vt 0.954108 0.485741
vt 0.953747 0.488625
vt 0.944005 0.488505
vt 0.944967 0.485020
vt 0.936548 0.490307
vt 0.937630 0.486222
vt 0.928128 0.491989
vt 0.928128 0.488745
vt 0.965174 0.699378
vt 0.964572 0.700940
vt 0.957837 0.695053
vt 0.956754 0.696855
vt 0.948455 0.696254
vt 0.949056 0.693971
vt 0.941238 0.697696
vt 0.940517 0.695293
vt 0.933420 0.700940
vt 0.931135 0.698537
vt 0.915379 0.960718
vt 0.931736 0.959516
vt 0.916221 0.962760
vt 0.933901 0.963241
vt 0.944606 0.960117
vt 0.946771 0.962760
vt 0.955912 0.963842
vt 0.954349 0.959516
vt 0.859449 0.960838
vt 0.870876 0.958555
vt 0.860051 0.962400
vt 0.871838 0.960477
vt 0.885429 0.958555
vt 0.886151 0.961078
vt 0.897818 0.963842
vt 0.896976 0.960958
vt 0.218007 0.972974
vt 0.229313 0.969970
vt 0.218608 0.974536
vt 0.230877 0.973454
vt 0.239777 0.970450
vt 0.241702 0.973935
vt 0.253008 0.974536
vt 0.251444 0.970210
vt 0.922355 0.600370
vt 0.933420 0.596285
vt 0.923197 0.601692
vt 0.935345 0.599048
vt 0.944727 0.596285
vt 0.946651 0.600851
vt 0.956995 0.602413
vt 0.959040 0.599529
vt 0.765753 0.962039
vt 0.749275 0.963121
vt 0.765031 0.960357
vt 0.747831 0.959877
vt 0.738450 0.964563
vt 0.737247 0.961198
vt 0.726542 0.961439
vt 0.726903 0.964563
vt 0.576435 0.970571
vt 0.560198 0.970691
vt 0.575593 0.968888
vt 0.559356 0.966605
vt 0.548531 0.970210
vt 0.546125 0.966846
vt 0.536383 0.966605
vt 0.539269 0.969850
vt 0.986463 0.309953
vt 0.986704 0.313678
vt 0.981050 0.308030
vt 0.979848 0.310554
vt 0.974074 0.311275
vt 0.975157 0.308391
vt 0.967820 0.313678
vt 0.968301 0.311755
vt 0.992236 0.597606
vt 0.992597 0.602413
vt 0.986704 0.597606
vt 0.985140 0.600490
vt 0.979727 0.600130
vt 0.980690 0.597967
vt 0.973834 0.600490
vt 0.973714 0.598808
vt 0.987786 0.350806
vt 0.987185 0.353569
vt 0.980810 0.347682
vt 0.980088 0.350325
vt 0.974435 0.349845
vt 0.974916 0.347682
vt 0.966858 0.351287
vt 0.967940 0.349244
vt 0.019067 0.123951
vt 0.039153 0.122389
vt 0.020991 0.176460
vt 0.042160 0.172254
vt 0.022194 0.187754
vt 0.044446 0.181386
vt 0.023397 0.197247
vt 0.046250 0.188595
vt 0.027847 0.209983
vt 0.050219 0.199409
vt 0.033621 0.223561
vt 0.055752 0.211906
vt 0.036748 0.233654
vt 0.059961 0.221158
vt 0.040236 0.243507
vt 0.064051 0.229809
vt 0.045528 0.256003
vt 0.070185 0.241945
vt 0.050820 0.268499
vt 0.076800 0.254321
vt 0.058759 0.283759
vt 0.081972 0.267658
vt 0.066096 0.298658
vt 0.088107 0.280995
vt 0.074034 0.307309
vt 0.093760 0.289646
vt 0.080168 0.318244
vt 0.101457 0.299740
vt 0.086182 0.326775
vt 0.107712 0.308511
vt 0.092196 0.335306
vt 0.114087 0.317523
vt 0.100856 0.343356
vt 0.122747 0.326414
vt 0.106750 0.353810
vt 0.129242 0.332302
vt 0.113726 0.359938
vt 0.134173 0.336147
vt 0.119980 0.366186
vt 0.141149 0.341914
vt 0.129963 0.375077
vt 0.151734 0.352969
vt 0.139946 0.383608
vt 0.160755 0.361620
vt 0.148727 0.392620
vt 0.167009 0.369791
vt 0.157868 0.401992
vt 0.174707 0.379043
vt 0.172421 0.413647
vt 0.189260 0.389256
vt 0.186253 0.424101
vt 0.203453 0.397907
vt 0.201649 0.430950
vt 0.215962 0.404876
vt 0.218608 0.440202
vt 0.229433 0.411365
vt 0.232079 0.451737
vt 0.241942 0.418334
vt 0.245430 0.460268
vt 0.256255 0.424942
vt 0.262029 0.465074
vt 0.272974 0.432152
vt 0.277424 0.466156
vt 0.285723 0.436357
vt 0.300397 0.468559
vt 0.307133 0.440803
vt 0.331188 0.470481
vt 0.334556 0.443927
vt 0.362220 0.447291
vt 0.364385 0.427225
vt 0.389403 0.430349
vt 0.367152 0.412806
vt 0.390245 0.418814
vt 0.369557 0.397547
vt 0.391448 0.407279
vt 0.395898 0.400310
vt 0.406362 0.407159
vt 0.410331 0.402593
vt 0.422600 0.412566
vt 0.426930 0.409923
vt 0.429335 0.421097
vt 0.433665 0.419054
vt 0.436432 0.429748
vt 0.440762 0.428186
vt 0.439439 0.437919
vt 0.444009 0.436357
vt 0.442446 0.447051
vt 0.447257 0.444768
vt 0.060683 0.169130
vt 0.063810 0.175859
vt 0.066697 0.181146
vt 0.071147 0.189677
vt 0.076560 0.200250
vt 0.081732 0.208061
vt 0.087144 0.215751
vt 0.094722 0.228127
vt 0.103863 0.240262
vt 0.107231 0.251677
vt 0.110599 0.262732
vt 0.116252 0.270542
vt 0.122867 0.280274
vt 0.129242 0.289406
vt 0.136458 0.298658
vt 0.145479 0.306588
vt 0.150892 0.312116
vt 0.155703 0.314519
vt 0.163401 0.318844
vt 0.173023 0.329418
vt 0.181442 0.339271
vt 0.187095 0.346600
vt 0.193951 0.355011
vt 0.207903 0.361980
vt 0.221976 0.368709
vt 0.231959 0.377000
vt 0.243145 0.384450
vt 0.255654 0.390217
vt 0.268764 0.395384
vt 0.282957 0.402353
vt 0.293662 0.407520
vt 0.313267 0.415570
vt 0.337443 0.422659
vt 0.343216 0.404516
vt 0.348388 0.386733
vt 0.376774 0.389736
vt 0.400228 0.393702
vt 0.415984 0.398508
vt 0.431139 0.407159
vt 0.437995 0.416892
vt 0.444851 0.426744
vt 0.448339 0.434555
vt 0.451106 0.442845
vt 0.318680 0.396946
vt 0.296909 0.387814
vt 0.286445 0.381205
vt 0.274658 0.374236
vt 0.262750 0.369550
vt 0.250241 0.364744
vt 0.240860 0.358736
vt 0.231237 0.351647
vt 0.215962 0.345159
vt 0.201649 0.338310
vt 0.195395 0.330860
vt 0.189381 0.323530
vt 0.182765 0.315240
vt 0.174105 0.305507
vt 0.165686 0.299980
vt 0.160153 0.295774
vt 0.154380 0.288565
vt 0.148246 0.282077
vt 0.143916 0.275949
vt 0.138984 0.269220
vt 0.134173 0.262011
vt 0.129843 0.255763
vt 0.124310 0.244708
vt 0.118898 0.233053
vt 0.111561 0.221037
vt 0.105547 0.209022
vt 0.101217 0.200731
vt 0.098450 0.194483
vt 0.093519 0.185952
vt 0.088948 0.178502
vt 0.086663 0.170091
vt 0.084258 0.160839
vt 0.087024 0.117343
vt 0.058999 0.122029
vt 0.113846 0.118905
vt 0.106148 0.155072
vt 0.106870 0.166246
vt 0.107712 0.176219
vt 0.111561 0.182948
vt 0.115410 0.189436
vt 0.117695 0.193762
vt 0.120702 0.200611
vt 0.126114 0.214068
vt 0.132850 0.226685
vt 0.138984 0.238220
vt 0.145359 0.249995
vt 0.147644 0.255162
vt 0.151253 0.260929
vt 0.153778 0.265255
vt 0.156304 0.269580
vt 0.160875 0.274507
vt 0.168693 0.280875
vt 0.176150 0.286522
vt 0.184449 0.292530
vt 0.190343 0.301061
vt 0.196237 0.310554
vt 0.202250 0.318123
vt 0.208866 0.325693
vt 0.223058 0.331821
vt 0.238214 0.338310
vt 0.248317 0.343837
vt 0.257217 0.349124
vt 0.268764 0.352969
vt 0.279950 0.356453
vt 0.289813 0.362341
vt 0.300878 0.368349
vt 0.323851 0.377961
vt 0.131647 0.147262
vt 0.132609 0.158556
vt 0.133451 0.169130
vt 0.137541 0.175618
vt 0.141510 0.181506
vt 0.144517 0.184870
vt 0.147885 0.189196
vt 0.151613 0.198568
vt 0.155342 0.207820
vt 0.159672 0.221158
vt 0.164002 0.234255
vt 0.166287 0.238460
vt 0.168452 0.243146
vt 0.170858 0.247832
vt 0.172903 0.252158
vt 0.179398 0.257565
vt 0.187216 0.263452
vt 0.193831 0.269460
vt 0.200567 0.275588
vt 0.205738 0.282557
vt 0.210670 0.289526
vt 0.215842 0.296495
vt 0.221254 0.303104
vt 0.233763 0.311034
vt 0.246272 0.318484
vt 0.255654 0.326414
vt 0.265156 0.333744
vt 0.277424 0.338670
vt 0.288249 0.342755
vt 0.301480 0.347201
vt 0.315071 0.351647
vt 0.335518 0.364744
vt 0.358371 0.377841
vt 0.162318 0.151347
vt 0.163641 0.160839
vt 0.166648 0.164564
vt 0.169655 0.168409
vt 0.171459 0.172855
vt 0.173143 0.177060
vt 0.175068 0.183549
vt 0.177112 0.189917
vt 0.179638 0.204095
vt 0.182044 0.218034
vt 0.185171 0.220917
vt 0.188659 0.224041
vt 0.191907 0.227526
vt 0.195515 0.231010
vt 0.201048 0.237859
vt 0.206460 0.244948
vt 0.211392 0.251797
vt 0.216443 0.258646
vt 0.221735 0.263452
vt 0.227028 0.267898
vt 0.232200 0.272344
vt 0.237612 0.276790
vt 0.247114 0.287243
vt 0.256616 0.297457
vt 0.265757 0.307550
vt 0.275019 0.317282
vt 0.286806 0.324011
vt 0.296909 0.329658
vt 0.312064 0.333624
vt 0.326618 0.337469
vt 0.346103 0.352849
vt 0.367873 0.370151
vt 0.384231 0.382046
vt 0.275861 0.276670
vt 0.267441 0.266456
vt 0.259022 0.256243
vt 0.253609 0.251797
vt 0.248437 0.247592
vt 0.243025 0.243266
vt 0.237732 0.238941
vt 0.233042 0.233053
vt 0.228351 0.227286
vt 0.223540 0.221158
vt 0.217646 0.214669
vt 0.213677 0.210344
vt 0.210550 0.206739
vt 0.206941 0.202894
vt 0.203814 0.199529
vt 0.200085 0.188836
vt 0.196116 0.177781
vt 0.193831 0.172494
vt 0.191305 0.166847
vt 0.189381 0.161801
vt 0.187697 0.156754
vt 0.185893 0.152789
vt 0.183968 0.148944
vt 0.182886 0.141254
vt 0.160634 0.141254
vt 0.181442 0.132603
vt 0.168813 0.110494
vt 0.184449 0.106168
vt 0.202491 0.126595
vt 0.195996 0.134044
vt 0.196958 0.140172
vt 0.204897 0.139932
vt 0.207663 0.147983
vt 0.201649 0.155072
vt 0.204055 0.160479
vt 0.214038 0.160959
vt 0.219450 0.170332
vt 0.214759 0.178743
vt 0.218849 0.185351
vt 0.229072 0.183549
vt 0.234365 0.191239
vt 0.228591 0.199650
vt 0.232681 0.203855
vt 0.243145 0.202053
vt 0.250241 0.210944
vt 0.246633 0.221398
vt 0.251444 0.226444
vt 0.261668 0.223441
vt 0.269847 0.231851
vt 0.267080 0.242545
vt 0.272132 0.247952
vt 0.284280 0.246991
vt 0.294624 0.258166
vt 0.284400 0.287243
vt 0.229313 0.136928
vt 0.236289 0.148824
vt 0.242303 0.156994
vt 0.251083 0.168169
vt 0.256496 0.176219
vt 0.264915 0.185952
vt 0.271049 0.193041
vt 0.282356 0.206018
vt 0.289211 0.213588
vt 0.302562 0.230650
vt 0.311944 0.242065
vt 0.302683 0.268859
vt 0.292459 0.297457
vt 0.266599 0.131041
vt 0.270448 0.139692
vt 0.276462 0.151347
vt 0.281153 0.158917
vt 0.288851 0.167928
vt 0.294143 0.174417
vt 0.303164 0.186192
vt 0.309538 0.194122
vt 0.322649 0.211545
vt 0.332271 0.223801
vt 0.320243 0.252879
vt 0.310260 0.279313
vt 0.302562 0.305627
vt 0.316394 0.110975
vt 0.318559 0.123351
vt 0.319762 0.129839
vt 0.322528 0.139572
vt 0.325175 0.146060
vt 0.331790 0.157715
vt 0.336841 0.166246
vt 0.350433 0.184390
vt 0.361258 0.196045
vt 0.340330 0.236057
vt 0.327941 0.263212
vt 0.319161 0.287724
vt 0.311703 0.313197
vt 0.358010 0.092230
vt 0.355845 0.097157
vt 0.352959 0.113257
vt 0.353440 0.118544
vt 0.362340 0.132362
vt 0.364866 0.138851
vt 0.382066 0.154591
vt 0.417067 0.153149
vt 0.369557 0.213227
vt 0.347907 0.247352
vt 0.336240 0.274026
vt 0.327821 0.295895
vt 0.326016 0.321848
vt 0.420675 0.182227
vt 0.376172 0.229568
vt 0.354763 0.259968
vt 0.344299 0.284600
vt 0.341773 0.308271
vt 0.340450 0.330620
vt 0.422840 0.207820
vt 0.381344 0.246631
vt 0.362220 0.273065
vt 0.355845 0.298178
vt 0.356447 0.321848
vt 0.358251 0.345759
vt 0.424644 0.230049
vt 0.389523 0.262972
vt 0.370880 0.287844
vt 0.367873 0.312957
vt 0.371482 0.337709
vt 0.376894 0.361139
vt 0.391929 0.374957
vt 0.406843 0.388895
vt 0.425607 0.251918
vt 0.396499 0.281236
vt 0.379901 0.303585
vt 0.381585 0.331341
vt 0.385915 0.352248
vt 0.399747 0.367748
vt 0.413579 0.383849
vt 0.421758 0.394543
vt 0.429937 0.272705
vt 0.403355 0.300100
vt 0.391568 0.324852
vt 0.393613 0.347442
vt 0.405641 0.363542
vt 0.418149 0.381686
vt 0.425967 0.392620
vt 0.434748 0.405597
vt 0.433425 0.294092
vt 0.411775 0.317643
vt 0.400709 0.342635
vt 0.411173 0.359337
vt 0.422720 0.379283
vt 0.430297 0.390938
vt 0.438356 0.404155
vt 0.441123 0.415570
vt 0.434748 0.375918
vt 0.426208 0.351527
vt 0.418149 0.332062
vt 0.435951 0.314399
vt 0.453150 0.293612
vt 0.454353 0.274026
vt 0.478288 0.275348
vt 0.483460 0.257685
vt 0.512207 0.277391
vt 0.523633 0.257445
vt 0.554545 0.277871
vt 0.568497 0.256243
vt 0.577999 0.299860
vt 0.593755 0.278953
vt 0.602656 0.323891
vt 0.619495 0.303344
vt 0.585336 0.343957
vt 0.562002 0.320046
vt 0.540352 0.298658
vt 0.504990 0.294212
vt 0.472756 0.292650
vt 0.452910 0.315240
vt 0.437634 0.331821
vt 0.442325 0.352007
vt 0.570061 0.360058
vt 0.549854 0.336147
vt 0.531090 0.314759
vt 0.496811 0.311755
vt 0.470831 0.315961
vt 0.452308 0.335065
vt 0.453872 0.355252
vt 0.455075 0.376279
vt 0.446415 0.375438
vt 0.456759 0.388295
vt 0.450624 0.388535
vt 0.457961 0.400791
vt 0.454594 0.401752
vt 0.457119 0.410043
vt 0.450023 0.412085
vt 0.454233 0.422659
vt 0.449903 0.424702
vt 0.453631 0.432392
vt 0.450985 0.433353
vt 0.453752 0.441524
vt 0.554304 0.375318
vt 0.537345 0.351767
vt 0.521468 0.330620
vt 0.490677 0.332662
vt 0.468426 0.339031
vt 0.465539 0.358616
vt 0.462893 0.377240
vt 0.462532 0.388054
vt 0.461690 0.399830
vt 0.460608 0.408601
vt 0.459645 0.419175
vt 0.465058 0.426985
vt 0.458683 0.430229
vt 0.470831 0.433954
vt 0.463254 0.437318
vt 0.540111 0.387934
vt 0.525077 0.368229
vt 0.510763 0.350085
vt 0.483581 0.353930
vt 0.525077 0.399709
vt 0.511846 0.384209
vt 0.498976 0.369670
vt 0.477446 0.370151
vt 0.510763 0.410043
vt 0.499938 0.395744
vt 0.489595 0.382527
vt 0.470951 0.385651
vt 0.467945 0.395864
vt 0.464336 0.406919
vt 0.495849 0.419655
vt 0.487670 0.406558
vt 0.479852 0.394543
vt 0.473838 0.404275
vt 0.467103 0.414248
vt 0.463374 0.416772
vt 0.480453 0.414248
vt 0.472996 0.421818
vt 0.468907 0.424462
vt 0.487670 0.424582
vt 0.479251 0.429388
vt 0.474921 0.431791
vt 0.360536 0.475167
vt 0.388922 0.450055
vt 0.388200 0.474687
vt 0.407565 0.468799
vt 0.406723 0.449334
vt 0.405641 0.433834
vt 0.404077 0.422299
vt 0.402634 0.411845
vt 0.418510 0.414849
vt 0.424043 0.423620
vt 0.430057 0.432272
vt 0.431621 0.441404
vt 0.424284 0.434915
vt 0.419352 0.425543
vt 0.414661 0.416651
vt 0.424644 0.445128
vt 0.424765 0.457264
vt 0.433184 0.452097
vt 0.456759 0.439962
vt 0.140668 0.112897
vt 0.367392 0.076009
vt 0.314349 0.102564
vt 0.368956 0.069280
vt 0.312545 0.090668
vt 0.367152 0.056784
vt 0.309659 0.082137
vt 0.364024 0.053420
vt 0.304126 0.070001
vt 0.348027 0.037799
vt 0.299676 0.051137
vt 0.330707 0.030710
vt 0.262389 0.120106
vt 0.258661 0.112897
vt 0.225584 0.130320
vt 0.254692 0.101723
vt 0.222337 0.118304
vt 0.200567 0.102924
vt 0.218127 0.099319
vt 0.252887 0.081296
vt 0.905636 0.772794
vt 0.891804 0.767988
vt 0.912492 0.764263
vt 0.892766 0.762340
vt 0.878694 0.766305
vt 0.879295 0.761259
vt 0.869432 0.763902
vt 0.869432 0.768108
vt 0.653052 0.952427
vt 0.654616 0.947260
vt 0.666283 0.950745
vt 0.668568 0.946659
vt 0.683483 0.946659
vt 0.680957 0.950865
vt 0.699600 0.947260
vt 0.693947 0.952547
vt 0.799792 0.957834
vt 0.800874 0.951826
vt 0.816149 0.957233
vt 0.816029 0.950985
vt 0.827095 0.952787
vt 0.828297 0.957834
vt 0.835514 0.954350
vt 0.835755 0.957834
vt 0.923678 0.581626
vt 0.922355 0.573936
vt 0.934383 0.576459
vt 0.931376 0.569250
vt 0.939675 0.570451
vt 0.940396 0.576459
vt 0.948215 0.576940
vt 0.947733 0.581626
vt 0.791252 0.079253
vt 0.814345 0.081656
vt 0.797145 0.096315
vt 0.814225 0.095354
vt 0.813864 0.107610
vt 0.801235 0.109533
vt 0.811458 0.123230
vt 0.804122 0.123230
vt 0.908763 0.810523
vt 0.909004 0.804755
vt 0.924520 0.808360
vt 0.923678 0.802352
vt 0.935585 0.804275
vt 0.936427 0.808480
vt 0.945809 0.806678
vt 0.948335 0.810523
vt 0.727504 0.240262
vt 0.713312 0.224642
vt 0.742058 0.235696
vt 0.735443 0.218634
vt 0.764069 0.218634
vt 0.762144 0.232092
vt 0.794740 0.225363
vt 0.792214 0.234255
vt 0.852233 0.386733
vt 0.830462 0.381926
vt 0.854398 0.379163
vt 0.832988 0.372554
vt 0.816991 0.382287
vt 0.816270 0.374116
vt 0.797987 0.380845
vt 0.803640 0.386733
vt 0.717521 0.844887
vt 0.725580 0.826504
vt 0.732917 0.842965
vt 0.735202 0.829147
vt 0.753124 0.829147
vt 0.748072 0.843926
vt 0.766234 0.832391
vt 0.766234 0.842725
vt 0.764550 0.723890
vt 0.743501 0.727014
vt 0.762505 0.718844
vt 0.742058 0.717642
vt 0.733158 0.734224
vt 0.725941 0.717642
vt 0.714274 0.726534
vt 0.723054 0.744317
vt 0.779344 0.744317
vt 0.785719 0.723770
vt 0.794860 0.740952
vt 0.794740 0.723650
vt 0.811338 0.724852
vt 0.807970 0.743356
vt 0.825772 0.727135
vt 0.823005 0.744317
vt 0.778983 0.776158
vt 0.753003 0.773995
vt 0.782111 0.768829
vt 0.756251 0.762340
vt 0.736525 0.775317
vt 0.733759 0.758976
vt 0.714274 0.761739
vt 0.724377 0.776158
vt 0.867749 0.008481
vt 0.868951 0.026264
vt 0.862336 0.007400
vt 0.860532 0.025664
vt 0.871357 0.037679
vt 0.860532 0.041644
vt 0.863298 0.054501
vt 0.872800 0.047292
vt 0.856322 0.356453
vt 0.872800 0.347201
vt 0.857284 0.357775
vt 0.871357 0.355011
vt 0.887234 0.345639
vt 0.886993 0.353690
vt 0.904674 0.357775
vt 0.896856 0.346841
vt 0.937390 0.211305
vt 0.944847 0.210944
vt 0.937390 0.214189
vt 0.945568 0.215270
vt 0.956995 0.211665
vt 0.957356 0.215270
vt 0.970346 0.212506
vt 0.967339 0.208541
vt 0.769361 0.185832
vt 0.759979 0.186432
vt 0.771767 0.175498
vt 0.764069 0.176099
vt 0.774533 0.167568
vt 0.765512 0.168289
vt 0.763949 0.150986
vt 0.773932 0.146541
vt 0.759979 0.121548
vt 0.776458 0.113498
vt 0.957717 0.084060
vt 0.956153 0.092470
vt 0.956634 0.082978
vt 0.953266 0.092350
vt 0.955551 0.103405
vt 0.953266 0.102564
vt 0.956033 0.117223
vt 0.959521 0.116982
vt 0.823727 0.474927
vt 0.814706 0.463993
vt 0.825651 0.474446
vt 0.822644 0.463512
vt 0.814706 0.445008
vt 0.823727 0.453059
vt 0.835153 0.439481
vt 0.823847 0.435155
vt 0.805204 0.059307
vt 0.810256 0.038641
vt 0.810256 0.063393
vt 0.819517 0.041524
vt 0.809053 0.025904
vt 0.819517 0.025423
vt 0.815788 0.007400
vt 0.806647 0.011365
vt 0.949417 0.918543
vt 0.944967 0.920946
vt 0.940517 0.912055
vt 0.938472 0.915299
vt 0.932338 0.914938
vt 0.932578 0.909411
vt 0.922114 0.920946
vt 0.922114 0.918062
vt 0.348268 0.975857
vt 0.343697 0.979102
vt 0.340450 0.972253
vt 0.338525 0.976218
vt 0.331910 0.975257
vt 0.332030 0.972253
vt 0.322528 0.976699
vt 0.320003 0.974896
vt 0.511605 0.951225
vt 0.491639 0.950144
vt 0.515575 0.947981
vt 0.492842 0.946659
vt 0.483100 0.950144
vt 0.483340 0.946659
vt 0.473598 0.948342
vt 0.473958 0.952547
vt 0.733398 0.098839
vt 0.725700 0.088746
vt 0.754086 0.090067
vt 0.743141 0.076009
vt 0.717281 0.070963
vt 0.736525 0.064594
vt 0.713312 0.055703
vt 0.733037 0.054261
vt 0.713312 0.036958
vt 0.732797 0.038160
vt 0.736405 0.007400
vt 0.724257 0.011005
vt 0.738450 0.388895
vt 0.722453 0.371953
vt 0.752402 0.372554
vt 0.739773 0.365225
vt 0.716198 0.359097
vt 0.733037 0.354651
vt 0.713312 0.345159
vt 0.729429 0.342755
vt 0.713312 0.329178
vt 0.729068 0.324852
vt 0.731955 0.296495
vt 0.720889 0.300340
vt 0.731955 0.202654
vt 0.718243 0.185952
vt 0.745306 0.203855
vt 0.741096 0.181746
vt 0.713312 0.175859
vt 0.738329 0.169490
vt 0.714274 0.161440
vt 0.738209 0.156874
vt 0.721611 0.142576
vt 0.740615 0.141855
vt 0.745306 0.113498
vt 0.729429 0.120707
vt 0.714274 0.538369
vt 0.720889 0.528396
vt 0.730271 0.545459
vt 0.736044 0.533203
vt 0.749756 0.537528
vt 0.743983 0.548703
vt 0.765392 0.538850
vt 0.762986 0.551947
vt 0.773451 0.538490
vt 0.778863 0.551947
vt 0.790771 0.541373
vt 0.788245 0.547862
vt 0.722212 0.478412
vt 0.732195 0.486943
vt 0.714274 0.484540
vt 0.723054 0.497156
vt 0.740615 0.491388
vt 0.733639 0.510493
vt 0.751440 0.490667
vt 0.756131 0.513737
vt 0.765873 0.485381
vt 0.775375 0.505567
vt 0.784757 0.485140
vt 0.781750 0.478412
vt 0.440040 0.388775
vt 0.445693 0.401992
vt 0.444250 0.414248
vt 0.447377 0.425663
vt 0.882783 0.079253
vt 0.880257 0.091509
vt 0.867989 0.079494
vt 0.863058 0.089947
vt 0.848624 0.091389
vt 0.851992 0.079253
vt 0.829019 0.088145
vt 0.832507 0.080575
vt 0.904554 0.861349
vt 0.905756 0.867116
vt 0.881220 0.856422
vt 0.880739 0.860748
vt 0.868350 0.861589
vt 0.869192 0.858946
vt 0.854157 0.867116
vt 0.854277 0.866395
vt 0.946290 0.551947
vt 0.944847 0.550505
vt 0.951943 0.546780
vt 0.946410 0.547141
vt 0.946651 0.538610
vt 0.953507 0.536687
vt 0.944847 0.521548
vt 0.947854 0.521548
vt 0.841648 0.357775
vt 0.831665 0.354651
vt 0.838401 0.338069
vt 0.827696 0.339151
vt 0.829380 0.323530
vt 0.837078 0.326054
vt 0.835273 0.305988
vt 0.841648 0.308631
vt 0.876048 0.545459
vt 0.871116 0.551947
vt 0.876048 0.537769
vt 0.866185 0.540532
vt 0.863419 0.523470
vt 0.871357 0.525152
vt 0.867027 0.508451
vt 0.873041 0.506648
vt 0.916822 0.983668
vt 0.915379 0.981985
vt 0.921874 0.981144
vt 0.921032 0.979342
vt 0.928248 0.978501
vt 0.928248 0.980784
vt 0.948215 0.982586
vt 0.947012 0.983668
vt 0.796785 0.772794
vt 0.796905 0.766906
vt 0.812661 0.771232
vt 0.808812 0.764383
vt 0.824930 0.770631
vt 0.822404 0.762941
vt 0.835153 0.762220
vt 0.836717 0.770871
vt 0.848624 0.758976
vt 0.854638 0.772794
vt 0.902990 0.657564
vt 0.901186 0.658525
vt 0.901908 0.651196
vt 0.899382 0.649994
vt 0.900825 0.643386
vt 0.896375 0.641583
vt 0.896856 0.634134
vt 0.901186 0.634014
vt 0.896375 0.622959
vt 0.905396 0.617432
vt 0.879656 0.617432
vt 0.881701 0.620676
vt 0.868350 0.630890
vt 0.873762 0.632452
vt 0.873041 0.646510
vt 0.868350 0.646510
vt 0.876769 0.657444
vt 0.876048 0.658285
vt 0.768519 0.366666
vt 0.767076 0.352248
vt 0.777781 0.369550
vt 0.776578 0.355492
vt 0.767076 0.343116
vt 0.776458 0.344678
vt 0.768760 0.329298
vt 0.777420 0.331941
vt 0.771887 0.316561
vt 0.780788 0.319325
vt 0.783313 0.299379
vt 0.774052 0.296495
vt 0.839363 0.859546
vt 0.818675 0.867116
vt 0.829861 0.855822
vt 0.817232 0.861349
vt 0.806768 0.867116
vt 0.804242 0.862550
vt 0.793657 0.861349
vt 0.794620 0.865795
vt 0.780908 0.859546
vt 0.783073 0.862190
vt 0.902148 0.920946
vt 0.879295 0.920946
vt 0.907440 0.915419
vt 0.883986 0.912535
vt 0.868350 0.918423
vt 0.870274 0.913256
vt 0.859449 0.914938
vt 0.859810 0.917822
vt 0.753966 0.636176
vt 0.749996 0.636297
vt 0.757213 0.625723
vt 0.748072 0.624041
vt 0.764189 0.616591
vt 0.751680 0.612386
vt 0.750718 0.594002
vt 0.764550 0.595804
vt 0.748072 0.578622
vt 0.762385 0.572013
vt 0.724257 0.011005
vt 0.736405 0.007400
vt 0.713312 0.036958
vt 0.732797 0.038160
vt 0.733037 0.054261
vt 0.713312 0.055703
vt 0.736525 0.064594
vt 0.717281 0.070963
vt 0.743141 0.076009
vt 0.725700 0.088746
vt 0.754086 0.090067
vt 0.733398 0.098839
vt 0.724257 0.011005
vt 0.736405 0.007400
vt 0.713312 0.036958
vt 0.732797 0.038160
vt 0.733037 0.054261
vt 0.713312 0.055703
vt 0.736525 0.064594
vt 0.717281 0.070963
vt 0.743141 0.076009
vt 0.725700 0.088746
vt 0.754086 0.090067
vt 0.733398 0.098839
vt 0.851992 0.617432
vt 0.853676 0.636297
vt 0.833830 0.618754
vt 0.838762 0.634735
vt 0.824208 0.635095
vt 0.822644 0.617432
vt 0.808331 0.630529
vt 0.808091 0.620676
vt 0.808091 0.620676
vt 0.822644 0.617432
vt 0.808331 0.630529
vt 0.824208 0.635095
vt 0.833830 0.618754
vt 0.838762 0.634735
vt 0.853676 0.636297
vt 0.851992 0.617432
vt 0.808091 0.620676
vt 0.822644 0.617432
vt 0.808331 0.630529
vt 0.824208 0.635095
vt 0.833830 0.618754
vt 0.838762 0.634735
vt 0.853676 0.636297
vt 0.851992 0.617432
vt 0.800032 0.426504
vt 0.782832 0.441644
vt 0.791853 0.423741
vt 0.776458 0.437318
vt 0.783915 0.421217
vt 0.770323 0.432752
vt 0.773090 0.452938
vt 0.769121 0.443927
vt 0.765031 0.435035
vt 0.758897 0.458346
vt 0.759258 0.446090
vt 0.759378 0.433954
vt 0.743381 0.463753
vt 0.748794 0.447051
vt 0.754206 0.430349
vt 0.725339 0.453179
vt 0.736285 0.438880
vt 0.747350 0.424582
vt 0.713312 0.430589
vt 0.726422 0.423020
vt 0.739532 0.415450
vt 0.726302 0.403554
vt 0.734962 0.403554
vt 0.729429 0.120707
vt 0.737247 0.117102
vt 0.721611 0.142576
vt 0.731113 0.142215
vt 0.726181 0.159157
vt 0.738209 0.156874
vt 0.738329 0.169490
vt 0.745306 0.113498
vt 0.740615 0.141855
vt 0.970586 0.961319
vt 0.978404 0.959636
vt 0.971067 0.963842
vt 0.979126 0.962400
vt 0.984539 0.959636
vt 0.984899 0.962039
vt 0.991875 0.963842
vt 0.991755 0.960958
vt 0.890842 0.055703
vt 0.887474 0.057385
vt 0.893248 0.044288
vt 0.889038 0.045970
vt 0.894330 0.033954
vt 0.888557 0.036358
vt 0.887594 0.023982
vt 0.893969 0.022660
vt 0.887474 0.008121
vt 0.894450 0.007400
vt 0.714274 0.161440
vt 0.725821 0.172735
vt 0.713312 0.175859
vt 0.729549 0.183909
vt 0.718243 0.185952
vt 0.738690 0.203254
vt 0.731955 0.202654
vt 0.741096 0.181746
vt 0.745306 0.203855
vt 0.838882 0.062552
vt 0.835875 0.061951
vt 0.840686 0.049455
vt 0.834191 0.048493
vt 0.843092 0.039482
vt 0.837679 0.039842
vt 0.838641 0.027827
vt 0.845738 0.026385
vt 0.834191 0.013408
vt 0.843452 0.007400
vt 0.891203 0.193041
vt 0.888196 0.191960
vt 0.890241 0.177661
vt 0.886151 0.178262
vt 0.891203 0.167688
vt 0.886271 0.169250
vt 0.886151 0.157235
vt 0.890842 0.156754
vt 0.883625 0.140773
vt 0.891203 0.139692
vt 0.847542 0.551947
vt 0.837559 0.551346
vt 0.846580 0.537288
vt 0.837920 0.538730
vt 0.847542 0.528156
vt 0.838401 0.529598
vt 0.837920 0.518424
vt 0.847903 0.517342
vt 0.837559 0.495594
vt 0.848745 0.495954
vt 0.776458 0.113498
vt 0.773932 0.146541
vt 0.759979 0.121548
vt 0.763949 0.150986
vt 0.774533 0.167568
vt 0.765512 0.168289
vt 0.764069 0.176099
vt 0.771767 0.175498
vt 0.759979 0.186432
vt 0.769361 0.185832
vt 0.783554 0.636297
vt 0.779344 0.636056
vt 0.785839 0.626804
vt 0.779946 0.627165
vt 0.787764 0.619355
vt 0.781750 0.618754
vt 0.781389 0.602533
vt 0.788365 0.602893
vt 0.779344 0.574657
vt 0.793417 0.569250
vt 0.802919 0.357775
vt 0.797987 0.357535
vt 0.805084 0.349124
vt 0.798950 0.349124
vt 0.807610 0.342155
vt 0.801355 0.341073
vt 0.800994 0.318724
vt 0.809654 0.321968
vt 0.797987 0.300340
vt 0.813022 0.296495
vt 0.753966 0.636176
vt 0.749996 0.636297
vt 0.757213 0.625723
vt 0.748072 0.624041
vt 0.764189 0.616591
vt 0.751680 0.612386
vt 0.750718 0.594002
vt 0.764550 0.595804
vt 0.748072 0.578622
vt 0.762385 0.572013
vt 0.716679 0.636297
vt 0.714274 0.636297
vt 0.729188 0.621157
vt 0.720769 0.621758
vt 0.733398 0.612746
vt 0.723054 0.609382
vt 0.718844 0.589796
vt 0.733398 0.589556
vt 0.715717 0.574657
vt 0.729549 0.566606
vt 0.724377 0.272224
vt 0.713312 0.261049
vt 0.753124 0.279794
vt 0.743742 0.264294
vt 0.770444 0.280875
vt 0.763588 0.263332
vt 0.778141 0.262371
vt 0.788846 0.281836
vt 0.798950 0.260569
vt 0.819878 0.281836
vt 0.913454 0.489947
vt 0.912011 0.491989
vt 0.897578 0.485260
vt 0.897457 0.488745
vt 0.880859 0.486943
vt 0.881099 0.484900
vt 0.864140 0.491989
vt 0.863419 0.489346
vt 0.836717 0.837678
vt 0.828899 0.840442
vt 0.810256 0.826023
vt 0.810376 0.829988
vt 0.797867 0.829027
vt 0.794740 0.825182
vt 0.780908 0.841042
vt 0.780908 0.838759
vt 0.859690 0.585350
vt 0.853075 0.584990
vt 0.842250 0.570571
vt 0.838280 0.576819
vt 0.827455 0.575978
vt 0.827576 0.569250
vt 0.808692 0.585350
vt 0.808091 0.584149
vt 0.900224 0.311275
vt 0.897578 0.318724
vt 0.886151 0.305988
vt 0.885189 0.312957
vt 0.871718 0.312356
vt 0.873402 0.305988
vt 0.856322 0.317643
vt 0.857044 0.316441
vt 0.717521 0.844887
vt 0.725580 0.826504
vt 0.732917 0.842965
vt 0.735202 0.829147
vt 0.753124 0.829147
vt 0.748072 0.843926
vt 0.766234 0.832391
vt 0.766234 0.842725
vt 0.204776 0.490187
vt 0.206220 0.482497
vt 0.170497 0.504726
vt 0.173504 0.492109
vt 0.142593 0.510133
vt 0.146562 0.495233
vt 0.108554 0.510133
vt 0.113846 0.493551
vt 0.078364 0.503164
vt 0.084498 0.486102
vt 0.046851 0.488024
vt 0.055271 0.472644
vt 0.013053 0.463512
vt 0.025923 0.451256
vt 0.207543 0.474687
vt 0.176511 0.479493
vt 0.150531 0.480334
vt 0.119259 0.476850
vt 0.090632 0.469039
vt 0.063931 0.457384
vt 0.038793 0.439000
vt 0.210429 0.459307
vt 0.182645 0.454380
vt 0.158469 0.450535
vt 0.129843 0.443686
vt 0.102781 0.434675
vt 0.081130 0.426744
vt 0.064652 0.414489
vt 0.964572 0.026985
vt 0.964693 0.034075
vt 0.962287 0.025784
vt 0.960723 0.032753
vt 0.965053 0.045489
vt 0.960723 0.044889
vt 0.963009 0.057385
vt 0.966858 0.056544
vt 0.919348 0.353569
vt 0.929211 0.347682
vt 0.920070 0.356453
vt 0.931857 0.354050
vt 0.942321 0.347682
vt 0.939915 0.354050
vt 0.944847 0.357775
vt 0.952184 0.353209
vt 0.717281 0.702863
vt 0.714274 0.696495
vt 0.737728 0.698778
vt 0.727144 0.688925
vt 0.748553 0.696375
vt 0.744464 0.684239
vt 0.761784 0.684599
vt 0.760340 0.699739
vt 0.778743 0.691809
vt 0.781870 0.702863
vt 0.714274 0.803914
vt 0.720649 0.790937
vt 0.727865 0.806558
vt 0.737608 0.794542
vt 0.759258 0.804755
vt 0.744464 0.811844
vt 0.766234 0.804755
vt 0.761543 0.811844
vt 0.796664 0.186432
vt 0.794259 0.170812
vt 0.805445 0.186432
vt 0.810857 0.168890
vt 0.794740 0.156754
vt 0.812060 0.155913
vt 0.813263 0.141494
vt 0.791252 0.137889
vt 0.779344 0.744317
vt 0.785719 0.723770
vt 0.794860 0.740952
vt 0.794740 0.723650
vt 0.811338 0.724852
vt 0.807970 0.743356
vt 0.825772 0.727135
vt 0.823005 0.744317
vt 0.791252 0.137889
vt 0.813263 0.141494
vt 0.794740 0.156754
vt 0.812060 0.155913
vt 0.810857 0.168890
vt 0.794259 0.170812
vt 0.805445 0.186432
vt 0.796664 0.186432
vt 0.791252 0.079253
vt 0.814345 0.081656
vt 0.797145 0.096315
vt 0.814225 0.095354
vt 0.813864 0.107610
vt 0.801235 0.109533
vt 0.811458 0.123230
vt 0.804122 0.123230
vt 0.783554 0.636297
vt 0.779344 0.636056
vt 0.785839 0.626804
vt 0.779946 0.627165
vt 0.787764 0.619355
vt 0.781750 0.618754
vt 0.781389 0.602533
vt 0.788365 0.602893
vt 0.779344 0.574657
vt 0.793417 0.569250
vt 0.802919 0.357775
vt 0.797987 0.357535
vt 0.805084 0.349124
vt 0.798950 0.349124
vt 0.807610 0.342155
vt 0.801355 0.341073
vt 0.800994 0.318724
vt 0.809654 0.321968
vt 0.797987 0.300340
vt 0.813022 0.296495
vt 0.454714 0.254321
vt 0.492602 0.238580
vt 0.535060 0.236778
vt 0.581848 0.237018
vt 0.608549 0.259968
vt 0.635011 0.283759
vt 0.458683 0.233654
vt 0.501983 0.218754
vt 0.546967 0.217433
vt 0.594958 0.217313
vt 0.623344 0.240623
vt 0.650767 0.264294
vt 0.462171 0.212506
vt 0.513049 0.199529
vt 0.558995 0.197727
vt 0.603859 0.205778
vt 0.633086 0.229448
vt 0.660630 0.252278
vt 0.467343 0.189797
vt 0.524355 0.179944
vt 0.568377 0.182587
vt 0.612759 0.194122
vt 0.642949 0.218034
vt 0.670853 0.240503
vt 0.472756 0.166246
vt 0.533616 0.160959
vt 0.577758 0.167328
vt 0.616007 0.188836
vt 0.647640 0.212266
vt 0.676386 0.234375
vt 0.487670 0.146781
vt 0.542998 0.141374
vt 0.580886 0.160599
vt 0.619134 0.183549
vt 0.652210 0.206619
vt 0.681919 0.228247
vt 0.439679 0.133203
vt 0.503306 0.127075
vt 0.546005 0.133083
vt 0.584013 0.153870
vt 0.621900 0.177541
vt 0.656059 0.200250
vt 0.686610 0.222359
vt 0.462291 0.112777
vt 0.511245 0.115060
vt 0.549132 0.124672
vt 0.586899 0.146541
vt 0.624667 0.171533
vt 0.660029 0.194002
vt 0.691060 0.216111
vt 0.475522 0.097036
vt 0.519303 0.103164
vt 0.552139 0.116141
vt 0.589786 0.139211
vt 0.488753 0.081296
vt 0.525077 0.094032
vt 0.555146 0.107850
vt 0.497413 0.071443
vt 0.530850 0.084780
vt 0.716679 0.636297
vt 0.714274 0.636297
vt 0.729188 0.621157
vt 0.720769 0.621758
vt 0.733398 0.612746
vt 0.723054 0.609382
vt 0.718844 0.589796
vt 0.733398 0.589556
vt 0.715717 0.574657
vt 0.729549 0.566606
vt 0.404678 0.486943
vt 0.436552 0.514098
vt 0.383630 0.492230
vt 0.426930 0.528156
vt 0.421036 0.537889
vt 0.468426 0.572133
vt 0.416345 0.545579
vt 0.463615 0.578261
vt 0.412136 0.557594
vt 0.456398 0.588474
vt 0.410452 0.568288
vt 0.450023 0.597366
vt 0.408287 0.582346
vt 0.441243 0.609862
vt 0.404558 0.590757
vt 0.435109 0.617672
vt 0.398905 0.599889
vt 0.427291 0.626083
vt 0.393252 0.606978
vt 0.420194 0.633052
vt 0.385674 0.616951
vt 0.410692 0.642665
vt 0.377856 0.625362
vt 0.401912 0.651316
vt 0.364024 0.637498
vt 0.387839 0.664293
vt 0.356327 0.650114
vt 0.377135 0.676188
vt 0.366791 0.684960
vt 0.383750 0.703584
vt 0.373887 0.711755
vt 0.390365 0.730619
vt 0.379420 0.737949
vt 0.394455 0.758615
vt 0.383990 0.765464
vt 0.398063 0.785290
vt 0.381946 0.789495
vt 0.404197 0.801151
vt 0.389523 0.804395
vt 0.409971 0.816170
vt 0.397221 0.819294
vt 0.398544 0.835635
vt 0.386757 0.838038
vt 0.387358 0.857023
vt 0.367031 0.862430
vt 0.369557 0.889345
vt 0.343457 0.889465
vt 0.341412 0.918303
vt 0.316755 0.889826
vt 0.313628 0.912055
vt 0.289091 0.887182
vt 0.287046 0.904605
vt 0.268403 0.897155
vt 0.271651 0.883097
vt 0.291256 0.871322
vt 0.319521 0.869880
vt 0.345742 0.866756
vt 0.365708 0.844887
vt 0.385915 0.821457
vt 0.377255 0.806437
vt 0.368595 0.792740
vt 0.368234 0.773034
vt 0.369076 0.745518
vt 0.363062 0.721367
vt 0.356808 0.693251
vt 0.344419 0.663332
vt 0.295225 0.625843
vt 0.303524 0.593881
vt 0.245550 0.599649
vt 0.234244 0.576459
vt 0.185532 0.581145
vt 0.181081 0.560118
vt 0.140668 0.582947
vt 0.138263 0.574777
vt 0.098571 0.598808
vt 0.096045 0.592319
vt 0.064652 0.617432
vt 0.060803 0.610824
vt 0.032658 0.635215
vt 0.028208 0.628246
vt 0.336601 0.600490
vt 0.344299 0.594723
vt 0.354763 0.587754
vt 0.362100 0.579102
vt 0.367272 0.572013
vt 0.369918 0.561439
vt 0.368956 0.548943
vt 0.364385 0.531521
vt 0.362701 0.518303
vt 0.366550 0.506889
vt 0.373767 0.499679
vt 0.227990 0.485381
vt 0.237131 0.501001
vt 0.199364 0.503885
vt 0.205137 0.516261
vt 0.171459 0.521668
vt 0.173865 0.531280
vt 0.132128 0.548943
vt 0.134053 0.557715
vt 0.092196 0.577540
vt 0.094241 0.584990
vt 0.057556 0.603734
vt 0.135857 0.566606
vt 0.178676 0.550505
vt 0.222217 0.553149
vt 0.284039 0.573335
vt 0.176270 0.540893
vt 0.216563 0.540893
vt 0.264073 0.546540
vt 0.210910 0.528637
vt 0.255173 0.531400
vt 0.246272 0.516261
vt 0.483941 0.551346
vt 0.473958 0.565044
vt 0.500901 0.584629
vt 0.496450 0.594242
vt 0.519303 0.597967
vt 0.515093 0.609502
vt 0.524475 0.606258
vt 0.523032 0.611184
vt 0.535541 0.614188
vt 0.533496 0.621277
vt 0.553943 0.627525
vt 0.551177 0.636176
vt 0.583171 0.640142
vt 0.580284 0.650355
vt 0.607467 0.651556
vt 0.605903 0.662250
vt 0.622261 0.669700
vt 0.616728 0.676909
vt 0.632846 0.686281
vt 0.625268 0.696375
vt 0.646317 0.708030
vt 0.642348 0.714518
vt 0.666163 0.728096
vt 0.660269 0.736867
vt 0.637657 0.721848
vt 0.621419 0.700940
vt 0.610474 0.684840
vt 0.601453 0.667657
vt 0.575353 0.655041
vt 0.547448 0.639421
vt 0.530850 0.625002
vt 0.616247 0.706948
vt 0.606625 0.689165
vt 0.596762 0.673425
vt 0.570301 0.659246
vt 0.544201 0.642064
vt 0.528444 0.628847
vt 0.510643 0.617552
vt 0.491880 0.601331
vt 0.601213 0.695053
vt 0.592673 0.677510
vt 0.566452 0.662370
vt 0.541434 0.645669
vt 0.526039 0.632452
vt 0.515695 0.625242
vt 0.503066 0.626924
vt 0.483821 0.610824
vt 0.475763 0.619114
vt 0.464697 0.631130
vt 0.512207 0.628967
vt 0.521709 0.637738
vt 0.538427 0.649754
vt 0.562242 0.666576
vt 0.587501 0.683157
vt 0.592553 0.704906
vt 0.608309 0.717522
vt 0.600250 0.727255
vt 0.623103 0.743956
vt 0.616247 0.757053
vt 0.636695 0.774236
vt 0.627313 0.787573
vt 0.609151 0.769550
vt 0.595559 0.739030
vt 0.584253 0.713917
vt 0.578841 0.693130
vt 0.556710 0.674626
vt 0.534939 0.655762
vt 0.517980 0.642425
vt 0.590748 0.750445
vt 0.577758 0.724972
vt 0.570542 0.702142
vt 0.551658 0.682196
vt 0.530850 0.662250
vt 0.514372 0.647351
vt 0.495127 0.636176
vt 0.571143 0.736387
vt 0.562002 0.712355
vt 0.542998 0.692049
vt 0.523272 0.673545
vt 0.507997 0.657204
vt 0.497653 0.646990
vt 0.484423 0.649754
vt 0.457480 0.639060
vt 0.448580 0.647711
vt 0.492842 0.653359
vt 0.501743 0.666696
vt 0.516657 0.683999
vt 0.533496 0.701661
vt 0.552741 0.722929
vt 0.565731 0.742034
vt 0.584734 0.757654
vt 0.578119 0.765104
vt 0.595078 0.784689
vt 0.587741 0.792259
vt 0.603137 0.812085
vt 0.595920 0.819294
vt 0.580645 0.799348
vt 0.571263 0.772433
vt 0.560077 0.747801
vt 0.548170 0.726894
vt 0.530128 0.705026
vt 0.512928 0.687843
vt 0.498976 0.670181
vt 0.564407 0.779643
vt 0.554424 0.753449
vt 0.543479 0.731100
vt 0.525558 0.709832
vt 0.510523 0.691088
vt 0.495849 0.674026
vt 0.477446 0.658165
vt 0.548531 0.759216
vt 0.538788 0.735545
vt 0.522070 0.713557
vt 0.507757 0.694572
vt 0.492962 0.677750
vt 0.482017 0.667297
vt 0.468426 0.667297
vt 0.440401 0.655041
vt 0.429456 0.664774
vt 0.478770 0.670781
vt 0.490436 0.681235
vt 0.505712 0.697576
vt 0.518702 0.717041
vt 0.533857 0.739751
vt 0.540352 0.764143
vt 0.555627 0.784449
vt 0.546366 0.789255
vt 0.562844 0.811724
vt 0.553582 0.817612
vt 0.571143 0.840201
vt 0.563926 0.845248
vt 0.547689 0.821217
vt 0.537225 0.795503
vt 0.531211 0.769429
vt 0.526760 0.745158
vt 0.513169 0.723890
vt 0.501141 0.704305
vt 0.483941 0.687243
vt 0.532053 0.798868
vt 0.524475 0.774836
vt 0.519905 0.750685
vt 0.508839 0.730619
vt 0.496811 0.711154
vt 0.478409 0.692289
vt 0.459044 0.675588
vt 0.519063 0.779282
vt 0.513770 0.756453
vt 0.504750 0.737949
vt 0.492241 0.719084
vt 0.473237 0.697576
vt 0.462051 0.685320
vt 0.446896 0.685681
vt 0.419593 0.673064
vt 0.405039 0.685681
vt 0.456879 0.689405
vt 0.467463 0.703824
vt 0.486347 0.727976
vt 0.499457 0.745278
vt 0.508117 0.762460
vt 0.512327 0.785050
vt 0.525317 0.804755
vt 0.514853 0.812806
vt 0.529046 0.838279
vt 0.519544 0.845128
vt 0.532895 0.868558
vt 0.521468 0.875047
vt 0.509561 0.851856
vt 0.505110 0.820015
vt 0.503667 0.791778
vt 0.501863 0.767507
vt 0.491038 0.751286
vt 0.478770 0.732301
vt 0.460608 0.708270
vt 0.496210 0.826383
vt 0.495849 0.798387
vt 0.494766 0.773034
vt 0.483460 0.755251
vt 0.471072 0.736747
vt 0.453391 0.713557
vt 0.435951 0.694572
vt 0.487790 0.804755
vt 0.487550 0.778922
vt 0.476725 0.759697
vt 0.464938 0.740352
vt 0.447618 0.717522
vt 0.437274 0.705506
vt 0.421277 0.706227
vt 0.393613 0.695533
vt 0.431981 0.709351
vt 0.441964 0.721247
vt 0.458683 0.743836
vt 0.469628 0.764383
vt 0.479972 0.785050
vt 0.472154 0.810162
vt 0.480453 0.831069
vt 0.465178 0.835395
vt 0.480453 0.868078
vt 0.467103 0.873965
vt 0.478048 0.903764
vt 0.461449 0.910012
vt 0.452789 0.879492
vt 0.454353 0.841283
vt 0.457119 0.814848
vt 0.464336 0.792620
vt 0.456518 0.772553
vt 0.447858 0.751887
vt 0.432823 0.729057
vt 0.443408 0.846810
vt 0.446896 0.820496
vt 0.449903 0.798747
vt 0.444370 0.780123
vt 0.437514 0.759697
vt 0.423923 0.737228
vt 0.408768 0.714037
vt 0.428132 0.766666
vt 0.435109 0.786131
vt 0.440762 0.804034
vt 0.436913 0.826143
vt 0.428974 0.849573
vt 0.437755 0.880814
vt 0.422840 0.881655
vt 0.430538 0.912055
vt 0.411775 0.916620
vt 0.405761 0.885140
vt 0.414661 0.851856
vt 0.424644 0.829507
vt 0.431380 0.809081
vt 0.425486 0.792139
vt 0.418631 0.773635
vt 0.414541 0.744797
vt 0.400108 0.854980
vt 0.412256 0.832511
vt 0.420796 0.812806
vt 0.414782 0.796705
vt 0.408407 0.779523
vt 0.405159 0.752247
vt 0.399506 0.722328
vt 0.391448 0.886702
vt 0.372444 0.919024
vt 0.395417 0.917942
vt 0.539630 0.828907
vt 0.543720 0.862430
vt 0.553943 0.854019
vt 0.630440 0.733142
vt 0.645956 0.759937
vt 0.653293 0.748402
vt 0.571865 0.805596
vt 0.579202 0.835756
vt 0.586178 0.826023
vt 0.446054 0.911334
vt 0.494887 0.860508
vt 0.493443 0.897636
vt 0.507155 0.886942
vt 0.024359 0.621638
vt 0.054549 0.596405
vt 0.037229 0.642184
vt 0.068501 0.624041
vt 0.045648 0.655642
vt 0.076560 0.636657
vt 0.053948 0.668739
vt 0.084498 0.649153
vt 0.066938 0.690487
vt 0.096646 0.670421
vt 0.079567 0.712115
vt 0.108794 0.691328
vt 0.093519 0.734945
vt 0.121664 0.714158
vt 0.108313 0.757173
vt 0.134895 0.736026
vt 0.121544 0.774957
vt 0.144758 0.753689
vt 0.135135 0.792139
vt 0.155101 0.771112
vt 0.147283 0.806678
vt 0.164844 0.789015
vt 0.160394 0.820496
vt 0.175669 0.806918
vt 0.173023 0.832752
vt 0.185532 0.820856
vt 0.186133 0.844647
vt 0.195515 0.834193
vt 0.201649 0.842244
vt 0.209828 0.833953
vt 0.215601 0.843806
vt 0.217165 0.827224
vt 0.219570 0.836597
vt 0.224261 0.820616
vt 0.223540 0.830348
vt 0.231117 0.820255
vt 0.227028 0.831069
vt 0.237492 0.819655
vt 0.230997 0.832151
vt 0.247956 0.822058
vt 0.239176 0.835035
vt 0.256376 0.826143
vt 0.246272 0.838279
vt 0.259864 0.828666
vt 0.249520 0.840321
vt 0.263712 0.831550
vt 0.252647 0.842364
vt 0.268163 0.836116
vt 0.256496 0.845728
vt 0.272854 0.840562
vt 0.260465 0.848973
vt 0.276943 0.846930
vt 0.264554 0.852818
vt 0.281032 0.852818
vt 0.268764 0.856543
vt 0.263472 0.862550
vt 0.258059 0.859546
vt 0.252527 0.855942
vt 0.248437 0.853058
vt 0.244588 0.850415
vt 0.241822 0.848853
vt 0.239055 0.847050
vt 0.233042 0.844166
vt 0.226186 0.840922
vt 0.222577 0.838519
vt 0.101217 0.605176
vt 0.108674 0.617552
vt 0.116252 0.629688
vt 0.126475 0.651316
vt 0.137060 0.672343
vt 0.147885 0.695654
vt 0.158830 0.717883
vt 0.165566 0.734945
vt 0.173143 0.752127
vt 0.181081 0.772914
vt 0.190343 0.794061
vt 0.197319 0.809802
vt 0.204295 0.824701
vt 0.214519 0.817612
vt 0.224863 0.810403
vt 0.234846 0.809682
vt 0.243746 0.808841
vt 0.256255 0.810763
vt 0.265757 0.815810
vt 0.269847 0.818453
vt 0.274177 0.821457
vt 0.279349 0.826744
vt 0.284641 0.832031
vt 0.288249 0.841042
vt 0.291737 0.849213
vt 0.277905 0.861229
vt 0.258180 0.868678
vt 0.251324 0.866515
vt 0.243626 0.863632
vt 0.239416 0.861349
vt 0.235567 0.859306
vt 0.233282 0.857984
vt 0.231117 0.856663
vt 0.226787 0.854260
vt 0.225584 0.864953
vt 0.220292 0.861949
vt 0.214880 0.867957
vt 0.208024 0.863391
vt 0.147043 0.599048
vt 0.153658 0.614909
vt 0.162799 0.636657
vt 0.171940 0.657564
vt 0.179037 0.680394
vt 0.186253 0.702262
vt 0.192508 0.719685
vt 0.199845 0.738069
vt 0.203573 0.759456
vt 0.208986 0.781325
vt 0.211512 0.799709
vt 0.190102 0.601692
vt 0.198402 0.623440
vt 0.206701 0.644707
vt 0.211031 0.666336
vt 0.215361 0.687483
vt 0.220773 0.705386
vt 0.227509 0.724131
vt 0.226907 0.746119
vt 0.227509 0.768829
vt 0.225945 0.789856
vt 0.247234 0.623320
vt 0.248918 0.645909
vt 0.248557 0.667417
vt 0.248197 0.688564
vt 0.247355 0.708871
vt 0.246753 0.727255
vt 0.244468 0.748642
vt 0.243145 0.770631
vt 0.288971 0.649153
vt 0.284039 0.669460
vt 0.279950 0.691088
vt 0.272132 0.710553
vt 0.265036 0.730499
vt 0.261547 0.751406
vt 0.257699 0.772193
vt 0.238574 0.790817
vt 0.250362 0.791298
vt 0.265156 0.793340
vt 0.278266 0.801151
vt 0.283198 0.803674
vt 0.288129 0.806317
vt 0.295947 0.812085
vt 0.304246 0.818213
vt 0.308937 0.829387
vt 0.314470 0.841403
vt 0.291376 0.859667
vt 0.274658 0.870240
vt 0.254692 0.878531
vt 0.247355 0.875407
vt 0.243145 0.884779
vt 0.234725 0.879733
vt 0.274537 0.775197
vt 0.290895 0.786852
vt 0.296188 0.790337
vt 0.301119 0.793340
vt 0.310741 0.799709
vt 0.320484 0.805356
vt 0.328302 0.817972
vt 0.337202 0.832631
vt 0.316515 0.855942
vt 0.251083 0.889225
vt 0.284280 0.758255
vt 0.304246 0.768588
vt 0.311944 0.774957
vt 0.319161 0.780484
vt 0.330346 0.788054
vt 0.344178 0.797666
vt 0.354883 0.811844
vt 0.354282 0.780844
vt 0.353199 0.754891
vt 0.352959 0.731700
vt 0.346464 0.705747
vt 0.333233 0.676429
vt 0.337683 0.765584
vt 0.340330 0.743596
vt 0.336841 0.718243
vt 0.322288 0.691448
vt 0.328302 0.757414
vt 0.327580 0.732782
vt 0.312545 0.706348
vt 0.318559 0.748763
vt 0.302683 0.723530
vt 0.294023 0.741193
vt 0.364024 0.827705
vt 0.341412 0.849814
vt 0.193350 0.850895
vt 0.208144 0.850655
vt 0.200807 0.857143
vt 0.211271 0.854019
vt 0.204536 0.860387
vt 0.214278 0.857263
vt 0.218247 0.847170
vt 0.221254 0.850655
vt 0.618773 0.795623
vt 0.602656 0.776879
vt 0.610594 0.804755
vt 0.239055 0.871442
vt 0.234605 0.869279
vt 0.230035 0.877450
vt 0.230756 0.867597
vt 0.225945 0.875167
vt 0.228351 0.866395
vt 0.223419 0.873845
vt 0.220653 0.872163
vt 0.672056 0.719324
vt 0.652812 0.695533
vt 0.677830 0.705506
vt 0.658104 0.684239
vt 0.682039 0.692650
vt 0.663156 0.676549
vt 0.685648 0.683878
vt 0.668929 0.666215
vt 0.689015 0.673184
vt 0.699359 0.621758
vt 0.638980 0.677390
vt 0.644513 0.670421
vt 0.650887 0.661049
vt 0.660870 0.610343
vt 0.680355 0.615389
vt 0.625388 0.660087
vt 0.628997 0.649033
vt 0.609391 0.640382
vt 0.632605 0.602893
vt 0.606144 0.602413
vt 0.585817 0.629087
vt 0.580645 0.593401
vt 0.556950 0.618153
vt 0.552500 0.588234
vt 0.537946 0.606137
vt 0.538548 0.580664
vt 0.523754 0.574296
vt 0.508598 0.566846
vt 0.724377 0.272224
vt 0.713312 0.261049
vt 0.753124 0.279794
vt 0.743742 0.264294
vt 0.770444 0.280875
vt 0.763588 0.263332
vt 0.778141 0.262371
vt 0.788846 0.281836
vt 0.798950 0.260569
vt 0.819878 0.281836
vt 0.020751 0.614909
vt 0.505952 0.061470
vt 0.860412 0.240262
vt 0.342855 0.957594
vt 0.822885 0.504606
vt 0.909124 0.411244
vt 0.913815 0.240262
vt 0.946290 0.841042
vt 0.943163 0.385050
vt 0.975999 0.738549
vt 0.986463 0.576699
vt 0.951582 0.414609
vt 0.966377 0.444648
vt 0.948455 0.867116
vt 0.975157 0.280515
vt 0.986222 0.920946
vt 0.717642 0.403554
f 2108/2108/2108 2109/2109/2109 2110/2110/2110
f 2109/2109/2109 2111/2111/2111 2110/2110/2110
f 2110/2110/2110 2111/2111/2111 2112/2112/2112
f 2111/2111/2111 2113/2113/2113 2112/2112/2112
f 2112/2112/2112 2113/2113/2113 2114/2114/2114
f 2113/2113/2113 2115/2115/2115 2114/2114/2114
f 2109/2109/2109 2116/2116/2116 2111/2111/2111
f 2116/2116/2116 2117/2117/2117 2111/2111/2111
f 2111/2111/2111 2117/2117/2117 2113/2113/2113
f 2117/2117/2117 2118/2118/2118 2113/2113/2113
f 2113/2113/2113 2118/2118/2118 2115/2115/2115
f 2118/2118/2118 2119/2119/2119 2115/2115/2115
f 2116/2116/2116 2120/2120/2120 2117/2117/2117
f 2120/2120/2120 2121/2121/2121 2117/2117/2117
f 2117/2117/2117 2121/2121/2121 2118/2118/2118
f 2121/2121/2121 2122/2122/2122 2118/2118/2118
f 2118/2118/2118 2122/2122/2122 2119/2119/2119
f 2122/2122/2122 2123/2123/2123 2119/2119/2119
f 2120/2120/2120 2124/2124/2124 2121/2121/2121
f 2124/2124/2124 2125/2125/2125 2121/2121/2121
f 2121/2121/2121 2125/2125/2125 2122/2122/2122
f 2125/2125/2125 2126/2126/2126 2122/2122/2122
f 2122/2122/2122 2126/2126/2126 2123/2123/2123
f 2126/2126/2126 2127/2127/2127 2123/2123/2123
f 2124/2124/2124 2128/2128/2128 2125/2125/2125
f 2128/2128/2128 2129/2129/2129 2125/2125/2125
f 2125/2125/2125 2129/2129/2129 2126/2126/2126
f 2129/2129/2129 2130/2130/2130 2126/2126/2126
f 2126/2126/2126 2130/2130/2130 2127/2127/2127
f 2130/2130/2130 2131/2131/2131 2127/2127/2127
f 2128/2128/2128 2132/2132/2132 2129/2129/2129
f 2132/2132/2132 2133/2133/2133 2129/2129/2129
f 2129/2129/2129 2133/2133/2133 2130/2130/2130
f 2133/2133/2133 2134/2134/2134 2130/2130/2130
f 2130/2130/2130 2134/2134/2134 2131/2131/2131
f 2134/2134/2134 2135/2135/2135 2131/2131/2131
f 2136/2136/2136 2137/2137/2137 2138/2138/2138
f 2137/2137/2137 2139/2139/2139 2138/2138/2138
f 2138/2138/2138 2139/2139/2139 2140/2140/2140
f 2138/2138/2138 2140/2140/2140 2141/2141/2141
f 2140/2140/2140 2142/2142/2142 2141/2141/2141
f 2141/2141/2141 2142/2142/2142 2143/2143/2143
f 2144/2144/2144 2145/2145/2145 2146/2146/2146
f 2145/2145/2145 2147/2147/2147 2146/2146/2146
f 2146/2146/2146 2147/2147/2147 2148/2148/2148
f 2146/2146/2146 2148/2148/2148 2149/2149/2149
f 2148/2148/2148 2150/2150/2150 2149/2149/2149
f 2149/2149/2149 2150/2150/2150 2151/2151/2151
f 2152/2152/2152 2153/2153/2153 2154/2154/2154
f 2153/2153/2153 2155/2155/2155 2154/2154/2154
f 2153/2153/2153 2156/2156/2156 2155/2155/2155
f 2156/2156/2156 2157/2157/2157 2155/2155/2155
f 2157/2157/2157 2156/2156/2156 2158/2158/2158
f 2156/2156/2156 2159/2159/2159 2158/2158/2158
f 2160/2160/2160 2161/2161/2161 2162/2162/2162
f 2161/2161/2161 2163/2163/2163 2162/2162/2162
f 2162/2162/2162 2163/2163/2163 2164/2164/2164
f 2162/2162/2162 2164/2164/2164 2165/2165/2165
f 2164/2164/2164 2166/2166/2166 2165/2165/2165
f 2165/2165/2165 2166/2166/2166 2167/2167/2167
f 2168/2168/2168 2169/2169/2169 2170/2170/2170
f 2169/2169/2169 2171/2171/2171 2170/2170/2170
f 2170/2170/2170 2171/2171/2171 2172/2172/2172
f 2170/2170/2170 2172/2172/2172 2173/2173/2173
f 2172/2172/2172 2174/2174/2174 2173/2173/2173
f 2173/2173/2173 2174/2174/2174 2175/2175/2175
f 2176/2176/2176 2177/2177/2177 2178/2178/2178
f 2177/2177/2177 2179/2179/2179 2178/2178/2178
f 2178/2178/2178 2179/2179/2179 2180/2180/2180
f 2178/2178/2178 2180/2180/2180 2181/2181/2181
f 2180/2180/2180 2182/2182/2182 2181/2181/2181
f 2181/2181/2181 2182/2182/2182 2183/2183/2183
f 2184/2184/2184 2185/2185/2185 2186/2186/2186
f 2185/2185/2185 2187/2187/2187 2186/2186/2186
f 2185/2185/2185 2188/2188/2188 2187/2187/2187
f 2188/2188/2188 2189/2189/2189 2187/2187/2187
f 2189/2189/2189 2188/2188/2188 2190/2190/2190
f 2188/2188/2188 2191/2191/2191 2190/2190/2190
f 2192/2192/2192 2193/2193/2193 2194/2194/2194
f 2193/2193/2193 2195/2195/2195 2194/2194/2194
f 2194/2194/2194 2195/2195/2195 2196/2196/2196
f 2194/2194/2194 2196/2196/2196 2197/2197/2197
f 2196/2196/2196 2198/2198/2198 2197/2197/2197
f 2197/2197/2197 2198/2198/2198 2199/2199/2199
f 2200/2200/2200 2201/2201/2201 2202/2202/2202
f 2201/2201/2201 2203/2203/2203 2202/2202/2202
f 2202/2202/2202 2203/2203/2203 2204/2204/2204
f 2202/2202/2202 2204/2204/2204 2205/2205/2205
f 2204/2204/2204 2206/2206/2206 2205/2205/2205
f 2205/2205/2205 2206/2206/2206 2207/2207/2207
f 2208/2208/2208 2209/2209/2209 2210/2210/2210
f 2209/2209/2209 2211/2211/2211 2210/2210/2210
f 2210/2210/2210 2211/2211/2211 2212/2212/2212
f 2210/2210/2210 2212/2212/2212 2213/2213/2213
f 2212/2212/2212 2214/2214/2214 2213/2213/2213
f 2213/2213/2213 2214/2214/2214 2215/2215/2215
f 2214/2214/2214 2216/2216/2216 2215/2215/2215
f 2215/2215/2215 2216/2216/2216 2217/2217/2217
f 2218/2218/2218 2219/2219/2219 2220/2220/2220
f 2219/2219/2219 2221/2221/2221 2220/2220/2220
f 2219/2219/2219 2222/2222/2222 2221/2221/2221
f 2222/2222/2222 2223/2223/2223 2221/2221/2221
f 2222/2222/2222 2224/2224/2224 2223/2223/2223
f 2224/2224/2224 2225/2225/2225 2223/2223/2223
f 2225/2225/2225 2224/2224/2224 2226/2226/2226
f 2224/2224/2224 2227/2227/2227 2226/2226/2226
f 2228/2228/2228 2229/2229/2229 2230/2230/2230
f 2229/2229/2229 2231/2231/2231 2230/2230/2230
f 2229/2229/2229 2232/2232/2232 2231/2231/2231
f 2232/2232/2232 2233/2233/2233 2231/2231/2231
f 2232/2232/2232 2234/2234/2234 2233/2233/2233
f 2234/2234/2234 2235/2235/2235 2233/2233/2233
f 2235/2235/2235 2234/2234/2234 2236/2236/2236
f 2234/2234/2234 2237/2237/2237 2236/2236/2236
f 2238/2238/2238 2239/2239/2239 2240/2240/2240
f 2239/2239/2239 2241/2241/2241 2240/2240/2240
f 2239/2239/2239 2242/2242/2242 2241/2241/2241
f 2242/2242/2242 2243/2243/2243 2241/2241/2241
f 2243/2243/2243 2242/2242/2242 2244/2244/2244
f 2242/2242/2242 2245/2245/2245 2244/2244/2244
f 2246/2246/2246 2247/2247/2247 2248/2248/2248
f 2247/2247/2247 2249/2249/2249 2248/2248/2248
f 2248/2248/2248 2249/2249/2249 2250/2250/2250
f 2248/2248/2248 2250/2250/2250 2251/2251/2251
f 2250/2250/2250 2252/2252/2252 2251/2251/2251
f 2251/2251/2251 2252/2252/2252 2253/2253/2253
f 2254/2254/2254 2255/2255/2255 2256/2256/2256
f 2255/2255/2255 2257/2257/2257 2256/2256/2256
f 2256/2256/2256 2257/2257/2257 2258/2258/2258
f 2256/2256/2256 2258/2258/2258 2259/2259/2259
f 2258/2258/2258 2260/2260/2260 2259/2259/2259
f 2259/2259/2259 2260/2260/2260 2261/2261/2261
f 2262/2262/2262 2263/2263/2263 2264/2264/2264
f 2263/2263/2263 2265/2265/2265 2264/2264/2264
f 2264/2264/2264 2265/2265/2265 2266/2266/2266
f 2264/2264/2264 2266/2266/2266 2267/2267/2267
f 2266/2266/2266 2268/2268/2268 2267/2267/2267
f 2267/2267/2267 2268/2268/2268 2269/2269/2269
f 2270/2270/2270 2271/2271/2271 2272/2272/2272
f 2271/2271/2271 2273/2273/2273 2272/2272/2272
f 2272/2272/2272 2273/2273/2273 2274/2274/2274
f 2272/2272/2272 2274/2274/2274 2275/2275/2275
f 2274/2274/2274 2276/2276/2276 2275/2275/2275
f 2275/2275/2275 2276/2276/2276 2277/2277/2277
f 2278/2278/2278 2279/2279/2279 2280/2280/2280
f 2279/2279/2279 2281/2281/2281 2280/2280/2280
f 2280/2280/2280 2281/2281/2281 2282/2282/2282
f 2280/2280/2280 2282/2282/2282 2283/2283/2283
f 2282/2282/2282 2284/2284/2284 2283/2283/2283
f 2283/2283/2283 2284/2284/2284 2285/2285/2285
f 2286/2286/2286 2287/2287/2287 2288/2288/2288
f 2287/2287/2287 2289/2289/2289 2288/2288/2288
f 2288/2288/2288 2289/2289/2289 2290/2290/2290
f 2288/2288/2288 2290/2290/2290 2291/2291/2291
f 2290/2290/2290 2292/2292/2292 2291/2291/2291
f 2291/2291/2291 2292/2292/2292 2293/2293/2293
f 2294/2294/2294 2295/2295/2295 2296/2296/2296
f 2295/2295/2295 2297/2297/2297 2296/2296/2296
f 2296/2296/2296 2297/2297/2297 2298/2298/2298
f 2296/2296/2296 2298/2298/2298 2299/2299/2299
f 2298/2298/2298 2300/2300/2300 2299/2299/2299
f 2299/2299/2299 2300/2300/2300 2301/2301/2301
f 2302/2302/2302 2303/2303/2303 2304/2304/2304
f 2303/2303/2303 2305/2305/2305 2304/2304/2304
f 2304/2304/2304 2305/2305/2305 2306/2306/2306
f 2304/2304/2304 2306/2306/2306 2307/2307/2307
f 2306/2306/2306 2308/2308/2308 2307/2307/2307
f 2307/2307/2307 2308/2308/2308 2309/2309/2309
f 2310/2310/2310 2311/2311/2311 2312/2312/2312
f 2311/2311/2311 2313/2313/2313 2312/2312/2312
f 2312/2312/2312 2313/2313/2313 2314/2314/2314
f 2312/2312/2312 2314/2314/2314 2315/2315/2315
f 2314/2314/2314 2316/2316/2316 2315/2315/2315
f 2315/2315/2315 2316/2316/2316 2317/2317/2317
f 2318/2318/2318 2319/2319/2319 2320/2320/2320
f 2319/2319/2319 2321/2321/2321 2320/2320/2320
f 2320/2320/2320 2321/2321/2321 2322/2322/2322
f 2320/2320/2320 2322/2322/2322 2323/2323/2323
f 2322/2322/2322 2324/2324/2324 2323/2323/2323
f 2323/2323/2323 2324/2324/2324 2325/2325/2325
f 2326/2326/2326 2327/2327/2327 2328/2328/2328
f 2327/2327/2327 2329/2329/2329 2328/2328/2328
f 2328/2328/2328 2329/2329/2329 2330/2330/2330
f 2328/2328/2328 2330/2330/2330 2331/2331/2331
f 2330/2330/2330 2332/2332/2332 2331/2331/2331
f 2331/2331/2331 2332/2332/2332 2333/2333/2333
f 2334/2334/2334 2335/2335/2335 2336/2336/2336
f 2335/2335/2335 2337/2337/2337 2336/2336/2336
f 2336/2336/2336 2337/2337/2337 2338/2338/2338
f 2336/2336/2336 2338/2338/2338 2339/2339/2339
f 2338/2338/2338 2340/2340/2340 2339/2339/2339
f 2339/2339/2339 2340/2340/2340 2341/2341/2341
f 2342/2342/2342 2343/2343/2343 2344/2344/2344
f 2343/2343/2343 2345/2345/2345 2344/2344/2344
f 2344/2344/2344 2345/2345/2345 2346/2346/2346
f 2344/2344/2344 2346/2346/2346 2347/2347/2347
f 2346/2346/2346 2348/2348/2348 2347/2347/2347
f 2347/2347/2347 2348/2348/2348 2349/2349/2349
f 2350/2350/2350 2351/2351/2351 2352/2352/2352
f 2351/2351/2351 2353/2353/2353 2352/2352/2352
f 2351/2351/2351 2354/2354/2354 2353/2353/2353
f 2354/2354/2354 2355/2355/2355 2353/2353/2353
f 2355/2355/2355 2354/2354/2354 2356/2356/2356
f 2354/2354/2354 2357/2357/2357 2356/2356/2356
f 2358/2358/2358 2359/2359/2359 2360/2360/2360
f 2359/2359/2359 2361/2361/2361 2360/2360/2360
f 2359/2359/2359 2362/2362/2362 2361/2361/2361
f 2362/2362/2362 2363/2363/2363 2361/2361/2361
f 2363/2363/2363 2362/2362/2362 2364/2364/2364
f 2362/2362/2362 2365/2365/2365 2364/2364/2364
f 2366/2366/2366 2367/2367/2367 2368/2368/2368
f 2367/2367/2367 2369/2369/2369 2368/2368/2368
f 2367/2367/2367 2370/2370/2370 2369/2369/2369
f 2370/2370/2370 2371/2371/2371 2369/2369/2369
f 2371/2371/2371 2370/2370/2370 2372/2372/2372
f 2370/2370/2370 2373/2373/2373 2372/2372/2372
f 2374/2374/2374 2375/2375/2375 2376/2376/2376
f 2375/2375/2375 2377/2377/2377 2376/2376/2376
f 2375/2375/2375 2378/2378/2378 2377/2377/2377
f 2378/2378/2378 2379/2379/2379 2377/2377/2377
f 2379/2379/2379 2378/2378/2378 2380/2380/2380
f 2378/2378/2378 2381/2381/2381 2380/2380/2380
f 2382/2382/2382 2383/2383/2383 2384/2384/2384
f 2383/2383/2383 2385/2385/2385 2384/2384/2384
f 2383/2383/2383 2386/2386/2386 2385/2385/2385
f 2386/2386/2386 2387/2387/2387 2385/2385/2385
f 2387/2387/2387 2386/2386/2386 2388/2388/2388
f 2386/2386/2386 2389/2389/2389 2388/2388/2388
f 2390/2390/2390 2391/2391/2391 2392/2392/2392
f 2391/2391/2391 2393/2393/2393 2392/2392/2392
f 2392/2392/2392 2393/2393/2393 2394/2394/2394
f 2392/2392/2392 2394/2394/2394 2395/2395/2395
f 2394/2394/2394 2396/2396/2396 2395/2395/2395
f 2395/2395/2395 2396/2396/2396 2397/2397/2397
f 2396/2396/2396 2398/2398/2398 2397/2397/2397
f 2397/2397/2397 2398/2398/2398 2399/2399/2399
f 2400/2400/2400 2401/2401/2401 2402/2402/2402
f 2401/2401/2401 2403/2403/2403 2402/2402/2402
f 2401/2401/2401 2404/2404/2404 2403/2403/2403
f 2404/2404/2404 2405/2405/2405 2403/2403/2403
f 2405/2405/2405 2404/2404/2404 2406/2406/2406
f 2404/2404/2404 2407/2407/2407 2406/2406/2406
f 2408/2408/2408 2409/2409/2409 2410/2410/2410
f 2409/2409/2409 2411/2411/2411 2410/2410/2410
f 2409/2409/2409 2412/2412/2412 2411/2411/2411
f 2412/2412/2412 2413/2413/2413 2411/2411/2411
f 2413/2413/2413 2412/2412/2412 2414/2414/2414
f 2412/2412/2412 2415/2415/2415 2414/2414/2414
f 2416/2416/2416 2417/2417/2417 2418/2418/2418
f 2417/2417/2417 2419/2419/2419 2418/2418/2418
f 2417/2417/2417 2420/2420/2420 2419/2419/2419
f 2420/2420/2420 2421/2421/2421 2419/2419/2419
f 2421/2421/2421 2420/2420/2420 2422/2422/2422
f 2420/2420/2420 2423/2423/2423 2422/2422/2422
f 2424/2424/2424 2425/2425/2425 2426/2426/2426
f 2425/2425/2425 2427/2427/2427 2426/2426/2426
f 2425/2425/2425 2428/2428/2428 2427/2427/2427
f 2428/2428/2428 2429/2429/2429 2427/2427/2427
f 2429/2429/2429 2428/2428/2428 2430/2430/2430
f 2428/2428/2428 2431/2431/2431 2430/2430/2430
f 2432/2432/2432 2433/2433/2433 2434/2434/2434
f 2433/2433/2433 2435/2435/2435 2434/2434/2434
f 2434/2434/2434 2435/2435/2435 2436/2436/2436
f 2434/2434/2434 2436/2436/2436 2437/2437/2437
f 2436/2436/2436 2438/2438/2438 2437/2437/2437
f 2437/2437/2437 2438/2438/2438 2439/2439/2439
f 2440/2440/2440 2441/2441/2441 2442/2442/2442
f 2441/2441/2441 2443/2443/2443 2442/2442/2442
f 2442/2442/2442 2443/2443/2443 2444/2444/2444
f 2442/2442/2442 2444/2444/2444 2445/2445/2445
f 2444/2444/2444 2446/2446/2446 2445/2445/2445
f 2445/2445/2445 2446/2446/2446 2447/2447/2447
f 2448/2448/2448 2449/2449/2449 2450/2450/2450
f 2449/2449/2449 2451/2451/2451 2450/2450/2450
f 2450/2450/2450 2451/2451/2451 2452/2452/2452
f 2450/2450/2450 2452/2452/2452 2453/2453/2453
f 2452/2452/2452 2454/2454/2454 2453/2453/2453
f 2453/2453/2453 2454/2454/2454 2455/2455/2455
f 2456/2456/2456 2457/2457/2457 2458/2458/2458
f 2457/2457/2457 2459/2459/2459 2458/2458/2458
f 2458/2458/2458 2459/2459/2459 2460/2460/2460
f 2458/2458/2458 2460/2460/2460 2461/2461/2461
f 2460/2460/2460 2462/2462/2462 2461/2461/2461
f 2461/2461/2461 2462/2462/2462 2463/2463/2463
f 2464/2464/2464 2465/2465/2465 2466/2466/2466
f 2465/2465/2465 2467/2467/2467 2466/2466/2466
f 2466/2466/2466 2467/2467/2467 2468/2468/2468
f 2466/2466/2466 2468/2468/2468 2469/2469/2469
f 2468/2468/2468 2470/2470/2470 2469/2469/2469
f 2469/2469/2469 2470/2470/2470 2471/2471/2471
f 2472/2472/2472 2473/2473/2473 2474/2474/2474
f 2473/2473/2473 2475/2475/2475 2474/2474/2474
f 2474/2474/2474 2475/2475/2475 2476/2476/2476
f 2474/2474/2474 2476/2476/2476 2477/2477/2477
f 2476/2476/2476 2478/2478/2478 2477/2477/2477
f 2477/2477/2477 2478/2478/2478 2479/2479/2479
f 2480/2480/2480 2481/2481/2481 2482/2482/2482
f 2481/2481/2481 2483/2483/2483 2482/2482/2482
f 2482/2482/2482 2483/2483/2483 2484/2484/2484
f 2482/2482/2482 2484/2484/2484 2485/2485/2485
f 2484/2484/2484 2486/2486/2486 2485/2485/2485
f 2485/2485/2485 2486/2486/2486 2487/2487/2487
f 2488/2488/2488 2489/2489/2489 2490/2490/2490
f 2489/2489/2489 2491/2491/2491 2490/2490/2490
f 2490/2490/2490 2491/2491/2491 2492/2492/2492
f 2490/2490/2490 2492/2492/2492 2493/2493/2493
f 2492/2492/2492 2494/2494/2494 2493/2493/2493
f 2493/2493/2493 2494/2494/2494 2495/2495/2495
f 2496/2496/2496 2497/2497/2497 2498/2498/2498
f 2497/2497/2497 2499/2499/2499 2498/2498/2498
f 2498/2498/2498 2499/2499/2499 2500/2500/2500
f 2498/2498/2498 2500/2500/2500 2501/2501/2501
f 2500/2500/2500 2502/2502/2502 2501/2501/2501
f 2501/2501/2501 2502/2502/2502 2503/2503/2503
f 2504/2504/2504 2505/2505/2505 2506/2506/2506
f 2505/2505/2505 2507/2507/2507 2506/2506/2506
f 2506/2506/2506 2507/2507/2507 2508/2508/2508
f 2506/2506/2506 2508/2508/2508 2509/2509/2509
f 2508/2508/2508 2510/2510/2510 2509/2509/2509
f 2509/2509/2509 2510/2510/2510 2511/2511/2511
f 2512/2512/2512 2513/2513/2513 2514/2514/2514
f 2513/2513/2513 2515/2515/2515 2514/2514/2514
f 2514/2514/2514 2515/2515/2515 2516/2516/2516
f 2514/2514/2514 2516/2516/2516 2517/2517/2517
f 2516/2516/2516 2518/2518/2518 2517/2517/2517
f 2517/2517/2517 2518/2518/2518 2519/2519/2519
f 2520/2520/2520 2521/2521/2521 2522/2522/2522
f 2521/2521/2521 2523/2523/2523 2522/2522/2522
f 2522/2522/2522 2523/2523/2523 2524/2524/2524
f 2522/2522/2522 2524/2524/2524 2525/2525/2525
f 2524/2524/2524 2526/2526/2526 2525/2525/2525
f 2525/2525/2525 2526/2526/2526 2527/2527/2527
f 2528/2528/2528 2529/2529/2529 2530/2530/2530
f 2529/2529/2529 2531/2531/2531 2530/2530/2530
f 2530/2530/2530 2531/2531/2531 2532/2532/2532
f 2530/2530/2530 2532/2532/2532 2533/2533/2533
f 2532/2532/2532 2534/2534/2534 2533/2533/2533
f 2533/2533/2533 2534/2534/2534 2535/2535/2535
f 2536/2536/2536 2537/2537/2537 2538/2538/2538
f 2537/2537/2537 2539/2539/2539 2538/2538/2538
f 2538/2538/2538 2539/2539/2539 2540/2540/2540
f 2538/2538/2538 2540/2540/2540 2541/2541/2541
f 2540/2540/2540 2542/2542/2542 2541/2541/2541
f 2541/2541/2541 2542/2542/2542 2543/2543/2543
f 2544/2544/2544 2545/2545/2545 2546/2546/2546
f 2545/2545/2545 2547/2547/2547 2546/2546/2546
f 2545/2545/2545 2548/2548/2548 2547/2547/2547
f 2548/2548/2548 2549/2549/2549 2547/2547/2547
f 2549/2549/2549 2548/2548/2548 2550/2550/2550
f 2548/2548/2548 2551/2551/2551 2550/2550/2550
f 2552/2552/2552 2553/2553/2553 2554/2554/2554
f 2553/2553/2553 2555/2555/2555 2554/2554/2554
f 2553/2553/2553 2556/2556/2556 2555/2555/2555
f 2556/2556/2556 2557/2557/2557 2555/2555/2555
f 2557/2557/2557 2556/2556/2556 2558/2558/2558
f 2556/2556/2556 2559/2559/2559 2558/2558/2558
f 2560/2560/2560 2561/2561/2561 2562/2562/2562
f 2561/2561/2561 2563/2563/2563 2562/2562/2562
f 2561/2561/2561 2564/2564/2564 2563/2563/2563
f 2564/2564/2564 2565/2565/2565 2563/2563/2563
f 2565/2565/2565 2564/2564/2564 2566/2566/2566
f 2564/2564/2564 2567/2567/2567 2566/2566/2566
f 2566/2566/2566 2567/2567/2567 2568/2568/2568
f 2569/2569/2569 2570/2570/2570 2571/2571/2571
f 2570/2570/2570 2572/2572/2572 2571/2571/2571
f 2570/2570/2570 2573/2573/2573 2572/2572/2572
f 2573/2573/2573 2574/2574/2574 2572/2572/2572
f 2574/2574/2574 2573/2573/2573 2575/2575/2575
f 2573/2573/2573 2576/2576/2576 2575/2575/2575
f 2575/2575/2575 2576/2576/2576 2577/2577/2577
f 2578/2578/2578 2579/2579/2579 2580/2580/2580
f 2579/2579/2579 2581/2581/2581 2580/2580/2580
f 2580/2580/2580 2581/2581/2581 2582/2582/2582
f 2580/2580/2580 2582/2582/2582 2583/2583/2583
f 2582/2582/2582 2584/2584/2584 2583/2583/2583
f 2583/2583/2583 2584/2584/2584 2585/2585/2585
f 2586/2586/2586 2587/2587/2587 2588/2588/2588
f 2587/2587/2587 2589/2589/2589 2588/2588/2588
f 2587/2587/2587 2590/2590/2590 2589/2589/2589
f 2590/2590/2590 2591/2591/2591 2589/2589/2589
f 2591/2591/2591 2590/2590/2590 2592/2592/2592
f 2590/2590/2590 2593/2593/2593 2592/2592/2592
f 2592/2592/2592 2593/2593/2593 2594/2594/2594
f 2595/2595/2595 2596/2596/2596 2597/2597/2597
f 2596/2596/2596 2598/2598/2598 2597/2597/2597
f 2596/2596/2596 2599/2599/2599 2598/2598/2598
f 2599/2599/2599 2600/2600/2600 2598/2598/2598
f 2600/2600/2600 2599/2599/2599 2601/2601/2601
f 2599/2599/2599 2602/2602/2602 2601/2601/2601
f 2601/2601/2601 2602/2602/2602 2603/2603/2603
f 2604/2604/2604 2605/2605/2605 2606/2606/2606
f 2605/2605/2605 2607/2607/2607 2606/2606/2606
f 2605/2605/2605 2608/2608/2608 2607/2607/2607
f 2608/2608/2608 2609/2609/2609 2607/2607/2607
f 2609/2609/2609 2608/2608/2608 2610/2610/2610
f 2608/2608/2608 2611/2611/2611 2610/2610/2610
f 2610/2610/2610 2611/2611/2611 2612/2612/2612
f 2613/2613/2613 2614/2614/2614 2615/2615/2615
f 2614/2614/2614 2616/2616/2616 2615/2615/2615
f 2614/2614/2614 2617/2617/2617 2616/2616/2616
f 2617/2617/2617 2618/2618/2618 2616/2616/2616
f 2618/2618/2618 2617/2617/2617 2619/2619/2619
f 2617/2617/2617 2620/2620/2620 2619/2619/2619
f 2619/2619/2619 2620/2620/2620 2621/2621/2621
f 2622/2622/2622 2623/2623/2623 2624/2624/2624
f 2623/2623/2623 2625/2625/2625 2624/2624/2624
f 2623/2623/2623 2626/2626/2626 2625/2625/2625
f 2626/2626/2626 2627/2627/2627 2625/2625/2625
f 2627/2627/2627 2626/2626/2626 2628/2628/2628
f 2626/2626/2626 2629/2629/2629 2628/2628/2628
f 2628/2628/2628 2629/2629/2629 2630/2630/2630
f 2631/2631/2631 2632/2632/2632 2633/2633/2633
f 2632/2632/2632 2634/2634/2634 2633/2633/2633
f 2632/2632/2632 2635/2635/2635 2634/2634/2634
f 2635/2635/2635 2636/2636/2636 2634/2634/2634
f 2636/2636/2636 2635/2635/2635 2637/2637/2637
f 2635/2635/2635 2638/2638/2638 2637/2637/2637
f 2637/2637/2637 2638/2638/2638 2639/2639/2639
f 2640/2640/2640 2641/2641/2641 2642/2642/2642
f 2641/2641/2641 2643/2643/2643 2642/2642/2642
f 2641/2641/2641 2644/2644/2644 2643/2643/2643
f 2644/2644/2644 2645/2645/2645 2643/2643/2643
f 2645/2645/2645 2644/2644/2644 2646/2646/2646
f 2644/2644/2644 2647/2647/2647 2646/2646/2646
f 2646/2646/2646 2647/2647/2647 2648/2648/2648
f 2649/2649/2649 2650/2650/2650 2651/2651/2651
f 2650/2650/2650 2652/2652/2652 2651/2651/2651
f 2650/2650/2650 2653/2653/2653 2652/2652/2652
f 2653/2653/2653 2654/2654/2654 2652/2652/2652
f 2654/2654/2654 2653/2653/2653 2655/2655/2655
f 2653/2653/2653 2656/2656/2656 2655/2655/2655
f 2655/2655/2655 2656/2656/2656 2657/2657/2657
f 2658/2658/2658 2659/2659/2659 2660/2660/2660
f 2659/2659/2659 2661/2661/2661 2660/2660/2660
f 2659/2659/2659 2662/2662/2662 2661/2661/2661
f 2662/2662/2662 2663/2663/2663 2661/2661/2661
f 2663/2663/2663 2662/2662/2662 2664/2664/2664
f 2662/2662/2662 2665/2665/2665 2664/2664/2664
f 2664/2664/2664 2665/2665/2665 2666/2666/2666
f 2667/2667/2667 2668/2668/2668 2669/2669/2669
f 2668/2668/2668 2670/2670/2670 2669/2669/2669
f 2668/2668/2668 2671/2671/2671 2670/2670/2670
f 2671/2671/2671 2672/2672/2672 2670/2670/2670
f 2672/2672/2672 2671/2671/2671 2673/2673/2673
f 2671/2671/2671 2674/2674/2674 2673/2673/2673
f 2673/2673/2673 2674/2674/2674 2675/2675/2675
f 2676/2676/2676 2677/2677/2677 2678/2678/2678
f 2677/2677/2677 2679/2679/2679 2678/2678/2678
f 2677/2677/2677 2680/2680/2680 2679/2679/2679
f 2680/2680/2680 2681/2681/2681 2679/2679/2679
f 2681/2681/2681 2680/2680/2680 2682/2682/2682
f 2680/2680/2680 2683/2683/2683 2682/2682/2682
f 2682/2682/2682 2683/2683/2683 2684/2684/2684
f 2685/2685/2685 2686/2686/2686 2687/2687/2687
f 2686/2686/2686 2688/2688/2688 2687/2687/2687
f 2686/2686/2686 2689/2689/2689 2688/2688/2688
f 2689/2689/2689 2690/2690/2690 2688/2688/2688
f 2690/2690/2690 2689/2689/2689 2691/2691/2691
f 2689/2689/2689 2692/2692/2692 2691/2691/2691
f 2691/2691/2691 2692/2692/2692 2693/2693/2693
f 2694/2694/2694 2695/2695/2695 2696/2696/2696
f 2695/2695/2695 2697/2697/2697 2696/2696/2696
f 2696/2696/2696 2697/2697/2697 2698/2698/2698
f 2696/2696/2696 2698/2698/2698 2699/2699/2699
f 2698/2698/2698 2700/2700/2700 2699/2699/2699
f 2699/2699/2699 2700/2700/2700 2701/2701/2701
f 2700/2700/2700 2702/2702/2702 2701/2701/2701
f 2701/2701/2701 2702/2702/2702 2703/2703/2703
f 2704/2704/2704 2705/2705/2705 2706/2706/2706
f 2705/2705/2705 2707/2707/2707 2706/2706/2706
f 2706/2706/2706 2707/2707/2707 2708/2708/2708
f 2706/2706/2706 2708/2708/2708 2709/2709/2709
f 2708/2708/2708 2710/2710/2710 2709/2709/2709
f 2709/2709/2709 2710/2710/2710 2711/2711/2711
f 2710/2710/2710 2712/2712/2712 2711/2711/2711
f 2711/2711/2711 2712/2712/2712 2713/2713/2713
f 2714/2714/2714 2715/2715/2715 2716/2716/2716
f 2715/2715/2715 2717/2717/2717 2716/2716/2716
f 2716/2716/2716 2717/2717/2717 2718/2718/2718
f 2716/2716/2716 2718/2718/2718 2719/2719/2719
f 2718/2718/2718 2720/2720/2720 2719/2719/2719
f 2719/2719/2719 2720/2720/2720 2721/2721/2721
f 2720/2720/2720 2722/2722/2722 2721/2721/2721
f 2721/2721/2721 2722/2722/2722 2723/2723/2723
f 2724/2724/2724 2725/2725/2725 2726/2726/2726
f 2725/2725/2725 2727/2727/2727 2726/2726/2726
f 2726/2726/2726 2727/2727/2727 2728/2728/2728
f 2726/2726/2726 2728/2728/2728 2729/2729/2729
f 2728/2728/2728 2730/2730/2730 2729/2729/2729
f 2729/2729/2729 2730/2730/2730 2731/2731/2731
f 2730/2730/2730 2732/2732/2732 2731/2731/2731
f 2731/2731/2731 2732/2732/2732 2733/2733/2733
f 2734/2734/2734 2735/2735/2735 2736/2736/2736
f 2735/2735/2735 2737/2737/2737 2736/2736/2736
f 2736/2736/2736 2737/2737/2737 2738/2738/2738
f 2736/2736/2736 2738/2738/2738 2739/2739/2739
f 2738/2738/2738 2740/2740/2740 2739/2739/2739
f 2739/2739/2739 2740/2740/2740 2741/2741/2741
f 2740/2740/2740 2742/2742/2742 2741/2741/2741
f 2741/2741/2741 2742/2742/2742 2743/2743/2743
f 2744/2744/2744 2745/2745/2745 2746/2746/2746
f 2745/2745/2745 2747/2747/2747 2746/2746/2746
f 2746/2746/2746 2747/2747/2747 2748/2748/2748
f 2746/2746/2746 2748/2748/2748 2749/2749/2749
f 2748/2748/2748 2750/2750/2750 2749/2749/2749
f 2749/2749/2749 2750/2750/2750 2751/2751/2751
f 2750/2750/2750 2752/2752/2752 2751/2751/2751
f 2751/2751/2751 2752/2752/2752 2753/2753/2753
f 2754/2754/2754 2755/2755/2755 2756/2756/2756
f 2755/2755/2755 2757/2757/2757 2756/2756/2756
f 2756/2756/2756 2757/2757/2757 2758/2758/2758
f 2756/2756/2756 2758/2758/2758 2759/2759/2759
f 2758/2758/2758 2760/2760/2760 2759/2759/2759
f 2759/2759/2759 2760/2760/2760 2761/2761/2761
f 2760/2760/2760 2762/2762/2762 2761/2761/2761
f 2761/2761/2761 2762/2762/2762 2763/2763/2763
f 2764/2764/2764 2765/2765/2765 2766/2766/2766
f 2765/2765/2765 2767/2767/2767 2766/2766/2766
f 2766/2766/2766 2767/2767/2767 2768/2768/2768
f 2766/2766/2766 2768/2768/2768 2769/2769/2769
f 2768/2768/2768 2770/2770/2770 2769/2769/2769
f 2769/2769/2769 2770/2770/2770 2771/2771/2771
f 2770/2770/2770 2772/2772/2772 2771/2771/2771
f 2771/2771/2771 2772/2772/2772 2773/2773/2773
f 2774/2774/2774 2775/2775/2775 2776/2776/2776
f 2775/2775/2775 2777/2777/2777 2776/2776/2776
f 2776/2776/2776 2777/2777/2777 2778/2778/2778
f 2776/2776/2776 2778/2778/2778 2779/2779/2779
f 2778/2778/2778 2780/2780/2780 2779/2779/2779
f 2779/2779/2779 2780/2780/2780 2781/2781/2781
f 2780/2780/2780 2782/2782/2782 2781/2781/2781
f 2781/2781/2781 2782/2782/2782 2783/2783/2783
f 2784/2784/2784 2785/2785/2785 2786/2786/2786
f 2785/2785/2785 2787/2787/2787 2786/2786/2786
f 2785/2785/2785 2788/2788/2788 2787/2787/2787
f 2788/2788/2788 2789/2789/2789 2787/2787/2787
f 2788/2788/2788 2790/2790/2790 2789/2789/2789
f 2790/2790/2790 2791/2791/2791 2789/2789/2789
f 2791/2791/2791 2790/2790/2790 2792/2792/2792
f 2790/2790/2790 2793/2793/2793 2792/2792/2792
f 2794/2794/2794 2795/2795/2795 2796/2796/2796
f 2795/2795/2795 2797/2797/2797 2796/2796/2796
f 2795/2795/2795 2798/2798/2798 2797/2797/2797
f 2798/2798/2798 2799/2799/2799 2797/2797/2797
f 2798/2798/2798 2800/2800/2800 2799/2799/2799
f 2800/2800/2800 2801/2801/2801 2799/2799/2799
f 2801/2801/2801 2800/2800/2800 2802/2802/2802
f 2800/2800/2800 2803/2803/2803 2802/2802/2802
f 2804/2804/2804 2805/2805/2805 2806/2806/2806
f 2805/2805/2805 2807/2807/2807 2806/2806/2806
f 2805/2805/2805 2808/2808/2808 2807/2807/2807
f 2808/2808/2808 2809/2809/2809 2807/2807/2807
f 2808/2808/2808 2810/2810/2810 2809/2809/2809
f 2810/2810/2810 2811/2811/2811 2809/2809/2809
f 2811/2811/2811 2810/2810/2810 2812/2812/2812
f 2810/2810/2810 2813/2813/2813 2812/2812/2812
f 2814/2814/2814 2815/2815/2815 2816/2816/2816
f 2815/2815/2815 2817/2817/2817 2816/2816/2816
f 2815/2815/2815 2818/2818/2818 2817/2817/2817
f 2818/2818/2818 2819/2819/2819 2817/2817/2817
f 2818/2818/2818 2820/2820/2820 2819/2819/2819
f 2820/2820/2820 2821/2821/2821 2819/2819/2819
f 2821/2821/2821 2820/2820/2820 2822/2822/2822
f 2820/2820/2820 2823/2823/2823 2822/2822/2822
f 2824/2824/2824 2825/2825/2825 2826/2826/2826
f 2825/2825/2825 2827/2827/2827 2826/2826/2826
f 2825/2825/2825 2828/2828/2828 2827/2827/2827
f 2828/2828/2828 2829/2829/2829 2827/2827/2827
f 2828/2828/2828 2830/2830/2830 2829/2829/2829
f 2830/2830/2830 2831/2831/2831 2829/2829/2829
f 2831/2831/2831 2830/2830/2830 2832/2832/2832
f 2830/2830/2830 2833/2833/2833 2832/2832/2832
f 2834/2834/2834 2835/2835/2835 2836/2836/2836
f 2835/2835/2835 2837/2837/2837 2836/2836/2836
f 2835/2835/2835 2838/2838/2838 2837/2837/2837
f 2838/2838/2838 2839/2839/2839 2837/2837/2837
f 2838/2838/2838 2840/2840/2840 2839/2839/2839
f 2840/2840/2840 2841/2841/2841 2839/2839/2839
f 2841/2841/2841 2840/2840/2840 2842/2842/2842
f 2840/2840/2840 2843/2843/2843 2842/2842/2842
f 2844/2844/2844 2845/2845/2845 2846/2846/2846
f 2845/2845/2845 2847/2847/2847 2846/2846/2846
f 2845/2845/2845 2848/2848/2848 2847/2847/2847
f 2848/2848/2848 2849/2849/2849 2847/2847/2847
f 2848/2848/2848 2850/2850/2850 2849/2849/2849
f 2850/2850/2850 2851/2851/2851 2849/2849/2849
f 2851/2851/2851 2850/2850/2850 2852/2852/2852
f 2850/2850/2850 2853/2853/2853 2852/2852/2852
f 2854/2854/2854 2855/2855/2855 2856/2856/2856
f 2855/2855/2855 2857/2857/2857 2856/2856/2856
f 2855/2855/2855 2858/2858/2858 2857/2857/2857
f 2858/2858/2858 2859/2859/2859 2857/2857/2857
f 2858/2858/2858 2860/2860/2860 2859/2859/2859
f 2860/2860/2860 2861/2861/2861 2859/2859/2859
f 2861/2861/2861 2860/2860/2860 2862/2862/2862
f 2860/2860/2860 2863/2863/2863 2862/2862/2862
f 2864/2864/2864 2865/2865/2865 2866/2866/2866
f 2865/2865/2865 2867/2867/2867 2866/2866/2866
f 2865/2865/2865 2868/2868/2868 2867/2867/2867
f 2868/2868/2868 2869/2869/2869 2867/2867/2867
f 2868/2868/2868 2870/2870/2870 2869/2869/2869
f 2870/2870/2870 2871/2871/2871 2869/2869/2869
f 2871/2871/2871 2870/2870/2870 2872/2872/2872
f 2870/2870/2870 2873/2873/2873 2872/2872/2872
f 2874/2874/2874 2875/2875/2875 2876/2876/2876
f 2875/2875/2875 2877/2877/2877 2876/2876/2876
f 2875/2875/2875 2878/2878/2878 2877/2877/2877
f 2878/2878/2878 2879/2879/2879 2877/2877/2877
f 2878/2878/2878 2880/2880/2880 2879/2879/2879
f 2880/2880/2880 2881/2881/2881 2879/2879/2879
f 2881/2881/2881 2880/2880/2880 2882/2882/2882
f 2880/2880/2880 2883/2883/2883 2882/2882/2882
f 2884/2884/2884 2885/2885/2885 2886/2886/2886
f 2885/2885/2885 2887/2887/2887 2886/2886/2886
f 2885/2885/2885 2888/2888/2888 2887/2887/2887
f 2888/2888/2888 2889/2889/2889 2887/2887/2887
f 2888/2888/2888 2890/2890/2890 2889/2889/2889
f 2890/2890/2890 2891/2891/2891 2889/2889/2889
f 2891/2891/2891 2890/2890/2890 2892/2892/2892
f 2890/2890/2890 2893/2893/2893 2892/2892/2892
f 2894/2894/2894 2895/2895/2895 2896/2896/2896
f 2895/2895/2895 2897/2897/2897 2896/2896/2896
f 2896/2896/2896 2897/2897/2897 2898/2898/2898
f 2896/2896/2896 2898/2898/2898 2899/2899/2899
f 2898/2898/2898 2900/2900/2900 2899/2899/2899
f 2899/2899/2899 2900/2900/2900 2901/2901/2901
f 2900/2900/2900 2902/2902/2902 2901/2901/2901
f 2901/2901/2901 2902/2902/2902 2903/2903/2903
f 2904/2904/2904 2905/2905/2905 2906/2906/2906
f 2905/2905/2905 2907/2907/2907 2906/2906/2906
f 2906/2906/2906 2907/2907/2907 2908/2908/2908
f 2906/2906/2906 2908/2908/2908 2909/2909/2909
f 2908/2908/2908 2910/2910/2910 2909/2909/2909
f 2909/2909/2909 2910/2910/2910 2911/2911/2911
f 2910/2910/2910 2912/2912/2912 2911/2911/2911
f 2911/2911/2911 2912/2912/2912 2913/2913/2913
f 2914/2914/2914 2915/2915/2915 2916/2916/2916
f 2915/2915/2915 2917/2917/2917 2916/2916/2916
f 2916/2916/2916 2917/2917/2917 2918/2918/2918
f 2916/2916/2916 2918/2918/2918 2919/2919/2919
f 2918/2918/2918 2920/2920/2920 2919/2919/2919
f 2919/2919/2919 2920/2920/2920 2921/2921/2921
f 2920/2920/2920 2922/2922/2922 2921/2921/2921
f 2921/2921/2921 2922/2922/2922 2923/2923/2923
f 2924/2924/2924 2925/2925/2925 2926/2926/2926
f 2925/2925/2925 2927/2927/2927 2926/2926/2926
f 2926/2926/2926 2927/2927/2927 2928/2928/2928
f 2926/2926/2926 2928/2928/2928 2929/2929/2929
f 2928/2928/2928 2930/2930/2930 2929/2929/2929
f 2929/2929/2929 2930/2930/2930 2931/2931/2931
f 2930/2930/2930 2932/2932/2932 2931/2931/2931
f 2931/2931/2931 2932/2932/2932 2933/2933/2933
f 2934/2934/2934 2935/2935/2935 2936/2936/2936
f 2935/2935/2935 2937/2937/2937 2936/2936/2936
f 2936/2936/2936 2937/2937/2937 2938/2938/2938
f 2936/2936/2936 2938/2938/2938 2939/2939/2939
f 2938/2938/2938 2940/2940/2940 2939/2939/2939
f 2939/2939/2939 2940/2940/2940 2941/2941/2941
f 2940/2940/2940 2942/2942/2942 2941/2941/2941
f 2941/2941/2941 2942/2942/2942 2943/2943/2943
f 2944/2944/2944 2945/2945/2945 2946/2946/2946
f 2945/2945/2945 2947/2947/2947 2946/2946/2946
f 2946/2946/2946 2947/2947/2947 2948/2948/2948
f 2946/2946/2946 2948/2948/2948 2949/2949/2949
f 2948/2948/2948 2950/2950/2950 2949/2949/2949
f 2949/2949/2949 2950/2950/2950 2951/2951/2951
f 2950/2950/2950 2952/2952/2952 2951/2951/2951
f 2951/2951/2951 2952/2952/2952 2953/2953/2953
f 2954/2954/2954 2955/2955/2955 2956/2956/2956
f 2955/2955/2955 2957/2957/2957 2956/2956/2956
f 2956/2956/2956 2957/2957/2957 2958/2958/2958
f 2956/2956/2956 2958/2958/2958 2959/2959/2959
f 2958/2958/2958 2960/2960/2960 2959/2959/2959
f 2959/2959/2959 2960/2960/2960 2961/2961/2961
f 2960/2960/2960 2962/2962/2962 2961/2961/2961
f 2961/2961/2961 2962/2962/2962 2963/2963/2963
f 2964/2964/2964 2965/2965/2965 2966/2966/2966
f 2965/2965/2965 2967/2967/2967 2966/2966/2966
f 2966/2966/2966 2967/2967/2967 2968/2968/2968
f 2966/2966/2966 2968/2968/2968 2969/2969/2969
f 2968/2968/2968 2970/2970/2970 2969/2969/2969
f 2969/2969/2969 2970/2970/2970 2971/2971/2971
f 2970/2970/2970 2972/2972/2972 2971/2971/2971
f 2971/2971/2971 2972/2972/2972 2973/2973/2973
f 2974/2974/2974 2975/2975/2975 2976/2976/2976
f 2975/2975/2975 2977/2977/2977 2976/2976/2976
f 2976/2976/2976 2977/2977/2977 2978/2978/2978
f 2976/2976/2976 2978/2978/2978 2979/2979/2979
f 2978/2978/2978 2980/2980/2980 2979/2979/2979
f 2979/2979/2979 2980/2980/2980 2981/2981/2981
f 2980/2980/2980 2982/2982/2982 2981/2981/2981
f 2981/2981/2981 2982/2982/2982 2983/2983/2983
f 2984/2984/2984 2985/2985/2985 2986/2986/2986
f 2985/2985/2985 2987/2987/2987 2986/2986/2986
f 2986/2986/2986 2987/2987/2987 2988/2988/2988
f 2986/2986/2986 2988/2988/2988 2989/2989/2989
f 2988/2988/2988 2990/2990/2990 2989/2989/2989
f 2989/2989/2989 2990/2990/2990 2991/2991/2991
f 2990/2990/2990 2992/2992/2992 2991/2991/2991
f 2991/2991/2991 2992/2992/2992 2993/2993/2993
f 2994/2994/2994 2995/2995/2995 2996/2996/2996
f 2995/2995/2995 2997/2997/2997 2996/2996/2996
f 2996/2996/2996 2997/2997/2997 2998/2998/2998
f 2996/2996/2996 2998/2998/2998 2999/2999/2999
f 2998/2998/2998 3000/3000/3000 2999/2999/2999
f 2999/2999/2999 3000/3000/3000 3001/3001/3001
f 3000/3000/3000 3002/3002/3002 3001/3001/3001
f 3001/3001/3001 3002/3002/3002 3003/3003/3003
f 3004/3004/3004 3005/3005/3005 3006/3006/3006
f 3005/3005/3005 3007/3007/3007 3006/3006/3006
f 3006/3006/3006 3007/3007/3007 3008/3008/3008
f 3006/3006/3006 3008/3008/3008 3009/3009/3009
f 3008/3008/3008 3010/3010/3010 3009/3009/3009
f 3009/3009/3009 3010/3010/3010 3011/3011/3011
f 3010/3010/3010 3012/3012/3012 3011/3011/3011
f 3011/3011/3011 3012/3012/3012 3013/3013/3013
f 3014/3014/3014 3015/3015/3015 3016/3016/3016
f 3015/3015/3015 3017/3017/3017 3016/3016/3016
f 3016/3016/3016 3017/3017/3017 3018/3018/3018
f 3016/3016/3016 3018/3018/3018 3019/3019/3019
f 3018/3018/3018 3020/3020/3020 3019/3019/3019
f 3019/3019/3019 3020/3020/3020 3021/3021/3021
f 3020/3020/3020 3022/3022/3022 3021/3021/3021
f 3021/3021/3021 3022/3022/3022 3023/3023/3023
f 3024/3024/3024 3025/3025/3025 3026/3026/3026
f 3025/3025/3025 3027/3027/3027 3026/3026/3026
f 3026/3026/3026 3027/3027/3027 3028/3028/3028
f 3026/3026/3026 3028/3028/3028 3029/3029/3029
f 3028/3028/3028 3030/3030/3030 3029/3029/3029
f 3029/3029/3029 3030/3030/3030 3031/3031/3031
f 3032/3032/3032 3033/3033/3033 3034/3034/3034
f 3033/3033/3033 3035/3035/3035 3034/3034/3034
f 3034/3034/3034 3035/3035/3035 3036/3036/3036
f 3034/3034/3034 3036/3036/3036 3037/3037/3037
f 3036/3036/3036 3038/3038/3038 3037/3037/3037
f 3037/3037/3037 3038/3038/3038 3039/3039/3039
f 3040/3040/3040 3041/3041/3041 3042/3042/3042
f 3041/3041/3041 3043/3043/3043 3042/3042/3042
f 3042/3042/3042 3043/3043/3043 3044/3044/3044
f 3042/3042/3042 3044/3044/3044 3045/3045/3045
f 3044/3044/3044 3046/3046/3046 3045/3045/3045
f 3045/3045/3045 3046/3046/3046 3047/3047/3047
f 3048/3048/3048 3049/3049/3049 3050/3050/3050
f 3049/3049/3049 3051/3051/3051 3050/3050/3050
f 3050/3050/3050 3051/3051/3051 3052/3052/3052
f 3050/3050/3050 3052/3052/3052 3053/3053/3053
f 3052/3052/3052 3054/3054/3054 3053/3053/3053
f 3053/3053/3053 3054/3054/3054 3055/3055/3055
f 3056/3056/3056 3057/3057/3057 3058/3058/3058
f 3057/3057/3057 3059/3059/3059 3058/3058/3058
f 3058/3058/3058 3059/3059/3059 3060/3060/3060
f 3058/3058/3058 3060/3060/3060 3061/3061/3061
f 3060/3060/3060 3062/3062/3062 3061/3061/3061
f 3061/3061/3061 3062/3062/3062 3063/3063/3063
f 3064/3064/3064 3065/3065/3065 3066/3066/3066
f 3065/3065/3065 3067/3067/3067 3066/3066/3066
f 3066/3066/3066 3067/3067/3067 3068/3068/3068
f 3066/3066/3066 3068/3068/3068 3069/3069/3069
f 3068/3068/3068 3070/3070/3070 3069/3069/3069
f 3069/3069/3069 3070/3070/3070 3071/3071/3071
f 3072/3072/3072 3073/3073/3073 3074/3074/3074
f 3073/3073/3073 3075/3075/3075 3074/3074/3074
f 3074/3074/3074 3075/3075/3075 3076/3076/3076
f 3074/3074/3074 3076/3076/3076 3077/3077/3077
f 3076/3076/3076 3078/3078/3078 3077/3077/3077
f 3077/3077/3077 3078/3078/3078 3079/3079/3079
f 3078/3078/3078 3080/3080/3080 3079/3079/3079
f 3079/3079/3079 3080/3080/3080 3081/3081/3081
f 3082/3082/3082 3083/3083/3083 3084/3084/3084
f 3083/3083/3083 3085/3085/3085 3084/3084/3084
f 3084/3084/3084 3085/3085/3085 3086/3086/3086
f 3084/3084/3084 3086/3086/3086 3087/3087/3087
f 3086/3086/3086 3088/3088/3088 3087/3087/3087
f 3087/3087/3087 3088/3088/3088 3089/3089/3089
f 3088/3088/3088 3090/3090/3090 3089/3089/3089
f 3089/3089/3089 3090/3090/3090 3091/3091/3091
f 3092/3092/3092 3093/3093/3093 3094/3094/3094
f 3093/3093/3093 3095/3095/3095 3094/3094/3094
f 3094/3094/3094 3095/3095/3095 3096/3096/3096
f 3094/3094/3094 3096/3096/3096 3097/3097/3097
f 3096/3096/3096 3098/3098/3098 3097/3097/3097
f 3097/3097/3097 3098/3098/3098 3099/3099/3099
f 3098/3098/3098 3100/3100/3100 3099/3099/3099
f 3099/3099/3099 3100/3100/3100 3101/3101/3101
f 3102/3102/3102 3103/3103/3103 3104/3104/3104
f 3103/3103/3103 3105/3105/3105 3104/3104/3104
f 3104/3104/3104 3105/3105/3105 3106/3106/3106
f 3104/3104/3104 3106/3106/3106 3107/3107/3107
f 3106/3106/3106 3108/3108/3108 3107/3107/3107
f 3107/3107/3107 3108/3108/3108 3109/3109/3109
f 3108/3108/3108 3110/3110/3110 3109/3109/3109
f 3109/3109/3109 3110/3110/3110 3111/3111/3111
f 3112/3112/3112 3113/3113/3113 3114/3114/3114
f 3113/3113/3113 3115/3115/3115 3114/3114/3114
f 3114/3114/3114 3115/3115/3115 3116/3116/3116
f 3114/3114/3114 3116/3116/3116 3117/3117/3117
f 3116/3116/3116 3118/3118/3118 3117/3117/3117
f 3117/3117/3117 3118/3118/3118 3119/3119/3119
f 3118/3118/3118 3120/3120/3120 3119/3119/3119
f 3119/3119/3119 3120/3120/3120 3121/3121/3121
f 3122/3122/3122 3123/3123/3123 3124/3124/3124
f 3123/3123/3123 3125/3125/3125 3124/3124/3124
f 3124/3124/3124 3125/3125/3125 3126/3126/3126
f 3124/3124/3124 3126/3126/3126 3127/3127/3127
f 3126/3126/3126 3128/3128/3128 3127/3127/3127
f 3127/3127/3127 3128/3128/3128 3129/3129/3129
f 3128/3128/3128 3130/3130/3130 3129/3129/3129
f 3129/3129/3129 3130/3130/3130 3131/3131/3131
f 3132/3132/3132 3133/3133/3133 3134/3134/3134
f 3133/3133/3133 3135/3135/3135 3134/3134/3134
f 3134/3134/3134 3135/3135/3135 3136/3136/3136
f 3134/3134/3134 3136/3136/3136 3137/3137/3137
f 3136/3136/3136 3138/3138/3138 3137/3137/3137
f 3137/3137/3137 3138/3138/3138 3139/3139/3139
f 3138/3138/3138 3140/3140/3140 3139/3139/3139
f 3139/3139/3139 3140/3140/3140 3141/3141/3141
f 3142/3142/3142 3143/3143/3143 3144/3144/3144
f 3143/3143/3143 3145/3145/3145 3144/3144/3144
f 3143/3143/3143 3146/3146/3146 3145/3145/3145
f 3146/3146/3146 3147/3147/3147 3145/3145/3145
f 3147/3147/3147 3146/3146/3146 3148/3148/3148
f 3146/3146/3146 3149/3149/3149 3148/3148/3148
f 3150/3150/3150 3151/3151/3151 3152/3152/3152
f 3151/3151/3151 3153/3153/3153 3152/3152/3152
f 3151/3151/3151 3154/3154/3154 3153/3153/3153
f 3154/3154/3154 3155/3155/3155 3153/3153/3153
f 3155/3155/3155 3154/3154/3154 3156/3156/3156
f 3154/3154/3154 3157/3157/3157 3156/3156/3156
f 3158/3158/3158 3159/3159/3159 3160/3160/3160
f 3159/3159/3159 3161/3161/3161 3160/3160/3160
f 3159/3159/3159 3162/3162/3162 3161/3161/3161
f 3162/3162/3162 3163/3163/3163 3161/3161/3161
f 3163/3163/3163 3162/3162/3162 3164/3164/3164
f 3162/3162/3162 3165/3165/3165 3164/3164/3164
f 3166/3166/3166 3167/3167/3167 3168/3168/3168
f 3167/3167/3167 3169/3169/3169 3168/3168/3168
f 3167/3167/3167 3170/3170/3170 3169/3169/3169
f 3170/3170/3170 3171/3171/3171 3169/3169/3169
f 3171/3171/3171 3170/3170/3170 3172/3172/3172
f 3170/3170/3170 3173/3173/3173 3172/3172/3172
f 3174/3174/3174 3175/3175/3175 3176/3176/3176
f 3175/3175/3175 3177/3177/3177 3176/3176/3176
f 3175/3175/3175 3178/3178/3178 3177/3177/3177
f 3178/3178/3178 3179/3179/3179 3177/3177/3177
f 3179/3179/3179 3178/3178/3178 3180/3180/3180
f 3178/3178/3178 3181/3181/3181 3180/3180/3180
f 3182/3182/3182 3183/3183/3183 3184/3184/3184
f 3183/3183/3183 3185/3185/3185 3184/3184/3184
f 3183/3183/3183 3186/3186/3186 3185/3185/3185
f 3186/3186/3186 3187/3187/3187 3185/3185/3185
f 3187/3187/3187 3186/3186/3186 3188/3188/3188
f 3186/3186/3186 3189/3189/3189 3188/3188/3188
f 3190/3190/3190 3191/3191/3191 3192/3192/3192
f 3191/3191/3191 3193/3193/3193 3192/3192/3192
f 3192/3192/3192 3193/3193/3193 3194/3194/3194
f 3192/3192/3192 3194/3194/3194 3195/3195/3195
f 3194/3194/3194 3196/3196/3196 3195/3195/3195
f 3195/3195/3195 3196/3196/3196 3197/3197/3197
f 3198/3198/3198 3199/3199/3199 3200/3200/3200
f 3199/3199/3199 3201/3201/3201 3200/3200/3200
f 3200/3200/3200 3201/3201/3201 3202/3202/3202
f 3200/3200/3200 3202/3202/3202 3203/3203/3203
f 3202/3202/3202 3204/3204/3204 3203/3203/3203
f 3203/3203/3203 3204/3204/3204 3205/3205/3205
f 3206/3206/3206 3207/3207/3207 3208/3208/3208
f 3207/3207/3207 3209/3209/3209 3208/3208/3208
f 3208/3208/3208 3209/3209/3209 3210/3210/3210
f 3208/3208/3208 3210/3210/3210 3211/3211/3211
f 3210/3210/3210 3212/3212/3212 3211/3211/3211
f 3211/3211/3211 3212/3212/3212 3213/3213/3213
f 3214/3214/3214 3215/3215/3215 3216/3216/3216
f 3215/3215/3215 3217/3217/3217 3216/3216/3216
f 3216/3216/3216 3217/3217/3217 3218/3218/3218
f 3217/3217/3217 3219/3219/3219 3218/3218/3218
f 3218/3218/3218 3219/3219/3219 3220/3220/3220
f 3219/3219/3219 3221/3221/3221 3220/3220/3220
f 3220/3220/3220 3221/3221/3221 3222/3222/3222
f 3221/3221/3221 3223/3223/3223 3222/3222/3222
f 3222/3222/3222 3223/3223/3223 3224/3224/3224
f 3223/3223/3223 3225/3225/3225 3224/3224/3224
f 3224/3224/3224 3225/3225/3225 3226/3226/3226
f 3225/3225/3225 3227/3227/3227 3226/3226/3226
f 3226/3226/3226 3227/3227/3227 3228/3228/3228
f 3227/3227/3227 3229/3229/3229 3228/3228/3228
f 3228/3228/3228 3229/3229/3229 3230/3230/3230
f 3229/3229/3229 3231/3231/3231 3230/3230/3230
f 3230/3230/3230 3231/3231/3231 3232/3232/3232
f 3231/3231/3231 3233/3233/3233 3232/3232/3232
f 3232/3232/3232 3233/3233/3233 3234/3234/3234
f 3233/3233/3233 3235/3235/3235 3234/3234/3234
f 3234/3234/3234 3235/3235/3235 3236/3236/3236
f 3235/3235/3235 3237/3237/3237 3236/3236/3236
f 3236/3236/3236 3237/3237/3237 3238/3238/3238
f 3237/3237/3237 3239/3239/3239 3238/3238/3238
f 3238/3238/3238 3239/3239/3239 3240/3240/3240
f 3239/3239/3239 3241/3241/3241 3240/3240/3240
f 3240/3240/3240 3241/3241/3241 3242/3242/3242
f 3241/3241/3241 3243/3243/3243 3242/3242/3242
f 3242/3242/3242 3243/3243/3243 3244/3244/3244
f 3243/3243/3243 3245/3245/3245 3244/3244/3244
f 3244/3244/3244 3245/3245/3245 3246/3246/3246
f 3245/3245/3245 3247/3247/3247 3246/3246/3246
f 3246/3246/3246 3247/3247/3247 3248/3248/3248
f 3247/3247/3247 3249/3249/3249 3248/3248/3248
f 3248/3248/3248 3249/3249/3249 3250/3250/3250
f 3249/3249/3249 3251/3251/3251 3250/3250/3250
f 3250/3250/3250 3251/3251/3251 3252/3252/3252
f 3251/3251/3251 3253/3253/3253 3252/3252/3252
f 3252/3252/3252 3253/3253/3253 3254/3254/3254
f 3253/3253/3253 3255/3255/3255 3254/3254/3254
f 3254/3254/3254 3255/3255/3255 3256/3256/3256
f 3255/3255/3255 3257/3257/3257 3256/3256/3256
f 3256/3256/3256 3257/3257/3257 3258/3258/3258
f 3257/3257/3257 3259/3259/3259 3258/3258/3258
f 3258/3258/3258 3259/3259/3259 3260/3260/3260
f 3259/3259/3259 3261/3261/3261 3260/3260/3260
f 3260/3260/3260 3261/3261/3261 3262/3262/3262
f 3261/3261/3261 3263/3263/3263 3262/3262/3262
f 3262/3262/3262 3263/3263/3263 3264/3264/3264
f 3263/3263/3263 3265/3265/3265 3264/3264/3264
f 3264/3264/3264 3265/3265/3265 3266/3266/3266
f 3265/3265/3265 3267/3267/3267 3266/3266/3266
f 3266/3266/3266 3267/3267/3267 3268/3268/3268
f 3267/3267/3267 3269/3269/3269 3268/3268/3268
f 3268/3268/3268 3269/3269/3269 3270/3270/3270
f 3269/3269/3269 3271/3271/3271 3270/3270/3270
f 3270/3270/3270 3271/3271/3271 3272/3272/3272
f 3271/3271/3271 3273/3273/3273 3272/3272/3272
f 3272/3272/3272 3273/3273/3273 3274/3274/3274
f 3273/3273/3273 3275/3275/3275 3274/3274/3274
f 3274/3274/3274 3275/3275/3275 3276/3276/3276
f 3275/3275/3275 3277/3277/3277 3276/3276/3276
f 3276/3276/3276 3277/3277/3277 3278/3278/3278
f 3277/3277/3277 3279/3279/3279 3278/3278/3278
f 3278/3278/3278 3279/3279/3279 3280/3280/3280
f 3279/3279/3279 3281/3281/3281 3280/3280/3280
f 3280/3280/3280 3281/3281/3281 3282/3282/3282
f 3281/3281/3281 3283/3283/3283 3282/3282/3282
f 3282/3282/3282 3283/3283/3283 3284/3284/3284
f 3283/3283/3283 3285/3285/3285 3284/3284/3284
f 3284/3284/3284 3285/3285/3285 3286/3286/3286
f 3285/3285/3285 3287/3287/3287 3286/3286/3286
f 3286/3286/3286 3287/3287/3287 3288/3288/3288
f 3287/3287/3287 3289/3289/3289 3288/3288/3288
f 3288/3288/3288 3289/3289/3289 3290/3290/3290
f 3289/3289/3289 3291/3291/3291 3290/3290/3290
f 3290/3290/3290 3291/3291/3291 3292/3292/3292
f 3291/3291/3291 3293/3293/3293 3292/3292/3292
f 3292/3292/3292 3293/3293/3293 3294/3294/3294
f 3293/3293/3293 3295/3295/3295 3294/3294/3294
f 3294/3294/3294 3295/3295/3295 3296/3296/3296
f 3295/3295/3295 3297/3297/3297 3296/3296/3296
f 3296/3296/3296 3297/3297/3297 3298/3298/3298
f 3297/3297/3297 3299/3299/3299 3298/3298/3298
f 3298/3298/3298 3299/3299/3299 3300/3300/3300
f 3299/3299/3299 3301/3301/3301 3300/3300/3300
f 3217/3217/3217 3302/3302/3302 3219/3219/3219
f 3302/3302/3302 3303/3303/3303 3219/3219/3219
f 3219/3219/3219 3303/3303/3303 3221/3221/3221
f 3303/3303/3303 3304/3304/3304 3221/3221/3221
f 3221/3221/3221 3304/3304/3304 3223/3223/3223
f 3304/3304/3304 3305/3305/3305 3223/3223/3223
f 3223/3223/3223 3305/3305/3305 3225/3225/3225
f 3305/3305/3305 3306/3306/3306 3225/3225/3225
f 3225/3225/3225 3306/3306/3306 3227/3227/3227
f 3306/3306/3306 3307/3307/3307 3227/3227/3227
f 3227/3227/3227 3307/3307/3307 3229/3229/3229
f 3307/3307/3307 3308/3308/3308 3229/3229/3229
f 3229/3229/3229 3308/3308/3308 3231/3231/3231
f 3308/3308/3308 3309/3309/3309 3231/3231/3231
f 3231/3231/3231 3309/3309/3309 3233/3233/3233
f 3309/3309/3309 3310/3310/3310 3233/3233/3233
f 3233/3233/3233 3310/3310/3310 3235/3235/3235
f 3310/3310/3310 3311/3311/3311 3235/3235/3235
f 3235/3235/3235 3311/3311/3311 3237/3237/3237
f 3311/3311/3311 3312/3312/3312 3237/3237/3237
f 3237/3237/3237 3312/3312/3312 3239/3239/3239
f 3312/3312/3312 3313/3313/3313 3239/3239/3239
f 3239/3239/3239 3313/3313/3313 3241/3241/3241
f 3313/3313/3313 3314/3314/3314 3241/3241/3241
f 3241/3241/3241 3314/3314/3314 3243/3243/3243
f 3314/3314/3314 3315/3315/3315 3243/3243/3243
f 3243/3243/3243 3315/3315/3315 3245/3245/3245
f 3315/3315/3315 3316/3316/3316 3245/3245/3245
f 3245/3245/3245 3316/3316/3316 3247/3247/3247
f 3316/3316/3316 3317/3317/3317 3247/3247/3247
f 3247/3247/3247 3317/3317/3317 3249/3249/3249
f 3317/3317/3317 3318/3318/3318 3249/3249/3249
f 3249/3249/3249 3318/3318/3318 3251/3251/3251
f 3318/3318/3318 3319/3319/3319 3251/3251/3251
f 3251/3251/3251 3319/3319/3319 3253/3253/3253
f 3319/3319/3319 3320/3320/3320 3253/3253/3253
f 3253/3253/3253 3320/3320/3320 3255/3255/3255
f 3320/3320/3320 3321/3321/3321 3255/3255/3255
f 3255/3255/3255 3321/3321/3321 3257/3257/3257
f 3321/3321/3321 3322/3322/3322 3257/3257/3257
f 3257/3257/3257 3322/3322/3322 3259/3259/3259
f 3322/3322/3322 3323/3323/3323 3259/3259/3259
f 3259/3259/3259 3323/3323/3323 3261/3261/3261
f 3323/3323/3323 3324/3324/3324 3261/3261/3261
f 3261/3261/3261 3324/3324/3324 3263/3263/3263
f 3324/3324/3324 3325/3325/3325 3263/3263/3263
f 3263/3263/3263 3325/3325/3325 3265/3265/3265
f 3325/3325/3325 3326/3326/3326 3265/3265/3265
f 3265/3265/3265 3326/3326/3326 3267/3267/3267
f 3326/3326/3326 3327/3327/3327 3267/3267/3267
f 3267/3267/3267 3327/3327/3327 3269/3269/3269
f 3327/3327/3327 3328/3328/3328 3269/3269/3269
f 3269/3269/3269 3328/3328/3328 3271/3271/3271
f 3328/3328/3328 3329/3329/3329 3271/3271/3271
f 3271/3271/3271 3329/3329/3329 3273/3273/3273
f 3329/3329/3329 3330/3330/3330 3273/3273/3273
f 3273/3273/3273 3330/3330/3330 3275/3275/3275
f 3330/3330/3330 3331/3331/3331 3275/3275/3275
f 3275/3275/3275 3331/3331/3331 3277/3277/3277
f 3331/3331/3331 3332/3332/3332 3277/3277/3277
f 3277/3277/3277 3332/3332/3332 3279/3279/3279
f 3332/3332/3332 3333/3333/3333 3279/3279/3279
f 3279/3279/3279 3333/3333/3333 3281/3281/3281
f 3333/3333/3333 3334/3334/3334 3281/3281/3281
f 3281/3281/3281 3334/3334/3334 3283/3283/3283
f 3334/3334/3334 3335/3335/3335 3283/3283/3283
f 3283/3283/3283 3335/3335/3335 3285/3285/3285
f 3335/3335/3335 3336/3336/3336 3285/3285/3285
f 3285/3285/3285 3336/3336/3336 3287/3287/3287
f 3336/3336/3336 3337/3337/3337 3287/3287/3287
f 3287/3287/3287 3337/3337/3337 3289/3289/3289
f 3337/3337/3337 3338/3338/3338 3289/3289/3289
f 3289/3289/3289 3338/3338/3338 3291/3291/3291
f 3338/3338/3338 3339/3339/3339 3291/3291/3291
f 3291/3291/3291 3339/3339/3339 3293/3293/3293
f 3339/3339/3339 3340/3340/3340 3293/3293/3293
f 3293/3293/3293 3340/3340/3340 3295/3295/3295
f 3340/3340/3340 3341/3341/3341 3295/3295/3295
f 3295/3295/3295 3341/3341/3341 3297/3297/3297
f 3341/3341/3341 3342/3342/3342 3297/3297/3297
f 3297/3297/3297 3342/3342/3342 3299/3299/3299
f 3342/3342/3342 3343/3343/3343 3299/3299/3299
f 3299/3299/3299 3343/3343/3343 3301/3301/3301
f 3343/3343/3343 3344/3344/3344 3301/3301/3301
f 3335/3335/3335 3334/3334/3334 3345/3345/3345
f 3334/3334/3334 3333/3333/3333 3345/3345/3345
f 3345/3345/3345 3333/3333/3333 3346/3346/3346
f 3333/3333/3333 3332/3332/3332 3346/3346/3346
f 3346/3346/3346 3332/3332/3332 3347/3347/3347
f 3332/3332/3332 3331/3331/3331 3347/3347/3347
f 3347/3347/3347 3331/3331/3331 3348/3348/3348
f 3331/3331/3331 3330/3330/3330 3348/3348/3348
f 3348/3348/3348 3330/3330/3330 3349/3349/3349
f 3330/3330/3330 3329/3329/3329 3349/3349/3349
f 3349/3349/3349 3329/3329/3329 3350/3350/3350
f 3329/3329/3329 3328/3328/3328 3350/3350/3350
f 3350/3350/3350 3328/3328/3328 3351/3351/3351
f 3328/3328/3328 3327/3327/3327 3351/3351/3351
f 3351/3351/3351 3327/3327/3327 3352/3352/3352
f 3327/3327/3327 3326/3326/3326 3352/3352/3352
f 3352/3352/3352 3326/3326/3326 3353/3353/3353
f 3326/3326/3326 3325/3325/3325 3353/3353/3353
f 3353/3353/3353 3325/3325/3325 3354/3354/3354
f 3325/3325/3325 3324/3324/3324 3354/3354/3354
f 3354/3354/3354 3324/3324/3324 3355/3355/3355
f 3324/3324/3324 3323/3323/3323 3355/3355/3355
f 3355/3355/3355 3323/3323/3323 3356/3356/3356
f 3323/3323/3323 3322/3322/3322 3356/3356/3356
f 3356/3356/3356 3322/3322/3322 3357/3357/3357
f 3322/3322/3322 3321/3321/3321 3357/3357/3357
f 3357/3357/3357 3321/3321/3321 3358/3358/3358
f 3321/3321/3321 3320/3320/3320 3358/3358/3358
f 3358/3358/3358 3320/3320/3320 3359/3359/3359
f 3320/3320/3320 3319/3319/3319 3359/3359/3359
f 3359/3359/3359 3319/3319/3319 3360/3360/3360
f 3319/3319/3319 3318/3318/3318 3360/3360/3360
f 3360/3360/3360 3318/3318/3318 3361/3361/3361
f 3318/3318/3318 3317/3317/3317 3361/3361/3361
f 3361/3361/3361 3317/3317/3317 3362/3362/3362
f 3317/3317/3317 3316/3316/3316 3362/3362/3362
f 3362/3362/3362 3316/3316/3316 3363/3363/3363
f 3316/3316/3316 3315/3315/3315 3363/3363/3363
f 3363/3363/3363 3315/3315/3315 3364/3364/3364
f 3315/3315/3315 3314/3314/3314 3364/3364/3364
f 3364/3364/3364 3314/3314/3314 3365/3365/3365
f 3314/3314/3314 3313/3313/3313 3365/3365/3365
f 3365/3365/3365 3313/3313/3313 3366/3366/3366
f 3313/3313/3313 3312/3312/3312 3366/3366/3366
f 3366/3366/3366 3312/3312/3312 3367/3367/3367
f 3312/3312/3312 3311/3311/3311 3367/3367/3367
f 3367/3367/3367 3311/3311/3311 3368/3368/3368
f 3311/3311/3311 3310/3310/3310 3368/3368/3368
f 3368/3368/3368 3310/3310/3310 3369/3369/3369
f 3310/3310/3310 3309/3309/3309 3369/3369/3369
f 3369/3369/3369 3309/3309/3309 3370/3370/3370
f 3309/3309/3309 3308/3308/3308 3370/3370/3370
f 3370/3370/3370 3308/3308/3308 3371/3371/3371
f 3308/3308/3308 3307/3307/3307 3371/3371/3371
f 3371/3371/3371 3307/3307/3307 3372/3372/3372
f 3307/3307/3307 3306/3306/3306 3372/3372/3372
f 3372/3372/3372 3306/3306/3306 3373/3373/3373
f 3306/3306/3306 3305/3305/3305 3373/3373/3373
f 3373/3373/3373 3305/3305/3305 3374/3374/3374
f 3305/3305/3305 3304/3304/3304 3374/3374/3374
f 3374/3374/3374 3304/3304/3304 3375/3375/3375
f 3304/3304/3304 3303/3303/3303 3375/3375/3375
f 3375/3375/3375 3303/3303/3303 3376/3376/3376
f 3303/3303/3303 3302/3302/3302 3376/3376/3376
f 3376/3376/3376 3302/3302/3302 3377/3377/3377
f 3302/3302/3302 3378/3378/3378 3377/3377/3377
f 3377/3377/3377 3379/3379/3379 3376/3376/3376
f 3379/3379/3379 3380/3380/3380 3376/3376/3376
f 3376/3376/3376 3380/3380/3380 3375/3375/3375
f 3380/3380/3380 3381/3381/3381 3375/3375/3375
f 3375/3375/3375 3381/3381/3381 3374/3374/3374
f 3381/3381/3381 3382/3382/3382 3374/3374/3374
f 3374/3374/3374 3382/3382/3382 3373/3373/3373
f 3382/3382/3382 3383/3383/3383 3373/3373/3373
f 3373/3373/3373 3383/3383/3383 3372/3372/3372
f 3383/3383/3383 3384/3384/3384 3372/3372/3372
f 3372/3372/3372 3384/3384/3384 3371/3371/3371
f 3384/3384/3384 3385/3385/3385 3371/3371/3371
f 3371/3371/3371 3385/3385/3385 3370/3370/3370
f 3385/3385/3385 3386/3386/3386 3370/3370/3370
f 3370/3370/3370 3386/3386/3386 3369/3369/3369
f 3386/3386/3386 3387/3387/3387 3369/3369/3369
f 3369/3369/3369 3387/3387/3387 3368/3368/3368
f 3387/3387/3387 3388/3388/3388 3368/3368/3368
f 3368/3368/3368 3388/3388/3388 3367/3367/3367
f 3388/3388/3388 3389/3389/3389 3367/3367/3367
f 3367/3367/3367 3389/3389/3389 3366/3366/3366
f 3389/3389/3389 3390/3390/3390 3366/3366/3366
f 3366/3366/3366 3390/3390/3390 3365/3365/3365
f 3390/3390/3390 3391/3391/3391 3365/3365/3365
f 3365/3365/3365 3391/3391/3391 3364/3364/3364
f 3391/3391/3391 3392/3392/3392 3364/3364/3364
f 3364/3364/3364 3392/3392/3392 3363/3363/3363
f 3392/3392/3392 3393/3393/3393 3363/3363/3363
f 3363/3363/3363 3393/3393/3393 3362/3362/3362
f 3393/3393/3393 3394/3394/3394 3362/3362/3362
f 3362/3362/3362 3394/3394/3394 3361/3361/3361
f 3394/3394/3394 3395/3395/3395 3361/3361/3361
f 3361/3361/3361 3395/3395/3395 3360/3360/3360
f 3395/3395/3395 3396/3396/3396 3360/3360/3360
f 3360/3360/3360 3396/3396/3396 3359/3359/3359
f 3396/3396/3396 3397/3397/3397 3359/3359/3359
f 3359/3359/3359 3397/3397/3397 3358/3358/3358
f 3397/3397/3397 3398/3398/3398 3358/3358/3358
f 3358/3358/3358 3398/3398/3398 3357/3357/3357
f 3398/3398/3398 3399/3399/3399 3357/3357/3357
f 3357/3357/3357 3399/3399/3399 3356/3356/3356
f 3399/3399/3399 3400/3400/3400 3356/3356/3356
f 3356/3356/3356 3400/3400/3400 3355/3355/3355
f 3400/3400/3400 3401/3401/3401 3355/3355/3355
f 3355/3355/3355 3401/3401/3401 3354/3354/3354
f 3401/3401/3401 3402/3402/3402 3354/3354/3354
f 3354/3354/3354 3402/3402/3402 3353/3353/3353
f 3402/3402/3402 3403/3403/3403 3353/3353/3353
f 3353/3353/3353 3403/3403/3403 3352/3352/3352
f 3403/3403/3403 3404/3404/3404 3352/3352/3352
f 3352/3352/3352 3404/3404/3404 3351/3351/3351
f 3404/3404/3404 3405/3405/3405 3351/3351/3351
f 3351/3351/3351 3405/3405/3405 3350/3350/3350
f 3405/3405/3405 3406/3406/3406 3350/3350/3350
f 3350/3350/3350 3406/3406/3406 3349/3349/3349
f 3406/3406/3406 3407/3407/3407 3349/3349/3349
f 3349/3349/3349 3407/3407/3407 3348/3348/3348
f 3407/3407/3407 3408/3408/3408 3348/3348/3348
f 3348/3348/3348 3408/3408/3408 3347/3347/3347
f 3408/3408/3408 3409/3409/3409 3347/3347/3347
f 3347/3347/3347 3409/3409/3409 3346/3346/3346
f 3409/3409/3409 3410/3410/3410 3346/3346/3346
f 3346/3346/3346 3410/3410/3410 3345/3345/3345
f 3410/3410/3410 3411/3411/3411 3345/3345/3345
f 3345/3345/3345 3411/3411/3411 3335/3335/3335
f 3411/3411/3411 3336/3336/3336 3335/3335/3335
f 3379/3379/3379 3412/3412/3412 3380/3380/3380
f 3412/3412/3412 3413/3413/3413 3380/3380/3380
f 3380/3380/3380 3413/3413/3413 3381/3381/3381
f 3413/3413/3413 3414/3414/3414 3381/3381/3381
f 3381/3381/3381 3414/3414/3414 3382/3382/3382
f 3414/3414/3414 3415/3415/3415 3382/3382/3382
f 3382/3382/3382 3415/3415/3415 3383/3383/3383
f 3415/3415/3415 3416/3416/3416 3383/3383/3383
f 3383/3383/3383 3416/3416/3416 3384/3384/3384
f 3416/3416/3416 3417/3417/3417 3384/3384/3384
f 3384/3384/3384 3417/3417/3417 3385/3385/3385
f 3417/3417/3417 3418/3418/3418 3385/3385/3385
f 3385/3385/3385 3418/3418/3418 3386/3386/3386
f 3418/3418/3418 3419/3419/3419 3386/3386/3386
f 3386/3386/3386 3419/3419/3419 3387/3387/3387
f 3419/3419/3419 3420/3420/3420 3387/3387/3387
f 3387/3387/3387 3420/3420/3420 3388/3388/3388
f 3420/3420/3420 3421/3421/3421 3388/3388/3388
f 3388/3388/3388 3421/3421/3421 3389/3389/3389
f 3421/3421/3421 3422/3422/3422 3389/3389/3389
f 3389/3389/3389 3422/3422/3422 3390/3390/3390
f 3422/3422/3422 3423/3423/3423 3390/3390/3390
f 3390/3390/3390 3423/3423/3423 3391/3391/3391
f 3423/3423/3423 3424/3424/3424 3391/3391/3391
f 3391/3391/3391 3424/3424/3424 3392/3392/3392
f 3424/3424/3424 3425/3425/3425 3392/3392/3392
f 3392/3392/3392 3425/3425/3425 3393/3393/3393
f 3425/3425/3425 3426/3426/3426 3393/3393/3393
f 3393/3393/3393 3426/3426/3426 3394/3394/3394
f 3426/3426/3426 3427/3427/3427 3394/3394/3394
f 3394/3394/3394 3427/3427/3427 3395/3395/3395
f 3427/3427/3427 3428/3428/3428 3395/3395/3395
f 3395/3395/3395 3428/3428/3428 3396/3396/3396
f 3428/3428/3428 3429/3429/3429 3396/3396/3396
f 3396/3396/3396 3429/3429/3429 3397/3397/3397
f 3429/3429/3429 3430/3430/3430 3397/3397/3397
f 3397/3397/3397 3430/3430/3430 3398/3398/3398
f 3430/3430/3430 3431/3431/3431 3398/3398/3398
f 3398/3398/3398 3431/3431/3431 3399/3399/3399
f 3431/3431/3431 3432/3432/3432 3399/3399/3399
f 3399/3399/3399 3432/3432/3432 3400/3400/3400
f 3432/3432/3432 3433/3433/3433 3400/3400/3400
f 3400/3400/3400 3433/3433/3433 3401/3401/3401
f 3433/3433/3433 3434/3434/3434 3401/3401/3401
f 3401/3401/3401 3434/3434/3434 3402/3402/3402
f 3434/3434/3434 3435/3435/3435 3402/3402/3402
f 3402/3402/3402 3435/3435/3435 3403/3403/3403
f 3435/3435/3435 3436/3436/3436 3403/3403/3403
f 3403/3403/3403 3436/3436/3436 3404/3404/3404
f 3436/3436/3436 3437/3437/3437 3404/3404/3404
f 3404/3404/3404 3437/3437/3437 3405/3405/3405
f 3437/3437/3437 3438/3438/3438 3405/3405/3405
f 3405/3405/3405 3438/3438/3438 3406/3406/3406
f 3438/3438/3438 3439/3439/3439 3406/3406/3406
f 3406/3406/3406 3439/3439/3439 3407/3407/3407
f 3439/3439/3439 3440/3440/3440 3407/3407/3407
f 3407/3407/3407 3440/3440/3440 3408/3408/3408
f 3440/3440/3440 3441/3441/3441 3408/3408/3408
f 3408/3408/3408 3441/3441/3441 3409/3409/3409
f 3441/3441/3441 3442/3442/3442 3409/3409/3409
f 3409/3409/3409 3442/3442/3442 3410/3410/3410
f 3442/3442/3442 3443/3443/3443 3410/3410/3410
f 3410/3410/3410 3443/3443/3443 3411/3411/3411
f 3443/3443/3443 3444/3444/3444 3411/3411/3411
f 3411/3411/3411 3444/3444/3444 3336/3336/3336
f 3444/3444/3444 3337/3337/3337 3336/3336/3336
f 3412/3412/3412 3445/3445/3445 3413/3413/3413
f 3445/3445/3445 3446/3446/3446 3413/3413/3413
f 3413/3413/3413 3446/3446/3446 3414/3414/3414
f 3446/3446/3446 3447/3447/3447 3414/3414/3414
f 3414/3414/3414 3447/3447/3447 3415/3415/3415
f 3447/3447/3447 3448/3448/3448 3415/3415/3415
f 3415/3415/3415 3448/3448/3448 3416/3416/3416
f 3448/3448/3448 3449/3449/3449 3416/3416/3416
f 3416/3416/3416 3449/3449/3449 3417/3417/3417
f 3449/3449/3449 3450/3450/3450 3417/3417/3417
f 3417/3417/3417 3450/3450/3450 3418/3418/3418
f 3450/3450/3450 3451/3451/3451 3418/3418/3418
f 3418/3418/3418 3451/3451/3451 3419/3419/3419
f 3451/3451/3451 3452/3452/3452 3419/3419/3419
f 3419/3419/3419 3452/3452/3452 3420/3420/3420
f 3452/3452/3452 3453/3453/3453 3420/3420/3420
f 3420/3420/3420 3453/3453/3453 3421/3421/3421
f 3453/3453/3453 3454/3454/3454 3421/3421/3421
f 3421/3421/3421 3454/3454/3454 3422/3422/3422
f 3454/3454/3454 3455/3455/3455 3422/3422/3422
f 3422/3422/3422 3455/3455/3455 3423/3423/3423
f 3455/3455/3455 3456/3456/3456 3423/3423/3423
f 3423/3423/3423 3456/3456/3456 3424/3424/3424
f 3456/3456/3456 3457/3457/3457 3424/3424/3424
f 3424/3424/3424 3457/3457/3457 3425/3425/3425
f 3457/3457/3457 3458/3458/3458 3425/3425/3425
f 3425/3425/3425 3458/3458/3458 3426/3426/3426
f 3458/3458/3458 3459/3459/3459 3426/3426/3426
f 3426/3426/3426 3459/3459/3459 3427/3427/3427
f 3459/3459/3459 3460/3460/3460 3427/3427/3427
f 3427/3427/3427 3460/3460/3460 3428/3428/3428
f 3460/3460/3460 3461/3461/3461 3428/3428/3428
f 3428/3428/3428 3461/3461/3461 3429/3429/3429
f 3461/3461/3461 3462/3462/3462 3429/3429/3429
f 3429/3429/3429 3462/3462/3462 3430/3430/3430
f 3462/3462/3462 3463/3463/3463 3430/3430/3430
f 3430/3430/3430 3463/3463/3463 3431/3431/3431
f 3463/3463/3463 3464/3464/3464 3431/3431/3431
f 3431/3431/3431 3464/3464/3464 3432/3432/3432
f 3464/3464/3464 3465/3465/3465 3432/3432/3432
f 3432/3432/3432 3465/3465/3465 3433/3433/3433
f 3465/3465/3465 3466/3466/3466 3433/3433/3433
f 3433/3433/3433 3466/3466/3466 3434/3434/3434
f 3466/3466/3466 3467/3467/3467 3434/3434/3434
f 3434/3434/3434 3467/3467/3467 3435/3435/3435
f 3467/3467/3467 3468/3468/3468 3435/3435/3435
f 3435/3435/3435 3468/3468/3468 3436/3436/3436
f 3468/3468/3468 3469/3469/3469 3436/3436/3436
f 3436/3436/3436 3469/3469/3469 3437/3437/3437
f 3469/3469/3469 3470/3470/3470 3437/3437/3437
f 3437/3437/3437 3470/3470/3470 3438/3438/3438
f 3470/3470/3470 3471/3471/3471 3438/3438/3438
f 3438/3438/3438 3471/3471/3471 3439/3439/3439
f 3471/3471/3471 3472/3472/3472 3439/3439/3439
f 3439/3439/3439 3472/3472/3472 3440/3440/3440
f 3472/3472/3472 3473/3473/3473 3440/3440/3440
f 3440/3440/3440 3473/3473/3473 3441/3441/3441
f 3473/3473/3473 3474/3474/3474 3441/3441/3441
f 3441/3441/3441 3474/3474/3474 3442/3442/3442
f 3474/3474/3474 3475/3475/3475 3442/3442/3442
f 3442/3442/3442 3475/3475/3475 3443/3443/3443
f 3475/3475/3475 3476/3476/3476 3443/3443/3443
f 3443/3443/3443 3476/3476/3476 3444/3444/3444
f 3476/3476/3476 3477/3477/3477 3444/3444/3444
f 3444/3444/3444 3477/3477/3477 3337/3337/3337
f 3477/3477/3477 3338/3338/3338 3337/3337/3337
f 3469/3469/3469 3468/3468/3468 3478/3478/3478
f 3468/3468/3468 3467/3467/3467 3478/3478/3478
f 3478/3478/3478 3467/3467/3467 3479/3479/3479
f 3467/3467/3467 3466/3466/3466 3479/3479/3479
f 3479/3479/3479 3466/3466/3466 3480/3480/3480
f 3466/3466/3466 3465/3465/3465 3480/3480/3480
f 3480/3480/3480 3465/3465/3465 3481/3481/3481
f 3465/3465/3465 3464/3464/3464 3481/3481/3481
f 3481/3481/3481 3464/3464/3464 3482/3482/3482
f 3464/3464/3464 3463/3463/3463 3482/3482/3482
f 3482/3482/3482 3463/3463/3463 3483/3483/3483
f 3463/3463/3463 3462/3462/3462 3483/3483/3483
f 3483/3483/3483 3462/3462/3462 3484/3484/3484
f 3462/3462/3462 3461/3461/3461 3484/3484/3484
f 3484/3484/3484 3461/3461/3461 3485/3485/3485
f 3461/3461/3461 3460/3460/3460 3485/3485/3485
f 3485/3485/3485 3460/3460/3460 3486/3486/3486
f 3460/3460/3460 3459/3459/3459 3486/3486/3486
f 3486/3486/3486 3459/3459/3459 3487/3487/3487
f 3459/3459/3459 3458/3458/3458 3487/3487/3487
f 3487/3487/3487 3458/3458/3458 3488/3488/3488
f 3458/3458/3458 3457/3457/3457 3488/3488/3488
f 3488/3488/3488 3457/3457/3457 3489/3489/3489
f 3457/3457/3457 3456/3456/3456 3489/3489/3489
f 3489/3489/3489 3456/3456/3456 3490/3490/3490
f 3456/3456/3456 3455/3455/3455 3490/3490/3490
f 3490/3490/3490 3455/3455/3455 3491/3491/3491
f 3455/3455/3455 3454/3454/3454 3491/3491/3491
f 3491/3491/3491 3454/3454/3454 3492/3492/3492
f 3454/3454/3454 3453/3453/3453 3492/3492/3492
f 3492/3492/3492 3453/3453/3453 3493/3493/3493
f 3453/3453/3453 3452/3452/3452 3493/3493/3493
f 3493/3493/3493 3452/3452/3452 3494/3494/3494
f 3452/3452/3452 3451/3451/3451 3494/3494/3494
f 3494/3494/3494 3451/3451/3451 3495/3495/3495
f 3451/3451/3451 3450/3450/3450 3495/3495/3495
f 3495/3495/3495 3450/3450/3450 3496/3496/3496
f 3450/3450/3450 3449/3449/3449 3496/3496/3496
f 3496/3496/3496 3449/3449/3449 3497/3497/3497
f 3449/3449/3449 3448/3448/3448 3497/3497/3497
f 3497/3497/3497 3448/3448/3448 3498/3498/3498
f 3448/3448/3448 3447/3447/3447 3498/3498/3498
f 3498/3498/3498 3447/3447/3447 3499/3499/3499
f 3447/3447/3447 3446/3446/3446 3499/3499/3499
f 3499/3499/3499 3446/3446/3446 3500/3500/3500
f 3446/3446/3446 3445/3445/3445 3500/3500/3500
f 3500/3500/3500 3445/3445/3445 3501/3501/3501
f 3445/3445/3445 3502/3502/3502 3501/3501/3501
f 3501/3501/3501 3502/3502/3502 3503/3503/3503
f 3502/3502/3502 3504/3504/3504 3503/3503/3503
f 3503/3503/3503 3504/3504/3504 3505/3505/3505
f 3505/3505/3505 3506/3506/3506 3503/3503/3503
f 3506/3506/3506 3507/3507/3507 3503/3503/3503
f 3503/3503/3503 3507/3507/3507 3501/3501/3501
f 3507/3507/3507 3508/3508/3508 3501/3501/3501
f 3501/3501/3501 3508/3508/3508 3500/3500/3500
f 3508/3508/3508 3509/3509/3509 3500/3500/3500
f 3500/3500/3500 3509/3509/3509 3499/3499/3499
f 3509/3509/3509 3510/3510/3510 3499/3499/3499
f 3499/3499/3499 3510/3510/3510 3498/3498/3498
f 3510/3510/3510 3511/3511/3511 3498/3498/3498
f 3498/3498/3498 3511/3511/3511 3497/3497/3497
f 3511/3511/3511 3512/3512/3512 3497/3497/3497
f 3497/3497/3497 3512/3512/3512 3496/3496/3496
f 3512/3512/3512 3513/3513/3513 3496/3496/3496
f 3496/3496/3496 3513/3513/3513 3495/3495/3495
f 3513/3513/3513 3514/3514/3514 3495/3495/3495
f 3495/3495/3495 3514/3514/3514 3494/3494/3494
f 3514/3514/3514 3515/3515/3515 3494/3494/3494
f 3494/3494/3494 3515/3515/3515 3493/3493/3493
f 3515/3515/3515 3516/3516/3516 3493/3493/3493
f 3493/3493/3493 3516/3516/3516 3492/3492/3492
f 3516/3516/3516 3517/3517/3517 3492/3492/3492
f 3492/3492/3492 3517/3517/3517 3491/3491/3491
f 3517/3517/3517 3518/3518/3518 3491/3491/3491
f 3491/3491/3491 3518/3518/3518 3490/3490/3490
f 3518/3518/3518 3519/3519/3519 3490/3490/3490
f 3490/3490/3490 3519/3519/3519 3489/3489/3489
f 3519/3519/3519 3520/3520/3520 3489/3489/3489
f 3489/3489/3489 3520/3520/3520 3488/3488/3488
f 3520/3520/3520 3521/3521/3521 3488/3488/3488
f 3488/3488/3488 3521/3521/3521 3487/3487/3487
f 3521/3521/3521 3522/3522/3522 3487/3487/3487
f 3487/3487/3487 3522/3522/3522 3486/3486/3486
f 3522/3522/3522 3523/3523/3523 3486/3486/3486
f 3486/3486/3486 3523/3523/3523 3485/3485/3485
f 3523/3523/3523 3524/3524/3524 3485/3485/3485
f 3485/3485/3485 3524/3524/3524 3484/3484/3484
f 3524/3524/3524 3525/3525/3525 3484/3484/3484
f 3484/3484/3484 3525/3525/3525 3483/3483/3483
f 3525/3525/3525 3526/3526/3526 3483/3483/3483
f 3483/3483/3483 3526/3526/3526 3482/3482/3482
f 3526/3526/3526 3527/3527/3527 3482/3482/3482
f 3482/3482/3482 3527/3527/3527 3481/3481/3481
f 3527/3527/3527 3528/3528/3528 3481/3481/3481
f 3481/3481/3481 3528/3528/3528 3480/3480/3480
f 3528/3528/3528 3529/3529/3529 3480/3480/3480
f 3480/3480/3480 3529/3529/3529 3479/3479/3479
f 3529/3529/3529 3530/3530/3530 3479/3479/3479
f 3479/3479/3479 3530/3530/3530 3478/3478/3478
f 3530/3530/3530 3531/3531/3531 3478/3478/3478
f 3478/3478/3478 3531/3531/3531 3469/3469/3469
f 3531/3531/3531 3470/3470/3470 3469/3469/3469
f 3509/3509/3509 3532/3532/3532 3510/3510/3510
f 3532/3532/3532 3533/3533/3533 3510/3510/3510
f 3510/3510/3510 3533/3533/3533 3513/3513/3513
f 3533/3533/3533 3534/3534/3534 3513/3513/3513
f 3513/3513/3513 3534/3534/3534 3514/3514/3514
f 3534/3534/3534 3535/3535/3535 3514/3514/3514
f 3514/3514/3514 3535/3535/3535 3517/3517/3517
f 3535/3535/3535 3536/3536/3536 3517/3517/3517
f 3517/3517/3517 3536/3536/3536 3518/3518/3518
f 3536/3536/3536 3537/3537/3537 3518/3518/3518
f 3518/3518/3518 3537/3537/3537 3521/3521/3521
f 3537/3537/3537 3538/3538/3538 3521/3521/3521
f 3521/3521/3521 3538/3538/3538 3522/3522/3522
f 3538/3538/3538 3539/3539/3539 3522/3522/3522
f 3522/3522/3522 3539/3539/3539 3525/3525/3525
f 3539/3539/3539 3540/3540/3540 3525/3525/3525
f 3525/3525/3525 3540/3540/3540 3526/3526/3526
f 3540/3540/3540 3541/3541/3541 3526/3526/3526
f 3526/3526/3526 3541/3541/3541 3529/3529/3529
f 3541/3541/3541 3542/3542/3542 3529/3529/3529
f 3529/3529/3529 3542/3542/3542 3530/3530/3530
f 3542/3542/3542 3543/3543/3543 3530/3530/3530
f 3530/3530/3530 3543/3543/3543 3531/3531/3531
f 3543/3543/3543 3544/3544/3544 3531/3531/3531
f 3531/3531/3531 3544/3544/3544 3470/3470/3470
f 3544/3544/3544 3471/3471/3471 3470/3470/3470
f 3532/3532/3532 3545/3545/3545 3533/3533/3533
f 3545/3545/3545 3546/3546/3546 3533/3533/3533
f 3533/3533/3533 3546/3546/3546 3534/3534/3534
f 3546/3546/3546 3547/3547/3547 3534/3534/3534
f 3534/3534/3534 3547/3547/3547 3535/3535/3535
f 3547/3547/3547 3548/3548/3548 3535/3535/3535
f 3535/3535/3535 3548/3548/3548 3536/3536/3536
f 3548/3548/3548 3549/3549/3549 3536/3536/3536
f 3536/3536/3536 3549/3549/3549 3537/3537/3537
f 3549/3549/3549 3550/3550/3550 3537/3537/3537
f 3537/3537/3537 3550/3550/3550 3538/3538/3538
f 3550/3550/3550 3551/3551/3551 3538/3538/3538
f 3538/3538/3538 3551/3551/3551 3539/3539/3539
f 3551/3551/3551 3552/3552/3552 3539/3539/3539
f 3539/3539/3539 3552/3552/3552 3540/3540/3540
f 3552/3552/3552 3553/3553/3553 3540/3540/3540
f 3540/3540/3540 3553/3553/3553 3541/3541/3541
f 3553/3553/3553 3554/3554/3554 3541/3541/3541
f 3541/3541/3541 3554/3554/3554 3542/3542/3542
f 3554/3554/3554 3555/3555/3555 3542/3542/3542
f 3542/3542/3542 3555/3555/3555 3543/3543/3543
f 3555/3555/3555 3556/3556/3556 3543/3543/3543
f 3543/3543/3543 3556/3556/3556 3544/3544/3544
f 3556/3556/3556 3557/3557/3557 3544/3544/3544
f 3544/3544/3544 3557/3557/3557 3471/3471/3471
f 3557/3557/3557 3472/3472/3472 3471/3471/3471
f 3545/3545/3545 3558/3558/3558 3546/3546/3546
f 3558/3558/3558 3559/3559/3559 3546/3546/3546
f 3546/3546/3546 3559/3559/3559 3547/3547/3547
f 3559/3559/3559 3560/3560/3560 3547/3547/3547
f 3547/3547/3547 3560/3560/3560 3548/3548/3548
f 3560/3560/3560 3561/3561/3561 3548/3548/3548
f 3548/3548/3548 3561/3561/3561 3549/3549/3549
f 3561/3561/3561 3562/3562/3562 3549/3549/3549
f 3549/3549/3549 3562/3562/3562 3550/3550/3550
f 3562/3562/3562 3563/3563/3563 3550/3550/3550
f 3550/3550/3550 3563/3563/3563 3551/3551/3551
f 3563/3563/3563 3564/3564/3564 3551/3551/3551
f 3551/3551/3551 3564/3564/3564 3552/3552/3552
f 3564/3564/3564 3565/3565/3565 3552/3552/3552
f 3552/3552/3552 3565/3565/3565 3553/3553/3553
f 3565/3565/3565 3566/3566/3566 3553/3553/3553
f 3553/3553/3553 3566/3566/3566 3554/3554/3554
f 3566/3566/3566 3567/3567/3567 3554/3554/3554
f 3554/3554/3554 3567/3567/3567 3555/3555/3555
f 3567/3567/3567 3568/3568/3568 3555/3555/3555
f 3555/3555/3555 3568/3568/3568 3556/3556/3556
f 3568/3568/3568 3569/3569/3569 3556/3556/3556
f 3556/3556/3556 3569/3569/3569 3557/3557/3557
f 3569/3569/3569 3570/3570/3570 3557/3557/3557
f 3557/3557/3557 3570/3570/3570 3472/3472/3472
f 3570/3570/3570 3473/3473/3473 3472/3472/3472
f 3558/3558/3558 3571/3571/3571 3559/3559/3559
f 3571/3571/3571 3572/3572/3572 3559/3559/3559
f 3559/3559/3559 3572/3572/3572 3560/3560/3560
f 3572/3572/3572 3573/3573/3573 3560/3560/3560
f 3560/3560/3560 3573/3573/3573 3561/3561/3561
f 3573/3573/3573 3574/3574/3574 3561/3561/3561
f 3561/3561/3561 3574/3574/3574 3562/3562/3562
f 3574/3574/3574 3575/3575/3575 3562/3562/3562
f 3562/3562/3562 3575/3575/3575 3563/3563/3563
f 3575/3575/3575 3576/3576/3576 3563/3563/3563
f 3563/3563/3563 3576/3576/3576 3564/3564/3564
f 3576/3576/3576 3577/3577/3577 3564/3564/3564
f 3564/3564/3564 3577/3577/3577 3565/3565/3565
f 3577/3577/3577 3578/3578/3578 3565/3565/3565
f 3565/3565/3565 3578/3578/3578 3566/3566/3566
f 3578/3578/3578 3579/3579/3579 3566/3566/3566
f 3566/3566/3566 3579/3579/3579 3567/3567/3567
f 3579/3579/3579 3580/3580/3580 3567/3567/3567
f 3567/3567/3567 3580/3580/3580 3568/3568/3568
f 3580/3580/3580 3581/3581/3581 3568/3568/3568
f 3568/3568/3568 3581/3581/3581 3569/3569/3569
f 3581/3581/3581 3582/3582/3582 3569/3569/3569
f 3569/3569/3569 3582/3582/3582 3570/3570/3570
f 3582/3582/3582 3583/3583/3583 3570/3570/3570
f 3570/3570/3570 3583/3583/3583 3473/3473/3473
f 3583/3583/3583 3474/3474/3474 3473/3473/3473
f 3578/3578/3578 3584/3584/3584 3579/3579/3579
f 3584/3584/3584 3585/3585/3585 3579/3579/3579
f 3579/3579/3579 3585/3585/3585 3580/3580/3580
f 3585/3585/3585 3586/3586/3586 3580/3580/3580
f 3580/3580/3580 3586/3586/3586 3581/3581/3581
f 3586/3586/3586 3587/3587/3587 3581/3581/3581
f 3581/3581/3581 3587/3587/3587 3582/3582/3582
f 3587/3587/3587 3588/3588/3588 3582/3582/3582
f 3582/3582/3582 3588/3588/3588 3583/3583/3583
f 3588/3588/3588 3589/3589/3589 3583/3583/3583
f 3583/3583/3583 3589/3589/3589 3474/3474/3474
f 3589/3589/3589 3475/3475/3475 3474/3474/3474
f 3584/3584/3584 3590/3590/3590 3585/3585/3585
f 3590/3590/3590 3591/3591/3591 3585/3585/3585
f 3585/3585/3585 3591/3591/3591 3586/3586/3586
f 3591/3591/3591 3592/3592/3592 3586/3586/3586
f 3586/3586/3586 3592/3592/3592 3587/3587/3587
f 3592/3592/3592 3593/3593/3593 3587/3587/3587
f 3587/3587/3587 3593/3593/3593 3588/3588/3588
f 3593/3593/3593 3594/3594/3594 3588/3588/3588
f 3588/3588/3588 3594/3594/3594 3589/3589/3589
f 3594/3594/3594 3595/3595/3595 3589/3589/3589
f 3589/3589/3589 3595/3595/3595 3475/3475/3475
f 3595/3595/3595 3476/3476/3476 3475/3475/3475
f 3590/3590/3590 3596/3596/3596 3591/3591/3591
f 3596/3596/3596 3597/3597/3597 3591/3591/3591
f 3591/3591/3591 3597/3597/3597 3592/3592/3592
f 3597/3597/3597 3598/3598/3598 3592/3592/3592
f 3592/3592/3592 3598/3598/3598 3593/3593/3593
f 3598/3598/3598 3599/3599/3599 3593/3593/3593
f 3593/3593/3593 3599/3599/3599 3594/3594/3594
f 3599/3599/3599 3600/3600/3600 3594/3594/3594
f 3594/3594/3594 3600/3600/3600 3595/3595/3595
f 3600/3600/3600 3601/3601/3601 3595/3595/3595
f 3595/3595/3595 3601/3601/3601 3476/3476/3476
f 3601/3601/3601 3602/3602/3602 3476/3476/3476
f 3476/3476/3476 3602/3602/3602 3477/3477/3477
f 3602/3602/3602 3603/3603/3603 3477/3477/3477
f 3477/3477/3477 3603/3603/3603 3338/3338/3338
f 3603/3603/3603 3339/3339/3339 3338/3338/3338
f 3596/3596/3596 3604/3604/3604 3597/3597/3597
f 3604/3604/3604 3605/3605/3605 3597/3597/3597
f 3597/3597/3597 3605/3605/3605 3598/3598/3598
f 3605/3605/3605 3606/3606/3606 3598/3598/3598
f 3598/3598/3598 3606/3606/3606 3599/3599/3599
f 3606/3606/3606 3607/3607/3607 3599/3599/3599
f 3599/3599/3599 3607/3607/3607 3600/3600/3600
f 3607/3607/3607 3608/3608/3608 3600/3600/3600
f 3600/3600/3600 3608/3608/3608 3601/3601/3601
f 3608/3608/3608 3609/3609/3609 3601/3601/3601
f 3601/3601/3601 3609/3609/3609 3602/3602/3602
f 3609/3609/3609 3610/3610/3610 3602/3602/3602
f 3602/3602/3602 3610/3610/3610 3603/3603/3603
f 3610/3610/3610 3611/3611/3611 3603/3603/3603
f 3603/3603/3603 3611/3611/3611 3339/3339/3339
f 3611/3611/3611 3340/3340/3340 3339/3339/3339
f 3604/3604/3604 3612/3612/3612 3605/3605/3605
f 3612/3612/3612 3613/3613/3613 3605/3605/3605
f 3605/3605/3605 3613/3613/3613 3606/3606/3606
f 3613/3613/3613 3614/3614/3614 3606/3606/3606
f 3606/3606/3606 3614/3614/3614 3607/3607/3607
f 3614/3614/3614 3615/3615/3615 3607/3607/3607
f 3607/3607/3607 3615/3615/3615 3608/3608/3608
f 3615/3615/3615 3616/3616/3616 3608/3608/3608
f 3608/3608/3608 3616/3616/3616 3609/3609/3609
f 3616/3616/3616 3617/3617/3617 3609/3609/3609
f 3609/3609/3609 3617/3617/3617 3610/3610/3610
f 3617/3617/3617 3618/3618/3618 3610/3610/3610
f 3610/3610/3610 3618/3618/3618 3611/3611/3611
f 3618/3618/3618 3619/3619/3619 3611/3611/3611
f 3611/3611/3611 3619/3619/3619 3340/3340/3340
f 3619/3619/3619 3341/3341/3341 3340/3340/3340
f 3612/3612/3612 3620/3620/3620 3613/3613/3613
f 3620/3620/3620 3621/3621/3621 3613/3613/3613
f 3613/3613/3613 3621/3621/3621 3614/3614/3614
f 3621/3621/3621 3622/3622/3622 3614/3614/3614
f 3614/3614/3614 3622/3622/3622 3615/3615/3615
f 3622/3622/3622 3623/3623/3623 3615/3615/3615
f 3615/3615/3615 3623/3623/3623 3616/3616/3616
f 3623/3623/3623 3624/3624/3624 3616/3616/3616
f 3616/3616/3616 3624/3624/3624 3617/3617/3617
f 3624/3624/3624 3625/3625/3625 3617/3617/3617
f 3617/3617/3617 3625/3625/3625 3618/3618/3618
f 3625/3625/3625 3626/3626/3626 3618/3618/3618
f 3618/3618/3618 3626/3626/3626 3619/3619/3619
f 3626/3626/3626 3627/3627/3627 3619/3619/3619
f 3619/3619/3619 3627/3627/3627 3341/3341/3341
f 3627/3627/3627 3342/3342/3342 3341/3341/3341
f 3625/3625/3625 3624/3624/3624 3628/3628/3628
f 3624/3624/3624 3623/3623/3623 3628/3628/3628
f 3628/3628/3628 3623/3623/3623 3629/3629/3629
f 3623/3623/3623 3622/3622/3622 3629/3629/3629
f 3629/3629/3629 3622/3622/3622 3630/3630/3630
f 3622/3622/3622 3621/3621/3621 3630/3630/3630
f 3630/3630/3630 3621/3621/3621 3631/3631/3631
f 3621/3621/3621 3620/3620/3620 3631/3631/3631
f 3631/3631/3631 3620/3620/3620 3632/3632/3632
f 3620/3620/3620 3633/3633/3633 3632/3632/3632
f 3632/3632/3632 3633/3633/3633 3634/3634/3634
f 3633/3633/3633 3635/3635/3635 3634/3634/3634
f 3634/3634/3634 3635/3635/3635 3636/3636/3636
f 3635/3635/3635 3637/3637/3637 3636/3636/3636
f 3636/3636/3636 3637/3637/3637 3638/3638/3638
f 3637/3637/3637 3639/3639/3639 3638/3638/3638
f 3638/3638/3638 3639/3639/3639 3640/3640/3640
f 3639/3639/3639 3641/3641/3641 3640/3640/3640
f 3640/3640/3640 3641/3641/3641 3642/3642/3642
f 3641/3641/3641 3643/3643/3643 3642/3642/3642
f 3642/3642/3642 3644/3644/3644 3640/3640/3640
f 3644/3644/3644 3645/3645/3645 3640/3640/3640
f 3640/3640/3640 3645/3645/3645 3638/3638/3638
f 3645/3645/3645 3646/3646/3646 3638/3638/3638
f 3638/3638/3638 3646/3646/3646 3636/3636/3636
f 3646/3646/3646 3647/3647/3647 3636/3636/3636
f 3636/3636/3636 3647/3647/3647 3634/3634/3634
f 3647/3647/3647 3648/3648/3648 3634/3634/3634
f 3634/3634/3634 3648/3648/3648 3632/3632/3632
f 3648/3648/3648 3649/3649/3649 3632/3632/3632
f 3632/3632/3632 3649/3649/3649 3631/3631/3631
f 3649/3649/3649 3650/3650/3650 3631/3631/3631
f 3631/3631/3631 3650/3650/3650 3630/3630/3630
f 3650/3650/3650 3651/3651/3651 3630/3630/3630
f 3630/3630/3630 3651/3651/3651 3629/3629/3629
f 3651/3651/3651 3628/3628/3628 3629/3629/3629
f 3644/3644/3644 3652/3652/3652 3645/3645/3645
f 3652/3652/3652 3653/3653/3653 3645/3645/3645
f 3645/3645/3645 3653/3653/3653 3646/3646/3646
f 3653/3653/3653 3654/3654/3654 3646/3646/3646
f 3646/3646/3646 3654/3654/3654 3647/3647/3647
f 3654/3654/3654 3655/3655/3655 3647/3647/3647
f 3647/3647/3647 3655/3655/3655 3648/3648/3648
f 3655/3655/3655 3656/3656/3656 3648/3648/3648
f 3648/3648/3648 3656/3656/3656 3649/3649/3649
f 3656/3656/3656 3657/3657/3657 3649/3649/3649
f 3649/3649/3649 3657/3657/3657 3650/3650/3650
f 3657/3657/3657 3658/3658/3658 3650/3650/3650
f 3650/3650/3650 3658/3658/3658 3651/3651/3651
f 3658/3658/3658 3659/3659/3659 3651/3651/3651
f 3651/3651/3651 3659/3659/3659 3660/3660/3660
f 3659/3659/3659 3661/3661/3661 3660/3660/3660
f 3660/3660/3660 3661/3661/3661 3662/3662/3662
f 3661/3661/3661 3663/3663/3663 3662/3662/3662
f 3662/3662/3662 3663/3663/3663 3664/3664/3664
f 3663/3663/3663 3665/3665/3665 3664/3664/3664
f 3664/3664/3664 3665/3665/3665 3666/3666/3666
f 3665/3665/3665 3667/3667/3667 3666/3666/3666
f 3666/3666/3666 3667/3667/3667 3668/3668/3668
f 3667/3667/3667 3669/3669/3669 3668/3668/3668
f 3668/3668/3668 3669/3669/3669 3670/3670/3670
f 3669/3669/3669 3671/3671/3671 3670/3670/3670
f 3670/3670/3670 3671/3671/3671 3344/3344/3344
f 3652/3652/3652 3672/3672/3672 3653/3653/3653
f 3672/3672/3672 3673/3673/3673 3653/3653/3653
f 3653/3653/3653 3673/3673/3673 3654/3654/3654
f 3673/3673/3673 3674/3674/3674 3654/3654/3654
f 3654/3654/3654 3674/3674/3674 3655/3655/3655
f 3674/3674/3674 3675/3675/3675 3655/3655/3655
f 3655/3655/3655 3675/3675/3675 3656/3656/3656
f 3675/3675/3675 3676/3676/3676 3656/3656/3656
f 3656/3656/3656 3676/3676/3676 3657/3657/3657
f 3676/3676/3676 3677/3677/3677 3657/3657/3657
f 3657/3657/3657 3677/3677/3677 3658/3658/3658
f 3677/3677/3677 3678/3678/3678 3658/3658/3658
f 3658/3658/3658 3678/3678/3678 3659/3659/3659
f 3678/3678/3678 3679/3679/3679 3659/3659/3659
f 3659/3659/3659 3679/3679/3679 3661/3661/3661
f 3679/3679/3679 3680/3680/3680 3661/3661/3661
f 3661/3661/3661 3680/3680/3680 3663/3663/3663
f 3680/3680/3680 3681/3681/3681 3663/3663/3663
f 3663/3663/3663 3681/3681/3681 3665/3665/3665
f 3681/3681/3681 3682/3682/3682 3665/3665/3665
f 3665/3665/3665 3682/3682/3682 3667/3667/3667
f 3682/3682/3682 3683/3683/3683 3667/3667/3667
f 3667/3667/3667 3683/3683/3683 3684/3684/3684
f 3683/3683/3683 3685/3685/3685 3684/3684/3684
f 3684/3684/3684 3685/3685/3685 3686/3686/3686
f 3672/3672/3672 3687/3687/3687 3673/3673/3673
f 3687/3687/3687 3688/3688/3688 3673/3673/3673
f 3673/3673/3673 3688/3688/3688 3674/3674/3674
f 3688/3688/3688 3689/3689/3689 3674/3674/3674
f 3674/3674/3674 3689/3689/3689 3675/3675/3675
f 3689/3689/3689 3690/3690/3690 3675/3675/3675
f 3675/3675/3675 3690/3690/3690 3676/3676/3676
f 3690/3690/3690 3677/3677/3677 3676/3676/3676
f 3687/3687/3687 3691/3691/3691 3688/3688/3688
f 3691/3691/3691 3692/3692/3692 3688/3688/3688
f 3688/3688/3688 3692/3692/3692 3689/3689/3689
f 3692/3692/3692 3693/3693/3693 3689/3689/3689
f 3689/3689/3689 3693/3693/3693 3690/3690/3690
f 3693/3693/3693 3694/3694/3694 3690/3690/3690
f 3690/3690/3690 3694/3694/3694 3677/3677/3677
f 3694/3694/3694 3678/3678/3678 3677/3677/3677
f 3691/3691/3691 3695/3695/3695 3692/3692/3692
f 3695/3695/3695 3696/3696/3696 3692/3692/3692
f 3692/3692/3692 3696/3696/3696 3693/3693/3693
f 3696/3696/3696 3697/3697/3697 3693/3693/3693
f 3693/3693/3693 3697/3697/3697 3694/3694/3694
f 3697/3697/3697 3698/3698/3698 3694/3694/3694
f 3694/3694/3694 3698/3698/3698 3678/3678/3678
f 3698/3698/3698 3699/3699/3699 3678/3678/3678
f 3678/3678/3678 3699/3699/3699 3679/3679/3679
f 3699/3699/3699 3700/3700/3700 3679/3679/3679
f 3679/3679/3679 3700/3700/3700 3680/3680/3680
f 3700/3700/3700 3681/3681/3681 3680/3680/3680
f 3695/3695/3695 3701/3701/3701 3696/3696/3696
f 3701/3701/3701 3702/3702/3702 3696/3696/3696
f 3696/3696/3696 3702/3702/3702 3697/3697/3697
f 3702/3702/3702 3703/3703/3703 3697/3697/3697
f 3697/3697/3697 3703/3703/3703 3698/3698/3698
f 3703/3703/3703 3704/3704/3704 3698/3698/3698
f 3698/3698/3698 3704/3704/3704 3699/3699/3699
f 3704/3704/3704 3705/3705/3705 3699/3699/3699
f 3699/3699/3699 3705/3705/3705 3700/3700/3700
f 3705/3705/3705 3706/3706/3706 3700/3700/3700
f 3700/3700/3700 3706/3706/3706 3681/3681/3681
f 3706/3706/3706 3682/3682/3682 3681/3681/3681
f 3703/3703/3703 3702/3702/3702 3704/3704/3704
f 3702/3702/3702 3707/3707/3707 3704/3704/3704
f 3704/3704/3704 3707/3707/3707 3705/3705/3705
f 3707/3707/3707 3708/3708/3708 3705/3705/3705
f 3705/3705/3705 3708/3708/3708 3706/3706/3706
f 3708/3708/3708 3709/3709/3709 3706/3706/3706
f 3706/3706/3706 3709/3709/3709 3682/3682/3682
f 3709/3709/3709 3683/3683/3683 3682/3682/3682
f 3702/3702/3702 3701/3701/3701 3707/3707/3707
f 3701/3701/3701 3710/3710/3710 3707/3707/3707
f 3707/3707/3707 3710/3710/3710 3708/3708/3708
f 3710/3710/3710 3711/3711/3711 3708/3708/3708
f 3708/3708/3708 3711/3711/3711 3709/3709/3709
f 3711/3711/3711 3712/3712/3712 3709/3709/3709
f 3709/3709/3709 3712/3712/3712 3683/3683/3683
f 3712/3712/3712 3685/3685/3685 3683/3683/3683
f 3280/3280/3280 3282/3282/3282 3713/3713/3713
f 3282/3282/3282 3714/3714/3714 3713/3713/3713
f 3713/3713/3713 3714/3714/3714 3715/3715/3715
f 3714/3714/3714 3716/3716/3716 3715/3715/3715
f 3716/3716/3716 3714/3714/3714 3717/3717/3717
f 3714/3714/3714 3284/3284/3284 3717/3717/3717
f 3717/3717/3717 3284/3284/3284 3718/3718/3718
f 3284/3284/3284 3286/3286/3286 3718/3718/3718
f 3718/3718/3718 3286/3286/3286 3719/3719/3719
f 3286/3286/3286 3288/3288/3288 3719/3719/3719
f 3719/3719/3719 3288/3288/3288 3720/3720/3720
f 3288/3288/3288 3290/3290/3290 3720/3720/3720
f 3720/3720/3720 3290/3290/3290 3721/3721/3721
f 3290/3290/3290 3292/3292/3292 3721/3721/3721
f 3721/3721/3721 3292/3292/3292 3722/3722/3722
f 3292/3292/3292 3294/3294/3294 3722/3722/3722
f 3722/3722/3722 3294/3294/3294 3723/3723/3723
f 3294/3294/3294 3296/3296/3296 3723/3723/3723
f 3723/3723/3723 3296/3296/3296 3298/3298/3298
f 3298/3298/3298 3724/3724/3724 3723/3723/3723
f 3724/3724/3724 3725/3725/3725 3723/3723/3723
f 3723/3723/3723 3725/3725/3725 3722/3722/3722
f 3725/3725/3725 3726/3726/3726 3722/3722/3722
f 3722/3722/3722 3726/3726/3726 3721/3721/3721
f 3726/3726/3726 3727/3727/3727 3721/3721/3721
f 3721/3721/3721 3727/3727/3727 3720/3720/3720
f 3727/3727/3727 3726/3726/3726 3720/3720/3720
f 3720/3720/3720 3726/3726/3726 3719/3719/3719
f 3726/3726/3726 3725/3725/3725 3719/3719/3719
f 3719/3719/3719 3725/3725/3725 3718/3718/3718
f 3725/3725/3725 3728/3728/3728 3718/3718/3718
f 3718/3718/3718 3728/3728/3728 3717/3717/3717
f 3728/3728/3728 3729/3729/3729 3717/3717/3717
f 3717/3717/3717 3729/3729/3729 3716/3716/3716
f 3729/3729/3729 3728/3728/3728 3730/3730/3730
f 3728/3728/3728 3724/3724/3724 3730/3730/3730
f 3730/3730/3730 3724/3724/3724 3300/3300/3300
f 3724/3724/3724 3298/3298/3298 3300/3300/3300
f 3512/3512/3512 3511/3511/3511 3513/3513/3513
f 3511/3511/3511 3510/3510/3510 3513/3513/3513
f 3526/3526/3526 3529/3529/3529 3527/3527/3527
f 3529/3529/3529 3528/3528/3528 3527/3527/3527
f 3516/3516/3516 3515/3515/3515 3517/3517/3517
f 3515/3515/3515 3514/3514/3514 3517/3517/3517
f 3520/3520/3520 3519/3519/3519 3521/3521/3521
f 3519/3519/3519 3518/3518/3518 3521/3521/3521
f 3524/3524/3524 3523/3523/3523 3525/3525/3525
f 3523/3523/3523 3522/3522/3522 3525/3525/3525
f 3686/3686/3686 3731/3731/3731 3684/3684/3684
f 3731/3731/3731 3669/3669/3669 3684/3684/3684
f 3684/3684/3684 3669/3669/3669 3667/3667/3667
f 3445/3445/3445 3412/3412/3412 3502/3502/3502
f 3412/3412/3412 3732/3732/3732 3502/3502/3502
f 3502/3502/3502 3732/3732/3732 3504/3504/3504
f 3571/3571/3571 3558/3558/3558 3733/3733/3733
f 3558/3558/3558 3734/3734/3734 3733/3733/3733
f 3733/3733/3733 3734/3734/3734 3735/3735/3735
f 3734/3734/3734 3736/3736/3736 3735/3735/3735
f 3735/3735/3735 3736/3736/3736 3737/3737/3737
f 3736/3736/3736 3738/3738/3738 3737/3737/3737
f 3737/3737/3737 3738/3738/3738 3739/3739/3739
f 3738/3738/3738 3740/3740/3740 3739/3739/3739
f 3739/3739/3739 3740/3740/3740 3741/3741/3741
f 3740/3740/3740 3742/3742/3742 3741/3741/3741
f 3741/3741/3741 3742/3742/3742 3743/3743/3743
f 3558/3558/3558 3545/3545/3545 3734/3734/3734
f 3545/3545/3545 3744/3744/3744 3734/3734/3734
f 3734/3734/3734 3744/3744/3744 3736/3736/3736
f 3744/3744/3744 3745/3745/3745 3736/3736/3736
f 3736/3736/3736 3745/3745/3745 3738/3738/3738
f 3745/3745/3745 3740/3740/3740 3738/3738/3738
f 3545/3545/3545 3532/3532/3532 3744/3744/3744
f 3532/3532/3532 3746/3746/3746 3744/3744/3744
f 3744/3744/3744 3746/3746/3746 3745/3745/3745
f 3746/3746/3746 3747/3747/3747 3745/3745/3745
f 3745/3745/3745 3747/3747/3747 3740/3740/3740
f 3747/3747/3747 3742/3742/3742 3740/3740/3740
f 3747/3747/3747 3746/3746/3746 3748/3748/3748
f 3746/3746/3746 3509/3509/3509 3748/3748/3748
f 3748/3748/3748 3509/3509/3509 3506/3506/3506
f 3509/3509/3509 3507/3507/3507 3506/3506/3506
f 3506/3506/3506 3749/3749/3749 3748/3748/3748
f 3749/3749/3749 3750/3750/3750 3748/3748/3748
f 3748/3748/3748 3750/3750/3750 3747/3747/3747
f 3750/3750/3750 3751/3751/3751 3747/3747/3747
f 3747/3747/3747 3751/3751/3751 3742/3742/3742
f 3217/3217/3217 3215/3215/3215 3302/3302/3302
f 3215/3215/3215 3378/3378/3378 3302/3302/3302
f 3752/3752/3752 3753/3753/3753 3754/3754/3754
f 3753/3753/3753 3755/3755/3755 3754/3754/3754
f 3753/3753/3753 3756/3756/3756 3755/3755/3755
f 3756/3756/3756 3757/3757/3757 3755/3755/3755
f 3757/3757/3757 3756/3756/3756 3758/3758/3758
f 3756/3756/3756 3759/3759/3759 3758/3758/3758
f 3760/3760/3760 3761/3761/3761 3762/3762/3762
f 3761/3761/3761 3763/3763/3763 3762/3762/3762
f 3762/3762/3762 3763/3763/3763 3764/3764/3764
f 3762/3762/3762 3764/3764/3764 3765/3765/3765
f 3764/3764/3764 3766/3766/3766 3765/3765/3765
f 3765/3765/3765 3766/3766/3766 3767/3767/3767
f 3768/3768/3768 3769/3769/3769 3770/3770/3770
f 3769/3769/3769 3771/3771/3771 3770/3770/3770
f 3770/3770/3770 3771/3771/3771 3772/3772/3772
f 3770/3770/3770 3772/3772/3772 3773/3773/3773
f 3772/3772/3772 3774/3774/3774 3773/3773/3773
f 3773/3773/3773 3774/3774/3774 3775/3775/3775
f 3776/3776/3776 3777/3777/3777 3778/3778/3778
f 3777/3777/3777 3779/3779/3779 3778/3778/3778
f 3778/3778/3778 3779/3779/3779 3780/3780/3780
f 3778/3778/3778 3780/3780/3780 3781/3781/3781
f 3780/3780/3780 3782/3782/3782 3781/3781/3781
f 3781/3781/3781 3782/3782/3782 3783/3783/3783
f 3784/3784/3784 3785/3785/3785 3786/3786/3786
f 3785/3785/3785 3787/3787/3787 3786/3786/3786
f 3786/3786/3786 3787/3787/3787 3788/3788/3788
f 3786/3786/3786 3788/3788/3788 3789/3789/3789
f 3788/3788/3788 3790/3790/3790 3789/3789/3789
f 3789/3789/3789 3790/3790/3790 3791/3791/3791
f 3792/3792/3792 3793/3793/3793 3794/3794/3794
f 3793/3793/3793 3795/3795/3795 3794/3794/3794
f 3794/3794/3794 3795/3795/3795 3796/3796/3796
f 3794/3794/3794 3796/3796/3796 3797/3797/3797
f 3796/3796/3796 3798/3798/3798 3797/3797/3797
f 3797/3797/3797 3798/3798/3798 3799/3799/3799
f 3800/3800/3800 3801/3801/3801 3802/3802/3802
f 3801/3801/3801 3803/3803/3803 3802/3802/3802
f 3802/3802/3802 3803/3803/3803 3804/3804/3804
f 3802/3802/3802 3804/3804/3804 3805/3805/3805
f 3804/3804/3804 3806/3806/3806 3805/3805/3805
f 3805/3805/3805 3806/3806/3806 3807/3807/3807
f 3808/3808/3808 3809/3809/3809 3810/3810/3810
f 3809/3809/3809 3811/3811/3811 3810/3810/3810
f 3809/3809/3809 3812/3812/3812 3811/3811/3811
f 3812/3812/3812 3813/3813/3813 3811/3811/3811
f 3813/3813/3813 3812/3812/3812 3814/3814/3814
f 3812/3812/3812 3815/3815/3815 3814/3814/3814
f 3816/3816/3816 3817/3817/3817 3818/3818/3818
f 3817/3817/3817 3819/3819/3819 3818/3818/3818
f 3818/3818/3818 3819/3819/3819 3820/3820/3820
f 3818/3818/3818 3820/3820/3820 3821/3821/3821
f 3820/3820/3820 3822/3822/3822 3821/3821/3821
f 3821/3821/3821 3822/3822/3822 3823/3823/3823
f 3824/3824/3824 3825/3825/3825 3826/3826/3826
f 3825/3825/3825 3827/3827/3827 3826/3826/3826
f 3825/3825/3825 3828/3828/3828 3827/3827/3827
f 3828/3828/3828 3829/3829/3829 3827/3827/3827
f 3829/3829/3829 3828/3828/3828 3830/3830/3830
f 3828/3828/3828 3831/3831/3831 3830/3830/3830
f 3832/3832/3832 3833/3833/3833 3834/3834/3834
f 3833/3833/3833 3835/3835/3835 3834/3834/3834
f 3834/3834/3834 3835/3835/3835 3836/3836/3836
f 3834/3834/3834 3836/3836/3836 3837/3837/3837
f 3836/3836/3836 3838/3838/3838 3837/3837/3837
f 3837/3837/3837 3838/3838/3838 3839/3839/3839
f 3840/3840/3840 3841/3841/3841 3842/3842/3842
f 3841/3841/3841 3843/3843/3843 3842/3842/3842
f 3841/3841/3841 3844/3844/3844 3843/3843/3843
f 3844/3844/3844 3845/3845/3845 3843/3843/3843
f 3845/3845/3845 3844/3844/3844 3846/3846/3846
f 3844/3844/3844 3847/3847/3847 3846/3846/3846
f 3848/3848/3848 3849/3849/3849 3850/3850/3850
f 3849/3849/3849 3851/3851/3851 3850/3850/3850
f 3849/3849/3849 3852/3852/3852 3851/3851/3851
f 3852/3852/3852 3853/3853/3853 3851/3851/3851
f 3853/3853/3853 3852/3852/3852 3854/3854/3854
f 3852/3852/3852 3855/3855/3855 3854/3854/3854
f 3856/3856/3856 3857/3857/3857 3858/3858/3858
f 3857/3857/3857 3859/3859/3859 3858/3858/3858
f 3857/3857/3857 3860/3860/3860 3859/3859/3859
f 3860/3860/3860 3861/3861/3861 3859/3859/3859
f 3861/3861/3861 3860/3860/3860 3862/3862/3862
f 3860/3860/3860 3863/3863/3863 3862/3862/3862
f 3864/3864/3864 3865/3865/3865 3866/3866/3866
f 3865/3865/3865 3867/3867/3867 3866/3866/3866
f 3865/3865/3865 3868/3868/3868 3867/3867/3867
f 3868/3868/3868 3869/3869/3869 3867/3867/3867
f 3869/3869/3869 3868/3868/3868 3870/3870/3870
f 3868/3868/3868 3871/3871/3871 3870/3870/3870
f 3872/3872/3872 3873/3873/3873 3874/3874/3874
f 3873/3873/3873 3875/3875/3875 3874/3874/3874
f 3874/3874/3874 3875/3875/3875 3876/3876/3876
f 3875/3875/3875 3877/3877/3877 3876/3876/3876
f 3876/3876/3876 3877/3877/3877 3878/3878/3878
f 3876/3876/3876 3878/3878/3878 3879/3879/3879
f 3878/3878/3878 3880/3880/3880 3879/3879/3879
f 3879/3879/3879 3880/3880/3880 3881/3881/3881
f 3882/3882/3882 3883/3883/3883 3884/3884/3884
f 3883/3883/3883 3885/3885/3885 3884/3884/3884
f 3883/3883/3883 3886/3886/3886 3885/3885/3885
f 3886/3886/3886 3887/3887/3887 3885/3885/3885
f 3887/3887/3887 3886/3886/3886 3888/3888/3888
f 3886/3886/3886 3889/3889/3889 3888/3888/3888
f 3890/3890/3890 3891/3891/3891 3892/3892/3892
f 3891/3891/3891 3893/3893/3893 3892/3892/3892
f 3891/3891/3891 3894/3894/3894 3893/3893/3893
f 3894/3894/3894 3895/3895/3895 3893/3893/3893
f 3895/3895/3895 3894/3894/3894 3896/3896/3896
f 3894/3894/3894 3897/3897/3897 3896/3896/3896
f 3898/3898/3898 3899/3899/3899 3900/3900/3900
f 3899/3899/3899 3901/3901/3901 3900/3900/3900
f 3899/3899/3899 3902/3902/3902 3901/3901/3901
f 3902/3902/3902 3903/3903/3903 3901/3901/3901
f 3903/3903/3903 3902/3902/3902 3904/3904/3904
f 3902/3902/3902 3905/3905/3905 3904/3904/3904
f 3906/3906/3906 3907/3907/3907 3908/3908/3908
f 3907/3907/3907 3909/3909/3909 3908/3908/3908
f 3908/3908/3908 3909/3909/3909 3910/3910/3910
f 3908/3908/3908 3910/3910/3910 3911/3911/3911
f 3910/3910/3910 3912/3912/3912 3911/3911/3911
f 3911/3911/3911 3912/3912/3912 3913/3913/3913
f 3914/3914/3914 3915/3915/3915 3916/3916/3916
f 3915/3915/3915 3917/3917/3917 3916/3916/3916
f 3916/3916/3916 3917/3917/3917 3918/3918/3918
f 3916/3916/3916 3918/3918/3918 3919/3919/3919
f 3918/3918/3918 3920/3920/3920 3919/3919/3919
f 3919/3919/3919 3920/3920/3920 3921/3921/3921
f 3922/3922/3922 3923/3923/3923 3924/3924/3924
f 3923/3923/3923 3925/3925/3925 3924/3924/3924
f 3923/3923/3923 3926/3926/3926 3925/3925/3925
f 3926/3926/3926 3927/3927/3927 3925/3925/3925
f 3927/3927/3927 3926/3926/3926 3928/3928/3928
f 3926/3926/3926 3929/3929/3929 3928/3928/3928
f 3930/3930/3930 3931/3931/3931 3932/3932/3932
f 3931/3931/3931 3933/3933/3933 3932/3932/3932
f 3931/3931/3931 3934/3934/3934 3933/3933/3933
f 3934/3934/3934 3935/3935/3935 3933/3933/3933
f 3934/3934/3934 3936/3936/3936 3935/3935/3935
f 3936/3936/3936 3937/3937/3937 3935/3935/3935
f 3936/3936/3936 3938/3938/3938 3937/3937/3937
f 3938/3938/3938 3939/3939/3939 3937/3937/3937
f 3939/3939/3939 3938/3938/3938 3940/3940/3940
f 3938/3938/3938 3941/3941/3941 3940/3940/3940
f 3942/3942/3942 3943/3943/3943 3944/3944/3944
f 3943/3943/3943 3945/3945/3945 3944/3944/3944
f 3943/3943/3943 3946/3946/3946 3945/3945/3945
f 3946/3946/3946 3947/3947/3947 3945/3945/3945
f 3946/3946/3946 3948/3948/3948 3947/3947/3947
f 3948/3948/3948 3949/3949/3949 3947/3947/3947
f 3948/3948/3948 3950/3950/3950 3949/3949/3949
f 3950/3950/3950 3951/3951/3951 3949/3949/3949
f 3951/3951/3951 3950/3950/3950 3952/3952/3952
f 3950/3950/3950 3953/3953/3953 3952/3952/3952
f 3954/3954/3954 3955/3955/3955 3956/3956/3956
f 3955/3955/3955 3957/3957/3957 3956/3956/3956
f 3955/3955/3955 3958/3958/3958 3957/3957/3957
f 3958/3958/3958 3959/3959/3959 3957/3957/3957
f 3958/3958/3958 3960/3960/3960 3959/3959/3959
f 3960/3960/3960 3961/3961/3961 3959/3959/3959
f 3960/3960/3960 3962/3962/3962 3961/3961/3961
f 3962/3962/3962 3963/3963/3963 3961/3961/3961
f 3963/3963/3963 3962/3962/3962 3964/3964/3964
f 3962/3962/3962 3965/3965/3965 3964/3964/3964
f 3966/3966/3966 3967/3967/3967 3968/3968/3968
f 3967/3967/3967 3969/3969/3969 3968/3968/3968
f 3968/3968/3968 3969/3969/3969 3970/3970/3970
f 3968/3968/3968 3970/3970/3970 3971/3971/3971
f 3970/3970/3970 3972/3972/3972 3971/3971/3971
f 3971/3971/3971 3972/3972/3972 3973/3973/3973
f 3972/3972/3972 3974/3974/3974 3973/3973/3973
f 3973/3973/3973 3974/3974/3974 3975/3975/3975
f 3974/3974/3974 3976/3976/3976 3975/3975/3975
f 3975/3975/3975 3976/3976/3976 3977/3977/3977
f 3978/3978/3978 3979/3979/3979 3980/3980/3980
f 3979/3979/3979 3981/3981/3981 3980/3980/3980
f 3979/3979/3979 3982/3982/3982 3981/3981/3981
f 3982/3982/3982 3983/3983/3983 3981/3981/3981
f 3982/3982/3982 3984/3984/3984 3983/3983/3983
f 3984/3984/3984 3985/3985/3985 3983/3983/3983
f 3984/3984/3984 3986/3986/3986 3985/3985/3985
f 3986/3986/3986 3987/3987/3987 3985/3985/3985
f 3987/3987/3987 3986/3986/3986 3988/3988/3988
f 3986/3986/3986 3989/3989/3989 3988/3988/3988
f 3651/3651/3651 3660/3660/3660 3628/3628/3628
f 3660/3660/3660 3662/3662/3662 3628/3628/3628
f 3628/3628/3628 3662/3662/3662 3990/3990/3990
f 3662/3662/3662 3664/3664/3664 3990/3990/3990
f 3990/3990/3990 3664/3664/3664 3991/3991/3991
f 3664/3664/3664 3666/3666/3666 3991/3991/3991
f 3991/3991/3991 3666/3666/3666 3992/3992/3992
f 3666/3666/3666 3668/3668/3668 3992/3992/3992
f 3992/3992/3992 3668/3668/3668 3993/3993/3993
f 3668/3668/3668 3670/3670/3670 3993/3993/3993
f 3993/3993/3993 3670/3670/3670 3343/3343/3343
f 3670/3670/3670 3344/3344/3344 3343/3343/3343
f 3343/3343/3343 3342/3342/3342 3993/3993/3993
f 3342/3342/3342 3627/3627/3627 3993/3993/3993
f 3993/3993/3993 3627/3627/3627 3992/3992/3992
f 3627/3627/3627 3626/3626/3626 3992/3992/3992
f 3992/3992/3992 3626/3626/3626 3991/3991/3991
f 3626/3626/3626 3625/3625/3625 3991/3991/3991
f 3991/3991/3991 3625/3625/3625 3990/3990/3990
f 3625/3625/3625 3628/3628/3628 3990/3990/3990
f 3994/3994/3994 3995/3995/3995 3996/3996/3996
f 3995/3995/3995 3997/3997/3997 3996/3996/3996
f 3996/3996/3996 3997/3997/3997 3998/3998/3998
f 3996/3996/3996 3998/3998/3998 3999/3999/3999
f 3998/3998/3998 4000/4000/4000 3999/3999/3999
f 3999/3999/3999 4000/4000/4000 4001/4001/4001
f 4002/4002/4002 4003/4003/4003 4004/4004/4004
f 4003/4003/4003 4005/4005/4005 4004/4004/4004
f 4004/4004/4004 4005/4005/4005 4006/4006/4006
f 4004/4004/4004 4006/4006/4006 4007/4007/4007
f 4006/4006/4006 4008/4008/4008 4007/4007/4007
f 4007/4007/4007 4008/4008/4008 4009/4009/4009
f 4010/4010/4010 4011/4011/4011 4012/4012/4012
f 4011/4011/4011 4013/4013/4013 4012/4012/4012
f 4012/4012/4012 4013/4013/4013 4014/4014/4014
f 4012/4012/4012 4014/4014/4014 4015/4015/4015
f 4014/4014/4014 4016/4016/4016 4015/4015/4015
f 4015/4015/4015 4016/4016/4016 4017/4017/4017
f 4018/4018/4018 4019/4019/4019 4020/4020/4020
f 4019/4019/4019 4021/4021/4021 4020/4020/4020
f 4020/4020/4020 4021/4021/4021 4022/4022/4022
f 4020/4020/4020 4022/4022/4022 4023/4023/4023
f 4022/4022/4022 4024/4024/4024 4023/4023/4023
f 4023/4023/4023 4024/4024/4024 4025/4025/4025
f 4026/4026/4026 4027/4027/4027 4028/4028/4028
f 4027/4027/4027 4029/4029/4029 4028/4028/4028
f 4028/4028/4028 4029/4029/4029 4030/4030/4030
f 4028/4028/4028 4030/4030/4030 4031/4031/4031
f 4030/4030/4030 4032/4032/4032 4031/4031/4031
f 4031/4031/4031 4032/4032/4032 4033/4033/4033
f 4034/4034/4034 4035/4035/4035 4036/4036/4036
f 4035/4035/4035 4037/4037/4037 4036/4036/4036
f 4036/4036/4036 4037/4037/4037 4038/4038/4038
f 4036/4036/4036 4038/4038/4038 4039/4039/4039
f 4038/4038/4038 4040/4040/4040 4039/4039/4039
f 4039/4039/4039 4040/4040/4040 4041/4041/4041
f 4042/4042/4042 4043/4043/4043 4044/4044/4044
f 4043/4043/4043 4045/4045/4045 4044/4044/4044
f 4044/4044/4044 4045/4045/4045 4046/4046/4046
f 4045/4045/4045 4047/4047/4047 4046/4046/4046
f 4046/4046/4046 4047/4047/4047 4048/4048/4048
f 4046/4046/4046 4048/4048/4048 4049/4049/4049
f 4048/4048/4048 4050/4050/4050 4049/4049/4049
f 4049/4049/4049 4050/4050/4050 4051/4051/4051
f 4052/4052/4052 4053/4053/4053 4054/4054/4054
f 4053/4053/4053 4055/4055/4055 4054/4054/4054
f 4054/4054/4054 4055/4055/4055 4056/4056/4056
f 4055/4055/4055 4057/4057/4057 4056/4056/4056
f 4056/4056/4056 4057/4057/4057 4058/4058/4058
f 4056/4056/4056 4058/4058/4058 4059/4059/4059
f 4058/4058/4058 4060/4060/4060 4059/4059/4059
f 4059/4059/4059 4060/4060/4060 4061/4061/4061
f 4062/4062/4062 4063/4063/4063 4064/4064/4064
f 4063/4063/4063 4065/4065/4065 4064/4064/4064
f 4064/4064/4064 4065/4065/4065 4066/4066/4066
f 4064/4064/4064 4066/4066/4066 4067/4067/4067
f 4066/4066/4066 4068/4068/4068 4067/4067/4067
f 4067/4067/4067 4068/4068/4068 4069/4069/4069
f 4070/4070/4070 4071/4071/4071 4072/4072/4072
f 4071/4071/4071 4073/4073/4073 4072/4072/4072
f 4071/4071/4071 4074/4074/4074 4073/4073/4073
f 4074/4074/4074 4075/4075/4075 4073/4073/4073
f 4074/4074/4074 4076/4076/4076 4075/4075/4075
f 4076/4076/4076 4077/4077/4077 4075/4075/4075
f 4076/4076/4076 4078/4078/4078 4077/4077/4077
f 4078/4078/4078 4079/4079/4079 4077/4077/4077
f 4079/4079/4079 4078/4078/4078 4080/4080/4080
f 4078/4078/4078 4081/4081/4081 4080/4080/4080
f 4082/4082/4082 4083/4083/4083 4084/4084/4084
f 4083/4083/4083 4085/4085/4085 4084/4084/4084
f 4083/4083/4083 4086/4086/4086 4085/4085/4085
f 4086/4086/4086 4087/4087/4087 4085/4085/4085
f 4087/4087/4087 4086/4086/4086 4088/4088/4088
f 4086/4086/4086 4089/4089/4089 4088/4088/4088
f 4088/4088/4088 4089/4089/4089 4090/4090/4090
f 4089/4089/4089 4091/4091/4091 4090/4090/4090
f 4092/4092/4092 4093/4093/4093 4094/4094/4094
f 4093/4093/4093 4095/4095/4095 4094/4094/4094
f 4093/4093/4093 4096/4096/4096 4095/4095/4095
f 4096/4096/4096 4097/4097/4097 4095/4095/4095
f 4097/4097/4097 4096/4096/4096 4098/4098/4098
f 4096/4096/4096 4099/4099/4099 4098/4098/4098
f 4100/4100/4100 4101/4101/4101 4102/4102/4102
f 4101/4101/4101 4103/4103/4103 4102/4102/4102
f 4102/4102/4102 4103/4103/4103 4104/4104/4104
f 4103/4103/4103 4105/4105/4105 4104/4104/4104
f 4104/4104/4104 4105/4105/4105 4106/4106/4106
f 4104/4104/4104 4106/4106/4106 4107/4107/4107
f 4106/4106/4106 4108/4108/4108 4107/4107/4107
f 4107/4107/4107 4108/4108/4108 4109/4109/4109
f 4110/4110/4110 4111/4111/4111 4112/4112/4112
f 4111/4111/4111 4113/4113/4113 4112/4112/4112
f 4112/4112/4112 4113/4113/4113 4114/4114/4114
f 4112/4112/4112 4114/4114/4114 4115/4115/4115
f 4114/4114/4114 4116/4116/4116 4115/4115/4115
f 4115/4115/4115 4116/4116/4116 4117/4117/4117
f 4116/4116/4116 4118/4118/4118 4117/4117/4117
f 4117/4117/4117 4118/4118/4118 4119/4119/4119
f 4118/4118/4118 4120/4120/4120 4119/4119/4119
f 4119/4119/4119 4120/4120/4120 4121/4121/4121
f 4122/4122/4122 4123/4123/4123 4124/4124/4124
f 4123/4123/4123 4125/4125/4125 4124/4124/4124
f 4124/4124/4124 4125/4125/4125 4126/4126/4126
f 4124/4124/4124 4126/4126/4126 4127/4127/4127
f 4126/4126/4126 4128/4128/4128 4127/4127/4127
f 4127/4127/4127 4128/4128/4128 4129/4129/4129
f 4128/4128/4128 4130/4130/4130 4129/4129/4129
f 4129/4129/4129 4130/4130/4130 4131/4131/4131
f 4130/4130/4130 4132/4132/4132 4131/4131/4131
f 4131/4131/4131 4132/4132/4132 4133/4133/4133
f 4134/4134/4134 4135/4135/4135 4136/4136/4136
f 4135/4135/4135 4137/4137/4137 4136/4136/4136
f 4136/4136/4136 4137/4137/4137 4138/4138/4138
f 4136/4136/4136 4138/4138/4138 4139/4139/4139
f 4138/4138/4138 4140/4140/4140 4139/4139/4139
f 4139/4139/4139 4140/4140/4140 4141/4141/4141
f 4142/4142/4142 4143/4143/4143 4144/4144/4144
f 4143/4143/4143 4145/4145/4145 4144/4144/4144
f 4143/4143/4143 4146/4146/4146 4145/4145/4145
f 4146/4146/4146 4147/4147/4147 4145/4145/4145
f 4147/4147/4147 4146/4146/4146 4148/4148/4148
f 4146/4146/4146 4149/4149/4149 4148/4148/4148
f 4150/4150/4150 4151/4151/4151 4152/4152/4152
f 4151/4151/4151 4153/4153/4153 4152/4152/4152
f 4151/4151/4151 4154/4154/4154 4153/4153/4153
f 4154/4154/4154 4155/4155/4155 4153/4153/4153
f 4155/4155/4155 4154/4154/4154 4156/4156/4156
f 4154/4154/4154 4157/4157/4157 4156/4156/4156
f 4158/4158/4158 4159/4159/4159 4160/4160/4160
f 4159/4159/4159 4161/4161/4161 4160/4160/4160
f 4160/4160/4160 4161/4161/4161 4162/4162/4162
f 4161/4161/4161 4163/4163/4163 4162/4162/4162
f 4159/4159/4159 4164/4164/4164 4161/4161/4161
f 4164/4164/4164 4165/4165/4165 4161/4161/4161
f 4161/4161/4161 4165/4165/4165 4163/4163/4163
f 4165/4165/4165 4166/4166/4166 4163/4163/4163
f 4164/4164/4164 4167/4167/4167 4165/4165/4165
f 4167/4167/4167 4168/4168/4168 4165/4165/4165
f 4165/4165/4165 4168/4168/4168 4166/4166/4166
f 4168/4168/4168 4169/4169/4169 4166/4166/4166
f 4167/4167/4167 4170/4170/4170 4168/4168/4168
f 4170/4170/4170 4171/4171/4171 4168/4168/4168
f 4168/4168/4168 4171/4171/4171 4169/4169/4169
f 4171/4171/4171 4172/4172/4172 4169/4169/4169
f 4170/4170/4170 4173/4173/4173 4171/4171/4171
f 4173/4173/4173 4174/4174/4174 4171/4171/4171
f 4171/4171/4171 4174/4174/4174 4172/4172/4172
f 4174/4174/4174 4175/4175/4175 4172/4172/4172
f 4173/4173/4173 4176/4176/4176 4174/4174/4174
f 4176/4176/4176 4177/4177/4177 4174/4174/4174
f 4174/4174/4174 4177/4177/4177 4175/4175/4175
f 4177/4177/4177 4178/4178/4178 4175/4175/4175
f 4176/4176/4176 4179/4179/4179 4177/4177/4177
f 4179/4179/4179 4180/4180/4180 4177/4177/4177
f 4177/4177/4177 4180/4180/4180 4178/4178/4178
f 4181/4181/4181 4182/4182/4182 4183/4183/4183
f 4182/4182/4182 4184/4184/4184 4183/4183/4183
f 4183/4183/4183 4184/4184/4184 4185/4185/4185
f 4184/4184/4184 4186/4186/4186 4185/4185/4185
f 4185/4185/4185 4186/4186/4186 4187/4187/4187
f 4182/4182/4182 4188/4188/4188 4184/4184/4184
f 4188/4188/4188 4189/4189/4189 4184/4184/4184
f 4184/4184/4184 4189/4189/4189 4186/4186/4186
f 4190/4190/4190 4191/4191/4191 4192/4192/4192
f 4191/4191/4191 4193/4193/4193 4192/4192/4192
f 4191/4191/4191 4194/4194/4194 4193/4193/4193
f 4194/4194/4194 4195/4195/4195 4193/4193/4193
f 4195/4195/4195 4194/4194/4194 4196/4196/4196
f 4194/4194/4194 4197/4197/4197 4196/4196/4196
f 4198/4198/4198 4199/4199/4199 4200/4200/4200
f 4199/4199/4199 4201/4201/4201 4200/4200/4200
f 4200/4200/4200 4201/4201/4201 4202/4202/4202
f 4201/4201/4201 4203/4203/4203 4202/4202/4202
f 4202/4202/4202 4203/4203/4203 4204/4204/4204
f 4202/4202/4202 4204/4204/4204 4205/4205/4205
f 4204/4204/4204 4206/4206/4206 4205/4205/4205
f 4205/4205/4205 4206/4206/4206 4207/4207/4207
f 4183/4183/4183 4185/4185/4185 4208/4208/4208
f 4185/4185/4185 4209/4209/4209 4208/4208/4208
f 4208/4208/4208 4209/4209/4209 4210/4210/4210
f 4209/4209/4209 4211/4211/4211 4210/4210/4210
f 4210/4210/4210 4211/4211/4211 4212/4212/4212
f 4211/4211/4211 4213/4213/4213 4212/4212/4212
f 4212/4212/4212 4213/4213/4213 4214/4214/4214
f 4185/4185/4185 4187/4187/4187 4209/4209/4209
f 4187/4187/4187 4215/4215/4215 4209/4209/4209
f 4209/4209/4209 4215/4215/4215 4211/4211/4211
f 4215/4215/4215 4216/4216/4216 4211/4211/4211
f 4211/4211/4211 4216/4216/4216 4213/4213/4213
f 4217/4217/4217 4218/4218/4218 4219/4219/4219
f 4218/4218/4218 4220/4220/4220 4219/4219/4219
f 4219/4219/4219 4220/4220/4220 4221/4221/4221
f 4220/4220/4220 4222/4222/4222 4221/4221/4221
f 4221/4221/4221 4222/4222/4222 4223/4223/4223
f 4221/4221/4221 4223/4223/4223 4224/4224/4224
f 4223/4223/4223 4225/4225/4225 4224/4224/4224
f 4224/4224/4224 4225/4225/4225 4226/4226/4226
f 4227/4227/4227 4228/4228/4228 4229/4229/4229
f 4228/4228/4228 4230/4230/4230 4229/4229/4229
f 4229/4229/4229 4230/4230/4230 4231/4231/4231
f 4230/4230/4230 4232/4232/4232 4231/4231/4231
f 4231/4231/4231 4232/4232/4232 4233/4233/4233
f 4231/4231/4231 4233/4233/4233 4234/4234/4234
f 4233/4233/4233 4235/4235/4235 4234/4234/4234
f 4234/4234/4234 4235/4235/4235 4236/4236/4236
f 4237/4237/4237 4238/4238/4238 4239/4239/4239
f 4238/4238/4238 4240/4240/4240 4239/4239/4239
f 4239/4239/4239 4240/4240/4240 4241/4241/4241
f 4240/4240/4240 4242/4242/4242 4241/4241/4241
f 4241/4241/4241 4242/4242/4242 4243/4243/4243
f 4241/4241/4241 4243/4243/4243 4244/4244/4244
f 4243/4243/4243 4245/4245/4245 4244/4244/4244
f 4244/4244/4244 4245/4245/4245 4246/4246/4246
f 4247/4247/4247 4248/4248/4248 4249/4249/4249
f 4248/4248/4248 4250/4250/4250 4249/4249/4249
f 4248/4248/4248 4251/4251/4251 4250/4250/4250
f 4251/4251/4251 4252/4252/4252 4250/4250/4250
f 4252/4252/4252 4251/4251/4251 4253/4253/4253
f 4251/4251/4251 4254/4254/4254 4253/4253/4253
f 4253/4253/4253 4254/4254/4254 4255/4255/4255
f 4254/4254/4254 4256/4256/4256 4255/4255/4255
f 4257/4257/4257 4258/4258/4258 4259/4259/4259
f 4258/4258/4258 4260/4260/4260 4259/4259/4259
f 4259/4259/4259 4260/4260/4260 4261/4261/4261
f 4260/4260/4260 4262/4262/4262 4261/4261/4261
f 4261/4261/4261 4262/4262/4262 4263/4263/4263
f 4261/4261/4261 4263/4263/4263 4264/4264/4264
f 4263/4263/4263 4265/4265/4265 4264/4264/4264
f 4264/4264/4264 4265/4265/4265 4266/4266/4266
f 4267/4267/4267 4268/4268/4268 4269/4269/4269
f 4268/4268/4268 4270/4270/4270 4269/4269/4269
f 4269/4269/4269 4270/4270/4270 4271/4271/4271
f 4270/4270/4270 4272/4272/4272 4271/4271/4271
f 4271/4271/4271 4272/4272/4272 4273/4273/4273
f 4271/4271/4271 4273/4273/4273 4274/4274/4274
f 4273/4273/4273 4275/4275/4275 4274/4274/4274
f 4274/4274/4274 4275/4275/4275 4276/4276/4276
f 4277/4277/4277 4278/4278/4278 4279/4279/4279
f 4278/4278/4278 4280/4280/4280 4279/4279/4279
f 4279/4279/4279 4280/4280/4280 4281/4281/4281
f 4280/4280/4280 4282/4282/4282 4281/4281/4281
f 4281/4281/4281 4282/4282/4282 4283/4283/4283
f 4281/4281/4281 4283/4283/4283 4284/4284/4284
f 4283/4283/4283 4285/4285/4285 4284/4284/4284
f 4284/4284/4284 4285/4285/4285 4286/4286/4286
f 4287/4287/4287 4288/4288/4288 4289/4289/4289
f 4288/4288/4288 4290/4290/4290 4289/4289/4289
f 4289/4289/4289 4290/4290/4290 4291/4291/4291
f 4290/4290/4290 4292/4292/4292 4291/4291/4291
f 4291/4291/4291 4292/4292/4292 4293/4293/4293
f 4291/4291/4291 4293/4293/4293 4294/4294/4294
f 4293/4293/4293 4295/4295/4295 4294/4294/4294
f 4294/4294/4294 4295/4295/4295 4296/4296/4296
f 4297/4297/4297 4298/4298/4298 4299/4299/4299
f 4298/4298/4298 4300/4300/4300 4299/4299/4299
f 4299/4299/4299 4300/4300/4300 4301/4301/4301
f 4300/4300/4300 4302/4302/4302 4301/4301/4301
f 4301/4301/4301 4302/4302/4302 4303/4303/4303
f 4301/4301/4301 4303/4303/4303 4304/4304/4304
f 4303/4303/4303 4305/4305/4305 4304/4304/4304
f 4304/4304/4304 4305/4305/4305 4306/4306/4306
f 4307/4307/4307 4308/4308/4308 4309/4309/4309
f 4308/4308/4308 4310/4310/4310 4309/4309/4309
f 4309/4309/4309 4310/4310/4310 4311/4311/4311
f 4309/4309/4309 4311/4311/4311 4312/4312/4312
f 4311/4311/4311 4313/4313/4313 4312/4312/4312
f 4312/4312/4312 4313/4313/4313 4314/4314/4314
f 4315/4315/4315 4316/4316/4316 4317/4317/4317
f 4316/4316/4316 4318/4318/4318 4317/4317/4317
f 4317/4317/4317 4318/4318/4318 4319/4319/4319
f 4317/4317/4317 4319/4319/4319 4320/4320/4320
f 4319/4319/4319 4321/4321/4321 4320/4320/4320
f 4320/4320/4320 4321/4321/4321 4322/4322/4322
f 4323/4323/4323 4324/4324/4324 4325/4325/4325
f 4324/4324/4324 4326/4326/4326 4325/4325/4325
f 4325/4325/4325 4326/4326/4326 4327/4327/4327
f 4325/4325/4325 4327/4327/4327 4328/4328/4328
f 4327/4327/4327 4329/4329/4329 4328/4328/4328
f 4328/4328/4328 4329/4329/4329 4330/4330/4330
f 4331/4331/4331 4332/4332/4332 4333/4333/4333
f 4332/4332/4332 4334/4334/4334 4333/4333/4333
f 4333/4333/4333 4334/4334/4334 4335/4335/4335
f 4333/4333/4333 4335/4335/4335 4336/4336/4336
f 4335/4335/4335 4337/4337/4337 4336/4336/4336
f 4336/4336/4336 4337/4337/4337 4338/4338/4338
f 4339/4339/4339 4340/4340/4340 4341/4341/4341
f 4340/4340/4340 4342/4342/4342 4341/4341/4341
f 4341/4341/4341 4342/4342/4342 4343/4343/4343
f 4341/4341/4341 4343/4343/4343 4344/4344/4344
f 4343/4343/4343 4345/4345/4345 4344/4344/4344
f 4344/4344/4344 4345/4345/4345 4346/4346/4346
f 4347/4347/4347 4348/4348/4348 4349/4349/4349
f 4348/4348/4348 4350/4350/4350 4349/4349/4349
f 4349/4349/4349 4350/4350/4350 4351/4351/4351
f 4350/4350/4350 4352/4352/4352 4351/4351/4351
f 4351/4351/4351 4352/4352/4352 4353/4353/4353
f 4352/4352/4352 4354/4354/4354 4353/4353/4353
f 4353/4353/4353 4354/4354/4354 4355/4355/4355
f 4354/4354/4354 4356/4356/4356 4355/4355/4355
f 4355/4355/4355 4356/4356/4356 4357/4357/4357
f 4356/4356/4356 4358/4358/4358 4357/4357/4357
f 4357/4357/4357 4358/4358/4358 4359/4359/4359
f 4358/4358/4358 4360/4360/4360 4359/4359/4359
f 4348/4348/4348 4361/4361/4361 4350/4350/4350
f 4361/4361/4361 4362/4362/4362 4350/4350/4350
f 4350/4350/4350 4362/4362/4362 4352/4352/4352
f 4362/4362/4362 4363/4363/4363 4352/4352/4352
f 4352/4352/4352 4363/4363/4363 4354/4354/4354
f 4363/4363/4363 4364/4364/4364 4354/4354/4354
f 4354/4354/4354 4364/4364/4364 4356/4356/4356
f 4364/4364/4364 4365/4365/4365 4356/4356/4356
f 4356/4356/4356 4365/4365/4365 4358/4358/4358
f 4365/4365/4365 4366/4366/4366 4358/4358/4358
f 4358/4358/4358 4366/4366/4366 4360/4360/4360
f 4366/4366/4366 4367/4367/4367 4360/4360/4360
f 4361/4361/4361 4368/4368/4368 4362/4362/4362
f 4368/4368/4368 4369/4369/4369 4362/4362/4362
f 4362/4362/4362 4369/4369/4369 4363/4363/4363
f 4369/4369/4369 4370/4370/4370 4363/4363/4363
f 4363/4363/4363 4370/4370/4370 4364/4364/4364
f 4370/4370/4370 4371/4371/4371 4364/4364/4364
f 4364/4364/4364 4371/4371/4371 4365/4365/4365
f 4371/4371/4371 4372/4372/4372 4365/4365/4365
f 4365/4365/4365 4372/4372/4372 4366/4366/4366
f 4372/4372/4372 4373/4373/4373 4366/4366/4366
f 4366/4366/4366 4373/4373/4373 4367/4367/4367
f 4373/4373/4373 4374/4374/4374 4367/4367/4367
f 4375/4375/4375 4376/4376/4376 4377/4377/4377
f 4376/4376/4376 4378/4378/4378 4377/4377/4377
f 4376/4376/4376 4379/4379/4379 4378/4378/4378
f 4379/4379/4379 4380/4380/4380 4378/4378/4378
f 4380/4380/4380 4379/4379/4379 4381/4381/4381
f 4379/4379/4379 4382/4382/4382 4381/4381/4381
f 4383/4383/4383 4384/4384/4384 4385/4385/4385
f 4384/4384/4384 4386/4386/4386 4385/4385/4385
f 4384/4384/4384 4387/4387/4387 4386/4386/4386
f 4387/4387/4387 4388/4388/4388 4386/4386/4386
f 4388/4388/4388 4387/4387/4387 4389/4389/4389
f 4387/4387/4387 4390/4390/4390 4389/4389/4389
f 4391/4391/4391 4392/4392/4392 4393/4393/4393
f 4392/4392/4392 4394/4394/4394 4393/4393/4393
f 4393/4393/4393 4394/4394/4394 4395/4395/4395
f 4394/4394/4394 4396/4396/4396 4395/4395/4395
f 4395/4395/4395 4396/4396/4396 4397/4397/4397
f 4395/4395/4395 4397/4397/4397 4398/4398/4398
f 4397/4397/4397 4399/4399/4399 4398/4398/4398
f 4398/4398/4398 4399/4399/4399 4400/4400/4400
f 4401/4401/4401 4402/4402/4402 4403/4403/4403
f 4402/4402/4402 4404/4404/4404 4403/4403/4403
f 4403/4403/4403 4404/4404/4404 4405/4405/4405
f 4403/4403/4403 4405/4405/4405 4406/4406/4406
f 4405/4405/4405 4407/4407/4407 4406/4406/4406
f 4406/4406/4406 4407/4407/4407 4408/4408/4408
f 4409/4409/4409 4410/4410/4410 4411/4411/4411
f 4410/4410/4410 4412/4412/4412 4411/4411/4411
f 4410/4410/4410 4413/4413/4413 4412/4412/4412
f 4413/4413/4413 4414/4414/4414 4412/4412/4412
f 4414/4414/4414 4413/4413/4413 4415/4415/4415
f 4413/4413/4413 4416/4416/4416 4415/4415/4415
f 4417/4417/4417 4418/4418/4418 4419/4419/4419
f 4418/4418/4418 4420/4420/4420 4419/4419/4419
f 4419/4419/4419 4420/4420/4420 4421/4421/4421
f 4419/4419/4419 4421/4421/4421 4422/4422/4422
f 4421/4421/4421 4423/4423/4423 4422/4422/4422
f 4422/4422/4422 4423/4423/4423 4424/4424/4424
f 4425/4425/4425 4426/4426/4426 4427/4427/4427
f 4426/4426/4426 4428/4428/4428 4427/4427/4427
f 4427/4427/4427 4428/4428/4428 4429/4429/4429
f 4427/4427/4427 4429/4429/4429 4430/4430/4430
f 4429/4429/4429 4431/4431/4431 4430/4430/4430
f 4430/4430/4430 4431/4431/4431 4432/4432/4432
f 4433/4433/4433 4434/4434/4434 4435/4435/4435
f 4434/4434/4434 4436/4436/4436 4435/4435/4435
f 4435/4435/4435 4436/4436/4436 4437/4437/4437
f 4435/4435/4435 4437/4437/4437 4438/4438/4438
f 4437/4437/4437 4439/4439/4439 4438/4438/4438
f 4438/4438/4438 4439/4439/4439 4440/4440/4440
f 4441/4441/4441 4442/4442/4442 4443/4443/4443
f 4442/4442/4442 4444/4444/4444 4443/4443/4443
f 4443/4443/4443 4444/4444/4444 4445/4445/4445
f 4444/4444/4444 4446/4446/4446 4445/4445/4445
f 4445/4445/4445 4446/4446/4446 4447/4447/4447
f 4445/4445/4445 4447/4447/4447 4448/4448/4448
f 4447/4447/4447 4449/4449/4449 4448/4448/4448
f 4448/4448/4448 4449/4449/4449 4450/4450/4450
f 4451/4451/4451 4452/4452/4452 4453/4453/4453
f 4452/4452/4452 4454/4454/4454 4453/4453/4453
f 4453/4453/4453 4454/4454/4454 4455/4455/4455
f 4454/4454/4454 4456/4456/4456 4455/4455/4455
f 4455/4455/4455 4456/4456/4456 4457/4457/4457
f 4455/4455/4455 4457/4457/4457 4458/4458/4458
f 4457/4457/4457 4459/4459/4459 4458/4458/4458
f 4458/4458/4458 4459/4459/4459 4460/4460/4460
f 3620/3620/3620 3612/3612/3612 3633/3633/3633
f 3612/3612/3612 4461/4461/4461 3633/3633/3633
f 3633/3633/3633 4461/4461/4461 3635/3635/3635
f 4461/4461/4461 4462/4462/4462 3635/3635/3635
f 3635/3635/3635 4462/4462/4462 3637/3637/3637
f 4462/4462/4462 4463/4463/4463 3637/3637/3637
f 3637/3637/3637 4463/4463/4463 3639/3639/3639
f 4463/4463/4463 4464/4464/4464 3639/3639/3639
f 3639/3639/3639 4464/4464/4464 3641/3641/3641
f 4464/4464/4464 4465/4465/4465 3641/3641/3641
f 3641/3641/3641 4465/4465/4465 3643/3643/3643
f 4465/4465/4465 4466/4466/4466 3643/3643/3643
f 3612/3612/3612 3604/3604/3604 4461/4461/4461
f 3604/3604/3604 4467/4467/4467 4461/4461/4461
f 4461/4461/4461 4467/4467/4467 4462/4462/4462
f 4467/4467/4467 4468/4468/4468 4462/4462/4462
f 4462/4462/4462 4468/4468/4468 4463/4463/4463
f 4468/4468/4468 4469/4469/4469 4463/4463/4463
f 4463/4463/4463 4469/4469/4469 4464/4464/4464
f 4469/4469/4469 4470/4470/4470 4464/4464/4464
f 4464/4464/4464 4470/4470/4470 4465/4465/4465
f 4470/4470/4470 4471/4471/4471 4465/4465/4465
f 4465/4465/4465 4471/4471/4471 4466/4466/4466
f 4471/4471/4471 4472/4472/4472 4466/4466/4466
f 3604/3604/3604 3596/3596/3596 4467/4467/4467
f 3596/3596/3596 4473/4473/4473 4467/4467/4467
f 4467/4467/4467 4473/4473/4473 4468/4468/4468
f 4473/4473/4473 4474/4474/4474 4468/4468/4468
f 4468/4468/4468 4474/4474/4474 4469/4469/4469
f 4474/4474/4474 4475/4475/4475 4469/4469/4469
f 4469/4469/4469 4475/4475/4475 4470/4470/4470
f 4475/4475/4475 4476/4476/4476 4470/4470/4470
f 4470/4470/4470 4476/4476/4476 4471/4471/4471
f 4476/4476/4476 4477/4477/4477 4471/4471/4471
f 4471/4471/4471 4477/4477/4477 4472/4472/4472
f 4477/4477/4477 4478/4478/4478 4472/4472/4472
f 3596/3596/3596 3590/3590/3590 4473/4473/4473
f 3590/3590/3590 4479/4479/4479 4473/4473/4473
f 4473/4473/4473 4479/4479/4479 4474/4474/4474
f 4479/4479/4479 4480/4480/4480 4474/4474/4474
f 4474/4474/4474 4480/4480/4480 4475/4475/4475
f 4480/4480/4480 4481/4481/4481 4475/4475/4475
f 4475/4475/4475 4481/4481/4481 4476/4476/4476
f 4481/4481/4481 4482/4482/4482 4476/4476/4476
f 4476/4476/4476 4482/4482/4482 4477/4477/4477
f 4482/4482/4482 4483/4483/4483 4477/4477/4477
f 4477/4477/4477 4483/4483/4483 4478/4478/4478
f 4483/4483/4483 4484/4484/4484 4478/4478/4478
f 3590/3590/3590 3584/3584/3584 4479/4479/4479
f 3584/3584/3584 4485/4485/4485 4479/4479/4479
f 4479/4479/4479 4485/4485/4485 4480/4480/4480
f 4485/4485/4485 4486/4486/4486 4480/4480/4480
f 4480/4480/4480 4486/4486/4486 4481/4481/4481
f 4486/4486/4486 4487/4487/4487 4481/4481/4481
f 4481/4481/4481 4487/4487/4487 4482/4482/4482
f 4487/4487/4487 4488/4488/4488 4482/4482/4482
f 4482/4482/4482 4488/4488/4488 4483/4483/4483
f 4488/4488/4488 4489/4489/4489 4483/4483/4483
f 4483/4483/4483 4489/4489/4489 4484/4484/4484
f 4489/4489/4489 4490/4490/4490 4484/4484/4484
f 3584/3584/3584 3578/3578/3578 4485/4485/4485
f 3578/3578/3578 4491/4491/4491 4485/4485/4485
f 4485/4485/4485 4491/4491/4491 4486/4486/4486
f 4491/4491/4491 4492/4492/4492 4486/4486/4486
f 4486/4486/4486 4492/4492/4492 4487/4487/4487
f 4492/4492/4492 4493/4493/4493 4487/4487/4487
f 4487/4487/4487 4493/4493/4493 4488/4488/4488
f 4493/4493/4493 4494/4494/4494 4488/4488/4488
f 4488/4488/4488 4494/4494/4494 4489/4489/4489
f 4494/4494/4494 4495/4495/4495 4489/4489/4489
f 4489/4489/4489 4495/4495/4495 4490/4490/4490
f 4495/4495/4495 4496/4496/4496 4490/4490/4490
f 3578/3578/3578 4497/4497/4497 4491/4491/4491
f 4497/4497/4497 4498/4498/4498 4491/4491/4491
f 4491/4491/4491 4498/4498/4498 4492/4492/4492
f 4498/4498/4498 4499/4499/4499 4492/4492/4492
f 4492/4492/4492 4499/4499/4499 4493/4493/4493
f 4499/4499/4499 4500/4500/4500 4493/4493/4493
f 4493/4493/4493 4500/4500/4500 4494/4494/4494
f 4500/4500/4500 4501/4501/4501 4494/4494/4494
f 4494/4494/4494 4501/4501/4501 4495/4495/4495
f 4501/4501/4501 4502/4502/4502 4495/4495/4495
f 4495/4495/4495 4502/4502/4502 4496/4496/4496
f 4502/4502/4502 4503/4503/4503 4496/4496/4496
f 4497/4497/4497 4504/4504/4504 4498/4498/4498
f 4504/4504/4504 4505/4505/4505 4498/4498/4498
f 4498/4498/4498 4505/4505/4505 4499/4499/4499
f 4505/4505/4505 4506/4506/4506 4499/4499/4499
f 4499/4499/4499 4506/4506/4506 4500/4500/4500
f 4506/4506/4506 4507/4507/4507 4500/4500/4500
f 4500/4500/4500 4507/4507/4507 4501/4501/4501
f 4507/4507/4507 4508/4508/4508 4501/4501/4501
f 4501/4501/4501 4508/4508/4508 4502/4502/4502
f 4508/4508/4508 4509/4509/4509 4502/4502/4502
f 4502/4502/4502 4509/4509/4509 4503/4503/4503
f 4509/4509/4509 4510/4510/4510 4503/4503/4503
f 4504/4504/4504 4511/4511/4511 4505/4505/4505
f 4511/4511/4511 4512/4512/4512 4505/4505/4505
f 4505/4505/4505 4512/4512/4512 4506/4506/4506
f 4512/4512/4512 4513/4513/4513 4506/4506/4506
f 4506/4506/4506 4513/4513/4513 4507/4507/4507
f 4513/4513/4513 4514/4514/4514 4507/4507/4507
f 4507/4507/4507 4514/4514/4514 4508/4508/4508
f 4511/4511/4511 4515/4515/4515 4512/4512/4512
f 4515/4515/4515 4516/4516/4516 4512/4512/4512
f 4512/4512/4512 4516/4516/4516 4513/4513/4513
f 4516/4516/4516 4517/4517/4517 4513/4513/4513
f 4513/4513/4513 4517/4517/4517 4514/4514/4514
f 4515/4515/4515 4518/4518/4518 4516/4516/4516
f 4518/4518/4518 4519/4519/4519 4516/4516/4516
f 4516/4516/4516 4519/4519/4519 4517/4517/4517
f 4520/4520/4520 4521/4521/4521 4522/4522/4522
f 4521/4521/4521 4523/4523/4523 4522/4522/4522
f 4522/4522/4522 4523/4523/4523 4524/4524/4524
f 4523/4523/4523 4525/4525/4525 4524/4524/4524
f 4524/4524/4524 4525/4525/4525 4526/4526/4526
f 4524/4524/4524 4526/4526/4526 4527/4527/4527
f 4526/4526/4526 4528/4528/4528 4527/4527/4527
f 4527/4527/4527 4528/4528/4528 4529/4529/4529
f 4530/4530/4530 4531/4531/4531 4532/4532/4532
f 4531/4531/4531 4533/4533/4533 4532/4532/4532
f 4532/4532/4532 4533/4533/4533 4534/4534/4534
f 4533/4533/4533 4535/4535/4535 4534/4534/4534
f 4534/4534/4534 4535/4535/4535 4536/4536/4536
f 4535/4535/4535 4537/4537/4537 4536/4536/4536
f 4536/4536/4536 4537/4537/4537 4538/4538/4538
f 4537/4537/4537 4539/4539/4539 4538/4538/4538
f 4538/4538/4538 4539/4539/4539 4540/4540/4540
f 4539/4539/4539 4541/4541/4541 4540/4540/4540
f 4540/4540/4540 4541/4541/4541 4542/4542/4542
f 4541/4541/4541 4543/4543/4543 4542/4542/4542
f 4542/4542/4542 4543/4543/4543 4544/4544/4544
f 4543/4543/4543 4545/4545/4545 4544/4544/4544
f 4544/4544/4544 4545/4545/4545 4546/4546/4546
f 4545/4545/4545 4547/4547/4547 4546/4546/4546
f 4546/4546/4546 4547/4547/4547 4548/4548/4548
f 4547/4547/4547 4549/4549/4549 4548/4548/4548
f 4548/4548/4548 4549/4549/4549 4550/4550/4550
f 4549/4549/4549 4551/4551/4551 4550/4550/4550
f 4550/4550/4550 4551/4551/4551 4552/4552/4552
f 4551/4551/4551 4553/4553/4553 4552/4552/4552
f 4552/4552/4552 4553/4553/4553 4554/4554/4554
f 4553/4553/4553 4555/4555/4555 4554/4554/4554
f 4554/4554/4554 4555/4555/4555 4556/4556/4556
f 4555/4555/4555 4557/4557/4557 4556/4556/4556
f 4556/4556/4556 4557/4557/4557 4558/4558/4558
f 4557/4557/4557 4559/4559/4559 4558/4558/4558
f 4558/4558/4558 4559/4559/4559 4560/4560/4560
f 4559/4559/4559 4561/4561/4561 4560/4560/4560
f 4560/4560/4560 4561/4561/4561 4562/4562/4562
f 4561/4561/4561 4563/4563/4563 4562/4562/4562
f 4562/4562/4562 4563/4563/4563 4564/4564/4564
f 4563/4563/4563 4565/4565/4565 4564/4564/4564
f 4564/4564/4564 4565/4565/4565 4566/4566/4566
f 4565/4565/4565 4567/4567/4567 4566/4566/4566
f 4566/4566/4566 4567/4567/4567 4568/4568/4568
f 4567/4567/4567 4569/4569/4569 4568/4568/4568
f 4568/4568/4568 4569/4569/4569 4570/4570/4570
f 4569/4569/4569 4571/4571/4571 4570/4570/4570
f 4570/4570/4570 4571/4571/4571 4572/4572/4572
f 4571/4571/4571 4573/4573/4573 4572/4572/4572
f 4572/4572/4572 4573/4573/4573 4574/4574/4574
f 4573/4573/4573 4575/4575/4575 4574/4574/4574
f 4574/4574/4574 4575/4575/4575 4576/4576/4576
f 4575/4575/4575 4577/4577/4577 4576/4576/4576
f 4576/4576/4576 4577/4577/4577 4578/4578/4578
f 4577/4577/4577 4579/4579/4579 4578/4578/4578
f 4578/4578/4578 4579/4579/4579 4580/4580/4580
f 4579/4579/4579 4581/4581/4581 4580/4580/4580
f 4580/4580/4580 4581/4581/4581 4582/4582/4582
f 4582/4582/4582 4583/4583/4583 4580/4580/4580
f 4583/4583/4583 4584/4584/4584 4580/4580/4580
f 4580/4580/4580 4584/4584/4584 4578/4578/4578
f 4584/4584/4584 4585/4585/4585 4578/4578/4578
f 4578/4578/4578 4585/4585/4585 4576/4576/4576
f 4585/4585/4585 4586/4586/4586 4576/4576/4576
f 4576/4576/4576 4586/4586/4586 4574/4574/4574
f 4586/4586/4586 4587/4587/4587 4574/4574/4574
f 4574/4574/4574 4587/4587/4587 4572/4572/4572
f 4587/4587/4587 4588/4588/4588 4572/4572/4572
f 4572/4572/4572 4588/4588/4588 4570/4570/4570
f 4588/4588/4588 4589/4589/4589 4570/4570/4570
f 4570/4570/4570 4589/4589/4589 4568/4568/4568
f 4589/4589/4589 4590/4590/4590 4568/4568/4568
f 4568/4568/4568 4590/4590/4590 4566/4566/4566
f 4590/4590/4590 4591/4591/4591 4566/4566/4566
f 4566/4566/4566 4591/4591/4591 4564/4564/4564
f 4591/4591/4591 4592/4592/4592 4564/4564/4564
f 4564/4564/4564 4592/4592/4592 4562/4562/4562
f 4592/4592/4592 4593/4593/4593 4562/4562/4562
f 4562/4562/4562 4593/4593/4593 4560/4560/4560
f 4593/4593/4593 4594/4594/4594 4560/4560/4560
f 4560/4560/4560 4594/4594/4594 4558/4558/4558
f 4594/4594/4594 4595/4595/4595 4558/4558/4558
f 4558/4558/4558 4595/4595/4595 4556/4556/4556
f 4595/4595/4595 4596/4596/4596 4556/4556/4556
f 4556/4556/4556 4596/4596/4596 4597/4597/4597
f 4596/4596/4596 4598/4598/4598 4597/4597/4597
f 4597/4597/4597 4598/4598/4598 4599/4599/4599
f 4598/4598/4598 4600/4600/4600 4599/4599/4599
f 4599/4599/4599 4600/4600/4600 4601/4601/4601
f 4600/4600/4600 4602/4602/4602 4601/4601/4601
f 4601/4601/4601 4602/4602/4602 4603/4603/4603
f 4602/4602/4602 4604/4604/4604 4603/4603/4603
f 4603/4603/4603 4604/4604/4604 4605/4605/4605
f 4604/4604/4604 4606/4606/4606 4605/4605/4605
f 4605/4605/4605 4606/4606/4606 4607/4607/4607
f 4606/4606/4606 4608/4608/4608 4607/4607/4607
f 4607/4607/4607 4608/4608/4608 4609/4609/4609
f 4556/4556/4556 4597/4597/4597 4554/4554/4554
f 4597/4597/4597 4610/4610/4610 4554/4554/4554
f 4554/4554/4554 4610/4610/4610 4552/4552/4552
f 4610/4610/4610 4611/4611/4611 4552/4552/4552
f 4552/4552/4552 4611/4611/4611 4550/4550/4550
f 4611/4611/4611 4612/4612/4612 4550/4550/4550
f 4550/4550/4550 4612/4612/4612 4548/4548/4548
f 4612/4612/4612 4613/4613/4613 4548/4548/4548
f 4548/4548/4548 4613/4613/4613 4546/4546/4546
f 4613/4613/4613 4614/4614/4614 4546/4546/4546
f 4546/4546/4546 4614/4614/4614 4544/4544/4544
f 4614/4614/4614 4615/4615/4615 4544/4544/4544
f 4544/4544/4544 4615/4615/4615 4542/4542/4542
f 4615/4615/4615 4616/4616/4616 4542/4542/4542
f 4542/4542/4542 4616/4616/4616 4540/4540/4540
f 4616/4616/4616 4617/4617/4617 4540/4540/4540
f 4540/4540/4540 4617/4617/4617 4538/4538/4538
f 4617/4617/4617 4618/4618/4618 4538/4538/4538
f 4538/4538/4538 4618/4618/4618 4536/4536/4536
f 4618/4618/4618 4619/4619/4619 4536/4536/4536
f 4536/4536/4536 4619/4619/4619 4534/4534/4534
f 4619/4619/4619 4620/4620/4620 4534/4534/4534
f 4534/4534/4534 4620/4620/4620 4532/4532/4532
f 4621/4621/4621 4622/4622/4622 4623/4623/4623
f 4622/4622/4622 4624/4624/4624 4623/4623/4623
f 4623/4623/4623 4624/4624/4624 4625/4625/4625
f 4624/4624/4624 4626/4626/4626 4625/4625/4625
f 4625/4625/4625 4626/4626/4626 4627/4627/4627
f 4626/4626/4626 4628/4628/4628 4627/4627/4627
f 4627/4627/4627 4628/4628/4628 4629/4629/4629
f 4628/4628/4628 4630/4630/4630 4629/4629/4629
f 4629/4629/4629 4630/4630/4630 4631/4631/4631
f 4630/4630/4630 4607/4607/4607 4631/4631/4631
f 4631/4631/4631 4607/4607/4607 4609/4609/4609
f 4607/4607/4607 4630/4630/4630 4605/4605/4605
f 4630/4630/4630 4632/4632/4632 4605/4605/4605
f 4605/4605/4605 4632/4632/4632 4603/4603/4603
f 4632/4632/4632 4633/4633/4633 4603/4603/4603
f 4603/4603/4603 4633/4633/4633 4601/4601/4601
f 4633/4633/4633 4634/4634/4634 4601/4601/4601
f 4601/4601/4601 4634/4634/4634 4599/4599/4599
f 4634/4634/4634 4635/4635/4635 4599/4599/4599
f 4599/4599/4599 4635/4635/4635 4597/4597/4597
f 4630/4630/4630 4628/4628/4628 4632/4632/4632
f 4628/4628/4628 4636/4636/4636 4632/4632/4632
f 4632/4632/4632 4636/4636/4636 4633/4633/4633
f 4636/4636/4636 4637/4637/4637 4633/4633/4633
f 4633/4633/4633 4637/4637/4637 4634/4634/4634
f 4637/4637/4637 4638/4638/4638 4634/4634/4634
f 4634/4634/4634 4638/4638/4638 4635/4635/4635
f 4628/4628/4628 4626/4626/4626 4636/4636/4636
f 4626/4626/4626 4639/4639/4639 4636/4636/4636
f 4636/4636/4636 4639/4639/4639 4637/4637/4637
f 4639/4639/4639 4640/4640/4640 4637/4637/4637
f 4637/4637/4637 4640/4640/4640 4638/4638/4638
f 4640/4640/4640 4639/4639/4639 4641/4641/4641
f 4639/4639/4639 4624/4624/4624 4641/4641/4641
f 4641/4641/4641 4624/4624/4624 4622/4622/4622
f 4531/4531/4531 4642/4642/4642 4533/4533/4533
f 4642/4642/4642 4643/4643/4643 4533/4533/4533
f 4533/4533/4533 4643/4643/4643 4535/4535/4535
f 4643/4643/4643 4644/4644/4644 4535/4535/4535
f 4535/4535/4535 4644/4644/4644 4645/4645/4645
f 4644/4644/4644 4646/4646/4646 4645/4645/4645
f 4645/4645/4645 4646/4646/4646 4647/4647/4647
f 4646/4646/4646 4648/4648/4648 4647/4647/4647
f 4647/4647/4647 4648/4648/4648 4649/4649/4649
f 4648/4648/4648 4650/4650/4650 4649/4649/4649
f 4649/4649/4649 4650/4650/4650 4651/4651/4651
f 4650/4650/4650 4652/4652/4652 4651/4651/4651
f 4651/4651/4651 4652/4652/4652 4653/4653/4653
f 4652/4652/4652 4654/4654/4654 4653/4653/4653
f 4653/4653/4653 4654/4654/4654 4655/4655/4655
f 4654/4654/4654 4656/4656/4656 4655/4655/4655
f 4655/4655/4655 4656/4656/4656 4657/4657/4657
f 4656/4656/4656 4658/4658/4658 4657/4657/4657
f 4657/4657/4657 4658/4658/4658 4659/4659/4659
f 4658/4658/4658 4660/4660/4660 4659/4659/4659
f 4659/4659/4659 4660/4660/4660 4661/4661/4661
f 4660/4660/4660 4662/4662/4662 4661/4661/4661
f 4661/4661/4661 4662/4662/4662 4663/4663/4663
f 4662/4662/4662 4664/4664/4664 4663/4663/4663
f 4663/4663/4663 4664/4664/4664 4665/4665/4665
f 4665/4665/4665 4666/4666/4666 4663/4663/4663
f 4666/4666/4666 4667/4667/4667 4663/4663/4663
f 4663/4663/4663 4667/4667/4667 4661/4661/4661
f 4667/4667/4667 4668/4668/4668 4661/4661/4661
f 4661/4661/4661 4668/4668/4668 4659/4659/4659
f 4668/4668/4668 4669/4669/4669 4659/4659/4659
f 4659/4659/4659 4669/4669/4669 4657/4657/4657
f 4669/4669/4669 4670/4670/4670 4657/4657/4657
f 4657/4657/4657 4670/4670/4670 4655/4655/4655
f 4670/4670/4670 4671/4671/4671 4655/4655/4655
f 4655/4655/4655 4671/4671/4671 4653/4653/4653
f 4671/4671/4671 4672/4672/4672 4653/4653/4653
f 4653/4653/4653 4672/4672/4672 4651/4651/4651
f 4672/4672/4672 4647/4647/4647 4651/4651/4651
f 4651/4651/4651 4647/4647/4647 4649/4649/4649
f 4666/4666/4666 4673/4673/4673 4667/4667/4667
f 4673/4673/4673 4674/4674/4674 4667/4667/4667
f 4667/4667/4667 4674/4674/4674 4668/4668/4668
f 4674/4674/4674 4675/4675/4675 4668/4668/4668
f 4668/4668/4668 4675/4675/4675 4669/4669/4669
f 4675/4675/4675 4676/4676/4676 4669/4669/4669
f 4669/4669/4669 4676/4676/4676 4670/4670/4670
f 4676/4676/4676 4677/4677/4677 4670/4670/4670
f 4670/4670/4670 4677/4677/4677 4671/4671/4671
f 4677/4677/4677 4678/4678/4678 4671/4671/4671
f 4671/4671/4671 4678/4678/4678 4672/4672/4672
f 4678/4678/4678 4679/4679/4679 4672/4672/4672
f 4672/4672/4672 4679/4679/4679 4647/4647/4647
f 4679/4679/4679 4680/4680/4680 4647/4647/4647
f 4647/4647/4647 4680/4680/4680 4645/4645/4645
f 4680/4680/4680 4537/4537/4537 4645/4645/4645
f 4645/4645/4645 4537/4537/4537 4535/4535/4535
f 4673/4673/4673 4681/4681/4681 4674/4674/4674
f 4681/4681/4681 4682/4682/4682 4674/4674/4674
f 4674/4674/4674 4682/4682/4682 4675/4675/4675
f 4682/4682/4682 4683/4683/4683 4675/4675/4675
f 4675/4675/4675 4683/4683/4683 4676/4676/4676
f 4683/4683/4683 4684/4684/4684 4676/4676/4676
f 4676/4676/4676 4684/4684/4684 4677/4677/4677
f 4684/4684/4684 4685/4685/4685 4677/4677/4677
f 4677/4677/4677 4685/4685/4685 4678/4678/4678
f 4685/4685/4685 4686/4686/4686 4678/4678/4678
f 4678/4678/4678 4686/4686/4686 4679/4679/4679
f 4686/4686/4686 4687/4687/4687 4679/4679/4679
f 4679/4679/4679 4687/4687/4687 4688/4688/4688
f 4687/4687/4687 4689/4689/4689 4688/4688/4688
f 4688/4688/4688 4689/4689/4689 4541/4541/4541
f 4689/4689/4689 4690/4690/4690 4541/4541/4541
f 4541/4541/4541 4690/4690/4690 4543/4543/4543
f 4690/4690/4690 4545/4545/4545 4543/4543/4543
f 4687/4687/4687 4686/4686/4686 4691/4691/4691
f 4686/4686/4686 4685/4685/4685 4691/4691/4691
f 4691/4691/4691 4685/4685/4685 4692/4692/4692
f 4685/4685/4685 4684/4684/4684 4692/4692/4692
f 4692/4692/4692 4684/4684/4684 4693/4693/4693
f 4684/4684/4684 4683/4683/4683 4693/4693/4693
f 4693/4693/4693 4683/4683/4683 4694/4694/4694
f 4683/4683/4683 4682/4682/4682 4694/4694/4694
f 4694/4694/4694 4682/4682/4682 4695/4695/4695
f 4682/4682/4682 4681/4681/4681 4695/4695/4695
f 4695/4695/4695 4681/4681/4681 4696/4696/4696
f 4681/4681/4681 4697/4697/4697 4696/4696/4696
f 4696/4696/4696 4697/4697/4697 4698/4698/4698
f 4697/4697/4697 4699/4699/4699 4698/4698/4698
f 4698/4698/4698 4699/4699/4699 4700/4700/4700
f 4699/4699/4699 4701/4701/4701 4700/4700/4700
f 4700/4700/4700 4701/4701/4701 4702/4702/4702
f 4702/4702/4702 4703/4703/4703 4700/4700/4700
f 4703/4703/4703 4704/4704/4704 4700/4700/4700
f 4700/4700/4700 4704/4704/4704 4698/4698/4698
f 4704/4704/4704 4705/4705/4705 4698/4698/4698
f 4698/4698/4698 4705/4705/4705 4696/4696/4696
f 4705/4705/4705 4706/4706/4706 4696/4696/4696
f 4696/4696/4696 4706/4706/4706 4695/4695/4695
f 4706/4706/4706 4707/4707/4707 4695/4695/4695
f 4695/4695/4695 4707/4707/4707 4694/4694/4694
f 4707/4707/4707 4708/4708/4708 4694/4694/4694
f 4694/4694/4694 4708/4708/4708 4693/4693/4693
f 4708/4708/4708 4709/4709/4709 4693/4693/4693
f 4693/4693/4693 4709/4709/4709 4692/4692/4692
f 4709/4709/4709 4687/4687/4687 4692/4692/4692
f 4692/4692/4692 4687/4687/4687 4691/4691/4691
f 4703/4703/4703 4710/4710/4710 4704/4704/4704
f 4710/4710/4710 4711/4711/4711 4704/4704/4704
f 4704/4704/4704 4711/4711/4711 4705/4705/4705
f 4711/4711/4711 4712/4712/4712 4705/4705/4705
f 4705/4705/4705 4712/4712/4712 4706/4706/4706
f 4712/4712/4712 4713/4713/4713 4706/4706/4706
f 4706/4706/4706 4713/4713/4713 4707/4707/4707
f 4713/4713/4713 4714/4714/4714 4707/4707/4707
f 4707/4707/4707 4714/4714/4714 4708/4708/4708
f 4714/4714/4714 4715/4715/4715 4708/4708/4708
f 4708/4708/4708 4715/4715/4715 4709/4709/4709
f 4715/4715/4715 4716/4716/4716 4709/4709/4709
f 4709/4709/4709 4716/4716/4716 4687/4687/4687
f 4716/4716/4716 4689/4689/4689 4687/4687/4687
f 4710/4710/4710 4717/4717/4717 4711/4711/4711
f 4717/4717/4717 4718/4718/4718 4711/4711/4711
f 4711/4711/4711 4718/4718/4718 4712/4712/4712
f 4718/4718/4718 4719/4719/4719 4712/4712/4712
f 4712/4712/4712 4719/4719/4719 4713/4713/4713
f 4719/4719/4719 4720/4720/4720 4713/4713/4713
f 4713/4713/4713 4720/4720/4720 4714/4714/4714
f 4720/4720/4720 4721/4721/4721 4714/4714/4714
f 4714/4714/4714 4721/4721/4721 4715/4715/4715
f 4721/4721/4721 4722/4722/4722 4715/4715/4715
f 4715/4715/4715 4722/4722/4722 4716/4716/4716
f 4722/4722/4722 4723/4723/4723 4716/4716/4716
f 4716/4716/4716 4723/4723/4723 4690/4690/4690
f 4723/4723/4723 4724/4724/4724 4690/4690/4690
f 4690/4690/4690 4724/4724/4724 4545/4545/4545
f 4724/4724/4724 4725/4725/4725 4545/4545/4545
f 4545/4545/4545 4725/4725/4725 4547/4547/4547
f 4725/4725/4725 4549/4549/4549 4547/4547/4547
f 4723/4723/4723 4722/4722/4722 4726/4726/4726
f 4722/4722/4722 4721/4721/4721 4726/4726/4726
f 4726/4726/4726 4721/4721/4721 4727/4727/4727
f 4721/4721/4721 4720/4720/4720 4727/4727/4727
f 4727/4727/4727 4720/4720/4720 4728/4728/4728
f 4720/4720/4720 4719/4719/4719 4728/4728/4728
f 4728/4728/4728 4719/4719/4719 4729/4729/4729
f 4719/4719/4719 4718/4718/4718 4729/4729/4729
f 4729/4729/4729 4718/4718/4718 4730/4730/4730
f 4718/4718/4718 4717/4717/4717 4730/4730/4730
f 4730/4730/4730 4717/4717/4717 4731/4731/4731
f 4717/4717/4717 4732/4732/4732 4731/4731/4731
f 4731/4731/4731 4732/4732/4732 4733/4733/4733
f 4732/4732/4732 4734/4734/4734 4733/4733/4733
f 4733/4733/4733 4734/4734/4734 4735/4735/4735
f 4734/4734/4734 4736/4736/4736 4735/4735/4735
f 4735/4735/4735 4736/4736/4736 4737/4737/4737
f 4737/4737/4737 4738/4738/4738 4735/4735/4735
f 4738/4738/4738 4739/4739/4739 4735/4735/4735
f 4735/4735/4735 4739/4739/4739 4733/4733/4733
f 4739/4739/4739 4740/4740/4740 4733/4733/4733
f 4733/4733/4733 4740/4740/4740 4731/4731/4731
f 4740/4740/4740 4741/4741/4741 4731/4731/4731
f 4731/4731/4731 4741/4741/4741 4730/4730/4730
f 4741/4741/4741 4742/4742/4742 4730/4730/4730
f 4730/4730/4730 4742/4742/4742 4729/4729/4729
f 4742/4742/4742 4743/4743/4743 4729/4729/4729
f 4729/4729/4729 4743/4743/4743 4728/4728/4728
f 4743/4743/4743 4744/4744/4744 4728/4728/4728
f 4728/4728/4728 4744/4744/4744 4727/4727/4727
f 4744/4744/4744 4723/4723/4723 4727/4727/4727
f 4727/4727/4727 4723/4723/4723 4726/4726/4726
f 4738/4738/4738 4745/4745/4745 4739/4739/4739
f 4745/4745/4745 4746/4746/4746 4739/4739/4739
f 4739/4739/4739 4746/4746/4746 4740/4740/4740
f 4746/4746/4746 4747/4747/4747 4740/4740/4740
f 4740/4740/4740 4747/4747/4747 4741/4741/4741
f 4747/4747/4747 4748/4748/4748 4741/4741/4741
f 4741/4741/4741 4748/4748/4748 4742/4742/4742
f 4748/4748/4748 4749/4749/4749 4742/4742/4742
f 4742/4742/4742 4749/4749/4749 4743/4743/4743
f 4749/4749/4749 4750/4750/4750 4743/4743/4743
f 4743/4743/4743 4750/4750/4750 4744/4744/4744
f 4750/4750/4750 4751/4751/4751 4744/4744/4744
f 4744/4744/4744 4751/4751/4751 4723/4723/4723
f 4751/4751/4751 4724/4724/4724 4723/4723/4723
f 4745/4745/4745 4752/4752/4752 4746/4746/4746
f 4752/4752/4752 4753/4753/4753 4746/4746/4746
f 4746/4746/4746 4753/4753/4753 4747/4747/4747
f 4753/4753/4753 4754/4754/4754 4747/4747/4747
f 4747/4747/4747 4754/4754/4754 4748/4748/4748
f 4754/4754/4754 4755/4755/4755 4748/4748/4748
f 4748/4748/4748 4755/4755/4755 4749/4749/4749
f 4755/4755/4755 4756/4756/4756 4749/4749/4749
f 4749/4749/4749 4756/4756/4756 4750/4750/4750
f 4756/4756/4756 4757/4757/4757 4750/4750/4750
f 4750/4750/4750 4757/4757/4757 4751/4751/4751
f 4757/4757/4757 4758/4758/4758 4751/4751/4751
f 4751/4751/4751 4758/4758/4758 4725/4725/4725
f 4758/4758/4758 4759/4759/4759 4725/4725/4725
f 4725/4725/4725 4759/4759/4759 4549/4549/4549
f 4759/4759/4759 4760/4760/4760 4549/4549/4549
f 4549/4549/4549 4760/4760/4760 4551/4551/4551
f 4760/4760/4760 4553/4553/4553 4551/4551/4551
f 4758/4758/4758 4757/4757/4757 4761/4761/4761
f 4757/4757/4757 4756/4756/4756 4761/4761/4761
f 4761/4761/4761 4756/4756/4756 4762/4762/4762
f 4756/4756/4756 4755/4755/4755 4762/4762/4762
f 4762/4762/4762 4755/4755/4755 4763/4763/4763
f 4755/4755/4755 4754/4754/4754 4763/4763/4763
f 4763/4763/4763 4754/4754/4754 4764/4764/4764
f 4754/4754/4754 4753/4753/4753 4764/4764/4764
f 4764/4764/4764 4753/4753/4753 4765/4765/4765
f 4753/4753/4753 4752/4752/4752 4765/4765/4765
f 4765/4765/4765 4752/4752/4752 4766/4766/4766
f 4752/4752/4752 4767/4767/4767 4766/4766/4766
f 4766/4766/4766 4767/4767/4767 4768/4768/4768
f 4767/4767/4767 4769/4769/4769 4768/4768/4768
f 4768/4768/4768 4769/4769/4769 4770/4770/4770
f 4769/4769/4769 4771/4771/4771 4770/4770/4770
f 4770/4770/4770 4771/4771/4771 4772/4772/4772
f 4772/4772/4772 4773/4773/4773 4770/4770/4770
f 4773/4773/4773 4774/4774/4774 4770/4770/4770
f 4770/4770/4770 4774/4774/4774 4768/4768/4768
f 4774/4774/4774 4775/4775/4775 4768/4768/4768
f 4768/4768/4768 4775/4775/4775 4766/4766/4766
f 4775/4775/4775 4776/4776/4776 4766/4766/4766
f 4766/4766/4766 4776/4776/4776 4765/4765/4765
f 4776/4776/4776 4777/4777/4777 4765/4765/4765
f 4765/4765/4765 4777/4777/4777 4764/4764/4764
f 4777/4777/4777 4778/4778/4778 4764/4764/4764
f 4764/4764/4764 4778/4778/4778 4763/4763/4763
f 4778/4778/4778 4779/4779/4779 4763/4763/4763
f 4763/4763/4763 4779/4779/4779 4762/4762/4762
f 4779/4779/4779 4758/4758/4758 4762/4762/4762
f 4762/4762/4762 4758/4758/4758 4761/4761/4761
f 4773/4773/4773 4780/4780/4780 4774/4774/4774
f 4780/4780/4780 4781/4781/4781 4774/4774/4774
f 4774/4774/4774 4781/4781/4781 4775/4775/4775
f 4781/4781/4781 4782/4782/4782 4775/4775/4775
f 4775/4775/4775 4782/4782/4782 4776/4776/4776
f 4782/4782/4782 4783/4783/4783 4776/4776/4776
f 4776/4776/4776 4783/4783/4783 4777/4777/4777
f 4783/4783/4783 4784/4784/4784 4777/4777/4777
f 4777/4777/4777 4784/4784/4784 4778/4778/4778
f 4784/4784/4784 4785/4785/4785 4778/4778/4778
f 4778/4778/4778 4785/4785/4785 4779/4779/4779
f 4785/4785/4785 4786/4786/4786 4779/4779/4779
f 4779/4779/4779 4786/4786/4786 4758/4758/4758
f 4786/4786/4786 4759/4759/4759 4758/4758/4758
f 4780/4780/4780 4787/4787/4787 4781/4781/4781
f 4787/4787/4787 4788/4788/4788 4781/4781/4781
f 4781/4781/4781 4788/4788/4788 4782/4782/4782
f 4788/4788/4788 4789/4789/4789 4782/4782/4782
f 4782/4782/4782 4789/4789/4789 4783/4783/4783
f 4789/4789/4789 4790/4790/4790 4783/4783/4783
f 4783/4783/4783 4790/4790/4790 4784/4784/4784
f 4790/4790/4790 4791/4791/4791 4784/4784/4784
f 4784/4784/4784 4791/4791/4791 4785/4785/4785
f 4791/4791/4791 4792/4792/4792 4785/4785/4785
f 4785/4785/4785 4792/4792/4792 4786/4786/4786
f 4792/4792/4792 4793/4793/4793 4786/4786/4786
f 4786/4786/4786 4793/4793/4793 4760/4760/4760
f 4793/4793/4793 4794/4794/4794 4760/4760/4760
f 4760/4760/4760 4794/4794/4794 4553/4553/4553
f 4794/4794/4794 4795/4795/4795 4553/4553/4553
f 4553/4553/4553 4795/4795/4795 4555/4555/4555
f 4795/4795/4795 4557/4557/4557 4555/4555/4555
f 4793/4793/4793 4792/4792/4792 4796/4796/4796
f 4792/4792/4792 4791/4791/4791 4796/4796/4796
f 4796/4796/4796 4791/4791/4791 4797/4797/4797
f 4791/4791/4791 4790/4790/4790 4797/4797/4797
f 4797/4797/4797 4790/4790/4790 4798/4798/4798
f 4790/4790/4790 4789/4789/4789 4798/4798/4798
f 4798/4798/4798 4789/4789/4789 4799/4799/4799
f 4789/4789/4789 4788/4788/4788 4799/4799/4799
f 4799/4799/4799 4788/4788/4788 4800/4800/4800
f 4788/4788/4788 4787/4787/4787 4800/4800/4800
f 4800/4800/4800 4787/4787/4787 4801/4801/4801
f 4787/4787/4787 4802/4802/4802 4801/4801/4801
f 4801/4801/4801 4802/4802/4802 4803/4803/4803
f 4802/4802/4802 4804/4804/4804 4803/4803/4803
f 4803/4803/4803 4804/4804/4804 4805/4805/4805
f 4804/4804/4804 4806/4806/4806 4805/4805/4805
f 4805/4805/4805 4806/4806/4806 4807/4807/4807
f 4807/4807/4807 4808/4808/4808 4805/4805/4805
f 4808/4808/4808 4809/4809/4809 4805/4805/4805
f 4805/4805/4805 4809/4809/4809 4803/4803/4803
f 4809/4809/4809 4810/4810/4810 4803/4803/4803
f 4803/4803/4803 4810/4810/4810 4801/4801/4801
f 4810/4810/4810 4811/4811/4811 4801/4801/4801
f 4801/4801/4801 4811/4811/4811 4800/4800/4800
f 4811/4811/4811 4812/4812/4812 4800/4800/4800
f 4800/4800/4800 4812/4812/4812 4799/4799/4799
f 4812/4812/4812 4813/4813/4813 4799/4799/4799
f 4799/4799/4799 4813/4813/4813 4798/4798/4798
f 4813/4813/4813 4814/4814/4814 4798/4798/4798
f 4798/4798/4798 4814/4814/4814 4797/4797/4797
f 4814/4814/4814 4793/4793/4793 4797/4797/4797
f 4797/4797/4797 4793/4793/4793 4796/4796/4796
f 4808/4808/4808 4815/4815/4815 4809/4809/4809
f 4815/4815/4815 4816/4816/4816 4809/4809/4809
f 4809/4809/4809 4816/4816/4816 4810/4810/4810
f 4816/4816/4816 4817/4817/4817 4810/4810/4810
f 4810/4810/4810 4817/4817/4817 4811/4811/4811
f 4817/4817/4817 4818/4818/4818 4811/4811/4811
f 4811/4811/4811 4818/4818/4818 4812/4812/4812
f 4818/4818/4818 4819/4819/4819 4812/4812/4812
f 4812/4812/4812 4819/4819/4819 4813/4813/4813
f 4819/4819/4819 4820/4820/4820 4813/4813/4813
f 4813/4813/4813 4820/4820/4820 4814/4814/4814
f 4820/4820/4820 4821/4821/4821 4814/4814/4814
f 4814/4814/4814 4821/4821/4821 4793/4793/4793
f 4821/4821/4821 4794/4794/4794 4793/4793/4793
f 4815/4815/4815 4822/4822/4822 4816/4816/4816
f 4822/4822/4822 4823/4823/4823 4816/4816/4816
f 4816/4816/4816 4823/4823/4823 4817/4817/4817
f 4823/4823/4823 4824/4824/4824 4817/4817/4817
f 4817/4817/4817 4824/4824/4824 4818/4818/4818
f 4824/4824/4824 4825/4825/4825 4818/4818/4818
f 4818/4818/4818 4825/4825/4825 4819/4819/4819
f 4825/4825/4825 4826/4826/4826 4819/4819/4819
f 4819/4819/4819 4826/4826/4826 4820/4820/4820
f 4826/4826/4826 4827/4827/4827 4820/4820/4820
f 4820/4820/4820 4827/4827/4827 4821/4821/4821
f 4827/4827/4827 4828/4828/4828 4821/4821/4821
f 4821/4821/4821 4828/4828/4828 4795/4795/4795
f 4828/4828/4828 4829/4829/4829 4795/4795/4795
f 4795/4795/4795 4829/4829/4829 4557/4557/4557
f 4829/4829/4829 4559/4559/4559 4557/4557/4557
f 4828/4828/4828 4827/4827/4827 4830/4830/4830
f 4827/4827/4827 4826/4826/4826 4830/4830/4830
f 4830/4830/4830 4826/4826/4826 4831/4831/4831
f 4826/4826/4826 4825/4825/4825 4831/4831/4831
f 4831/4831/4831 4825/4825/4825 4832/4832/4832
f 4825/4825/4825 4824/4824/4824 4832/4832/4832
f 4832/4832/4832 4824/4824/4824 4833/4833/4833
f 4824/4824/4824 4823/4823/4823 4833/4833/4833
f 4833/4833/4833 4823/4823/4823 4834/4834/4834
f 4823/4823/4823 4822/4822/4822 4834/4834/4834
f 4834/4834/4834 4822/4822/4822 4835/4835/4835
f 4822/4822/4822 4836/4836/4836 4835/4835/4835
f 4835/4835/4835 4836/4836/4836 4837/4837/4837
f 4836/4836/4836 4838/4838/4838 4837/4837/4837
f 4837/4837/4837 4838/4838/4838 4839/4839/4839
f 4838/4838/4838 4840/4840/4840 4839/4839/4839
f 4839/4839/4839 4840/4840/4840 4841/4841/4841
f 4841/4841/4841 4842/4842/4842 4839/4839/4839
f 4842/4842/4842 4843/4843/4843 4839/4839/4839
f 4839/4839/4839 4843/4843/4843 4837/4837/4837
f 4843/4843/4843 4844/4844/4844 4837/4837/4837
f 4837/4837/4837 4844/4844/4844 4835/4835/4835
f 4844/4844/4844 4845/4845/4845 4835/4835/4835
f 4835/4835/4835 4845/4845/4845 4834/4834/4834
f 4845/4845/4845 4846/4846/4846 4834/4834/4834
f 4834/4834/4834 4846/4846/4846 4833/4833/4833
f 4846/4846/4846 4847/4847/4847 4833/4833/4833
f 4833/4833/4833 4847/4847/4847 4832/4832/4832
f 4847/4847/4847 4848/4848/4848 4832/4832/4832
f 4832/4832/4832 4848/4848/4848 4831/4831/4831
f 4848/4848/4848 4828/4828/4828 4831/4831/4831
f 4831/4831/4831 4828/4828/4828 4830/4830/4830
f 4842/4842/4842 4849/4849/4849 4843/4843/4843
f 4849/4849/4849 4850/4850/4850 4843/4843/4843
f 4843/4843/4843 4850/4850/4850 4844/4844/4844
f 4850/4850/4850 4851/4851/4851 4844/4844/4844
f 4844/4844/4844 4851/4851/4851 4845/4845/4845
f 4851/4851/4851 4852/4852/4852 4845/4845/4845
f 4845/4845/4845 4852/4852/4852 4846/4846/4846
f 4852/4852/4852 4853/4853/4853 4846/4846/4846
f 4846/4846/4846 4853/4853/4853 4847/4847/4847
f 4853/4853/4853 4854/4854/4854 4847/4847/4847
f 4847/4847/4847 4854/4854/4854 4848/4848/4848
f 4854/4854/4854 4855/4855/4855 4848/4848/4848
f 4848/4848/4848 4855/4855/4855 4828/4828/4828
f 4855/4855/4855 4829/4829/4829 4828/4828/4828
f 4854/4854/4854 4853/4853/4853 4856/4856/4856
f 4853/4853/4853 4852/4852/4852 4856/4856/4856
f 4856/4856/4856 4852/4852/4852 4857/4857/4857
f 4852/4852/4852 4851/4851/4851 4857/4857/4857
f 4857/4857/4857 4851/4851/4851 4858/4858/4858
f 4851/4851/4851 4850/4850/4850 4858/4858/4858
f 4858/4858/4858 4850/4850/4850 4859/4859/4859
f 4850/4850/4850 4849/4849/4849 4859/4859/4859
f 4859/4859/4859 4849/4849/4849 4860/4860/4860
f 4849/4849/4849 4861/4861/4861 4860/4860/4860
f 4860/4860/4860 4861/4861/4861 4862/4862/4862
f 4861/4861/4861 4863/4863/4863 4862/4862/4862
f 4862/4862/4862 4863/4863/4863 4864/4864/4864
f 4864/4864/4864 4865/4865/4865 4862/4862/4862
f 4865/4865/4865 4866/4866/4866 4862/4862/4862
f 4862/4862/4862 4866/4866/4866 4860/4860/4860
f 4866/4866/4866 4867/4867/4867 4860/4860/4860
f 4860/4860/4860 4867/4867/4867 4859/4859/4859
f 4867/4867/4867 4868/4868/4868 4859/4859/4859
f 4859/4859/4859 4868/4868/4868 4858/4858/4858
f 4868/4868/4868 4869/4869/4869 4858/4858/4858
f 4858/4858/4858 4869/4869/4869 4857/4857/4857
f 4869/4869/4869 4870/4870/4870 4857/4857/4857
f 4857/4857/4857 4870/4870/4870 4856/4856/4856
f 4870/4870/4870 4871/4871/4871 4856/4856/4856
f 4856/4856/4856 4871/4871/4871 4854/4854/4854
f 4871/4871/4871 4855/4855/4855 4854/4854/4854
f 4865/4865/4865 4872/4872/4872 4866/4866/4866
f 4872/4872/4872 4873/4873/4873 4866/4866/4866
f 4866/4866/4866 4873/4873/4873 4867/4867/4867
f 4873/4873/4873 4874/4874/4874 4867/4867/4867
f 4867/4867/4867 4874/4874/4874 4868/4868/4868
f 4874/4874/4874 4875/4875/4875 4868/4868/4868
f 4868/4868/4868 4875/4875/4875 4869/4869/4869
f 4875/4875/4875 4876/4876/4876 4869/4869/4869
f 4869/4869/4869 4876/4876/4876 4870/4870/4870
f 4876/4876/4876 4877/4877/4877 4870/4870/4870
f 4870/4870/4870 4877/4877/4877 4871/4871/4871
f 4877/4877/4877 4878/4878/4878 4871/4871/4871
f 4871/4871/4871 4878/4878/4878 4855/4855/4855
f 4878/4878/4878 4829/4829/4829 4855/4855/4855
f 4872/4872/4872 4571/4571/4571 4873/4873/4873
f 4571/4571/4571 4569/4569/4569 4873/4873/4873
f 4873/4873/4873 4569/4569/4569 4874/4874/4874
f 4569/4569/4569 4567/4567/4567 4874/4874/4874
f 4874/4874/4874 4567/4567/4567 4875/4875/4875
f 4567/4567/4567 4565/4565/4565 4875/4875/4875
f 4875/4875/4875 4565/4565/4565 4876/4876/4876
f 4565/4565/4565 4563/4563/4563 4876/4876/4876
f 4876/4876/4876 4563/4563/4563 4877/4877/4877
f 4563/4563/4563 4561/4561/4561 4877/4877/4877
f 4877/4877/4877 4561/4561/4561 4878/4878/4878
f 4561/4561/4561 4559/4559/4559 4878/4878/4878
f 4878/4878/4878 4559/4559/4559 4829/4829/4829
f 4571/4571/4571 4872/4872/4872 4573/4573/4573
f 4872/4872/4872 4879/4879/4879 4573/4573/4573
f 4573/4573/4573 4879/4879/4879 4575/4575/4575
f 4879/4879/4879 4880/4880/4880 4575/4575/4575
f 4575/4575/4575 4880/4880/4880 4577/4577/4577
f 4880/4880/4880 4879/4879/4879 4881/4881/4881
f 4879/4879/4879 4865/4865/4865 4881/4881/4881
f 4881/4881/4881 4865/4865/4865 4864/4864/4864
f 4787/4787/4787 4780/4780/4780 4802/4802/4802
f 4780/4780/4780 4882/4882/4882 4802/4802/4802
f 4802/4802/4802 4882/4882/4882 4804/4804/4804
f 4882/4882/4882 4883/4883/4883 4804/4804/4804
f 4804/4804/4804 4883/4883/4883 4806/4806/4806
f 4883/4883/4883 4882/4882/4882 4884/4884/4884
f 4882/4882/4882 4773/4773/4773 4884/4884/4884
f 4884/4884/4884 4773/4773/4773 4772/4772/4772
f 4681/4681/4681 4673/4673/4673 4697/4697/4697
f 4673/4673/4673 4885/4885/4885 4697/4697/4697
f 4697/4697/4697 4885/4885/4885 4699/4699/4699
f 4885/4885/4885 4886/4886/4886 4699/4699/4699
f 4699/4699/4699 4886/4886/4886 4701/4701/4701
f 4886/4886/4886 4885/4885/4885 4887/4887/4887
f 4885/4885/4885 4666/4666/4666 4887/4887/4887
f 4887/4887/4887 4666/4666/4666 4665/4665/4665
f 4752/4752/4752 4745/4745/4745 4767/4767/4767
f 4745/4745/4745 4888/4888/4888 4767/4767/4767
f 4767/4767/4767 4888/4888/4888 4769/4769/4769
f 4888/4888/4888 4889/4889/4889 4769/4769/4769
f 4769/4769/4769 4889/4889/4889 4771/4771/4771
f 4889/4889/4889 4888/4888/4888 4890/4890/4890
f 4888/4888/4888 4738/4738/4738 4890/4890/4890
f 4890/4890/4890 4738/4738/4738 4737/4737/4737
f 4841/4841/4841 4891/4891/4891 4842/4842/4842
f 4891/4891/4891 4861/4861/4861 4842/4842/4842
f 4842/4842/4842 4861/4861/4861 4849/4849/4849
f 4822/4822/4822 4815/4815/4815 4836/4836/4836
f 4815/4815/4815 4892/4892/4892 4836/4836/4836
f 4836/4836/4836 4892/4892/4892 4838/4838/4838
f 4892/4892/4892 4893/4893/4893 4838/4838/4838
f 4838/4838/4838 4893/4893/4893 4840/4840/4840
f 4893/4893/4893 4892/4892/4892 4894/4894/4894
f 4892/4892/4892 4808/4808/4808 4894/4894/4894
f 4894/4894/4894 4808/4808/4808 4807/4807/4807
f 4679/4679/4679 4688/4688/4688 4680/4680/4680
f 4688/4688/4688 4537/4537/4537 4680/4680/4680
f 4537/4537/4537 4688/4688/4688 4539/4539/4539
f 4688/4688/4688 4541/4541/4541 4539/4539/4539
f 4609/4609/4609 4895/4895/4895 4631/4631/4631
f 4895/4895/4895 4896/4896/4896 4631/4631/4631
f 4631/4631/4631 4896/4896/4896 4629/4629/4629
f 4608/4608/4608 4606/4606/4606 4897/4897/4897
f 4606/4606/4606 4898/4898/4898 4897/4897/4897
f 4897/4897/4897 4898/4898/4898 4899/4899/4899
f 4898/4898/4898 4900/4900/4900 4899/4899/4899
f 4899/4899/4899 4900/4900/4900 4901/4901/4901
f 4900/4900/4900 4902/4902/4902 4901/4901/4901
f 4901/4901/4901 4902/4902/4902 4903/4903/4903
f 4902/4902/4902 4904/4904/4904 4903/4903/4903
f 4903/4903/4903 4904/4904/4904 4905/4905/4905
f 4904/4904/4904 4906/4906/4906 4905/4905/4905
f 4905/4905/4905 4906/4906/4906 4907/4907/4907
f 4906/4906/4906 4908/4908/4908 4907/4907/4907
f 4907/4907/4907 4908/4908/4908 4909/4909/4909
f 4908/4908/4908 4910/4910/4910 4909/4909/4909
f 4909/4909/4909 4910/4910/4910 4911/4911/4911
f 4910/4910/4910 4912/4912/4912 4911/4911/4911
f 4911/4911/4911 4912/4912/4912 4913/4913/4913
f 4912/4912/4912 4914/4914/4914 4913/4913/4913
f 4913/4913/4913 4914/4914/4914 4915/4915/4915
f 4914/4914/4914 4916/4916/4916 4915/4915/4915
f 4915/4915/4915 4916/4916/4916 4917/4917/4917
f 4916/4916/4916 4918/4918/4918 4917/4917/4917
f 4917/4917/4917 4918/4918/4918 4919/4919/4919
f 4918/4918/4918 4920/4920/4920 4919/4919/4919
f 4919/4919/4919 4920/4920/4920 4921/4921/4921
f 4920/4920/4920 4922/4922/4922 4921/4921/4921
f 4921/4921/4921 4922/4922/4922 4923/4923/4923
f 4922/4922/4922 4924/4924/4924 4923/4923/4923
f 4923/4923/4923 4924/4924/4924 4925/4925/4925
f 4924/4924/4924 4926/4926/4926 4925/4925/4925
f 4925/4925/4925 4926/4926/4926 4927/4927/4927
f 4926/4926/4926 4928/4928/4928 4927/4927/4927
f 4927/4927/4927 4928/4928/4928 4929/4929/4929
f 4928/4928/4928 4930/4930/4930 4929/4929/4929
f 4929/4929/4929 4930/4930/4930 4931/4931/4931
f 4930/4930/4930 4932/4932/4932 4931/4931/4931
f 4931/4931/4931 4932/4932/4932 4933/4933/4933
f 4932/4932/4932 4934/4934/4934 4933/4933/4933
f 4933/4933/4933 4934/4934/4934 4935/4935/4935
f 4934/4934/4934 4936/4936/4936 4935/4935/4935
f 4935/4935/4935 4936/4936/4936 4937/4937/4937
f 4936/4936/4936 4938/4938/4938 4937/4937/4937
f 4937/4937/4937 4938/4938/4938 4939/4939/4939
f 4938/4938/4938 4940/4940/4940 4939/4939/4939
f 4939/4939/4939 4940/4940/4940 4941/4941/4941
f 4940/4940/4940 4942/4942/4942 4941/4941/4941
f 4941/4941/4941 4942/4942/4942 4943/4943/4943
f 4942/4942/4942 4944/4944/4944 4943/4943/4943
f 4943/4943/4943 4944/4944/4944 4945/4945/4945
f 4944/4944/4944 4946/4946/4946 4945/4945/4945
f 4945/4945/4945 4946/4946/4946 4947/4947/4947
f 4946/4946/4946 4948/4948/4948 4947/4947/4947
f 4947/4947/4947 4948/4948/4948 4949/4949/4949
f 4948/4948/4948 4950/4950/4950 4949/4949/4949
f 4949/4949/4949 4950/4950/4950 4947/4947/4947
f 4950/4950/4950 4951/4951/4951 4947/4947/4947
f 4947/4947/4947 4951/4951/4951 4945/4945/4945
f 4951/4951/4951 4952/4952/4952 4945/4945/4945
f 4945/4945/4945 4952/4952/4952 4943/4943/4943
f 4952/4952/4952 4953/4953/4953 4943/4943/4943
f 4943/4943/4943 4953/4953/4953 4941/4941/4941
f 4953/4953/4953 4954/4954/4954 4941/4941/4941
f 4941/4941/4941 4954/4954/4954 4939/4939/4939
f 4954/4954/4954 4955/4955/4955 4939/4939/4939
f 4939/4939/4939 4955/4955/4955 4937/4937/4937
f 4955/4955/4955 4956/4956/4956 4937/4937/4937
f 4937/4937/4937 4956/4956/4956 4935/4935/4935
f 4956/4956/4956 4957/4957/4957 4935/4935/4935
f 4935/4935/4935 4957/4957/4957 4933/4933/4933
f 4957/4957/4957 4958/4958/4958 4933/4933/4933
f 4933/4933/4933 4958/4958/4958 4931/4931/4931
f 4958/4958/4958 4959/4959/4959 4931/4931/4931
f 4931/4931/4931 4959/4959/4959 4929/4929/4929
f 4959/4959/4959 4927/4927/4927 4929/4929/4929
f 4606/4606/4606 4604/4604/4604 4898/4898/4898
f 4604/4604/4604 4960/4960/4960 4898/4898/4898
f 4898/4898/4898 4960/4960/4960 4900/4900/4900
f 4960/4960/4960 4961/4961/4961 4900/4900/4900
f 4900/4900/4900 4961/4961/4961 4902/4902/4902
f 4961/4961/4961 4962/4962/4962 4902/4902/4902
f 4902/4902/4902 4962/4962/4962 4904/4904/4904
f 4962/4962/4962 4963/4963/4963 4904/4904/4904
f 4904/4904/4904 4963/4963/4963 4906/4906/4906
f 4963/4963/4963 4964/4964/4964 4906/4906/4906
f 4906/4906/4906 4964/4964/4964 4908/4908/4908
f 4964/4964/4964 4965/4965/4965 4908/4908/4908
f 4908/4908/4908 4965/4965/4965 4910/4910/4910
f 4965/4965/4965 4966/4966/4966 4910/4910/4910
f 4910/4910/4910 4966/4966/4966 4912/4912/4912
f 4966/4966/4966 4967/4967/4967 4912/4912/4912
f 4912/4912/4912 4967/4967/4967 4914/4914/4914
f 4967/4967/4967 4968/4968/4968 4914/4914/4914
f 4914/4914/4914 4968/4968/4968 4916/4916/4916
f 4968/4968/4968 4969/4969/4969 4916/4916/4916
f 4916/4916/4916 4969/4969/4969 4918/4918/4918
f 4969/4969/4969 4970/4970/4970 4918/4918/4918
f 4918/4918/4918 4970/4970/4970 4920/4920/4920
f 4970/4970/4970 4971/4971/4971 4920/4920/4920
f 4920/4920/4920 4971/4971/4971 4922/4922/4922
f 4971/4971/4971 4972/4972/4972 4922/4922/4922
f 4922/4922/4922 4972/4972/4972 4924/4924/4924
f 4972/4972/4972 4973/4973/4973 4924/4924/4924
f 4924/4924/4924 4973/4973/4973 4926/4926/4926
f 4973/4973/4973 4974/4974/4974 4926/4926/4926
f 4926/4926/4926 4974/4974/4974 4928/4928/4928
f 4974/4974/4974 4975/4975/4975 4928/4928/4928
f 4928/4928/4928 4975/4975/4975 4930/4930/4930
f 4975/4975/4975 4976/4976/4976 4930/4930/4930
f 4930/4930/4930 4976/4976/4976 4932/4932/4932
f 4976/4976/4976 4977/4977/4977 4932/4932/4932
f 4932/4932/4932 4977/4977/4977 4934/4934/4934
f 4977/4977/4977 4978/4978/4978 4934/4934/4934
f 4934/4934/4934 4978/4978/4978 4936/4936/4936
f 4978/4978/4978 4979/4979/4979 4936/4936/4936
f 4936/4936/4936 4979/4979/4979 4938/4938/4938
f 4979/4979/4979 4980/4980/4980 4938/4938/4938
f 4938/4938/4938 4980/4980/4980 4940/4940/4940
f 4980/4980/4980 4981/4981/4981 4940/4940/4940
f 4940/4940/4940 4981/4981/4981 4942/4942/4942
f 4981/4981/4981 4982/4982/4982 4942/4942/4942
f 4942/4942/4942 4982/4982/4982 4944/4944/4944
f 4982/4982/4982 4983/4983/4983 4944/4944/4944
f 4944/4944/4944 4983/4983/4983 4946/4946/4946
f 4983/4983/4983 4984/4984/4984 4946/4946/4946
f 4946/4946/4946 4984/4984/4984 4948/4948/4948
f 4984/4984/4984 4985/4985/4985 4948/4948/4948
f 4948/4948/4948 4985/4985/4985 4950/4950/4950
f 4985/4985/4985 4986/4986/4986 4950/4950/4950
f 4950/4950/4950 4986/4986/4986 4951/4951/4951
f 4986/4986/4986 4987/4987/4987 4951/4951/4951
f 4951/4951/4951 4987/4987/4987 4952/4952/4952
f 4987/4987/4987 4988/4988/4988 4952/4952/4952
f 4952/4952/4952 4988/4988/4988 4953/4953/4953
f 4988/4988/4988 4989/4989/4989 4953/4953/4953
f 4953/4953/4953 4989/4989/4989 4954/4954/4954
f 4989/4989/4989 4990/4990/4990 4954/4954/4954
f 4954/4954/4954 4990/4990/4990 4955/4955/4955
f 4990/4990/4990 4991/4991/4991 4955/4955/4955
f 4955/4955/4955 4991/4991/4991 4956/4956/4956
f 4991/4991/4991 4992/4992/4992 4956/4956/4956
f 4956/4956/4956 4992/4992/4992 4993/4993/4993
f 4992/4992/4992 4994/4994/4994 4993/4993/4993
f 4993/4993/4993 4994/4994/4994 4995/4995/4995
f 4994/4994/4994 4996/4996/4996 4995/4995/4995
f 4995/4995/4995 4996/4996/4996 4997/4997/4997
f 4604/4604/4604 4602/4602/4602 4960/4960/4960
f 4602/4602/4602 4998/4998/4998 4960/4960/4960
f 4960/4960/4960 4998/4998/4998 4961/4961/4961
f 4998/4998/4998 4999/4999/4999 4961/4961/4961
f 4961/4961/4961 4999/4999/4999 4962/4962/4962
f 4999/4999/4999 5000/5000/5000 4962/4962/4962
f 4962/4962/4962 5000/5000/5000 4963/4963/4963
f 5000/5000/5000 5001/5001/5001 4963/4963/4963
f 4963/4963/4963 5001/5001/5001 4964/4964/4964
f 5001/5001/5001 5002/5002/5002 4964/4964/4964
f 4964/4964/4964 5002/5002/5002 4965/4965/4965
f 5002/5002/5002 5003/5003/5003 4965/4965/4965
f 4965/4965/4965 5003/5003/5003 4966/4966/4966
f 5003/5003/5003 5004/5004/5004 4966/4966/4966
f 4966/4966/4966 5004/5004/5004 4967/4967/4967
f 5004/5004/5004 5005/5005/5005 4967/4967/4967
f 4967/4967/4967 5005/5005/5005 4968/4968/4968
f 5005/5005/5005 5006/5006/5006 4968/4968/4968
f 4968/4968/4968 5006/5006/5006 4969/4969/4969
f 5006/5006/5006 5007/5007/5007 4969/4969/4969
f 4969/4969/4969 5007/5007/5007 4970/4970/4970
f 5007/5007/5007 5008/5008/5008 4970/4970/4970
f 4970/4970/4970 5008/5008/5008 4971/4971/4971
f 5008/5008/5008 4973/4973/4973 4971/4971/4971
f 4971/4971/4971 4973/4973/4973 4972/4972/4972
f 4602/4602/4602 4600/4600/4600 4998/4998/4998
f 4600/4600/4600 5009/5009/5009 4998/4998/4998
f 4998/4998/4998 5009/5009/5009 4999/4999/4999
f 5009/5009/5009 5010/5010/5010 4999/4999/4999
f 4999/4999/4999 5010/5010/5010 5000/5000/5000
f 5010/5010/5010 5011/5011/5011 5000/5000/5000
f 5000/5000/5000 5011/5011/5011 5001/5001/5001
f 5011/5011/5011 5012/5012/5012 5001/5001/5001
f 5001/5001/5001 5012/5012/5012 5002/5002/5002
f 5012/5012/5012 5013/5013/5013 5002/5002/5002
f 5002/5002/5002 5013/5013/5013 5003/5003/5003
f 5013/5013/5013 5014/5014/5014 5003/5003/5003
f 5003/5003/5003 5014/5014/5014 5004/5004/5004
f 5014/5014/5014 5015/5015/5015 5004/5004/5004
f 5004/5004/5004 5015/5015/5015 5005/5005/5005
f 5015/5015/5015 5016/5016/5016 5005/5005/5005
f 5005/5005/5005 5016/5016/5016 5006/5006/5006
f 5016/5016/5016 5017/5017/5017 5006/5006/5006
f 5006/5006/5006 5017/5017/5017 5007/5007/5007
f 5017/5017/5017 5018/5018/5018 5007/5007/5007
f 5007/5007/5007 5018/5018/5018 5008/5008/5008
f 5018/5018/5018 4974/4974/4974 5008/5008/5008
f 5008/5008/5008 4974/4974/4974 4973/4973/4973
f 4600/4600/4600 4598/4598/4598 5009/5009/5009
f 4598/4598/4598 5019/5019/5019 5009/5009/5009
f 5009/5009/5009 5019/5019/5019 5010/5010/5010
f 5019/5019/5019 5020/5020/5020 5010/5010/5010
f 5010/5010/5010 5020/5020/5020 5011/5011/5011
f 5020/5020/5020 5021/5021/5021 5011/5011/5011
f 5011/5011/5011 5021/5021/5021 5012/5012/5012
f 5021/5021/5021 5022/5022/5022 5012/5012/5012
f 5012/5012/5012 5022/5022/5022 5013/5013/5013
f 5022/5022/5022 5023/5023/5023 5013/5013/5013
f 5013/5013/5013 5023/5023/5023 5014/5014/5014
f 5023/5023/5023 5024/5024/5024 5014/5014/5014
f 5014/5014/5014 5024/5024/5024 5015/5015/5015
f 5024/5024/5024 5025/5025/5025 5015/5015/5015
f 5015/5015/5015 5025/5025/5025 5016/5016/5016
f 5025/5025/5025 5026/5026/5026 5016/5016/5016
f 5016/5016/5016 5026/5026/5026 5017/5017/5017
f 5026/5026/5026 5018/5018/5018 5017/5017/5017
f 4598/4598/4598 4596/4596/4596 5019/5019/5019
f 4596/4596/4596 5027/5027/5027 5019/5019/5019
f 5019/5019/5019 5027/5027/5027 5020/5020/5020
f 5027/5027/5027 5028/5028/5028 5020/5020/5020
f 5020/5020/5020 5028/5028/5028 5021/5021/5021
f 5028/5028/5028 5029/5029/5029 5021/5021/5021
f 5021/5021/5021 5029/5029/5029 5022/5022/5022
f 5029/5029/5029 5030/5030/5030 5022/5022/5022
f 5022/5022/5022 5030/5030/5030 5023/5023/5023
f 5030/5030/5030 5031/5031/5031 5023/5023/5023
f 5023/5023/5023 5031/5031/5031 5024/5024/5024
f 5031/5031/5031 5032/5032/5032 5024/5024/5024
f 5024/5024/5024 5032/5032/5032 5025/5025/5025
f 5032/5032/5032 5033/5033/5033 5025/5025/5025
f 5025/5025/5025 5033/5033/5033 5026/5026/5026
f 5033/5033/5033 5034/5034/5034 5026/5026/5026
f 5026/5026/5026 5034/5034/5034 5018/5018/5018
f 5034/5034/5034 4974/4974/4974 5018/5018/5018
f 4974/4974/4974 5034/5034/5034 4975/4975/4975
f 5034/5034/5034 5035/5035/5035 4975/4975/4975
f 4975/4975/4975 5035/5035/5035 4976/4976/4976
f 5035/5035/5035 5036/5036/5036 4976/4976/4976
f 4976/4976/4976 5036/5036/5036 4977/4977/4977
f 5036/5036/5036 5037/5037/5037 4977/4977/4977
f 4977/4977/4977 5037/5037/5037 4978/4978/4978
f 5037/5037/5037 5038/5038/5038 4978/4978/4978
f 4978/4978/4978 5038/5038/5038 4979/4979/4979
f 5038/5038/5038 5039/5039/5039 4979/4979/4979
f 4979/4979/4979 5039/5039/5039 4980/4980/4980
f 5039/5039/5039 5040/5040/5040 4980/4980/4980
f 4980/4980/4980 5040/5040/5040 4981/4981/4981
f 5040/5040/5040 5041/5041/5041 4981/4981/4981
f 4981/4981/4981 5041/5041/5041 4982/4982/4982
f 5041/5041/5041 5042/5042/5042 4982/4982/4982
f 4982/4982/4982 5042/5042/5042 4983/4983/4983
f 5042/5042/5042 5043/5043/5043 4983/4983/4983
f 4983/4983/4983 5043/5043/5043 4984/4984/4984
f 5043/5043/5043 5044/5044/5044 4984/4984/4984
f 4984/4984/4984 5044/5044/5044 4985/4985/4985
f 5044/5044/5044 5045/5045/5045 4985/4985/4985
f 4985/4985/4985 5045/5045/5045 4986/4986/4986
f 5045/5045/5045 5046/5046/5046 4986/4986/4986
f 4986/4986/4986 5046/5046/5046 5047/5047/5047
f 5046/5046/5046 5048/5048/5048 5047/5047/5047
f 5047/5047/5047 5048/5048/5048 5049/5049/5049
f 5034/5034/5034 5033/5033/5033 5035/5035/5035
f 5033/5033/5033 5050/5050/5050 5035/5035/5035
f 5035/5035/5035 5050/5050/5050 5036/5036/5036
f 5050/5050/5050 5051/5051/5051 5036/5036/5036
f 5036/5036/5036 5051/5051/5051 5037/5037/5037
f 5051/5051/5051 5052/5052/5052 5037/5037/5037
f 5037/5037/5037 5052/5052/5052 5038/5038/5038
f 5052/5052/5052 5053/5053/5053 5038/5038/5038
f 5038/5038/5038 5053/5053/5053 5039/5039/5039
f 5053/5053/5053 5054/5054/5054 5039/5039/5039
f 5039/5039/5039 5054/5054/5054 5040/5040/5040
f 5054/5054/5054 5055/5055/5055 5040/5040/5040
f 5040/5040/5040 5055/5055/5055 5041/5041/5041
f 5055/5055/5055 5056/5056/5056 5041/5041/5041
f 5041/5041/5041 5056/5056/5056 5042/5042/5042
f 5056/5056/5056 5057/5057/5057 5042/5042/5042
f 5042/5042/5042 5057/5057/5057 5043/5043/5043
f 5057/5057/5057 5058/5058/5058 5043/5043/5043
f 5043/5043/5043 5058/5058/5058 5044/5044/5044
f 5058/5058/5058 4584/4584/4584 5044/5044/5044
f 5044/5044/5044 4584/4584/4584 5045/5045/5045
f 4584/4584/4584 4583/4583/4583 5045/5045/5045
f 5045/5045/5045 4583/4583/4583 5046/5046/5046
f 4583/4583/4583 5059/5059/5059 5046/5046/5046
f 5046/5046/5046 5059/5059/5059 5048/5048/5048
f 5033/5033/5033 5032/5032/5032 5050/5050/5050
f 5032/5032/5032 5060/5060/5060 5050/5050/5050
f 5050/5050/5050 5060/5060/5060 5051/5051/5051
f 5060/5060/5060 5061/5061/5061 5051/5051/5051
f 5051/5051/5051 5061/5061/5061 5052/5052/5052
f 5061/5061/5061 5062/5062/5062 5052/5052/5052
f 5052/5052/5052 5062/5062/5062 5053/5053/5053
f 5062/5062/5062 5063/5063/5063 5053/5053/5053
f 5053/5053/5053 5063/5063/5063 5054/5054/5054
f 5063/5063/5063 5064/5064/5064 5054/5054/5054
f 5054/5054/5054 5064/5064/5064 5055/5055/5055
f 5064/5064/5064 5065/5065/5065 5055/5055/5055
f 5055/5055/5055 5065/5065/5065 5066/5066/5066
f 5065/5065/5065 4589/4589/4589 5066/5066/5066
f 5066/5066/5066 4589/4589/4589 4588/4588/4588
f 4589/4589/4589 5065/5065/5065 4590/4590/4590
f 5065/5065/5065 5067/5067/5067 4590/4590/4590
f 4590/4590/4590 5067/5067/5067 4591/4591/4591
f 5067/5067/5067 5068/5068/5068 4591/4591/4591
f 4591/4591/4591 5068/5068/5068 4592/4592/4592
f 5068/5068/5068 5069/5069/5069 4592/4592/4592
f 4592/4592/4592 5069/5069/5069 4593/4593/4593
f 5069/5069/5069 5070/5070/5070 4593/4593/4593
f 4593/4593/4593 5070/5070/5070 4594/4594/4594
f 5070/5070/5070 5071/5071/5071 4594/4594/4594
f 4594/4594/4594 5071/5071/5071 4595/4595/4595
f 5071/5071/5071 4596/4596/4596 4595/4595/4595
f 5065/5065/5065 5064/5064/5064 5067/5067/5067
f 5064/5064/5064 5072/5072/5072 5067/5067/5067
f 5067/5067/5067 5072/5072/5072 5068/5068/5068
f 5072/5072/5072 5073/5073/5073 5068/5068/5068
f 5068/5068/5068 5073/5073/5073 5069/5069/5069
f 5073/5073/5073 5074/5074/5074 5069/5069/5069
f 5069/5069/5069 5074/5074/5074 5070/5070/5070
f 5074/5074/5074 5075/5075/5075 5070/5070/5070
f 5070/5070/5070 5075/5075/5075 5071/5071/5071
f 5075/5075/5075 5028/5028/5028 5071/5071/5071
f 5071/5071/5071 5028/5028/5028 5027/5027/5027
f 5064/5064/5064 5063/5063/5063 5072/5072/5072
f 5063/5063/5063 5076/5076/5076 5072/5072/5072
f 5072/5072/5072 5076/5076/5076 5073/5073/5073
f 5076/5076/5076 5077/5077/5077 5073/5073/5073
f 5073/5073/5073 5077/5077/5077 5074/5074/5074
f 5077/5077/5077 5078/5078/5078 5074/5074/5074
f 5074/5074/5074 5078/5078/5078 5075/5075/5075
f 5078/5078/5078 5028/5028/5028 5075/5075/5075
f 5063/5063/5063 5062/5062/5062 5076/5076/5076
f 5062/5062/5062 5079/5079/5079 5076/5076/5076
f 5076/5076/5076 5079/5079/5079 5077/5077/5077
f 5079/5079/5079 5080/5080/5080 5077/5077/5077
f 5077/5077/5077 5080/5080/5080 5078/5078/5078
f 5080/5080/5080 5030/5030/5030 5078/5078/5078
f 5078/5078/5078 5030/5030/5030 5029/5029/5029
f 5062/5062/5062 5061/5061/5061 5079/5079/5079
f 5061/5061/5061 5081/5081/5081 5079/5079/5079
f 5079/5079/5079 5081/5081/5081 5080/5080/5080
f 5081/5081/5081 5030/5030/5030 5080/5080/5080
f 5061/5061/5061 5060/5060/5060 5081/5081/5081
f 5060/5060/5060 5032/5032/5032 5081/5081/5081
f 5081/5081/5081 5032/5032/5032 5031/5031/5031
f 5055/5055/5055 5066/5066/5066 5056/5056/5056
f 5066/5066/5066 5082/5082/5082 5056/5056/5056
f 5056/5056/5056 5082/5082/5082 5057/5057/5057
f 5082/5082/5082 5083/5083/5083 5057/5057/5057
f 5057/5057/5057 5083/5083/5083 5058/5058/5058
f 5083/5083/5083 4585/4585/4585 5058/5058/5058
f 5058/5058/5058 4585/4585/4585 4584/4584/4584
f 5066/5066/5066 4588/4588/4588 5082/5082/5082
f 4588/4588/4588 4587/4587/4587 5082/5082/5082
f 5082/5082/5082 4587/4587/4587 5083/5083/5083
f 4587/4587/4587 4586/4586/4586 5083/5083/5083
f 5083/5083/5083 4586/4586/4586 4585/4585/4585
f 4921/4921/4921 4923/4923/4923 5084/5084/5084
f 4923/4923/4923 5085/5085/5085 5084/5084/5084
f 5084/5084/5084 5085/5085/5085 5086/5086/5086
f 5085/5085/5085 5087/5087/5087 5086/5086/5086
f 5086/5086/5086 5087/5087/5087 5088/5088/5088
f 5087/5087/5087 5089/5089/5089 5088/5088/5088
f 5088/5088/5088 5089/5089/5089 4997/4997/4997
f 5089/5089/5089 4995/4995/4995 4997/4997/4997
f 4923/4923/4923 4925/4925/4925 5085/5085/5085
f 4925/4925/4925 5090/5090/5090 5085/5085/5085
f 5085/5085/5085 5090/5090/5090 5087/5087/5087
f 5090/5090/5090 5091/5091/5091 5087/5087/5087
f 5087/5087/5087 5091/5091/5091 5089/5089/5089
f 5091/5091/5091 4993/4993/4993 5089/5089/5089
f 5089/5089/5089 4993/4993/4993 4995/4995/4995
f 4925/4925/4925 4927/4927/4927 5090/5090/5090
f 4927/4927/4927 4959/4959/4959 5090/5090/5090
f 5090/5090/5090 4959/4959/4959 5091/5091/5091
f 4959/4959/4959 4958/4958/4958 5091/5091/5091
f 5091/5091/5091 4958/4958/4958 4993/4993/4993
f 4958/4958/4958 4957/4957/4957 4993/4993/4993
f 4993/4993/4993 4957/4957/4957 4956/4956/4956
f 4702/4702/4702 5092/5092/5092 4703/4703/4703
f 5092/5092/5092 5093/5093/5093 4703/4703/4703
f 4703/4703/4703 5093/5093/5093 4710/4710/4710
f 5093/5093/5093 4732/4732/4732 4710/4710/4710
f 4710/4710/4710 4732/4732/4732 4717/4717/4717
f 4732/4732/4732 5093/5093/5093 4734/4734/4734
f 5093/5093/5093 5094/5094/5094 4734/4734/4734
f 4734/4734/4734 5094/5094/5094 4736/4736/4736
f 4986/4986/4986 5047/5047/5047 4987/4987/4987
f 5047/5047/5047 5095/5095/5095 4987/4987/4987
f 4987/4987/4987 5095/5095/5095 4988/4988/4988
f 5095/5095/5095 4989/4989/4989 4988/4988/4988
f 5047/5047/5047 5049/5049/5049 5095/5095/5095
f 5049/5049/5049 5096/5096/5096 5095/5095/5095
f 5095/5095/5095 5096/5096/5096 4989/4989/4989
f 5096/5096/5096 4990/4990/4990 4989/4989/4989
f 5049/5049/5049 5097/5097/5097 5096/5096/5096
f 5097/5097/5097 5098/5098/5098 5096/5096/5096
f 5096/5096/5096 5098/5098/5098 4990/4990/4990
f 5098/5098/5098 4991/4991/4991 4990/4990/4990
f 5097/5097/5097 5099/5099/5099 5098/5098/5098
f 5099/5099/5099 5100/5100/5100 5098/5098/5098
f 5098/5098/5098 5100/5100/5100 4991/4991/4991
f 5100/5100/5100 4992/4992/4992 4991/4991/4991
f 5099/5099/5099 5101/5101/5101 5100/5100/5100
f 5101/5101/5101 4994/4994/4994 5100/5100/5100
f 5100/5100/5100 4994/4994/4994 4992/4992/4992
f 5101/5101/5101 5102/5102/5102 4994/4994/4994
f 5102/5102/5102 4996/4996/4996 4994/4994/4994
f 4664/4664/4664 4662/4662/4662 5103/5103/5103
f 4662/4662/4662 5104/5104/5104 5103/5103/5103
f 5103/5103/5103 5104/5104/5104 5105/5105/5105
f 5104/5104/5104 5106/5106/5106 5105/5105/5105
f 5105/5105/5105 5106/5106/5106 5107/5107/5107
f 5106/5106/5106 5108/5108/5108 5107/5107/5107
f 5107/5107/5107 5108/5108/5108 5109/5109/5109
f 5108/5108/5108 5110/5110/5110 5109/5109/5109
f 5109/5109/5109 5110/5110/5110 5111/5111/5111
f 5110/5110/5110 5112/5112/5112 5111/5111/5111
f 4662/4662/4662 4660/4660/4660 5104/5104/5104
f 4660/4660/4660 5113/5113/5113 5104/5104/5104
f 5104/5104/5104 5113/5113/5113 5106/5106/5106
f 5113/5113/5113 5114/5114/5114 5106/5106/5106
f 5106/5106/5106 5114/5114/5114 5108/5108/5108
f 5114/5114/5114 5115/5115/5115 5108/5108/5108
f 5108/5108/5108 5115/5115/5115 5110/5110/5110
f 5115/5115/5115 5116/5116/5116 5110/5110/5110
f 5110/5110/5110 5116/5116/5116 5117/5117/5117
f 4660/4660/4660 4658/4658/4658 5113/5113/5113
f 4658/4658/4658 5118/5118/5118 5113/5113/5113
f 5113/5113/5113 5118/5118/5118 5114/5114/5114
f 5118/5118/5118 5119/5119/5119 5114/5114/5114
f 5114/5114/5114 5119/5119/5119 5115/5115/5115
f 5119/5119/5119 5116/5116/5116 5115/5115/5115
f 4658/4658/4658 4656/4656/4656 5118/5118/5118
f 4656/4656/4656 5120/5120/5120 5118/5118/5118
f 5118/5118/5118 5120/5120/5120 5119/5119/5119
f 5120/5120/5120 5121/5121/5121 5119/5119/5119
f 5119/5119/5119 5121/5121/5121 5116/5116/5116
f 5121/5121/5121 5120/5120/5120 5122/5122/5122
f 5120/5120/5120 5123/5123/5123 5122/5122/5122
f 5122/5122/5122 5123/5123/5123 5124/5124/5124
f 5123/5123/5123 5125/5125/5125 5124/5124/5124
f 5124/5124/5124 5125/5125/5125 5126/5126/5126
f 5125/5125/5125 5127/5127/5127 5126/5126/5126
f 5126/5126/5126 5127/5127/5127 5128/5128/5128
f 5127/5127/5127 4646/4646/4646 5128/5128/5128
f 5128/5128/5128 4646/4646/4646 5129/5129/5129
f 4646/4646/4646 4644/4644/4644 5129/5129/5129
f 5129/5129/5129 4644/4644/4644 5130/5130/5130
f 4644/4644/4644 4643/4643/4643 5130/5130/5130
f 5130/5130/5130 4643/4643/4643 4642/4642/4642
f 5120/5120/5120 4654/4654/4654 5123/5123/5123
f 4654/4654/4654 4652/4652/4652 5123/5123/5123
f 5123/5123/5123 4652/4652/4652 5125/5125/5125
f 4652/4652/4652 4650/4650/4650 5125/5125/5125
f 5125/5125/5125 4650/4650/4650 5127/5127/5127
f 4650/4650/4650 4648/4648/4648 5127/5127/5127
f 5127/5127/5127 4648/4648/4648 4646/4646/4646
f 5131/5131/5131 5132/5132/5132 5133/5133/5133
f 5132/5132/5132 5134/5134/5134 5133/5133/5133
f 5133/5133/5133 5134/5134/5134 5135/5135/5135
f 5134/5134/5134 5136/5136/5136 5135/5135/5135
f 5135/5135/5135 5136/5136/5136 5137/5137/5137
f 5135/5135/5135 5137/5137/5137 5138/5138/5138
f 5137/5137/5137 5139/5139/5139 5138/5138/5138
f 5138/5138/5138 5139/5139/5139 5140/5140/5140
f 4583/4583/4583 4582/4582/4582 5059/5059/5059
f 4861/4861/4861 4891/4891/4891 4863/4863/4863
f 5093/5093/5093 5092/5092/5092 5094/5094/5094
f 4872/4872/4872 4865/4865/4865 4879/4879/4879
f 4815/4815/4815 4808/4808/4808 4892/4892/4892
f 4673/4673/4673 4666/4666/4666 4885/4885/4885
f 5110/5110/5110 5117/5117/5117 5112/5112/5112
f 5030/5030/5030 5081/5081/5081 5031/5031/5031
f 5028/5028/5028 5078/5078/5078 5029/5029/5029
f 4596/4596/4596 5071/5071/5071 5027/5027/5027
f 5120/5120/5120 4656/4656/4656 4654/4654/4654
f 3284/3284/3284 3714/3714/3714 3282/3282/3282
f 3379/3379/3379 3732/3732/3732 3412/3412/3412
f 3725/3725/3725 3724/3724/3724 3728/3728/3728
f 3505/3505/3505 3749/3749/3749 3506/3506/3506
f 3532/3532/3532 3509/3509/3509 3746/3746/3746
f 3671/3671/3671 3669/3669/3669 3731/3731/3731
f 4626/4626/4626 4624/4624/4624 4639/4639/4639
f 4896/4896/4896 4895/4895/4895 5141/5141/5141
f 4519/4519/4519 4518/4518/4518 5142/5142/5142
f 4745/4745/4745 4738/4738/4738 4888/4888/4888
f 4780/4780/4780 4773/4773/4773 4882/4882/4882
f 3507/3507/3507 3509/3509/3509 3508/3508/3508
f 4821/4821/4821 4795/4795/4795 4794/4794/4794
f 4786/4786/4786 4760/4760/4760 4759/4759/4759
f 4751/4751/4751 4725/4725/4725 4724/4724/4724
f 4716/4716/4716 4690/4690/4690 4689/4689/4689
f 2566/2566/2566 2568/2568/2568 5143/5143/5143
f 2575/2575/2575 2577/2577/2577 5144/5144/5144
f 2592/2592/2592 2594/2594/2594 5145/5145/5145
f 2601/2601/2601 2603/2603/2603 5146/5146/5146
f 2610/2610/2610 2612/2612/2612 5147/5147/5147
f 2619/2619/2619 2621/2621/2621 5148/5148/5148
f 2628/2628/2628 2630/2630/2630 5149/5149/5149
f 2637/2637/2637 2639/2639/2639 5150/5150/5150
f 2646/2646/2646 2648/2648/2648 5151/5151/5151
f 2655/2655/2655 2657/2657/2657 5152/5152/5152
f 2664/2664/2664 2666/2666/2666 5153/5153/5153
f 2673/2673/2673 2675/2675/2675 5154/5154/5154
f 2682/2682/2682 2684/2684/2684 5155/5155/5155
f 2691/2691/2691 2693/2693/2693 5156/5156/5156
f 4176/4176/4176 5157/5157/5157 4179/4179/4179
o object_2
g object_2
usemtl object_2
v 0.020686432719230652 1.6098030805587769 0.11640282720327377 
v 0.021029813215136528 1.6080231666564941 0.12212139368057251 
v 0.013074647635221481 1.617106556892395 0.11834792792797089 
v 0.012931562028825283 1.6160038709640503 0.12417293339967728 
v 0.013265418820083141 1.627346396446228 0.11961846798658371 
v 0.013122332282364368 1.6270830631256104 0.12564529478549957 
v 0.021067971363663673 1.6345655918121338 0.11957154422998428 
v 0.02141135185956955 1.6347776651382446 0.12551406025886536 
v 0.03173209726810455 1.6345655918121338 0.1180453896522522 
v 0.033096108585596085 1.6347776651382446 0.12398791313171387 
v 0.039238955825567245 1.6274418830871582 0.11599384248256683 
v 0.04119435325264931 1.6270830631256104 0.12173452228307724 
v 0.03914356976747513 1.6172019243240356 0.11463897675275803 
v 0.041003577411174774 1.6160038709640503 0.12026215344667435 
v 0.03135055676102638 1.6098030805587769 0.11487667262554169 
v 0.032714564353227615 1.6081185340881348 0.1204998567700386 
v 0.04086049646139145 1.6258851289749146 0.12755000591278076 
v 0.0405743382871151 1.6156340837478638 0.12619514763355255 
v 0.0330674834549427 1.6083306074142456 0.1264328509569168 
v 0.022307971492409706 1.6083306074142456 0.1279590129852295 
v 0.014791575260460377 1.6156340837478638 0.12991516292095184 
v 0.01488696038722992 1.6258851289749146 0.13117465376853943 
v 0.022689513862133026 1.633093237876892 0.1311277151107788 
v 0.033449023962020874 1.633093237876892 0.12969695031642914 
v 0.03848538175225258 1.6240415573120117 0.13270427286624908 
v 0.03838999941945076 1.6162515878677368 0.13169090449810028 
v 0.03421209752559662 1.617652416229248 0.13585275411605835 
v 0.03225669637322426 1.610701560974121 0.13175994157791138 
v 0.03106437437236309 1.6146208047866821 0.13588173687458038 
v 0.024253837764263153 1.610701560974121 0.1329999566078186 
v 0.026695704087615013 1.6146208047866821 0.13645406067371368 
v 0.023547975346446037 1.617652416229248 0.13737890124320984 
v 0.026304621249437332 1.618576169013977 0.1379256695508957 
v 0.023547975346446037 1.6218193769454956 0.13794434070587158 
v 0.02630462311208248 1.620692253112793 0.13825607299804688 
v 0.02679109014570713 1.6248606443405151 0.13771353662014008 
v 0.027907105162739754 1.6221994161605835 0.13828928768634796 
v 0.03125514090061188 1.6248606443405151 0.1372366100549698 
v 0.03022497333586216 1.6221994161605835 0.1379077434539795 
v 0.034307487308979034 1.6218193769454956 0.1364182084798813 
v 0.031732071191072464 1.620692253112793 0.13749299943447113 
v 0.031732067465782166 1.618576169013977 0.13716258108615875 
v 0.027811715379357338 1.617069125175476 0.13760632276535034 
v 0.03012958914041519 1.617069125175476 0.13722476363182068 
v 0.03273361921310425 1.629570722579956 0.13424570858478546 
v 0.024539992213249207 1.629570722579956 0.13539031147956848 
v 0.01870238408446312 1.6240415573120117 0.1354704350233078 
v 0.01860699988901615 1.6162515878677368 0.1344570517539978 
v -0.0225996021181345 1.6098030805587769 0.1164027750492096 
v -0.0149878254160285 1.617106556892395 0.1183478906750679 
v -0.02294299751520157 1.6080231666564941 0.12212133407592773 
v -0.01484475564211607 1.6160038709640503 0.12417289614677429 
v -0.024221176281571388 1.6083306074142456 0.12795895338058472 
v -0.016704782843589783 1.6156340837478638 0.12991511821746826 
v -0.020520217716693878 1.6162515878677368 0.13445699214935303 
v -0.020615605637431145 1.6240415573120117 0.13547037541866302 
v -0.02546120248734951 1.6218193769454956 0.1379442811012268 
v -0.026453208178281784 1.629570722579956 0.1353902518749237 
v -0.028704315423965454 1.6248606443405151 0.1377134621143341 
v -0.034646838903427124 1.629570722579956 0.1342456191778183 
v -0.03316836431622505 1.6248606443405151 0.13723652064800262 
v -0.03622070699930191 1.6218193769454956 0.13641811907291412 
v -0.03213820233941078 1.6221994161605835 0.13790765404701233 
v -0.03364529460668564 1.620692253112793 0.13749291002750397 
v -0.029820330440998077 1.6221994161605835 0.138289213180542 
v -0.028217848390340805 1.620692253112793 0.1382559984922409 
v -0.015178599394857883 1.627346396446228 0.11961843073368073 
v -0.015035527758300304 1.6270830631256104 0.12564526498317719 
v -0.01680017076432705 1.6258851289749146 0.13117460906505585 
v -0.024602722376585007 1.633093237876892 0.13112765550613403 
v -0.03536222502589226 1.633093237876892 0.12969686090946198 
v -0.04039859399199486 1.6240415573120117 0.13270416855812073 
v -0.03612532094120979 1.617652416229248 0.1358526647090912 
v -0.03364529460668564 1.618576169013977 0.1371624916791916 
v -0.032042812556028366 1.617069125175476 0.13722467422485352 
v -0.028217850252985954 1.618576169013977 0.13792559504508972 
v -0.02972494624555111 1.617069125175476 0.13760624825954437 
v -0.028608929365873337 1.6146208047866821 0.13645398616790771 
v -0.032977595925331116 1.6146208047866821 0.13588164746761322 
v -0.026167050004005432 1.610701560974121 0.13299988210201263 
v -0.034169912338256836 1.610701560974121 0.1317598521709442 
v -0.03498068079352379 1.6083306074142456 0.12643274664878845 
v -0.03462774679064751 1.6081185340881348 0.12049976736307144 
v -0.03326372429728508 1.6098030805587769 0.11487659066915512 
v -0.04030321165919304 1.6162515878677368 0.13169080018997192 
v -0.04248753562569618 1.6156340837478638 0.126195028424263 
v -0.042916759848594666 1.6160038709640503 0.1202620416879654 
v -0.041056737303733826 1.6172019243240356 0.11463886499404907 
v -0.042773693799972534 1.6258851289749146 0.1275499016046524 
v -0.035009294748306274 1.6347776651382446 0.1239878237247467 
v -0.0431075356900692 1.6270830631256104 0.12173441052436829 
v -0.04115212336182594 1.6274418830871582 0.11599373817443848 
v -0.03364526480436325 1.6345655918121338 0.11804530024528503 
v -0.023324543610215187 1.6347776651382446 0.12551400065422058 
v -0.022981148213148117 1.6345655918121338 0.11957148462533951 
v -0.02546120248734951 1.617652416229248 0.13737884163856506 
vn -0.413258 -0.881767 -0.227387
vn -0.391151 -0.918436 -0.058953
vn -0.926342 -0.364817 -0.093804
vn -0.915221 -0.396463 0.072033
vn -0.914971 0.403514 -0.002185
vn -0.902626 0.392782 0.176038
vn -0.368664 0.929498 -0.010923
vn -0.347164 0.921946 0.171735
vn 0.359547 0.925947 -0.115530
vn 0.373622 0.925418 0.063314
vn 0.859544 0.436688 -0.265495
vn 0.911897 0.403248 -0.076390
vn 0.856673 -0.360467 -0.369018
vn 0.904126 -0.389316 -0.176038
vn 0.321987 -0.883423 -0.340423
vn 0.354484 -0.919950 -0.167429
vn 0.903693 0.318214 0.286493
vn 0.885570 -0.416301 0.206059
vn 0.375146 -0.905682 0.197500
vn -0.311139 -0.908762 0.278110
vn -0.807096 -0.397052 0.436974
vn -0.778612 0.319960 0.539805
vn -0.274398 0.815198 0.510057
vn 0.377036 0.828898 0.413246
vn 0.774372 0.208794 0.597288
vn 0.720816 -0.411081 0.558065
vn 0.553724 -0.382737 0.739528
vn 0.341853 -0.745252 0.572482
vn 0.308851 -0.605323 0.733618
vn -0.155503 -0.773307 0.614666
vn -0.022587 -0.622836 0.782026
vn -0.389801 -0.262722 0.882628
vn 0.009340 -0.186547 0.982402
vn -0.381303 0.104118 0.918568
vn 0.022250 -0.102281 0.994507
vn -0.080432 0.391087 0.916832
vn 0.059008 0.028417 0.997853
vn 0.272626 0.397006 0.876391
vn 0.207660 0.014937 0.978087
vn 0.589786 0.082551 0.803330
vn 0.235108 -0.109058 0.965832
vn 0.254247 -0.176371 0.950921
vn 0.039295 -0.323627 0.945368
vn 0.230336 -0.311263 0.921987
vn 0.322838 0.619485 0.715552
vn -0.167403 0.593220 0.787443
vn -0.565999 0.196197 0.800720
vn -0.601975 -0.322163 0.730641
vn 0.376781 -0.891129 -0.252835
vn 0.920566 -0.375690 -0.106846
vn 0.372191 -0.925686 -0.067674
vn 0.913730 -0.396352 0.089453
vn 0.305937 -0.902484 0.303194
vn 0.792112 -0.434089 0.429097
vn 0.556393 -0.427529 0.712493
vn 0.576973 0.206882 0.790128
vn 0.287462 0.074429 0.954896
vn 0.174768 0.615863 0.768225
vn 0.044975 0.356014 0.933398
vn -0.429351 0.578121 0.693855
vn -0.345945 0.345945 0.872149
vn -0.577986 0.090019 0.811067
vn -0.221576 0.142399 0.964690
vn -0.293561 -0.067003 0.953589
vn -0.038941 0.156183 0.986960
vn 0.009061 -0.056044 0.998387
vn 0.902366 0.430964 -0.002185
vn 0.900400 0.395928 0.180338
vn 0.799628 0.316920 0.510057
vn 0.283496 0.823655 0.491145
vn -0.427613 0.806009 0.409263
vn -0.763592 0.197770 0.614666
vn -0.581455 -0.259705 0.771014
vn -0.277235 -0.193994 0.941014
vn -0.210520 -0.334535 0.918568
vn -0.007483 -0.195215 0.980732
vn -0.056174 -0.337838 0.939526
vn 0.121465 -0.553935 0.823652
vn -0.290260 -0.563027 0.773790
vn 0.221500 -0.759839 0.611214
vn -0.365324 -0.788395 0.494946
vn -0.383599 -0.900217 0.206059
vn -0.354484 -0.919950 -0.167429
vn -0.318196 -0.881595 -0.348627
vn -0.781158 -0.354671 0.513810
vn -0.891135 -0.406402 0.201782
vn -0.905017 -0.389168 -0.171735
vn -0.860169 -0.360380 -0.360882
vn -0.901027 0.318137 0.294855
vn -0.372191 0.925686 0.067674
vn -0.918477 0.389642 -0.067674
vn -0.875986 0.402692 -0.265495
vn -0.328006 0.938614 -0.106846
vn 0.343583 0.925598 0.158808
vn 0.354584 0.934961 -0.010923
vn 0.315190 -0.359049 0.878487
vt 0.577665 0.441227
vt 0.595859 0.464152
vt 0.435772 0.584166
vt 0.460145 0.595858
vt 0.436001 0.828548
vt 0.461747 0.813762
vt 0.578809 0.971602
vt 0.589680 0.945123
vt 0.826550 0.966558
vt 0.811446 0.942945
vt 0.963981 0.834624
vt 0.943727 0.823390
vt 0.964896 0.584739
vt 0.947388 0.591273
vt 0.820142 0.436184
vt 0.812819 0.459338
vt 0.909169 0.803789
vt 0.920040 0.610530
vt 0.801490 0.489370
vt 0.610392 0.487651
vt 0.489897 0.606632
vt 0.492071 0.797026
vt 0.606273 0.919676
vt 0.798172 0.920364
vt 0.871750 0.779718
vt 0.873810 0.632538
vt 0.801147 0.663945
vt 0.777117 0.537398
vt 0.746449 0.606862
vt 0.634537 0.535564
vt 0.664403 0.605372
vt 0.609248 0.661768
vt 0.655477 0.682515
vt 0.607531 0.741776
vt 0.655249 0.723666
vt 0.663144 0.800694
vt 0.683742 0.753010
vt 0.745191 0.801153
vt 0.724822 0.753583
vt 0.801376 0.744528
vt 0.753773 0.724812
vt 0.753887 0.683432
vt 0.684085 0.653629
vt 0.725280 0.653973
vt 0.771395 0.874743
vt 0.631790 0.870845
vt 0.537157 0.775362
vt 0.536241 0.629443
vt 0.169379 0.037744
vt 0.027600 0.180797
vt 0.187688 0.060783
vt 0.051745 0.192374
vt 0.202106 0.084167
vt 0.081611 0.203149
vt 0.127955 0.225845
vt 0.128871 0.371993
vt 0.199245 0.338408
vt 0.223619 0.467362
vt 0.254744 0.397325
vt 0.363109 0.471259
vt 0.337019 0.397784
vt 0.393089 0.341044
vt 0.316650 0.350214
vt 0.345487 0.321443
vt 0.275570 0.349641
vt 0.246962 0.320297
vt 0.027714 0.425179
vt 0.053347 0.410278
vt 0.083785 0.393543
vt 0.197986 0.516193
vt 0.389885 0.516880
vt 0.463349 0.376349
vt 0.392746 0.260462
vt 0.345601 0.279948
vt 0.316994 0.250604
vt 0.247191 0.279146
vt 0.275799 0.250146
vt 0.256231 0.202003
vt 0.338278 0.203493
vt 0.226251 0.132195
vt 0.368830 0.134029
vt 0.393318 0.085886
vt 0.404532 0.055854
vt 0.411856 0.032700
vt 0.465638 0.229054
vt 0.511868 0.207046
vt 0.539102 0.187904
vt 0.556610 0.181255
vt 0.500997 0.400306
vt 0.403159 0.539462
vt 0.535440 0.420021
vt 0.555695 0.431255
vt 0.418378 0.562960
vt 0.181508 0.541754
vt 0.170523 0.568118
vt 0.200847 0.258399
f 5158/5158/5158 5159/5159/5159 5160/5160/5160
f 5159/5159/5159 5161/5161/5161 5160/5160/5160
f 5160/5160/5160 5161/5161/5161 5162/5162/5162
f 5161/5161/5161 5163/5163/5163 5162/5162/5162
f 5162/5162/5162 5163/5163/5163 5164/5164/5164
f 5163/5163/5163 5165/5165/5165 5164/5164/5164
f 5164/5164/5164 5165/5165/5165 5166/5166/5166
f 5165/5165/5165 5167/5167/5167 5166/5166/5166
f 5166/5166/5166 5167/5167/5167 5168/5168/5168
f 5167/5167/5167 5169/5169/5169 5168/5168/5168
f 5168/5168/5168 5169/5169/5169 5170/5170/5170
f 5169/5169/5169 5171/5171/5171 5170/5170/5170
f 5170/5170/5170 5171/5171/5171 5172/5172/5172
f 5171/5171/5171 5173/5173/5173 5172/5172/5172
f 5172/5172/5172 5173/5173/5173 5158/5158/5158
f 5173/5173/5173 5159/5159/5159 5158/5158/5158
f 5169/5169/5169 5174/5174/5174 5171/5171/5171
f 5174/5174/5174 5175/5175/5175 5171/5171/5171
f 5171/5171/5171 5175/5175/5175 5173/5173/5173
f 5175/5175/5175 5176/5176/5176 5173/5173/5173
f 5173/5173/5173 5176/5176/5176 5159/5159/5159
f 5176/5176/5176 5177/5177/5177 5159/5159/5159
f 5159/5159/5159 5177/5177/5177 5161/5161/5161
f 5177/5177/5177 5178/5178/5178 5161/5161/5161
f 5161/5161/5161 5178/5178/5178 5163/5163/5163
f 5178/5178/5178 5179/5179/5179 5163/5163/5163
f 5163/5163/5163 5179/5179/5179 5165/5165/5165
f 5179/5179/5179 5180/5180/5180 5165/5165/5165
f 5165/5165/5165 5180/5180/5180 5167/5167/5167
f 5180/5180/5180 5181/5181/5181 5167/5167/5167
f 5167/5167/5167 5181/5181/5181 5174/5174/5174
f 5181/5181/5181 5182/5182/5182 5174/5174/5174
f 5174/5174/5174 5182/5182/5182 5183/5183/5183
f 5182/5182/5182 5184/5184/5184 5183/5183/5183
f 5183/5183/5183 5184/5184/5184 5185/5185/5185
f 5184/5184/5184 5186/5186/5186 5185/5185/5185
f 5185/5185/5185 5186/5186/5186 5187/5187/5187
f 5186/5186/5186 5188/5188/5188 5187/5187/5187
f 5187/5187/5187 5188/5188/5188 5189/5189/5189
f 5188/5188/5188 5190/5190/5190 5189/5189/5189
f 5189/5189/5189 5190/5190/5190 5191/5191/5191
f 5190/5190/5190 5192/5192/5192 5191/5191/5191
f 5191/5191/5191 5192/5192/5192 5193/5193/5193
f 5192/5192/5192 5194/5194/5194 5193/5193/5193
f 5193/5193/5193 5194/5194/5194 5195/5195/5195
f 5194/5194/5194 5196/5196/5196 5195/5195/5195
f 5195/5195/5195 5196/5196/5196 5197/5197/5197
f 5196/5196/5196 5198/5198/5198 5197/5197/5197
f 5197/5197/5197 5198/5198/5198 5199/5199/5199
f 5198/5198/5198 5192/5192/5192 5199/5199/5199
f 5199/5199/5199 5192/5192/5192 5190/5190/5190
f 5188/5188/5188 5200/5200/5200 5190/5190/5190
f 5200/5200/5200 5201/5201/5201 5190/5190/5190
f 5190/5190/5190 5201/5201/5201 5199/5199/5199
f 5201/5201/5201 5184/5184/5184 5199/5199/5199
f 5199/5199/5199 5184/5184/5184 5197/5197/5197
f 5184/5184/5184 5182/5182/5182 5197/5197/5197
f 5197/5197/5197 5182/5182/5182 5202/5202/5202
f 5182/5182/5182 5181/5181/5181 5202/5202/5202
f 5202/5202/5202 5181/5181/5181 5203/5203/5203
f 5181/5181/5181 5180/5180/5180 5203/5203/5203
f 5203/5203/5203 5180/5180/5180 5204/5204/5204
f 5180/5180/5180 5179/5179/5179 5204/5204/5204
f 5204/5204/5204 5179/5179/5179 5178/5178/5178
f 5178/5178/5178 5205/5205/5205 5204/5204/5204
f 5205/5205/5205 5191/5191/5191 5204/5204/5204
f 5204/5204/5204 5191/5191/5191 5203/5203/5203
f 5191/5191/5191 5193/5193/5193 5203/5203/5203
f 5203/5203/5203 5193/5193/5193 5202/5202/5202
f 5193/5193/5193 5195/5195/5195 5202/5202/5202
f 5202/5202/5202 5195/5195/5195 5197/5197/5197
f 5178/5178/5178 5177/5177/5177 5205/5205/5205
f 5177/5177/5177 5187/5187/5187 5205/5205/5205
f 5205/5205/5205 5187/5187/5187 5189/5189/5189
f 5187/5187/5187 5177/5177/5177 5185/5185/5185
f 5177/5177/5177 5176/5176/5176 5185/5185/5185
f 5185/5185/5185 5176/5176/5176 5183/5183/5183
f 5176/5176/5176 5175/5175/5175 5183/5183/5183
f 5183/5183/5183 5175/5175/5175 5174/5174/5174
f 5188/5188/5188 5186/5186/5186 5200/5200/5200
f 5186/5186/5186 5201/5201/5201 5200/5200/5200
f 5196/5196/5196 5194/5194/5194 5198/5198/5198
f 5194/5194/5194 5192/5192/5192 5198/5198/5198
f 5206/5206/5206 5207/5207/5207 5208/5208/5208
f 5207/5207/5207 5209/5209/5209 5208/5208/5208
f 5208/5208/5208 5209/5209/5209 5210/5210/5210
f 5209/5209/5209 5211/5211/5211 5210/5210/5210
f 5210/5210/5210 5211/5211/5211 5212/5212/5212
f 5211/5211/5211 5213/5213/5213 5212/5212/5212
f 5212/5212/5212 5213/5213/5213 5214/5214/5214
f 5213/5213/5213 5215/5215/5215 5214/5214/5214
f 5214/5214/5214 5215/5215/5215 5216/5216/5216
f 5215/5215/5215 5217/5217/5217 5216/5216/5216
f 5216/5216/5216 5217/5217/5217 5218/5218/5218
f 5217/5217/5217 5219/5219/5219 5218/5218/5218
f 5218/5218/5218 5219/5219/5219 5220/5220/5220
f 5219/5219/5219 5221/5221/5221 5220/5220/5220
f 5220/5220/5220 5221/5221/5221 5222/5222/5222
f 5221/5221/5221 5223/5223/5223 5222/5222/5222
f 5222/5222/5222 5223/5223/5223 5216/5216/5216
f 5223/5223/5223 5214/5214/5214 5216/5216/5216
f 5207/5207/5207 5224/5224/5224 5209/5209/5209
f 5224/5224/5224 5225/5225/5225 5209/5209/5209
f 5209/5209/5209 5225/5225/5225 5211/5211/5211
f 5225/5225/5225 5226/5226/5226 5211/5211/5211
f 5211/5211/5211 5226/5226/5226 5213/5213/5213
f 5226/5226/5226 5227/5227/5227 5213/5213/5213
f 5213/5213/5213 5227/5227/5227 5215/5215/5215
f 5227/5227/5227 5228/5228/5228 5215/5215/5215
f 5215/5215/5215 5228/5228/5228 5217/5217/5217
f 5228/5228/5228 5229/5229/5229 5217/5217/5217
f 5217/5217/5217 5229/5229/5229 5219/5219/5219
f 5229/5229/5229 5230/5230/5230 5219/5219/5219
f 5219/5219/5219 5230/5230/5230 5231/5231/5231
f 5230/5230/5230 5232/5232/5232 5231/5231/5231
f 5231/5231/5231 5232/5232/5232 5233/5233/5233
f 5232/5232/5232 5234/5234/5234 5233/5233/5233
f 5233/5233/5233 5234/5234/5234 5235/5235/5235
f 5234/5234/5234 5236/5236/5236 5235/5235/5235
f 5235/5235/5235 5236/5236/5236 5237/5237/5237
f 5236/5236/5236 5238/5238/5238 5237/5237/5237
f 5237/5237/5237 5238/5238/5238 5210/5210/5210
f 5238/5238/5238 5239/5239/5239 5210/5210/5210
f 5210/5210/5210 5239/5239/5239 5208/5208/5208
f 5239/5239/5239 5240/5240/5240 5208/5208/5208
f 5208/5208/5208 5240/5240/5240 5206/5206/5206
f 5240/5240/5240 5241/5241/5241 5206/5206/5206
f 5234/5234/5234 5232/5232/5232 5236/5236/5236
f 5232/5232/5232 5230/5230/5230 5236/5236/5236
f 5236/5236/5236 5230/5230/5230 5238/5238/5238
f 5230/5230/5230 5242/5242/5242 5238/5238/5238
f 5238/5238/5238 5242/5242/5242 5239/5239/5239
f 5242/5242/5242 5243/5243/5243 5239/5239/5239
f 5239/5239/5239 5243/5243/5243 5240/5240/5240
f 5243/5243/5243 5244/5244/5244 5240/5240/5240
f 5240/5240/5240 5244/5244/5244 5241/5241/5241
f 5244/5244/5244 5245/5245/5245 5241/5241/5241
f 5230/5230/5230 5229/5229/5229 5242/5242/5242
f 5229/5229/5229 5246/5246/5246 5242/5242/5242
f 5242/5242/5242 5246/5246/5246 5243/5243/5243
f 5246/5246/5246 5244/5244/5244 5243/5243/5243
f 5229/5229/5229 5228/5228/5228 5246/5246/5246
f 5228/5228/5228 5247/5247/5247 5246/5246/5246
f 5246/5246/5246 5247/5247/5247 5248/5248/5248
f 5247/5247/5247 5249/5249/5249 5248/5248/5248
f 5248/5248/5248 5249/5249/5249 5245/5245/5245
f 5249/5249/5249 5247/5247/5247 5250/5250/5250
f 5247/5247/5247 5251/5251/5251 5250/5250/5250
f 5250/5250/5250 5251/5251/5251 5252/5252/5252
f 5251/5251/5251 5225/5225/5225 5252/5252/5252
f 5252/5252/5252 5225/5225/5225 5224/5224/5224
f 5247/5247/5247 5227/5227/5227 5251/5251/5251
f 5227/5227/5227 5226/5226/5226 5251/5251/5251
f 5251/5251/5251 5226/5226/5226 5225/5225/5225
f 5245/5245/5245 5244/5244/5244 5248/5248/5248
f 5244/5244/5244 5246/5246/5246 5248/5248/5248
f 5219/5219/5219 5231/5231/5231 5221/5221/5221
f 5231/5231/5231 5223/5223/5223 5221/5221/5221
f 5231/5231/5231 5233/5233/5233 5223/5223/5223
f 5233/5233/5233 5214/5214/5214 5223/5223/5223
f 5214/5214/5214 5233/5233/5233 5253/5253/5253
f 5233/5233/5233 5235/5235/5235 5253/5253/5253
f 5253/5253/5253 5235/5235/5235 5237/5237/5237
f 5214/5214/5214 5253/5253/5253 5212/5212/5212
f 5253/5253/5253 5237/5237/5237 5212/5212/5212
f 5212/5212/5212 5237/5237/5237 5210/5210/5210
f 5216/5216/5216 5218/5218/5218 5222/5222/5222
f 5218/5218/5218 5220/5220/5220 5222/5222/5222
f 5167/5167/5167 5174/5174/5174 5169/5169/5169
f 5191/5191/5191 5205/5205/5205 5189/5189/5189
f 5184/5184/5184 5201/5201/5201 5186/5186/5186
f 5247/5247/5247 5228/5228/5228 5227/5227/5227
