mtllib JB8D7C8YWHEG1QC62TM93RA33.mtl
v 0.170014 0.010920 -0.915555
v 0.174202 0.006893 -0.915255
v 0.174615 -0.011398 -0.900956
v 0.170014 0.010920 -0.915555
v 0.168593 -0.013242 -0.898693
v 0.183817 -0.010221 -0.891734
v 0.181842 -0.005677 -0.885230
v 0.166545 0.000376 -0.872264
v 0.180096 0.007891 -0.865651
v 0.164212 0.020043 -0.848594
v 0.179022 0.023206 -0.846782
v 0.190138 0.016122 -0.865143
v 0.189099 0.029467 -0.849013
v 0.191732 0.031618 -0.884396
v 0.190264 0.046256 -0.869868
v 0.175508 0.052097 -0.887445
v 0.176689 0.032028 -0.902950
v 0.152606 0.052720 -0.897446
v 0.192599 -0.003461 -0.889605
v 0.191804 0.002896 -0.881442
v 0.193202 0.020584 -0.895820
v 0.181711 0.021434 -0.908709
v 0.185129 0.016736 -0.911672
v 0.194081 0.014955 -0.901896
v 0.170014 0.010920 -0.915555
v 0.174202 0.006893 -0.915255
v 0.180403 -0.007481 -0.924908
v 0.190227 -0.002338 -0.927354
v 0.181493 -0.012876 -0.929741
v 0.191522 -0.008294 -0.932831
v 0.182153 -0.016126 -0.932837
v 0.192246 -0.012401 -0.936343
v 0.200652 -0.014067 -0.928605
v 0.202013 -0.026024 -0.939342
v 0.194583 -0.024359 -0.945511
v 0.186265 -0.028669 -0.943183
v 0.198390 -0.004706 -0.920760
v 0.199885 -0.010487 -0.925736
v 0.197685 -0.022190 -0.912478
v 0.198101 -0.024185 -0.915202
v 0.187366 -0.033270 -0.947376
v 0.195704 -0.028623 -0.949674
v 0.203067 -0.030378 -0.943452
v 0.203797 -0.033165 -0.946005
v 0.196405 -0.031542 -0.952416
v 0.205613 -0.038795 -0.952494
v 0.203362 -0.050105 -0.944092
v 0.200744 -0.043115 -0.935709
v 0.188033 -0.036208 -0.950404
v 0.197399 -0.036259 -0.956903
v 0.206648 -0.042134 -0.959284
v 0.198221 -0.041248 -0.962350
v 0.191178 -0.045049 -0.962334
v 0.189397 -0.041320 -0.956431
v 0.133334 -0.369478 -0.013035
v 0.050884 -0.369507 -0.006180
v 0.122095 -0.488488 -0.017372
v 0.050594 -0.488488 -0.010314
v 0.190163 -0.367593 -0.062731
v 0.144574 -0.273843 -0.008698
v 0.198824 -0.261900 -0.058257
v 0.166385 -0.349900 -0.187209
v 0.172306 -0.237709 -0.183089
v 0.052315 -0.224061 -0.238006
v 0.050026 -0.336374 -0.241511
v -0.034658 -0.224465 -0.211447
v -0.033654 -0.343942 -0.212897
v -0.085883 -0.238119 -0.115732
v -0.081618 -0.362186 -0.116800
v -0.026913 -0.261958 -0.016033
v -0.029521 -0.369417 -0.018424
v 0.051175 -0.282149 -0.002047
v 0.050884 -0.369507 -0.006180
v -0.103913 -0.054223 -0.105529
v -0.095952 -0.158034 -0.111690
v -0.113446 -0.065975 0.000000
v -0.081589 -0.179471 -0.000000
v -0.035386 -0.141948 -0.205913
v 0.054543 -0.144792 -0.234251
v 0.188879 -0.158126 -0.182076
v 0.222617 -0.177101 -0.060561
v 0.211498 -0.191251 0.000000
v -0.036604 -0.045085 -0.191626
v 0.057073 -0.045067 -0.223302
v 0.192684 -0.047291 -0.173368
v 0.239317 -0.051140 -0.060233
v 0.241457 -0.052657 0.000000
v 0.086697 -0.014368 -0.944887
v 0.092239 0.008271 -0.922888
v 0.084081 -0.029883 -0.926506
v 0.087498 -0.014515 -0.908042
v 0.084130 -0.034508 -0.963031
v 0.069433 -0.029417 -0.969670
v 0.085848 -0.026023 -0.955644
v 0.071304 -0.019733 -0.961862
v 0.073528 -0.007938 -0.950720
v 0.092239 0.008271 -0.922888
v 0.077349 0.016719 -0.927672
v 0.097702 0.014584 -0.921545
v 0.077928 0.022723 -0.922023
v 0.059851 0.009009 -0.918912
v 0.059767 0.013828 -0.911970
v 0.062483 -0.012625 -0.903784
v 0.063794 -0.010018 -0.897265
v 0.059357 0.009884 -0.885697
v 0.067949 -0.002893 -0.881057
v 0.062483 -0.012625 -0.903784
v 0.058954 -0.027577 -0.925978
v 0.057692 -0.010772 -0.943125
v 0.058539 0.041247 -0.879302
v 0.075549 0.052960 -0.895443
v 0.059833 0.023747 -0.898305
v 0.077244 0.034446 -0.912285
v 0.098740 0.031271 -0.915613
v 0.118216 0.032362 -0.919635
v 0.118117 0.019798 -0.927857
v 0.136493 0.028368 -0.915891
v 0.136390 0.011631 -0.921524
v 0.154425 0.030379 -0.914667
v 0.154435 0.016600 -0.923439
v 0.098495 0.053931 -0.900587
v 0.117890 0.053774 -0.902133
v 0.135484 0.052295 -0.900395
v 0.055439 0.056260 -0.862849
v 0.073586 0.066051 -0.878661
v 0.098751 0.070207 -0.885829
v 0.118173 0.070306 -0.886528
v 0.134928 0.069405 -0.885651
v 0.151011 0.068381 -0.883179
v 0.173816 0.065585 -0.874629
v 0.189249 0.057738 -0.858637
v 0.053802 0.075054 -0.841260
v 0.072303 0.082921 -0.858316
v 0.099037 0.087351 -0.868789
v 0.118423 0.087475 -0.870690
v 0.134714 0.086535 -0.870716
v 0.150106 0.085099 -0.868698
v 0.172130 0.080858 -0.860241
v 0.187742 0.072322 -0.844278
v 0.049703 0.079130 -0.811213
v 0.056971 0.087582 -0.823482
v 0.075165 0.096965 -0.843374
v 0.100212 0.101206 -0.854806
v 0.118836 0.101235 -0.857458
v 0.134653 0.100199 -0.857925
v 0.149506 0.098650 -0.856105
v 0.170860 0.093535 -0.847549
v 0.066342 0.092340 -0.787016
v 0.067807 0.106147 -0.805112
v 0.082643 0.117450 -0.823704
v 0.102867 0.121840 -0.833549
v 0.119697 0.122017 -0.836269
v 0.134499 0.121198 -0.836865
v 0.148265 0.119559 -0.835251
v 0.168132 0.113454 -0.826764
v 0.185672 0.084930 -0.831155
v 0.180235 0.103849 -0.811226
v 0.185001 0.072258 -0.808942
v 0.178017 0.092891 -0.793994
v 0.171262 0.087928 -0.786995
v 0.176371 0.065895 -0.800815
v 0.164096 0.061650 -0.796464
v 0.161133 0.084154 -0.782306
v 0.148285 0.059067 -0.794923
v 0.146378 0.080882 -0.779337
v 0.130269 0.056190 -0.794010
v 0.127955 0.078791 -0.777372
v 0.111014 0.053092 -0.785324
v 0.110539 0.079012 -0.773204
v 0.188247 0.056579 -0.821566
v 0.178693 0.048998 -0.814574
v 0.165352 0.045234 -0.812364
v 0.147961 0.043690 -0.812715
v 0.127303 0.041260 -0.813013
v 0.107633 0.036875 -0.803971
v 0.091288 0.052528 -0.779230
v 0.189219 0.038200 -0.838593
v 0.179430 0.030474 -0.835256
v 0.164285 0.027809 -0.836112
v 0.143838 0.021916 -0.845654
v 0.118869 0.016975 -0.851038
v 0.099298 0.012269 -0.849728
v 0.091242 0.033827 -0.796388
v 0.087790 0.010382 -0.845817
v 0.148151 -0.005671 -0.877541
v 0.150605 -0.018317 -0.898224
v 0.165434 -0.017125 -0.907672
v 0.170014 0.010920 -0.915555
v 0.167846 0.004418 -0.920787
v 0.168840 -0.033528 -0.926299
v 0.156423 -0.037460 -0.924974
v 0.152210 -0.021682 -0.904836
v 0.140011 -0.018302 -0.909539
v 0.133502 -0.018223 -0.905430
v 0.118214 -0.010439 -0.882817
v 0.113554 -0.019485 -0.902206
v 0.096275 -0.011257 -0.882661
v 0.094470 -0.015657 -0.903876
v 0.081635 -0.009246 -0.880682
v 0.077382 0.009785 -0.842097
v 0.067949 -0.002893 -0.881057
v 0.059357 0.009884 -0.885697
v 0.066114 0.011392 -0.835021
v 0.055164 0.018156 -0.852626
v 0.058040 0.012578 -0.826554
v 0.077640 0.031109 -0.792204
v 0.063569 0.027531 -0.791431
v 0.054353 0.023446 -0.794208
v 0.048028 0.019487 -0.796471
v 0.050437 0.011241 -0.820855
v 0.047326 0.016666 -0.840124
v 0.073312 0.053304 -0.778350
v 0.057982 0.051906 -0.782627
v 0.049139 0.043652 -0.786033
v 0.042269 0.035544 -0.789797
v 0.027726 0.018368 -0.795915
v 0.032863 0.006652 -0.799927
v 0.036740 0.001750 -0.817471
v 0.093357 0.081794 -0.771328
v 0.078321 0.086217 -0.774807
v 0.033138 0.005831 -0.832244
v 0.027852 0.013464 -0.836079
v 0.041526 0.025595 -0.843387
v 0.048555 0.029111 -0.853862
v 0.053233 0.031923 -0.866047
v 0.171533 -0.018211 -0.942883
v 0.167846 0.004418 -0.920787
v 0.168840 -0.033528 -0.926299
v 0.165434 -0.017125 -0.907672
v 0.133502 -0.018223 -0.905430
v 0.140011 -0.018302 -0.909539
v 0.140165 0.003633 -0.924759
v 0.154887 0.010196 -0.928194
v 0.143791 -0.019578 -0.945811
v 0.158670 -0.014607 -0.950012
v 0.144276 -0.027082 -0.952922
v 0.159860 -0.023065 -0.957829
v 0.171533 -0.018211 -0.942883
v 0.173214 -0.026078 -0.949850
v 0.173828 -0.034055 -0.956332
v 0.160883 -0.031971 -0.964732
v 0.145973 -0.034656 -0.959840
v 0.163159 -0.046389 -0.977227
v 0.150653 -0.051112 -0.973786
v 0.164137 -0.051509 -0.982068
v 0.151596 -0.056275 -0.979026
v 0.152368 -0.060629 -0.984068
v 0.151694 -0.065588 -0.965584
v 0.152542 -0.071153 -0.972444
v 0.175065 -0.048923 -0.970349
v 0.175903 -0.054016 -0.975069
v 0.164625 -0.055572 -0.985817
v 0.153725 -0.067535 -0.994517
v 0.165848 -0.062845 -0.993472
v 0.177205 -0.064832 -0.990948
v 0.176775 -0.058645 -0.979827
v 0.173101 -0.070899 -0.968470
v 0.171589 -0.065359 -0.962498
v 0.194081 0.014955 -0.901896
v 0.196746 -0.017815 -0.906812
v 0.192599 -0.003461 -0.889605
v 0.152542 -0.071153 -0.972444
v 0.152368 -0.060629 -0.984068
v 0.156372 -0.082533 -0.991653
v 0.153725 -0.067535 -0.994517
v 0.162647 -0.073007 -0.968037
v 0.161411 -0.067646 -0.961399
v 0.151694 -0.065588 -0.965584
v 0.160672 -0.063825 -0.955752
v 0.150361 -0.061542 -0.960211
v 0.146491 -0.045132 -0.942694
v 0.158332 -0.046433 -0.936988
v 0.157611 -0.041962 -0.932143
v 0.145713 -0.040007 -0.936511
v 0.144799 -0.034582 -0.929721
v 0.143791 -0.019578 -0.945811
v 0.140165 0.003633 -0.924759
v 0.151596 -0.056275 -0.979026
v 0.150653 -0.051112 -0.973786
v 0.145973 -0.034656 -0.959840
v 0.144276 -0.027082 -0.952922
v 0.143791 -0.019578 -0.945811
v 0.170440 -0.044186 -0.939388
v 0.169718 -0.039063 -0.933699
v 0.173828 -0.034055 -0.956332
v 0.173214 -0.026078 -0.949850
v 0.171533 -0.018211 -0.942883
v 0.171358 -0.060865 -0.957017
v 0.175065 -0.048923 -0.970349
v 0.175903 -0.054016 -0.975069
v 0.171589 -0.065359 -0.962498
v 0.173101 -0.070899 -0.968470
v 0.166900 -0.084928 -0.990385
v 0.177027 -0.081332 -0.988464
v 0.177205 -0.064832 -0.990948
v 0.176775 -0.058645 -0.979827
v 0.177205 -0.064832 -0.990948
v 0.176215 -0.076482 -1.000506
v 0.167952 -0.078941 -1.002527
v 0.159318 -0.078083 -1.002155
v 0.153725 -0.067535 -0.994517
v 0.082487 -0.039167 -0.937698
v 0.085848 -0.026023 -0.955644
v 0.084081 -0.029883 -0.926506
v 0.086697 -0.014368 -0.944887
v 0.087498 -0.014515 -0.908042
v 0.071852 -0.032672 -0.922559
v 0.070156 -0.040249 -0.933794
v 0.058954 -0.027577 -0.925978
v 0.057145 -0.036052 -0.936408
v 0.057692 -0.010772 -0.943125
v 0.054963 -0.021510 -0.953892
v 0.054080 -0.030282 -0.962068
v 0.055783 -0.041918 -0.943517
v 0.068880 -0.045539 -0.939580
v 0.081514 -0.045108 -0.944138
v 0.077446 -0.015739 -0.897038
v 0.075127 -0.017819 -0.902898
v 0.062483 -0.012625 -0.903784
v 0.063794 -0.010018 -0.897265
v 0.097702 0.014584 -0.921545
v 0.092239 0.008271 -0.922888
v 0.084130 -0.034508 -0.963031
v 0.080427 -0.050129 -0.977828
v 0.076726 -0.062597 -0.962411
v 0.079685 -0.056065 -0.983415
v 0.075029 -0.067891 -0.968973
v 0.074763 -0.072602 -0.973718
v 0.079231 -0.061003 -0.988193
v 0.074209 -0.080080 -0.983068
v 0.078451 -0.066461 -0.995700
v 0.062445 -0.080921 -0.981461
v 0.063377 -0.072590 -0.970743
v 0.052451 -0.069130 -0.974257
v 0.053464 -0.064659 -0.968784
v 0.064030 -0.068770 -0.966014
v 0.065014 -0.063931 -0.958991
v 0.053714 -0.059555 -0.962151
v 0.073718 -0.085928 -0.995423
v 0.061974 -0.087611 -0.994931
v 0.050798 -0.076928 -0.984094
v 0.050554 -0.064488 -0.995455
v 0.051619 -0.058834 -0.988509
v 0.052530 -0.054205 -0.983241
v 0.053551 -0.048220 -0.977274
v 0.054080 -0.030282 -0.962068
v 0.072030 -0.083612 -1.010325
v 0.062380 -0.085366 -1.011059
v 0.050554 -0.064488 -0.995455
v 0.050034 -0.083207 -0.995221
v 0.051220 -0.082146 -1.009494
v 0.049875 -0.068165 -1.001881
v 0.050554 -0.064488 -0.995455
v 0.078451 -0.066461 -0.995700
v 0.076208 -0.069967 -1.003781
v 0.088530 0.166261 -0.723244
v 0.105430 0.155114 -0.712609
v 0.074790 0.264738 -0.594763
v 0.113952 0.247436 -0.570802
v 0.133810 0.147515 -0.706504
v 0.058298 0.284623 -0.613088
v 0.088706 0.190283 -0.749784
v 0.066112 0.325828 -0.646505
v 0.117579 0.204734 -0.766579
v 0.121752 0.352737 -0.665816
v 0.147937 0.200672 -0.763357
v 0.168476 0.336796 -0.654266
v 0.171090 0.184481 -0.747082
v 0.196715 0.306971 -0.624630
v 0.172709 0.161885 -0.723591
v 0.184794 0.266510 -0.585721
v 0.157870 0.150226 -0.709249
v 0.113952 0.247436 -0.570802
v 0.133810 0.147515 -0.706504
v 0.018315 -1.076827 -0.117107
v 0.003239 -1.063773 -0.150784
v 0.017609 -1.039672 -0.113401
v 0.011135 -1.024170 -0.150192
v 0.020407 -1.039672 -0.186400
v 0.020765 -1.075302 -0.182401
v 0.021289 -1.018358 -0.186482
v 0.010814 -1.019852 -0.193058
v 0.012017 -1.002856 -0.150286
v -0.003351 -1.003166 -0.150185
v 0.018491 -1.018358 -0.113506
v 0.007567 -1.019381 -0.106514
v 0.051296 -0.280578 0.000000
v -0.029308 -0.254213 0.000000
v 0.040503 0.044552 -0.843565
v 0.034357 0.038261 -0.837965
v 0.037645 0.060786 -0.825978
v 0.031051 0.051475 -0.823470
v 0.017890 0.030195 -0.822623
v 0.021747 0.022561 -0.833218
v 0.027852 0.013464 -0.836079
v 0.041526 0.025595 -0.843387
v 0.048555 0.029111 -0.853862
v 0.053233 0.031923 -0.866047
v 0.046989 0.049776 -0.851662
v 0.045329 0.068559 -0.831705
v 0.018624 0.032192 -0.809569
v 0.033367 0.057041 -0.806852
v 0.041191 0.068930 -0.807803
v 0.045910 0.064033 -0.792253
v 0.037835 0.052251 -0.794445
v 0.022495 0.028145 -0.799943
v 0.027726 0.018368 -0.795915
v 0.042269 0.035544 -0.789797
v 0.049139 0.043652 -0.786033
v 0.057982 0.051906 -0.782627
v 0.078321 0.086217 -0.774807
v 0.073312 0.053304 -0.778350
v 0.211047 0.526424 -0.250659
v 0.114594 0.493326 -0.253319
v 0.210235 0.524358 -0.260327
v 0.117052 0.491669 -0.257108
v 0.192054 0.484566 -0.303552
v 0.115251 0.465326 -0.290480
v 0.238534 0.605396 -0.287299
v 0.243243 0.609952 -0.271527
v 0.189176 0.668099 -0.331182
v 0.188760 0.676680 -0.303112
v 0.098570 0.683017 -0.356176
v 0.097727 0.698920 -0.322678
v 0.019679 0.642855 -0.328734
v 0.020288 0.654192 -0.302351
v -0.004278 0.577763 -0.288934
v -0.005390 0.588190 -0.270820
v 0.028541 0.527775 -0.267287
v 0.020856 0.527579 -0.256834
v 0.117052 0.491669 -0.257108
v 0.114594 0.493326 -0.253319
v 0.115251 0.465326 -0.290480
v 0.037023 0.484785 -0.316769
v 0.004558 0.519495 -0.349586
v 0.017500 0.575044 -0.402011
v 0.098701 0.609096 -0.433931
v 0.181008 0.598176 -0.416170
v 0.225672 0.547915 -0.364416
v 0.082080 -1.178193 -0.084745
v 0.082247 -1.198752 -0.087733
v 0.156591 -1.162813 -0.125653
v 0.152187 -1.196152 -0.125427
v 0.081913 -1.217110 -0.091603
v 0.148250 -1.217111 -0.125901
v 0.146547 -1.249998 -0.127701
v 0.082465 -1.249997 -0.095606
v 0.017386 -1.249995 -0.096844
v 0.079694 -1.143200 -0.081526
v 0.154016 -1.126785 -0.127207
v 0.148255 -1.097329 -0.131326
v 0.075288 -1.110172 -0.084823
v 0.145472 -1.073697 -0.134231
v 0.073594 -1.089381 -0.091823
v 0.015116 -1.108757 -0.095741
v 0.005266 -1.067435 -0.109921
v -0.032621 -1.099731 -0.106703
v -0.012181 -1.048560 -0.149638
v 0.006685 -1.040695 -0.106406
v -0.004234 -1.024479 -0.150091
v 0.010522 -1.067475 -0.190648
v 0.009931 -1.041166 -0.192979
v -0.090636 -1.135672 -0.102252
v -0.033985 -1.140301 -0.082715
v 0.011671 -1.145917 -0.082222
v 0.015238 -1.184538 -0.084857
v -0.035434 -1.191674 -0.077670
v 0.019041 -1.205799 -0.083696
v -0.048874 -1.222392 -0.067943
v 0.017386 -1.222097 -0.089526
v -0.100222 -1.161087 -0.076820
v -0.107534 -1.192818 -0.066330
v -0.132338 -1.223764 -0.057924
v -0.048875 -1.249994 -0.066512
v -0.132338 -1.249996 -0.060352
v -0.220075 -1.249997 -0.066446
v -0.205348 -1.223765 -0.066110
v -0.274557 -1.223767 -0.142932
v -0.275522 -1.249998 -0.143124
v -0.220928 -1.223766 -0.224439
v -0.220034 -1.249997 -0.222568
v -0.132338 -1.223765 -0.243975
v -0.187159 -1.164840 -0.205107
v -0.129267 -1.191097 -0.237592
v -0.216534 -1.192100 -0.216817
v -0.261590 -1.187913 -0.143598
v -0.200564 -1.195220 -0.073801
v -0.175237 -1.167358 -0.083855
v -0.143411 -1.155731 -0.105507
v -0.170992 -1.149523 -0.145907
v -0.150632 -1.154612 -0.189472
v -0.223332 -1.154875 -0.144151
v -0.112818 -1.160554 -0.225999
v -0.093295 -1.132732 -0.197123
v -0.093519 -1.127385 -0.149510
v -0.046856 -1.142236 -0.228217
v -0.032697 -1.095020 -0.193402
v -0.037181 -1.081074 -0.149800
v 0.020512 -1.104409 -0.208421
v 0.013064 -1.145603 -0.225452
v 0.082665 -1.198561 -0.220452
v 0.082129 -1.177896 -0.220985
v 0.141995 -1.196175 -0.198096
v 0.146728 -1.165638 -0.197485
v 0.079635 -1.142605 -0.224052
v 0.144985 -1.130594 -0.195845
v 0.075184 -1.108992 -0.215784
v 0.141203 -1.099929 -0.188257
v 0.138927 -1.075377 -0.181837
v 0.073982 -1.088168 -0.208357
v 0.145472 -1.073697 -0.134231
v 0.148255 -1.097329 -0.131326
v 0.154016 -1.126785 -0.127207
v 0.156591 -1.162813 -0.125653
v 0.152187 -1.196152 -0.125427
v 0.148250 -1.217111 -0.125901
v 0.137213 -1.217111 -0.195631
v 0.136140 -1.249997 -0.192696
v 0.146547 -1.249998 -0.127701
v 0.082465 -1.249997 -0.211798
v 0.082270 -1.217110 -0.215623
v 0.017386 -1.249995 -0.222027
v 0.017386 -1.219515 -0.230441
v -0.132338 -1.249996 -0.241836
v -0.048875 -1.249994 -0.244432
v -0.048874 -1.222265 -0.246619
v -0.048748 -1.192346 -0.239387
v 0.013804 -1.184774 -0.233566
v 0.016066 -1.206139 -0.235769
v 0.156740 0.799346 -0.124524
v 0.080972 0.790460 -0.132689
v 0.140716 0.738348 -0.121080
v 0.077798 0.744476 -0.121923
v 0.017536 0.764145 -0.107526
v 0.018785 0.727832 -0.097181
v -0.042884 0.691196 0.000000
v -0.018849 0.743072 -0.066425
v -0.019521 0.738063 -0.064679
v -0.049963 0.689439 0.000000
v -0.049963 0.689439 0.000000
v -0.019521 0.738063 -0.064679
v 0.018590 0.758696 -0.107491
v 0.081850 0.784717 -0.133150
v 0.156853 0.792522 -0.125955
v 0.191970 0.736996 -0.082106
v 0.203745 0.789523 -0.081653
v 0.224850 0.779633 0.000000
v 0.214278 0.732929 0.000000
v 0.224862 0.791162 0.000000
v 0.203413 0.797510 -0.078957
v 0.191178 -0.045049 -0.962334
v 0.194883 -0.053041 -0.968313
v 0.193003 -0.057711 -0.961070
v 0.200344 -0.058929 -0.959113
v 0.201302 -0.053386 -0.968496
v 0.206616 -0.050870 -0.966103
v 0.206741 -0.055598 -0.957361
v 0.206648 -0.042134 -0.959284
v 0.203362 -0.050105 -0.944092
v 0.205613 -0.038795 -0.952494
v 0.188017 -0.044351 -0.939258
v 0.189922 -0.051353 -0.948403
v 0.194196 -0.045662 -0.935296
v 0.196644 -0.052636 -0.944699
v 0.200744 -0.043115 -0.935709
v 0.193642 -0.043635 -0.932112
v 0.200376 -0.040685 -0.932659
v 0.203797 -0.033165 -0.946005
v 0.203067 -0.030378 -0.943452
v 0.199841 -0.035939 -0.926975
v 0.202013 -0.026024 -0.939342
v 0.187186 -0.042127 -0.936159
v 0.185657 -0.037561 -0.930739
v 0.192545 -0.038978 -0.925969
v 0.190497 -0.026881 -0.914271
v 0.198101 -0.024185 -0.915202
v 0.200652 -0.014067 -0.928605
v 0.202013 -0.026024 -0.939342
v 0.182937 -0.026161 -0.918724
v 0.189961 -0.025328 -0.911779
v 0.197685 -0.022190 -0.912478
v 0.188713 -0.021974 -0.906372
v 0.180979 -0.020309 -0.911419
v 0.182294 -0.024096 -0.915980
v 0.199885 -0.010487 -0.925736
v 0.198390 -0.004706 -0.920760
v 0.196746 -0.017815 -0.906812
v 0.180403 -0.007481 -0.924908
v 0.174202 0.006893 -0.915255
v 0.181493 -0.012876 -0.929741
v 0.182153 -0.016126 -0.932837
v 0.186265 -0.028669 -0.943183
v 0.187366 -0.033270 -0.947376
v 0.188033 -0.036208 -0.950404
v 0.189397 -0.041320 -0.956431
v 0.249965 0.725833 0.000000
v 0.222175 0.733418 -0.095068
v 0.168073 0.741130 -0.150949
v 0.077233 0.737240 -0.162471
v 0.000144 0.703668 -0.136104
v -0.061002 0.657155 -0.105415
v -0.275522 -1.249998 -0.143124
v -0.220034 -1.249997 -0.222568
v -0.220075 -1.249997 -0.066446
v -0.132338 -1.249996 -0.060352
v -0.132338 -1.249996 -0.241836
v -0.048875 -1.249994 -0.066512
v -0.048875 -1.249994 -0.244432
v 0.017386 -1.249995 -0.222027
v 0.017386 -1.249995 -0.096844
v 0.082465 -1.249997 -0.211798
v 0.082465 -1.249997 -0.095606
v 0.136140 -1.249997 -0.192696
v 0.146547 -1.249998 -0.127701
v 0.185413 0.269524 -0.159307
v 0.072548 0.271128 -0.224169
v 0.204232 0.422888 -0.170410
v 0.095782 0.418532 -0.235295
v 0.014241 0.418013 -0.230173
v -0.009847 0.269135 -0.212668
v -0.090290 0.264597 -0.139659
v -0.072469 0.419599 -0.157205
v -0.127951 0.421439 0.000000
v -0.140026 0.260139 0.000000
v 0.231526 0.265285 -0.056313
v 0.245306 0.102610 -0.059983
v 0.191015 0.115972 -0.163959
v 0.059920 0.123194 -0.223633
v -0.037112 0.117309 -0.200710
v -0.115099 0.105515 -0.136901
v -0.145735 0.095840 0.000000
v 0.249619 0.100975 0.000000
v 0.236442 0.264416 0.000000
v 0.247851 0.422868 0.000000
v 0.243833 0.423332 -0.063705
v 0.275526 0.543778 0.000000
v 0.272444 0.544031 -0.074167
v 0.274742 0.644735 0.000000
v 0.270701 0.647501 -0.084035
v 0.199812 0.746984 -0.090747
v 0.232881 0.733458 0.000000
v 0.248033 0.537338 -0.184156
v 0.254610 0.626795 -0.194764
v 0.194070 0.708025 -0.212938
v 0.085732 0.745500 -0.121496
v 0.095051 0.725384 -0.222739
v 0.189677 0.690875 -0.278241
v 0.096139 0.709698 -0.291283
v 0.188760 0.676680 -0.303112
v 0.097727 0.698920 -0.322678
v 0.108087 0.471512 -0.246897
v 0.186449 0.481749 -0.235585
v 0.226100 0.528657 -0.231334
v 0.244654 0.613625 -0.247634
v 0.020800 0.477736 -0.242272
v 0.020856 0.527579 -0.256834
v 0.114594 0.493326 -0.253319
v 0.211047 0.526424 -0.250659
v 0.243243 0.609952 -0.271527
v -0.069103 0.535890 -0.171058
v -0.014131 0.528625 -0.236143
v -0.005390 0.588190 -0.270820
v -0.024317 0.591962 -0.246422
v -0.056957 0.601835 -0.178684
v 0.001727 0.677110 -0.201941
v 0.013214 0.662377 -0.271624
v 0.020288 0.654192 -0.302351
v -0.116451 0.542798 0.000000
v -0.088367 0.612843 0.000000
v -0.049963 0.689439 0.000000
v 0.018785 0.727832 -0.097181
v 0.085732 0.745500 -0.121496
v 0.095051 0.725384 -0.222739
v 0.096139 0.709698 -0.291283
v 0.097727 0.698920 -0.322678
v 0.009931 -1.041166 -0.192979
v 0.020407 -1.039672 -0.186400
v 0.010522 -1.067475 -0.190648
v 0.020765 -1.075302 -0.182401
v 0.073982 -1.088168 -0.208357
v 0.074889 -1.090583 -0.198279
v 0.126062 -1.081995 -0.175107
v 0.138927 -1.075377 -0.181837
v 0.145472 -1.073697 -0.134231
v 0.131312 -1.080712 -0.138718
v 0.074863 -1.090437 -0.104063
v 0.073594 -1.089381 -0.091823
v 0.005266 -1.067435 -0.109921
v 0.018315 -1.076827 -0.117107
v 0.017609 -1.039672 -0.113401
v 0.006685 -1.040695 -0.106406
v 0.067393 -0.045713 -0.983631
v 0.080427 -0.050129 -0.977828
v 0.066589 -0.051306 -0.989015
v 0.079685 -0.056065 -0.983415
v 0.065772 -0.055683 -0.993011
v 0.079231 -0.061003 -0.988193
v 0.064628 -0.060269 -0.997903
v 0.078451 -0.066461 -0.995700
v 0.063348 -0.065209 -1.003818
v 0.076208 -0.069967 -1.003781
v 0.062380 -0.085366 -1.011059
v 0.072030 -0.083612 -1.010325
v 0.049875 -0.068165 -1.001881
v 0.050554 -0.064488 -0.995455
v 0.051619 -0.058834 -0.988509
v 0.052530 -0.054205 -0.983241
v 0.053551 -0.048220 -0.977274
v 0.054080 -0.030282 -0.962068
v 0.054963 -0.021510 -0.953892
v 0.130783 -0.021758 -0.953035
v 0.132229 0.004856 -0.925927
v 0.128058 -0.038091 -0.934529
v 0.128950 -0.018949 -0.911682
v 0.130783 -0.021758 -0.953035
v 0.117565 0.012540 -0.933677
v 0.116752 -0.016258 -0.959320
v 0.101101 -0.019900 -0.952813
v 0.101152 0.006191 -0.927647
v 0.128950 -0.018949 -0.911682
v 0.133502 -0.018223 -0.905430
v 0.100708 -0.017175 -0.911157
v 0.094470 -0.015657 -0.903876
v 0.099828 -0.028404 -0.960901
v 0.116160 -0.025974 -0.968237
v 0.130954 -0.030868 -0.961105
v 0.129845 -0.039929 -0.968511
v 0.115360 -0.036123 -0.976162
v 0.099853 -0.037129 -0.968946
v 0.115070 -0.050095 -0.988138
v 0.101223 -0.053582 -0.982788
v 0.101188 -0.058862 -0.987855
v 0.114984 -0.055296 -0.993191
v 0.127649 -0.059306 -0.986864
v 0.127879 -0.054374 -0.982206
v 0.127475 -0.064317 -0.991544
v 0.114773 -0.060023 -0.997515
v 0.101138 -0.063662 -0.993047
v 0.114399 -0.065009 -1.002400
v 0.100959 -0.069306 -0.999554
v 0.101252 -0.074921 -1.007871
v 0.113606 -0.070829 -1.009520
v 0.103718 -0.088067 -1.018946
v 0.113718 -0.089637 -1.022738
v 0.123095 -0.088162 -1.018774
v 0.126071 -0.075082 -1.007714
v 0.127465 -0.070146 -0.997978
v 0.102243 -0.036335 -0.935424
v 0.100708 -0.017175 -0.911157
v 0.101101 -0.019900 -0.952813
v 0.101152 0.006191 -0.927647
v 0.128950 -0.018949 -0.911682
v 0.114388 -0.022532 -0.908434
v 0.114701 -0.040893 -0.931622
v 0.102243 -0.036335 -0.935424
v 0.114531 -0.046191 -0.939827
v 0.101707 -0.042617 -0.943176
v 0.101121 -0.048500 -0.950229
v 0.114110 -0.051334 -0.945398
v 0.100956 -0.065146 -0.967564
v 0.112402 -0.068903 -0.963657
v 0.101284 -0.069830 -0.973335
v 0.112065 -0.073582 -0.970012
v 0.101101 -0.019900 -0.952813
v 0.099828 -0.028404 -0.960901
v 0.099853 -0.037129 -0.968946
v 0.101223 -0.053582 -0.982788
v 0.101188 -0.058862 -0.987855
v 0.101138 -0.063662 -0.993047
v 0.101359 -0.073565 -0.978247
v 0.100959 -0.069306 -0.999554
v 0.101047 -0.082519 -0.989202
v 0.101241 -0.092210 -1.006521
v 0.101252 -0.074921 -1.007871
v 0.111866 -0.076744 -0.974546
v 0.112056 -0.086061 -0.986037
v 0.112980 -0.095980 -1.006127
v 0.103718 -0.088067 -1.018946
v 0.101252 -0.074921 -1.007871
v 0.123392 -0.084588 -0.987030
v 0.124286 -0.093424 -1.005711
v 0.123095 -0.088162 -1.018774
v 0.126071 -0.075082 -1.007714
v 0.113718 -0.089637 -1.022738
v 0.127465 -0.070146 -0.997978
v 0.126071 -0.075082 -1.007714
v 0.123005 -0.075874 -0.977034
v 0.127465 -0.070146 -0.997978
v 0.127475 -0.064317 -0.991544
v 0.127649 -0.059306 -0.986864
v 0.123314 -0.071779 -0.972465
v 0.126936 -0.050418 -0.949515
v 0.124330 -0.066890 -0.966534
v 0.129845 -0.039929 -0.968511
v 0.127879 -0.054374 -0.982206
v 0.128058 -0.038091 -0.934529
v 0.127505 -0.044529 -0.942987
v 0.130783 -0.021758 -0.953035
v 0.130954 -0.030868 -0.961105
v 0.051220 -0.082146 -1.009494
v -0.032128 -0.488488 -0.020814
v -0.077354 -0.488488 -0.117868
v -0.059193 -0.442095 -0.104082
v -0.054669 -0.437266 -0.166788
v 0.050594 -0.488488 -0.010314
v -0.030398 -0.446230 -0.051278
v 0.082283 -0.448750 -0.024020
v -0.030398 -0.446230 -0.051278
v 0.181503 -0.488488 -0.067204
v 0.153017 -0.443571 -0.111259
v 0.160464 -0.488488 -0.191330
v 0.128005 -0.438262 -0.191235
v 0.185413 0.269524 0.159307
v 0.204232 0.422888 0.170410
v 0.072548 0.271128 0.224169
v 0.095782 0.418532 0.235295
v 0.094167 0.542159 -0.489763
v 0.174787 0.534370 -0.483102
v 0.100510 0.577069 -0.440892
v 0.172370 0.576637 -0.439658
v 0.017502 0.513064 -0.457701
v 0.022999 0.547196 -0.420903
v 0.007749 0.466507 -0.402028
v 0.023607 0.497414 -0.378616
v 0.045049 0.473048 -0.356196
v 0.037350 0.435810 -0.365313
v 0.107175 0.458410 -0.337925
v 0.112727 0.416863 -0.342585
v 0.174885 0.427518 -0.355283
v 0.170227 0.460712 -0.335797
v 0.203505 0.533386 -0.394184
v 0.217513 0.488292 -0.427963
v 0.172370 0.576637 -0.439658
v 0.037350 0.435810 -0.365313
v 0.112727 0.416863 -0.342585
v 0.007749 0.466507 -0.402028
v 0.017502 0.513064 -0.457701
v 0.094167 0.542159 -0.489763
v 0.174787 0.534370 -0.483102
v 0.217513 0.488292 -0.427963
v 0.174885 0.427518 -0.355283
v 0.112727 0.416863 -0.342585
v -0.274561 -1.223765 0.142933
v -0.220931 -1.223768 0.224440
v -0.216536 -1.192101 0.216819
v -0.220079 -1.249994 0.066445
v -0.205351 -1.223763 0.066111
v -0.132342 -1.223763 0.057924
v -0.200567 -1.195217 0.073802
v -0.275526 -1.249996 0.143124
v -0.220038 -1.249999 0.222567
v -0.132341 -1.223769 0.243975
v -0.132341 -1.250000 0.241835
v -0.048877 -1.249998 0.244432
v -0.048878 -1.222268 0.246619
v -0.129270 -1.191101 0.237593
v -0.132342 -1.249994 0.060351
v -0.048877 -1.249998 0.066512
v -0.048877 -1.222396 0.067943
v -0.107537 -1.192819 0.066331
v -0.100225 -1.161089 0.076821
v -0.175240 -1.167357 0.083857
v -0.143413 -1.155731 0.105509
v -0.223334 -1.154874 0.144153
v -0.261593 -1.187911 0.143600
v 0.081910 -1.217110 0.091603
v 0.017384 -1.222099 0.089526
v 0.082244 -1.198752 0.087734
v 0.019038 -1.205801 0.083697
v -0.035437 -1.191677 0.077670
v -0.033989 -1.140304 0.082715
v -0.090639 -1.135675 0.102254
v -0.170994 -1.149523 0.145910
v -0.150634 -1.154614 0.189475
v -0.093522 -1.127389 0.149512
v -0.093298 -1.132736 0.197124
v -0.032703 -1.095022 0.193402
v -0.037187 -1.081077 0.149800
v 0.010515 -1.067477 0.190648
v -0.012187 -1.048562 0.149638
v -0.032626 -1.099734 0.106703
v 0.015235 -1.184540 0.084857
v 0.011666 -1.145919 0.082222
v 0.082076 -1.178194 0.084745
v 0.079690 -1.143200 0.081526
v 0.075282 -1.110172 0.084823
v 0.015111 -1.108759 0.095741
v 0.009925 -1.041167 0.192979
v -0.004240 -1.024480 0.150091
v 0.006679 -1.040696 0.106406
v 0.005259 -1.067437 0.109922
v 0.073588 -1.089381 0.091824
v 0.145466 -1.073697 0.134232
v 0.148249 -1.097328 0.131326
v 0.154010 -1.126784 0.127208
v 0.156587 -1.162812 0.125653
v 0.152184 -1.196150 0.125427
v 0.148247 -1.217110 0.125902
v 0.146544 -1.249996 0.127701
v 0.082463 -1.249997 0.095607
v 0.017384 -1.249997 0.096845
v -0.007966 -0.027121 -0.801811
v -0.004114 -0.012267 -0.801639
v -0.016643 -0.023291 -0.806804
v -0.009274 -0.012331 -0.805857
v -0.012489 -0.038941 -0.820395
v -0.023795 -0.030714 -0.821250
v 0.011743 -0.013883 -0.798972
v 0.016030 -0.023464 -0.817406
v 0.015323 -0.016315 -0.836876
v -0.007178 -0.030479 -0.840144
v -0.017640 -0.025167 -0.837006
v 0.008186 -0.002688 -0.798273
v 0.012088 -0.003793 -0.838791
v -0.001517 -0.013724 -0.841037
v -0.011789 -0.016289 -0.837835
v 0.071452 -0.436014 -0.220913
v 0.002779 -0.436193 -0.208913
v 0.047737 -0.488488 -0.245016
v -0.032649 -0.488488 -0.214346
v 0.176215 -0.076482 -1.000506
v 0.167952 -0.078941 -1.002527
v 0.159318 -0.078083 -1.002155
v 0.206616 -0.050870 -0.966103
v 0.201302 -0.053386 -0.968496
v 0.194883 -0.053041 -0.968313
v 0.007567 -1.019381 -0.106514
v -0.003351 -1.003166 -0.150185
v 0.010814 -1.019852 -0.193058
v 0.018309 -1.076828 0.117107
v 0.017602 -1.039673 0.113401
v 0.003232 -1.063775 0.150784
v 0.011128 -1.024171 0.150192
v 0.020400 -1.039673 0.186400
v 0.020759 -1.075304 0.182401
v 0.021283 -1.018359 0.186482
v 0.012011 -1.002857 0.150286
v 0.010807 -1.019853 0.193058
v -0.003358 -1.003166 0.150185
v 0.018485 -1.018359 0.113506
v 0.007561 -1.019382 0.106514
v 0.051175 -0.282149 -0.002047
v 0.051296 -0.280578 0.000000
v 0.144573 -0.273843 0.000000
v 0.152184 -1.196150 0.125427
v 0.141991 -1.196174 0.198096
v 0.148247 -1.217110 0.125902
v 0.137210 -1.217110 0.195632
v 0.082267 -1.217110 0.215623
v 0.013801 -1.184776 0.233566
v 0.082661 -1.198561 0.220452
v 0.082125 -1.177896 0.220985
v 0.017383 -1.219517 0.230441
v 0.017383 -1.249997 0.222027
v 0.082463 -1.249997 0.211799
v 0.136137 -1.249996 0.192696
v 0.146544 -1.249996 0.127701
v 0.156587 -1.162812 0.125653
v 0.146724 -1.165636 0.197485
v 0.079630 -1.142605 0.224053
v 0.144980 -1.130593 0.195846
v 0.154010 -1.126784 0.127208
v 0.148249 -1.097328 0.131326
v 0.141198 -1.099928 0.188258
v 0.075179 -1.108993 0.215784
v 0.013059 -1.145605 0.225452
v 0.145466 -1.073697 0.134232
v 0.138921 -1.075377 0.181837
v 0.073976 -1.088168 0.208358
v 0.020506 -1.104411 0.208422
v -0.046861 -1.142240 0.228217
v -0.112821 -1.160558 0.226000
v -0.187161 -1.164842 0.205109
v -0.048752 -1.192349 0.239387
v 0.016063 -1.206141 0.235769
v -0.006105 -0.002564 -0.816712
v -0.007068 -0.007153 -0.807423
v -0.003841 -0.000066 -0.815897
v -0.003410 -0.003828 -0.806517
v 0.002207 0.007407 -0.813809
v 0.004282 0.004342 -0.803967
v -0.009274 -0.012331 -0.805857
v -0.004114 -0.012267 -0.801639
v 0.008186 -0.002688 -0.798273
v 0.003266 0.007716 -0.824051
v 0.007034 0.004616 -0.833570
v -0.002665 -0.000192 -0.825058
v -0.001562 -0.003485 -0.833732
v -0.006797 -0.007063 -0.833461
v -0.005097 -0.002807 -0.825474
v 0.012088 -0.003793 -0.838791
v -0.001517 -0.013724 -0.841037
v -0.011789 -0.016289 -0.837835
v -0.017410 -0.015979 -0.821927
v -0.012046 -0.008981 -0.818566
v -0.016643 -0.023291 -0.806804
v -0.023795 -0.030714 -0.821250
v -0.017640 -0.025167 -0.837006
v 0.168908 0.148668 -0.781441
v 0.169859 0.129872 -0.758039
v 0.157298 0.121415 -0.747444
v 0.135996 0.118213 -0.744409
v 0.142951 0.161482 -0.796839
v 0.168132 0.113454 -0.826764
v 0.180235 0.103849 -0.811226
v 0.178017 0.092891 -0.793994
v 0.171262 0.087928 -0.786995
v 0.161133 0.084154 -0.782306
v 0.146378 0.080882 -0.779337
v 0.127955 0.078791 -0.777372
v 0.148265 0.119559 -0.835251
v 0.134499 0.121198 -0.836865
v 0.114860 0.163724 -0.797348
v 0.119697 0.122017 -0.836269
v 0.102867 0.121840 -0.833549
v 0.086597 0.151378 -0.778847
v 0.082643 0.117450 -0.823704
v 0.067807 0.106147 -0.805112
v 0.066342 0.092340 -0.787016
v 0.089310 0.131549 -0.752251
v 0.078321 0.086217 -0.774807
v 0.106940 0.123199 -0.745121
v 0.093357 0.081794 -0.771328
v 0.110539 0.079012 -0.773204
v 0.127955 0.078791 -0.777372
v 0.135996 0.118213 -0.744409
v 0.133810 0.147515 -0.706504
v 0.017022 -0.601397 -0.185139
v 0.083375 -0.586985 -0.195740
v 0.017843 -0.636572 -0.183959
v 0.088471 -0.629496 -0.203835
v 0.122481 -0.581014 -0.173092
v 0.143224 -0.631829 -0.183780
v 0.134441 -0.580085 -0.124024
v 0.155704 -0.633625 -0.121100
v -0.043863 -0.580417 -0.150789
v 0.013339 -0.557118 -0.186465
v -0.038715 -0.621465 -0.151822
v 0.077005 -0.534510 -0.199467
v 0.116485 -0.525906 -0.174517
v 0.133767 -0.532469 -0.117846
v -0.029073 -0.646756 -0.147185
v -0.026635 -0.648301 -0.113969
v -0.036495 -0.622713 -0.109685
v -0.043362 -0.582274 -0.110094
v -0.059193 -0.442095 -0.104082
v -0.054669 -0.437266 -0.166788
v 0.002779 -0.436193 -0.208913
v 0.071452 -0.436014 -0.220913
v 0.128005 -0.438262 -0.191235
v -0.030398 -0.446230 -0.051278
v -0.002073 -0.567596 -0.065094
v 0.005733 -0.605153 -0.069257
v 0.019217 -0.643047 -0.078346
v 0.045347 -0.737029 -0.075667
v -0.005514 -0.738063 -0.114732
v 0.001165 -0.802536 -0.116366
v 0.050384 -0.804793 -0.076442
v 0.044175 -0.877287 -0.089402
v 0.010403 -0.876269 -0.117892
v 0.002052 -0.875650 -0.151649
v -0.008155 -0.801124 -0.147727
v 0.082283 -0.448750 -0.024020
v 0.076446 -0.548809 -0.049107
v 0.083789 -0.587601 -0.062572
v 0.094345 -0.643555 -0.061921
v 0.106488 -0.724697 -0.041318
v 0.108321 -0.807671 -0.040767
v 0.099615 -0.880391 -0.067460
v 0.026203 -0.794783 -0.200898
v 0.040824 -0.876153 -0.199798
v 0.095775 -0.790066 -0.243107
v 0.089438 -0.877320 -0.218480
v 0.173697 -0.793405 -0.207630
v 0.147820 -0.881785 -0.189984
v 0.160100 -0.883918 -0.122146
v 0.190129 -0.799640 -0.107600
v 0.099615 -0.880391 -0.067460
v 0.108321 -0.807671 -0.040767
v 0.106488 -0.724697 -0.041318
v 0.186336 -0.701061 -0.109824
v 0.172455 -0.702581 -0.205230
v 0.092394 -0.706763 -0.239139
v 0.094345 -0.643555 -0.061921
v 0.083789 -0.587601 -0.062572
v 0.076446 -0.548809 -0.049107
v 0.082283 -0.448750 -0.024020
v 0.153017 -0.443571 -0.111259
v 0.018802 -0.724283 -0.197508
v -0.014476 -0.735559 -0.145416
v -0.275526 -1.249996 0.143124
v -0.220079 -1.249994 0.066445
v -0.220038 -1.249999 0.222567
v -0.132342 -1.249994 0.060351
v -0.132341 -1.250000 0.241835
v -0.048877 -1.249998 0.066512
v -0.048877 -1.249998 0.244432
v 0.017383 -1.249997 0.222027
v 0.017384 -1.249997 0.096845
v 0.082463 -1.249997 0.211799
v 0.082463 -1.249997 0.095607
v 0.136137 -1.249996 0.192696
v 0.146544 -1.249996 0.127701
v 0.022999 0.547196 -0.420903
v 0.100510 0.577069 -0.440892
v 0.035344 0.471466 -0.486303
v 0.113079 0.509800 -0.497972
v 0.172370 0.576637 -0.439658
v 0.175073 0.509738 -0.484014
v 0.203505 0.533386 -0.394184
v 0.201050 0.478909 -0.453687
v 0.170227 0.460712 -0.335797
v 0.174339 0.418643 -0.407145
v 0.164850 0.422447 -0.547298
v 0.123493 0.434114 -0.559090
v 0.055782 0.411529 -0.536334
v 0.064649 0.382156 -0.567807
v 0.125244 0.413889 -0.584328
v 0.165428 0.397610 -0.570895
v 0.194101 0.373265 -0.545786
v 0.191003 0.394427 -0.526693
v 0.172376 0.357973 -0.492405
v 0.175700 0.339631 -0.519523
v 0.178283 0.319111 -0.536885
v 0.193668 0.356933 -0.564273
v 0.167283 0.382269 -0.594289
v 0.124145 0.397889 -0.610858
v 0.064839 0.361211 -0.598690
v 0.057784 0.318744 -0.577528
v 0.058446 0.351859 -0.544698
v 0.070558 0.301632 -0.560439
v 0.123579 0.303754 -0.527946
v 0.066750 0.333529 -0.527805
v 0.121709 0.330121 -0.506706
v 0.059652 0.358391 -0.495305
v 0.121513 0.349076 -0.483940
v 0.105766 0.403800 -0.409115
v 0.047838 0.409038 -0.429733
v 0.107175 0.458410 -0.337925
v 0.045049 0.473048 -0.356196
v 0.027301 0.428431 -0.453308
v 0.023607 0.497414 -0.378616
v 0.044540 0.378460 -0.509590
v 0.085249 -1.036908 -0.100279
v 0.026928 -1.038896 -0.112321
v 0.074863 -1.090437 -0.104063
v 0.018315 -1.076827 -0.117107
v 0.003239 -1.063773 -0.150784
v 0.006796 -1.038424 -0.149887
v 0.016675 -0.948907 -0.119440
v 0.040775 -0.948797 -0.100371
v 0.093593 -0.948373 -0.085421
v 0.131312 -1.080712 -0.138718
v 0.130480 -1.038416 -0.135168
v 0.141637 -0.949967 -0.127360
v 0.160100 -0.883918 -0.122146
v 0.099615 -0.880391 -0.067460
v 0.044175 -0.877287 -0.089402
v 0.010403 -0.876269 -0.117892
v 0.002052 -0.875650 -0.151649
v 0.006810 -0.948498 -0.152247
v 0.043795 -0.948977 -0.194352
v 0.040824 -0.876153 -0.199798
v 0.043024 -1.039595 -0.189816
v 0.020765 -1.075302 -0.182401
v 0.074889 -1.090583 -0.198279
v 0.082861 -1.039424 -0.198693
v 0.086383 -0.949099 -0.206565
v 0.089438 -0.877320 -0.218480
v 0.147820 -0.881785 -0.189984
v 0.133034 -0.950276 -0.180293
v 0.124272 -1.039476 -0.172615
v 0.126062 -1.081995 -0.175107
v 0.131312 -1.080712 -0.138718
v 0.130480 -1.038416 -0.135168
v 0.141637 -0.949967 -0.127360
v 0.160100 -0.883918 -0.122146
v -0.113446 -0.065975 0.000000
v -0.140031 -0.098754 0.000000
v -0.103913 -0.054223 -0.105529
v -0.110220 -0.089340 -0.142850
v -0.036604 -0.045085 -0.191626
v -0.034334 -0.077864 -0.219507
v 0.057073 -0.045067 -0.223302
v 0.060084 -0.072137 -0.241813
v 0.192684 -0.047291 -0.173368
v 0.206372 -0.079164 -0.183747
v 0.239317 -0.051140 -0.060233
v 0.261174 -0.092167 -0.060634
v 0.261174 -0.093757 0.000000
v 0.241457 -0.052657 0.000000
v -0.140031 -0.098754 0.000000
v -0.110220 -0.089340 -0.142850
v -0.034334 -0.077864 -0.219507
v 0.060084 -0.072137 -0.241813
v 0.206372 -0.079164 -0.183747
v 0.261174 -0.092167 -0.060634
v 0.261174 -0.093757 0.000000
v 0.009925 -1.041167 0.192979
v 0.010515 -1.067477 0.190648
v 0.020400 -1.039673 0.186400
v 0.020759 -1.075304 0.182401
v 0.073976 -1.088168 0.208358
v 0.074883 -1.090584 0.198280
v 0.126056 -1.081995 0.175108
v 0.138921 -1.075377 0.181837
v 0.145466 -1.073697 0.134232
v 0.131306 -1.080712 0.138719
v 0.074857 -1.090438 0.104063
v 0.073588 -1.089381 0.091824
v 0.005259 -1.067437 0.109922
v 0.018309 -1.076828 0.117107
v 0.017602 -1.039673 0.113401
v 0.006679 -1.040696 0.106406
v 0.107175 0.458410 -0.337925
v 0.105766 0.403800 -0.409115
v 0.121513 0.349076 -0.483940
v 0.121709 0.330121 -0.506706
v 0.123579 0.303754 -0.527946
v 0.078451 -0.066461 0.995700
v 0.076208 -0.069967 1.003781
v 0.072030 -0.083612 1.010325
v 0.073718 -0.085928 0.995423
v 0.074209 -0.080080 0.983068
v 0.062445 -0.080921 0.981461
v 0.061974 -0.087611 0.994931
v 0.050798 -0.076928 0.984094
v 0.052451 -0.069130 0.974257
v 0.050554 -0.064488 0.995455
v 0.051619 -0.058834 0.988509
v 0.053464 -0.064659 0.968784
v 0.052530 -0.054205 0.983241
v 0.053714 -0.059555 0.962151
v 0.053551 -0.048220 0.977274
v 0.055783 -0.041918 0.943517
v 0.054080 -0.030282 0.962068
v 0.078451 -0.066461 0.995700
v 0.079231 -0.061003 0.988193
v 0.074763 -0.072602 0.973718
v 0.063376 -0.072590 0.970743
v 0.064030 -0.068770 0.966014
v 0.065014 -0.063931 0.958991
v 0.068880 -0.045539 0.939580
v 0.057145 -0.036052 0.936408
v 0.054080 -0.030282 0.962068
v 0.054963 -0.021510 0.953892
v 0.075029 -0.067891 0.968973
v 0.081514 -0.045108 0.944138
v 0.076726 -0.062597 0.962411
v 0.079685 -0.056065 0.983415
v 0.080427 -0.050129 0.977828
v 0.084130 -0.034508 0.963031
v 0.085848 -0.026023 0.955644
v 0.082487 -0.039167 0.937698
v 0.070156 -0.040249 0.933794
v 0.071852 -0.032672 0.922559
v 0.058954 -0.027577 0.925978
v 0.057692 -0.010772 0.943125
v 0.087498 -0.014515 0.908042
v 0.084081 -0.029883 0.926506
v 0.086697 -0.014368 0.944887
v 0.077446 -0.015739 0.897038
v 0.075127 -0.017819 0.902898
v 0.062483 -0.012625 0.903784
v 0.063794 -0.010018 0.897265
v 0.067949 -0.002893 0.881057
v 0.081635 -0.009246 0.880682
v 0.094470 -0.015657 0.903876
v 0.097702 0.014584 0.921545
v 0.092239 0.008271 0.922888
v 0.167846 0.004418 0.920787
v 0.165434 -0.017125 0.907672
v 0.170014 0.010920 0.915555
v 0.168593 -0.013242 0.898693
v 0.150605 -0.018317 0.898224
v 0.148151 -0.005671 0.877541
v 0.118214 -0.010439 0.882817
v 0.133502 -0.018223 0.905430
v 0.113554 -0.019485 0.902206
v 0.096275 -0.011257 0.882661
v 0.099298 0.012269 0.849728
v 0.118869 0.016975 0.851038
v 0.143838 0.021916 0.845654
v 0.166545 0.000376 0.872264
v 0.181842 -0.005677 0.885230
v 0.183817 -0.010221 0.891734
v 0.192599 -0.003461 0.889605
v 0.188713 -0.021974 0.906372
v 0.196746 -0.017815 0.906812
v 0.197685 -0.022190 0.912478
v 0.198390 -0.004706 0.920760
v 0.199885 -0.010486 0.925736
v 0.165352 0.045234 0.812364
v 0.164285 0.027809 0.836112
v 0.164212 0.020043 0.848594
v 0.180096 0.007891 0.865651
v 0.191804 0.002896 0.881442
v 0.194081 0.014955 0.901896
v 0.193202 0.020584 0.895820
v 0.185129 0.016736 0.911672
v 0.198390 -0.004706 0.920760
v 0.190227 -0.002338 0.927354
v 0.180403 -0.007481 0.924908
v 0.181493 -0.012876 0.929741
v 0.176689 0.032028 0.902950
v 0.191732 0.031618 0.884396
v 0.190138 0.016122 0.865143
v 0.179022 0.023206 0.846782
v 0.179430 0.030474 0.835256
v 0.178693 0.048998 0.814574
v 0.189219 0.038200 0.838593
v 0.189099 0.029467 0.849013
v 0.188247 0.056579 0.821566
v 0.189249 0.057738 0.858637
v 0.190264 0.046256 0.869868
v 0.175508 0.052097 0.887445
v 0.152606 0.052720 0.897446
v 0.154425 0.030379 0.914667
v 0.136493 0.028368 0.915891
v 0.135484 0.052295 0.900395
v 0.117890 0.053774 0.902133
v 0.118216 0.032362 0.919635
v 0.098740 0.031271 0.915613
v 0.151011 0.068381 0.883179
v 0.173816 0.065585 0.874629
v 0.172130 0.080858 0.860241
v 0.134928 0.069405 0.885651
v 0.150106 0.085099 0.868698
v 0.134714 0.086535 0.870716
v 0.118173 0.070306 0.886528
v 0.098751 0.070207 0.885829
v 0.176371 0.065895 0.800815
v 0.185001 0.072258 0.808942
v 0.187742 0.072322 0.844278
v 0.185672 0.084930 0.831155
v 0.170860 0.093535 0.847549
v 0.149506 0.098650 0.856105
v 0.134653 0.100199 0.857925
v 0.118836 0.101235 0.857458
v 0.118423 0.087475 0.870690
v 0.178017 0.092891 0.793994
v 0.180235 0.103849 0.811226
v 0.168132 0.113454 0.826764
v 0.148265 0.119559 0.835251
v 0.134499 0.121198 0.836865
v 0.119697 0.122017 0.836269
v 0.102867 0.121840 0.833549
v 0.100212 0.101206 0.854806
v 0.075165 0.096965 0.843374
v 0.082643 0.117450 0.823704
v 0.056971 0.087582 0.823482
v 0.067807 0.106147 0.805112
v 0.066342 0.092340 0.787016
v 0.049703 0.079130 0.811213
v 0.045910 0.064033 0.792253
v 0.041191 0.068930 0.807803
v 0.033367 0.057041 0.806852
v 0.037835 0.052251 0.794445
v 0.018624 0.032192 0.809569
v 0.022495 0.028145 0.799943
v 0.004282 0.004342 0.803967
v 0.002207 0.007407 0.813809
v -0.003410 -0.003828 0.806517
v -0.003841 -0.000066 0.815897
v 0.053802 0.075054 0.841260
v 0.045329 0.068559 0.831705
v 0.037645 0.060786 0.825978
v 0.031051 0.051475 0.823470
v 0.017890 0.030195 0.822623
v 0.003266 0.007716 0.824051
v -0.002665 -0.000192 0.825058
v 0.007034 0.004616 0.833570
v -0.001562 -0.003485 0.833732
v 0.012088 -0.003793 0.838791
v 0.053233 0.031923 0.866047
v 0.040503 0.044552 0.843565
v 0.048555 0.029111 0.853862
v 0.041526 0.025595 0.843387
v 0.034357 0.038261 0.837965
v 0.021747 0.022561 0.833218
v 0.027852 0.013464 0.836079
v -0.001517 -0.013724 0.841037
v -0.011789 -0.016289 0.837835
v -0.006797 -0.007063 0.833461
v -0.005097 -0.002807 0.825474
v -0.006105 -0.002564 0.816712
v -0.007068 -0.007153 0.807423
v -0.009274 -0.012331 0.805857
v -0.004114 -0.012267 0.801639
v 0.008186 -0.002688 0.798273
v 0.027726 0.018368 0.795915
v 0.042269 0.035544 0.789797
v 0.049139 0.043652 0.786033
v 0.057982 0.051906 0.782627
v 0.078321 0.086217 0.774807
v 0.073312 0.053304 0.778350
v 0.199841 -0.035939 0.926975
v 0.202013 -0.026024 0.939342
v 0.203067 -0.030378 0.943452
v 0.200376 -0.040685 0.932659
v 0.203797 -0.033165 0.946005
v 0.200744 -0.043115 0.935709
v 0.193642 -0.043635 0.932112
v 0.194196 -0.045662 0.935296
v 0.203362 -0.050105 0.944092
v 0.196644 -0.052636 0.944699
v 0.206741 -0.055598 0.957361
v 0.200344 -0.058929 0.959113
v 0.193003 -0.057711 0.961070
v 0.189922 -0.051353 0.948403
v 0.188017 -0.044351 0.939258
v 0.189397 -0.041320 0.956431
v 0.191178 -0.045049 0.962334
v 0.194883 -0.053041 0.968313
v 0.201302 -0.053386 0.968496
v 0.206616 -0.050870 0.966103
v 0.206648 -0.042134 0.959284
v 0.205613 -0.038795 0.952494
v 0.188033 -0.036208 0.950404
v 0.187366 -0.033270 0.947376
v 0.187186 -0.042127 0.936159
v 0.185657 -0.037561 0.930739
v 0.186265 -0.028669 0.943183
v 0.182937 -0.026160 0.918724
v 0.182153 -0.016126 0.932837
v 0.182294 -0.024096 0.915980
v 0.181493 -0.012876 0.929741
v 0.180979 -0.020309 0.911419
v 0.180403 -0.007481 0.924908
v 0.174615 -0.011398 0.900956
v 0.174202 0.006893 0.915255
v 0.192545 -0.038978 0.925969
v 0.190497 -0.026881 0.914271
v 0.189961 -0.025328 0.911779
v 0.170014 0.010920 0.915555
v 0.174202 0.006893 0.915255
v 0.198101 -0.024185 0.915202
v 0.200652 -0.014067 0.928605
v 0.202013 -0.026024 0.939342
v 0.087498 -0.014515 0.908042
v 0.092239 0.008271 0.922888
v 0.084081 -0.029883 0.926506
v 0.086697 -0.014368 0.944887
v 0.067949 -0.002893 0.881057
v 0.063794 -0.010018 0.897265
v 0.059357 0.009884 0.885697
v 0.059767 0.013828 0.911970
v 0.062483 -0.012625 0.903784
v 0.059851 0.009009 0.918912
v 0.077928 0.022723 0.922023
v 0.077349 0.016719 0.927672
v 0.097702 0.014584 0.921545
v 0.092239 0.008271 0.922888
v 0.073528 -0.007938 0.950720
v 0.071304 -0.019733 0.961862
v 0.085848 -0.026023 0.955644
v 0.069433 -0.029417 0.969670
v 0.084130 -0.034508 0.963031
v 0.062483 -0.012625 0.903784
v 0.058954 -0.027577 0.925978
v 0.057692 -0.010772 0.943125
v 0.054963 -0.021510 0.953892
v 0.054080 -0.030282 0.962068
v 0.067393 -0.045713 0.983631
v 0.053551 -0.048220 0.977274
v 0.052530 -0.054205 0.983241
v 0.066589 -0.051306 0.989015
v 0.051619 -0.058834 0.988509
v 0.065772 -0.055683 0.993011
v 0.050554 -0.064488 0.995455
v 0.064628 -0.060269 0.997903
v 0.049875 -0.068165 1.001881
v 0.063348 -0.065209 1.003818
v 0.080427 -0.050129 0.977828
v 0.079685 -0.056065 0.983415
v 0.079231 -0.061003 0.988193
v 0.078451 -0.066461 0.995700
v 0.076208 -0.069967 1.003781
v 0.062380 -0.085366 1.011059
v 0.072030 -0.083612 1.010325
v 0.165434 -0.017125 0.907672
v 0.167846 0.004418 0.920787
v 0.168840 -0.033528 0.926299
v 0.171533 -0.018211 0.942883
v 0.133502 -0.018223 0.905430
v 0.140011 -0.018302 0.909539
v 0.136390 0.011631 0.921524
v 0.140165 0.003633 0.924759
v 0.154435 0.016600 0.923438
v 0.154887 0.010196 0.928194
v 0.143791 -0.019578 0.945811
v 0.158670 -0.014607 0.950012
v 0.144276 -0.027082 0.952922
v 0.159860 -0.023065 0.957829
v 0.171533 -0.018211 0.942883
v 0.170014 0.010920 0.915555
v 0.173214 -0.026078 0.949850
v 0.173828 -0.034055 0.956332
v 0.160883 -0.031971 0.964732
v 0.145973 -0.034656 0.959840
v 0.163159 -0.046389 0.977227
v 0.150653 -0.051112 0.973786
v 0.164137 -0.051509 0.982068
v 0.151596 -0.056275 0.979026
v 0.152368 -0.060629 0.984068
v 0.151694 -0.065588 0.965584
v 0.152542 -0.071153 0.972444
v 0.175065 -0.048923 0.970349
v 0.175902 -0.054016 0.975069
v 0.164625 -0.055572 0.985817
v 0.153725 -0.067535 0.994517
v 0.165848 -0.062846 0.993472
v 0.177205 -0.064832 0.990948
v 0.176775 -0.058646 0.979827
v 0.173101 -0.070899 0.968470
v 0.171589 -0.065360 0.962498
v 0.050593 -0.488488 0.010314
v 0.050884 -0.369507 0.006181
v 0.122093 -0.488488 0.017372
v 0.133333 -0.369479 0.013035
v 0.144573 -0.273843 0.008698
v 0.190162 -0.367594 0.062731
v 0.198823 -0.261900 0.058258
v 0.166384 -0.349901 0.187210
v 0.172305 -0.237709 0.183089
v 0.052315 -0.224061 0.238006
v 0.050025 -0.336374 0.241511
v -0.034659 -0.224464 0.211447
v -0.033655 -0.343941 0.212896
v -0.085883 -0.238118 0.115731
v -0.081619 -0.362186 0.116800
v -0.026913 -0.261958 0.016033
v -0.029521 -0.369417 0.018423
v 0.051174 -0.282150 0.002047
v 0.050884 -0.369507 0.006181
v -0.103913 -0.054223 0.105529
v -0.095952 -0.158034 0.111689
v -0.035387 -0.141948 0.205913
v 0.054543 -0.144792 0.234251
v 0.188879 -0.158127 0.182077
v 0.222617 -0.177101 0.060561
v -0.036604 -0.045085 0.191626
v 0.057073 -0.045067 0.223302
v 0.192684 -0.047291 0.173369
v 0.239317 -0.051140 0.060233
v 0.192599 -0.003461 0.889605
v 0.194081 0.014955 0.901896
v 0.196746 -0.017815 0.906812
v 0.198101 -0.024185 0.915202
v 0.197685 -0.022190 0.912478
v 0.200652 -0.014067 0.928605
v 0.199885 -0.010486 0.925736
v 0.191522 -0.008294 0.932831
v 0.182153 -0.016126 0.932837
v 0.192246 -0.012401 0.936343
v 0.202013 -0.026024 0.939342
v 0.194583 -0.024359 0.945511
v 0.186265 -0.028669 0.943183
v 0.187366 -0.033270 0.947376
v 0.195704 -0.028623 0.949674
v 0.203067 -0.030378 0.943452
v 0.203797 -0.033165 0.946005
v 0.196405 -0.031542 0.952416
v 0.205613 -0.038795 0.952494
v 0.203362 -0.050105 0.944092
v 0.200744 -0.043115 0.935709
v 0.188033 -0.036208 0.950404
v 0.197399 -0.036259 0.956903
v 0.206648 -0.042134 0.959284
v 0.198221 -0.041248 0.962350
v 0.191178 -0.045049 0.962334
v 0.189397 -0.041320 0.956431
v -0.016643 -0.023291 0.806804
v -0.017410 -0.015979 0.821927
v -0.012046 -0.008981 0.818566
v 0.152542 -0.071153 0.972444
v 0.156372 -0.082534 0.991653
v 0.152368 -0.060629 0.984068
v 0.153725 -0.067535 0.994517
v 0.162647 -0.073007 0.968037
v 0.161411 -0.067646 0.961399
v 0.151694 -0.065588 0.965584
v 0.160672 -0.063825 0.955752
v 0.150361 -0.061542 0.960211
v 0.146491 -0.045132 0.942694
v 0.158332 -0.046433 0.936988
v 0.157611 -0.041962 0.932143
v 0.145713 -0.040007 0.936511
v 0.144799 -0.034582 0.929721
v 0.156423 -0.037460 0.924974
v 0.140011 -0.018302 0.909539
v 0.143791 -0.019578 0.945811
v 0.140165 0.003633 0.924759
v 0.151596 -0.056275 0.979026
v 0.150653 -0.051112 0.973786
v 0.145973 -0.034656 0.959840
v 0.144276 -0.027082 0.952922
v 0.143791 -0.019578 0.945811
v 0.168840 -0.033528 0.926299
v 0.152210 -0.021682 0.904836
v 0.170440 -0.044186 0.939388
v 0.169718 -0.039063 0.933699
v 0.173828 -0.034055 0.956332
v 0.173214 -0.026078 0.949850
v 0.171533 -0.018211 0.942883
v 0.171358 -0.060865 0.957017
v 0.175065 -0.048923 0.970349
v 0.175902 -0.054016 0.975069
v 0.171589 -0.065360 0.962498
v 0.173101 -0.070899 0.968470
v 0.166900 -0.084928 0.990385
v 0.177027 -0.081332 0.988464
v 0.177205 -0.064832 0.990948
v 0.176775 -0.058646 0.979827
v 0.177205 -0.064832 0.990948
v 0.176215 -0.076482 1.000506
v 0.167952 -0.078941 1.002527
v 0.159318 -0.078084 1.002155
v 0.153725 -0.067535 0.994517
v -0.007178 -0.030479 0.840144
v -0.001517 -0.013724 0.841037
v -0.017640 -0.025167 0.837006
v -0.011789 -0.016289 0.837835
v 0.048555 0.029111 0.853862
v 0.041526 0.025595 0.843387
v 0.055164 0.018156 0.852626
v 0.047326 0.016666 0.840124
v 0.027852 0.013464 0.836079
v 0.033138 0.005831 0.832244
v 0.015323 -0.016315 0.836876
v 0.012088 -0.003793 0.838791
v -0.023795 -0.030714 0.821250
v -0.012489 -0.038941 0.820395
v 0.016030 -0.023464 0.817406
v 0.036740 0.001751 0.817471
v 0.050437 0.011241 0.820855
v 0.058040 0.012578 0.826554
v 0.066114 0.011392 0.835021
v 0.059357 0.009884 0.885697
v 0.053233 0.031923 0.866047
v -0.007966 -0.027121 0.801811
v 0.011743 -0.013883 0.798972
v 0.032863 0.006652 0.799927
v 0.048028 0.019487 0.796471
v 0.054353 0.023447 0.794208
v 0.063569 0.027531 0.791431
v 0.077640 0.031109 0.792204
v 0.077382 0.009785 0.842097
v -0.009274 -0.012331 0.805857
v -0.004114 -0.012267 0.801639
v -0.016643 -0.023291 0.806804
v 0.008186 -0.002688 0.798273
v 0.027726 0.018368 0.795915
v 0.042269 0.035544 0.789797
v 0.049139 0.043652 0.786033
v 0.057982 0.051906 0.782627
v 0.087790 0.010382 0.845817
v 0.091242 0.033827 0.796388
v 0.107633 0.036875 0.803971
v 0.127303 0.041260 0.813013
v 0.147961 0.043690 0.812715
v 0.073312 0.053304 0.778350
v 0.091288 0.052528 0.779230
v 0.111014 0.053092 0.785324
v 0.130269 0.056190 0.794010
v 0.148285 0.059067 0.794923
v 0.164096 0.061650 0.796464
v 0.078321 0.086217 0.774807
v 0.093357 0.081794 0.771328
v 0.110539 0.079012 0.773204
v 0.127955 0.078791 0.777372
v 0.146378 0.080882 0.779337
v 0.161133 0.084154 0.782306
v 0.171262 0.087928 0.786995
v -0.009847 0.269135 0.212668
v -0.090290 0.264597 0.139659
v -0.037112 0.117309 0.200710
v -0.115099 0.105515 0.136901
v -0.072469 0.419599 0.157205
v -0.069103 0.535890 0.171058
v -0.056957 0.601835 0.178684
v 0.001727 0.677110 0.201941
v 0.018785 0.727832 0.097181
v 0.085732 0.745500 0.121496
v 0.095051 0.725384 0.222739
v 0.013214 0.662377 0.271624
v 0.096139 0.709698 0.291283
v 0.020288 0.654192 0.302351
v 0.097727 0.698920 0.322678
v -0.005390 0.588190 0.270820
v -0.024317 0.591962 0.246422
v -0.014131 0.528625 0.236143
v 0.020856 0.527579 0.256834
v 0.020800 0.477736 0.242272
v 0.014241 0.418013 0.230173
v 0.243243 0.609953 0.271527
v 0.211047 0.526424 0.250659
v 0.226100 0.528657 0.231334
v 0.186449 0.481749 0.235585
v 0.114594 0.493326 0.253319
v 0.108087 0.471512 0.246897
v 0.248033 0.537338 0.184156
v 0.244654 0.613625 0.247634
v 0.254610 0.626795 0.194764
v 0.272444 0.544031 0.074167
v 0.243833 0.423332 0.063705
v 0.231526 0.265285 0.056313
v 0.245306 0.102610 0.059984
v 0.191015 0.115972 0.163959
v 0.059920 0.123194 0.223633
v 0.249619 0.100975 0.000000
v 0.236442 0.264416 0.000000
v 0.275526 0.543778 0.000000
v 0.274742 0.644735 0.000000
v 0.270701 0.647501 0.084035
v 0.194070 0.708025 0.212938
v 0.189677 0.690875 0.278241
v 0.188760 0.676680 0.303113
v 0.232881 0.733458 0.000000
v 0.199812 0.746984 0.090747
v 0.085732 0.745500 0.121496
v 0.095051 0.725384 0.222739
v 0.096139 0.709698 0.291283
v 0.097727 0.698920 0.322678
v 0.062380 -0.085366 1.011059
v 0.050554 -0.064488 0.995455
v 0.050034 -0.083207 0.995221
v 0.051220 -0.082146 1.009494
v 0.049875 -0.068165 1.001881
v 0.050554 -0.064488 0.995455
v 0.088530 0.166261 0.723244
v 0.074790 0.264738 0.594763
v 0.105430 0.155114 0.712609
v 0.113952 0.247436 0.570802
v 0.133810 0.147515 0.706503
v 0.058298 0.284623 0.613088
v 0.088706 0.190283 0.749784
v 0.066112 0.325828 0.646505
v 0.117579 0.204734 0.766579
v 0.121752 0.352737 0.665816
v 0.147937 0.200672 0.763357
v 0.168476 0.336796 0.654266
v 0.171090 0.184481 0.747082
v 0.196715 0.306971 0.624630
v 0.172709 0.161885 0.723591
v 0.184794 0.266510 0.585721
v 0.157870 0.150226 0.709249
v 0.113952 0.247436 0.570802
v 0.133810 0.147515 0.706503
v 0.211047 0.526424 0.250659
v 0.210235 0.524358 0.260327
v 0.114594 0.493326 0.253319
v 0.117052 0.491669 0.257108
v 0.192054 0.484566 0.303553
v 0.115251 0.465326 0.290480
v 0.238534 0.605396 0.287299
v 0.243243 0.609953 0.271527
v 0.189176 0.668099 0.331182
v 0.188760 0.676680 0.303113
v 0.098570 0.683017 0.356176
v 0.097727 0.698920 0.322678
v 0.019679 0.642855 0.328734
v 0.020288 0.654192 0.302351
v -0.004278 0.577763 0.288934
v -0.005390 0.588190 0.270820
v 0.028541 0.527775 0.267287
v 0.020856 0.527579 0.256834
v 0.117052 0.491669 0.257108
v 0.114594 0.493326 0.253319
v 0.115251 0.465326 0.290480
v 0.037024 0.484785 0.316769
v 0.004558 0.519495 0.349586
v 0.017500 0.575044 0.402011
v 0.098701 0.609096 0.433931
v 0.181008 0.598176 0.416170
v 0.225672 0.547915 0.364416
v 0.098495 0.053931 0.900587
v 0.077244 0.034446 0.912285
v 0.075549 0.052960 0.895443
v 0.059833 0.023747 0.898305
v 0.118117 0.019798 0.927857
v 0.174202 0.006893 0.915255
v 0.181711 0.021434 0.908709
v 0.140716 0.738348 0.121080
v 0.077798 0.744476 0.121923
v 0.080972 0.790460 0.132689
v 0.017536 0.764145 0.107526
v 0.018785 0.727832 0.097181
v -0.042884 0.691196 0.000000
v -0.018849 0.743072 0.066425
v -0.019521 0.738063 0.064680
v -0.049963 0.689439 0.000000
v 0.018590 0.758696 0.107491
v 0.081850 0.784717 0.133150
v 0.156853 0.792522 0.125955
v 0.191970 0.736996 0.082106
v 0.203745 0.789523 0.081653
v 0.224850 0.779633 0.000000
v 0.214278 0.732929 0.000000
v 0.224862 0.791162 0.000000
v 0.203413 0.797510 0.078957
v 0.156740 0.799346 0.124524
v 0.249965 0.725833 0.000000
v 0.222175 0.733418 0.095068
v 0.168073 0.741130 0.150949
v 0.077233 0.737240 0.162471
v 0.000144 0.703668 0.136105
v -0.061002 0.657155 0.105415
v 0.099037 0.087351 0.868789
v 0.072303 0.082921 0.858316
v 0.073586 0.066051 0.878661
v 0.055439 0.056260 0.862849
v 0.046989 0.049776 0.851662
v 0.058539 0.041247 0.879302
v -0.010346 0.713035 0.000000
v 0.085732 0.745500 -0.121496
v 0.018785 0.727832 -0.097181
v -0.010346 0.713035 0.000000
v 0.018785 0.727832 -0.097181
v -0.042884 0.691196 0.000000
v -0.042884 0.691196 0.000000
v 0.018785 0.727832 0.097181
v -0.010346 0.713035 0.000000
v 0.018785 0.727832 0.097181
v 0.085732 0.745500 0.121496
v 0.128950 -0.018949 0.911682
v 0.132229 0.004856 0.925927
v 0.128058 -0.038091 0.934529
v 0.130783 -0.021758 0.953035
v 0.117565 0.012540 0.933677
v 0.130783 -0.021758 0.953035
v 0.116752 -0.016258 0.959320
v 0.101101 -0.019900 0.952813
v 0.101152 0.006191 0.927647
v 0.128950 -0.018949 0.911682
v 0.133502 -0.018223 0.905430
v 0.100708 -0.017175 0.911157
v 0.094470 -0.015657 0.903876
v 0.099828 -0.028404 0.960901
v 0.116160 -0.025974 0.968237
v 0.130954 -0.030868 0.961105
v 0.129845 -0.039929 0.968511
v 0.115360 -0.036123 0.976162
v 0.099853 -0.037129 0.968946
v 0.115070 -0.050095 0.988138
v 0.101223 -0.053582 0.982788
v 0.101188 -0.058862 0.987855
v 0.114984 -0.055296 0.993191
v 0.127649 -0.059306 0.986864
v 0.127879 -0.054374 0.982206
v 0.127475 -0.064317 0.991544
v 0.114773 -0.060023 0.997515
v 0.101138 -0.063662 0.993047
v 0.114400 -0.065009 1.002400
v 0.100959 -0.069306 0.999554
v 0.101252 -0.074921 1.007871
v 0.113606 -0.070829 1.009520
v 0.103718 -0.088067 1.018946
v 0.113718 -0.089637 1.022738
v 0.123095 -0.088162 1.018774
v 0.126071 -0.075082 1.007714
v 0.127465 -0.070146 0.997978
v 0.101152 0.006191 0.927647
v 0.100708 -0.017175 0.911157
v 0.101101 -0.019900 0.952813
v 0.102243 -0.036335 0.935424
v 0.128950 -0.018949 0.911682
v 0.114388 -0.022532 0.908434
v 0.114701 -0.040893 0.931622
v 0.102243 -0.036335 0.935424
v 0.114531 -0.046191 0.939827
v 0.127505 -0.044529 0.942987
v 0.128058 -0.038091 0.934529
v 0.130783 -0.021758 0.953035
v 0.130954 -0.030868 0.961105
v 0.129845 -0.039929 0.968511
v 0.126936 -0.050418 0.949515
v 0.114110 -0.051334 0.945398
v 0.101121 -0.048500 0.950229
v 0.100956 -0.065146 0.967564
v 0.112402 -0.068903 0.963657
v 0.101284 -0.069830 0.973335
v 0.112065 -0.073582 0.970012
v 0.101359 -0.073565 0.978247
v 0.111866 -0.076744 0.974546
v 0.101047 -0.082519 0.989202
v 0.123314 -0.071779 0.972465
v 0.124330 -0.066890 0.966534
v 0.127879 -0.054374 0.982206
v 0.127649 -0.059306 0.986864
v 0.112056 -0.086061 0.986037
v 0.123392 -0.084588 0.987030
v 0.123005 -0.075874 0.977034
v 0.127465 -0.070146 0.997978
v 0.127475 -0.064317 0.991544
v 0.101241 -0.092210 1.006521
v 0.112980 -0.095980 1.006127
v 0.103718 -0.088067 1.018946
v 0.101252 -0.074921 1.007871
v 0.124286 -0.093424 1.005711
v 0.126071 -0.075082 1.007714
v 0.127465 -0.070146 0.997978
v 0.126071 -0.075082 1.007714
v 0.123095 -0.088162 1.018774
v 0.113718 -0.089637 1.022738
v 0.100959 -0.069306 0.999554
v 0.101252 -0.074921 1.007871
v 0.101138 -0.063662 0.993047
v 0.101188 -0.058862 0.987855
v 0.101223 -0.053582 0.982788
v 0.099853 -0.037129 0.968946
v 0.099828 -0.028404 0.960901
v 0.101707 -0.042617 0.943176
v 0.101101 -0.019900 0.952813
v 0.017602 -1.039673 0.113401
v 0.011128 -1.024171 0.150192
v 0.020400 -1.039673 0.186400
v -0.054670 -0.437265 0.166787
v -0.077355 -0.488488 0.117868
v -0.059195 -0.442095 0.104082
v -0.032129 -0.488488 0.020814
v -0.030400 -0.446230 0.051278
v 0.050593 -0.488488 0.010314
v -0.030400 -0.446230 0.051278
v 0.082282 -0.448750 0.024020
v 0.153016 -0.443572 0.111259
v 0.181502 -0.488488 0.067205
v 0.128003 -0.438262 0.191236
v 0.160463 -0.488488 0.191330
v 0.232881 0.733458 0.000000
v 0.199812 0.746984 -0.090747
v -0.010346 0.713035 0.000000
v 0.085732 0.745500 -0.121496
v 0.232881 0.733458 0.000000
v -0.010346 0.713035 0.000000
v 0.199812 0.746984 0.090747
v 0.085732 0.745500 0.121496
v 0.051220 -0.082146 1.009494
v -0.017640 -0.025167 0.837006
v -0.023795 -0.030714 0.821250
v 0.094167 0.542159 0.489763
v 0.100510 0.577069 0.440892
v 0.174787 0.534370 0.483102
v 0.172370 0.576637 0.439658
v 0.017502 0.513063 0.457701
v 0.022999 0.547196 0.420903
v 0.007749 0.466507 0.402028
v 0.023607 0.497414 0.378616
v 0.045049 0.473048 0.356196
v 0.037350 0.435810 0.365314
v 0.107175 0.458410 0.337925
v 0.112727 0.416863 0.342585
v 0.174885 0.427517 0.355283
v 0.170227 0.460712 0.335797
v 0.203505 0.533386 0.394184
v 0.217513 0.488292 0.427964
v 0.172370 0.576637 0.439658
v 0.037350 0.435810 0.365314
v 0.112727 0.416863 0.342585
v 0.007749 0.466507 0.402028
v 0.017502 0.513063 0.457701
v 0.094167 0.542159 0.489763
v 0.174787 0.534370 0.483102
v 0.217513 0.488292 0.427964
v 0.174885 0.427517 0.355283
v 0.112727 0.416863 0.342585
v 0.006805 -0.948498 0.152247
v 0.043790 -0.948977 0.194352
v 0.002047 -0.875650 0.151649
v 0.040819 -0.876153 0.199798
v 0.016670 -0.948907 0.119440
v 0.010399 -0.876268 0.117892
v 0.044171 -0.877286 0.089402
v 0.040770 -0.948797 0.100371
v 0.093588 -0.948374 0.085421
v 0.099611 -0.880391 0.067461
v 0.160095 -0.883919 0.122147
v 0.141632 -0.949968 0.127361
v 0.147816 -0.881786 0.189985
v 0.133029 -0.950277 0.180293
v 0.086378 -0.949099 0.206565
v 0.089434 -0.877320 0.218480
v 0.043790 -0.948977 0.194352
v 0.040819 -0.876153 0.199798
v 0.026921 -1.038897 0.112321
v 0.085242 -1.036909 0.100279
v 0.130473 -1.038416 0.135169
v 0.124265 -1.039476 0.172615
v 0.082854 -1.039424 0.198693
v 0.043017 -1.039595 0.189816
v 0.020759 -1.075304 0.182401
v 0.043017 -1.039595 0.189816
v 0.003232 -1.063775 0.150784
v 0.006789 -1.038425 0.149887
v 0.018309 -1.076828 0.117107
v 0.074857 -1.090438 0.104063
v 0.131306 -1.080712 0.138719
v 0.126056 -1.081995 0.175108
v 0.020759 -1.075304 0.182401
v 0.074883 -1.090584 0.198280
v 0.007561 -1.019382 0.106514
v -0.003358 -1.003166 0.150185
v 0.010807 -1.019853 0.193058
v 0.071450 -0.436014 0.220913
v 0.047735 -0.488488 0.245016
v 0.002777 -0.436193 0.208913
v -0.032651 -0.488488 0.214346
v 0.206616 -0.050870 0.966103
v 0.201302 -0.053386 0.968496
v 0.194883 -0.053041 0.968313
v 0.176215 -0.076482 1.000506
v 0.167952 -0.078941 1.002527
v 0.159318 -0.078084 1.002155
v 0.051174 -0.282150 0.002047
v 0.089310 0.131549 0.752251
v 0.106940 0.123199 0.745121
v 0.133810 0.147515 0.706503
v 0.135996 0.118213 0.744409
v 0.127955 0.078791 0.777372
v 0.110539 0.079012 0.773204
v 0.093357 0.081794 0.771328
v 0.078321 0.086217 0.774807
v 0.066342 0.092340 0.787016
v 0.086597 0.151378 0.778847
v 0.067807 0.106147 0.805112
v 0.082643 0.117450 0.823704
v 0.102867 0.121840 0.833549
v 0.114860 0.163724 0.797348
v 0.119697 0.122017 0.836269
v 0.134499 0.121198 0.836865
v 0.142951 0.161482 0.796839
v 0.168908 0.148668 0.781441
v 0.169859 0.129872 0.758039
v 0.157298 0.121415 0.747444
v 0.135996 0.118213 0.744409
v 0.148265 0.119559 0.835251
v 0.168132 0.113454 0.826764
v 0.180235 0.103849 0.811226
v 0.178017 0.092891 0.793994
v 0.171262 0.087928 0.786995
v 0.161133 0.084154 0.782306
v 0.146378 0.080882 0.779337
v 0.127955 0.078791 0.777372
v 0.017020 -0.601397 0.185139
v 0.017840 -0.636572 0.183959
v 0.083373 -0.586985 0.195740
v 0.088469 -0.629496 0.203835
v 0.122479 -0.581015 0.173092
v 0.143221 -0.631829 0.183780
v 0.134439 -0.580085 0.124025
v 0.155702 -0.633625 0.121101
v -0.043865 -0.580417 0.150789
v -0.038717 -0.621465 0.151822
v 0.013337 -0.557118 0.186465
v 0.077003 -0.534510 0.199467
v 0.116483 -0.525907 0.174518
v 0.133765 -0.532470 0.117847
v -0.029076 -0.646756 0.147185
v -0.026637 -0.648300 0.113969
v -0.036497 -0.622712 0.109685
v -0.043364 -0.582273 0.110094
v -0.059195 -0.442095 0.104082
v -0.054670 -0.437265 0.166787
v 0.002777 -0.436193 0.208913
v 0.071450 -0.436014 0.220913
v 0.128003 -0.438262 0.191236
v -0.030400 -0.446230 0.051278
v -0.002074 -0.567596 0.065094
v 0.005731 -0.605153 0.069257
v 0.019215 -0.643047 0.078346
v 0.045344 -0.737029 0.075667
v -0.005517 -0.738062 0.114732
v 0.001161 -0.802535 0.116366
v 0.050381 -0.804793 0.076442
v 0.044171 -0.877286 0.089402
v 0.010399 -0.876268 0.117892
v 0.002047 -0.875650 0.151649
v -0.008159 -0.801123 0.147727
v 0.082282 -0.448750 0.024020
v 0.076445 -0.548809 0.049108
v 0.083787 -0.587601 0.062572
v 0.094342 -0.643556 0.061921
v 0.106485 -0.724697 0.041319
v 0.108318 -0.807672 0.040767
v 0.099611 -0.880391 0.067461
v 0.026199 -0.794782 0.200898
v 0.040819 -0.876153 0.199798
v 0.095771 -0.790066 0.243107
v 0.089434 -0.877320 0.218480
v 0.173693 -0.793406 0.207631
v 0.147816 -0.881786 0.189985
v 0.160095 -0.883919 0.122147
v 0.190125 -0.799641 0.107601
v 0.099611 -0.880391 0.067461
v 0.108318 -0.807672 0.040767
v 0.106485 -0.724697 0.041319
v 0.186333 -0.701062 0.109824
v 0.172452 -0.702582 0.205230
v 0.092391 -0.706763 0.239139
v 0.094342 -0.643556 0.061921
v 0.083787 -0.587601 0.062572
v 0.076445 -0.548809 0.049108
v 0.082282 -0.448750 0.024020
v 0.153016 -0.443572 0.111259
v 0.018799 -0.724282 0.197508
v -0.014480 -0.735558 0.145416
v 0.022999 0.547196 0.420903
v 0.035344 0.471466 0.486303
v 0.100510 0.577069 0.440892
v 0.113079 0.509800 0.497972
v 0.172370 0.576637 0.439658
v 0.175073 0.509738 0.484014
v 0.203505 0.533386 0.394184
v 0.201050 0.478908 0.453687
v 0.170227 0.460712 0.335797
v 0.174339 0.418643 0.407145
v 0.164850 0.422447 0.547298
v 0.123493 0.434114 0.559090
v 0.055782 0.411529 0.536334
v 0.064649 0.382156 0.567807
v 0.125244 0.413889 0.584328
v 0.165428 0.397610 0.570895
v 0.194101 0.373265 0.545786
v 0.191003 0.394427 0.526693
v 0.172376 0.357973 0.492405
v 0.175700 0.339631 0.519523
v 0.178283 0.319111 0.536885
v 0.193668 0.356933 0.564273
v 0.167283 0.382269 0.594289
v 0.124145 0.397889 0.610858
v 0.064839 0.361211 0.598690
v 0.057784 0.318744 0.577528
v 0.058446 0.351859 0.544698
v 0.070558 0.301632 0.560439
v 0.123579 0.303754 0.527946
v 0.066750 0.333529 0.527805
v 0.121709 0.330121 0.506706
v 0.059652 0.358390 0.495305
v 0.121513 0.349076 0.483940
v 0.105766 0.403800 0.409115
v 0.047838 0.409038 0.429733
v 0.107175 0.458410 0.337925
v 0.045049 0.473048 0.356196
v 0.027301 0.428430 0.453308
v 0.023607 0.497414 0.378616
v 0.044540 0.378460 0.509590
v -0.103913 -0.054223 0.105529
v -0.110220 -0.089340 0.142850
v -0.036604 -0.045085 0.191626
v -0.034334 -0.077864 0.219507
v 0.057073 -0.045067 0.223302
v 0.060084 -0.072137 0.241813
v 0.192684 -0.047291 0.173369
v 0.206372 -0.079164 0.183747
v 0.239317 -0.051140 0.060233
v 0.261174 -0.092167 0.060635
v 0.261174 -0.093757 0.000000
v 0.241457 -0.052657 0.000000
v -0.110220 -0.089340 0.142850
v -0.034334 -0.077864 0.219507
v 0.060084 -0.072137 0.241813
v 0.206372 -0.079164 0.183747
v 0.261174 -0.092167 0.060635
v 0.261174 -0.093757 0.000000
v 0.107175 0.458410 0.337925
v 0.105766 0.403800 0.409115
v 0.121513 0.349076 0.483940
v 0.121709 0.330121 0.506706
v 0.123579 0.303754 0.527946
v -0.069654 1.127816 -0.020018
v -0.071784 1.127720 -0.020063
v -0.070801 1.126472 -0.019482
v -0.069654 1.127816 -0.020018
v -0.069514 1.127425 -0.022189
v -0.071784 1.127720 -0.020063
v -0.072404 1.127059 -0.022236
v -0.070988 1.122669 -0.020984
v -0.070497 1.118319 -0.026092
v -0.072598 1.126073 -0.027003
v -0.068747 1.126714 -0.026906
v -0.070037 1.125185 -0.038847
v -0.065632 1.125869 -0.038766
v -0.057467 1.124113 -0.060250
v -0.062062 1.123887 -0.060253
v -0.067632 1.116951 -0.039349
v -0.060337 1.116307 -0.060028
v -0.051082 1.113569 -0.074246
v -0.050924 1.118848 -0.075666
v -0.047025 1.118713 -0.075421
v -0.039674 1.112055 -0.082342
v -0.042886 1.111909 -0.082615
v -0.042247 1.109706 -0.081649
v -0.070801 1.126472 0.017717
v -0.071784 1.127720 0.018298
v -0.069654 1.127816 0.018253
v -0.069654 1.127816 0.018253
v -0.071784 1.127720 0.018298
v -0.069514 1.127425 0.020424
v -0.072404 1.127059 0.020471
v -0.070988 1.122669 0.019219
v -0.070497 1.118319 0.024327
v -0.072598 1.126073 0.025238
v -0.068747 1.126714 0.025142
v -0.070037 1.125185 0.037082
v -0.065632 1.125869 0.037001
v -0.057467 1.124113 0.058485
v -0.062062 1.123887 0.058488
v -0.067632 1.116951 0.037584
v -0.060337 1.116307 0.058263
v -0.051082 1.113569 0.072481
v -0.050924 1.118848 0.073901
v -0.047025 1.118713 0.073656
v -0.039674 1.112055 0.080577
v -0.042886 1.111909 0.080850
v -0.042247 1.109706 0.079884
v -0.009524 1.187734 -0.074848
v -0.008647 1.176810 -0.072819
v -0.013554 1.187473 -0.051302
v 0.013052 1.157024 0.108328
v 0.004914 1.144613 0.095913
v -0.002835 1.130582 0.094968
v 0.009449 1.160851 0.098289
v 0.003668 1.156957 0.091168
v 0.023055 1.115266 0.124465
v 0.003912 1.100346 0.095096
v 0.015709 1.072343 0.094122
v 0.088095 0.955579 0.091934
v 0.097974 0.974082 0.088694
v 0.088351 0.974825 0.094789
v 0.080858 0.960925 0.095906
v 0.070289 0.953058 0.098748
v 0.073225 0.930787 0.098611
v 0.052592 0.940393 0.102435
v 0.073425 0.882268 0.105127
v 0.064373 0.881689 0.110820
v 0.057104 0.827856 0.098755
v 0.046120 0.842224 0.105367
v 0.029154 0.795761 0.077824
v 0.020385 0.810806 0.074898
v 0.015235 0.782289 0.054066
v 0.009282 0.798743 0.050789
v 0.006611 0.775011 0.024290
v 0.003407 0.792504 0.023180
v 0.036747 0.964824 0.101165
v 0.033784 0.926826 0.102622
v 0.037713 0.881441 0.109911
v 0.020685 0.838436 0.103813
v -0.000346 0.809876 0.076856
v -0.008533 0.800379 0.054782
v -0.012772 0.796148 0.025731
v -0.013984 0.795041 -0.000882
v 0.001719 0.790551 -0.000882
v 0.003407 0.792504 -0.024945
v -0.023365 0.887165 0.088042
v 0.002612 0.883163 0.099796
v 0.000585 0.923690 0.094041
v -0.008539 0.838545 0.097566
v -0.022407 0.806064 0.081372
v -0.030157 0.792746 0.063049
v -0.034403 0.787907 0.029864
v -0.050717 0.792990 0.067299
v -0.042400 0.811127 0.082933
v -0.031164 0.846357 0.090231
v -0.023528 0.920490 0.082703
v -0.037116 0.890281 0.079692
v -0.047286 0.855436 0.082319
v -0.060369 0.821589 0.079362
v -0.071196 0.803056 0.065973
v -0.056240 0.785591 0.032270
v -0.077213 0.795345 0.031842
v -0.078798 0.794256 -0.000882
v -0.057331 0.784687 -0.000882
v -0.056240 0.785591 -0.034035
v -0.077213 0.795345 -0.033607
v -0.090310 0.823789 -0.000882
v -0.088776 0.825263 0.024517
v -0.083202 0.833039 0.050475
v -0.074145 0.846639 0.062270
v -0.059804 0.870524 0.067580
v -0.040806 0.891359 0.076909
v -0.050971 0.895747 0.066657
v -0.039444 0.917346 0.072099
v -0.049226 0.914685 0.063337
v -0.042664 0.931369 0.067512
v -0.051122 0.924662 0.059642
v -0.083298 0.877313 0.012573
v -0.079526 0.880456 0.028608
v -0.074666 0.885023 0.039073
v -0.066917 0.894145 0.048252
v -0.061304 0.903952 0.052567
v -0.061158 0.910515 0.051687
v -0.062808 0.913503 0.049450
v -0.065455 0.916630 0.045651
v -0.085401 0.892048 0.011894
v -0.081595 0.894397 0.027180
v -0.076199 0.897436 0.036901
v -0.068497 0.901638 0.045357
v -0.063318 0.906208 0.049766
v -0.064503 0.908515 0.049010
v -0.066133 0.909430 0.047526
v -0.069095 0.910514 0.044277
v -0.066082 0.904297 0.042192
v -0.061841 0.906735 0.047174
v -0.063215 0.907062 0.045785
v -0.064540 0.907165 0.044215
v -0.067099 0.907332 0.040792
v -0.073035 0.911645 0.039420
v -0.070557 0.907527 0.035917
v -0.077727 0.912858 0.032869
v -0.074597 0.907680 0.030049
v -0.077618 0.907747 0.025355
v -0.061762 0.908466 0.042028
v -0.060498 0.908357 0.043734
v -0.059332 0.907019 0.045893
v -0.063793 0.903463 0.040895
v -0.072441 0.901899 0.033103
v -0.069608 0.900556 0.031439
v -0.077266 0.900623 0.023910
v -0.073094 0.899407 0.022106
v -0.075609 0.898444 0.009360
v -0.080380 0.899454 0.010340
v -0.076240 0.898125 -0.000882
v -0.081039 0.899039 -0.000882
v -0.086378 0.891387 -0.000882
v -0.085401 0.892048 -0.013659
v -0.080380 0.899454 -0.012105
v -0.077266 0.900623 -0.025675
v -0.075609 0.898444 -0.011125
v -0.084390 0.876472 -0.000882
v -0.083298 0.877313 -0.014338
v -0.079526 0.880456 -0.030373
v -0.081595 0.894397 -0.028945
v -0.076199 0.897436 -0.038665
v -0.072441 0.901899 -0.034868
v -0.066082 0.904297 -0.043957
v -0.068497 0.901638 -0.047122
v -0.063318 0.906208 -0.051531
v -0.061841 0.906735 -0.048939
v -0.063215 0.907062 -0.047550
v -0.088776 0.825263 -0.026281
v -0.083202 0.833039 -0.052240
v -0.074666 0.885023 -0.040838
v -0.066917 0.894145 -0.050017
v -0.061304 0.903952 -0.054332
v -0.061158 0.910515 -0.053452
v -0.064503 0.908515 -0.050775
v -0.074145 0.846639 -0.064035
v -0.059804 0.870524 -0.069345
v -0.050971 0.895747 -0.068422
v -0.049226 0.914685 -0.065102
v -0.062808 0.913503 -0.051215
v -0.051122 0.924662 -0.061407
v -0.065455 0.916630 -0.047416
v -0.055454 0.934631 -0.054640
v -0.069080 0.919928 -0.041781
v -0.060922 0.942607 -0.044677
v -0.073748 0.923070 -0.034240
v -0.066133 0.909430 -0.049290
v -0.069095 0.910514 -0.046042
v -0.073035 0.911645 -0.041185
v -0.077727 0.912858 -0.034634
v -0.081201 0.913683 -0.029305
v -0.077640 0.924267 -0.028377
v -0.084303 0.914381 -0.023990
v -0.081038 0.924763 -0.023084
v -0.085236 0.925285 -0.015171
v -0.088068 0.915016 -0.015656
v -0.064540 0.907165 -0.045980
v -0.067099 0.907332 -0.042557
v -0.070557 0.907527 -0.037682
v -0.074597 0.907680 -0.031814
v -0.077618 0.907747 -0.027120
v -0.080216 0.907875 -0.022154
v -0.067540 0.908405 -0.036089
v -0.071422 0.908101 -0.030500
v -0.074250 0.907880 -0.026017
v -0.076806 0.907768 -0.021007
v -0.083732 0.907847 -0.014496
v -0.079874 0.907499 -0.013671
v -0.082116 0.907177 -0.007348
v -0.086030 0.907545 -0.008025
v -0.082855 0.906693 -0.000882
v -0.086528 0.907142 -0.000882
v -0.086030 0.907545 0.006260
v -0.090243 0.914202 -0.008385
v -0.090523 0.913268 -0.000882
v -0.090243 0.914202 0.006620
v -0.088068 0.915016 0.013891
v -0.083732 0.907847 0.012731
v -0.080216 0.907875 0.020389
v -0.084303 0.914381 0.022225
v -0.081201 0.913683 0.027540
v -0.088374 0.923907 -0.000882
v -0.087751 0.924763 0.006599
v -0.085236 0.925285 0.013406
v -0.081038 0.924763 0.021319
v -0.077640 0.924267 0.026612
v -0.073748 0.923070 0.032475
v -0.069080 0.919928 0.040016
v -0.085873 0.939568 0.007208
v -0.081582 0.938960 0.012978
v -0.076750 0.938574 0.019747
v -0.072066 0.939011 0.025660
v -0.065755 0.948533 0.030663
v -0.060922 0.942607 0.042912
v -0.055454 0.934631 0.052875
v -0.077335 0.953718 0.026107
v -0.069291 0.959363 0.023444
v -0.073908 0.962545 0.018810
v -0.069034 0.961552 0.021873
v -0.068776 0.963742 0.020302
v -0.064334 0.962600 0.028826
v -0.064508 0.960246 0.029003
v -0.064682 0.957893 0.029181
v -0.058446 0.953926 0.045185
v -0.050022 0.945023 0.058606
v -0.056308 0.969114 0.049715
v -0.057710 0.958379 0.046345
v -0.058078 0.956153 0.045765
v -0.049086 0.946857 0.059700
v -0.041089 0.932501 0.068846
v -0.037591 0.917760 0.073488
v -0.038961 0.890820 0.078301
v -0.039513 0.933634 0.070180
v -0.048149 0.948692 0.060793
v -0.042669 0.959332 0.067573
v -0.029461 0.940191 0.077892
v -0.035739 0.918173 0.074877
v 0.018244 0.965479 0.099188
v -0.010216 0.950739 0.089445
v -0.032732 0.978552 0.079797
v -0.054835 0.987398 0.056434
v -0.064113 0.970713 0.028846
v -0.069823 0.968813 0.017818
v 0.018047 0.996685 0.099101
v -0.014889 1.016204 0.092267
v -0.051297 1.018478 0.063912
v -0.064044 0.987712 0.029395
v -0.070975 0.985441 0.015609
v -0.086652 0.970132 0.012151
v -0.090189 0.960759 0.014961
v -0.103506 0.962871 0.009173
v -0.092214 0.952629 0.019130
v -0.103844 0.952137 0.009884
v -0.062136 1.016951 0.028758
v -0.067883 1.017303 0.013379
v -0.082927 0.983989 0.010532
v -0.091010 0.984975 0.005988
v -0.097582 0.972196 0.007518
v -0.106729 0.964627 -0.000882
v -0.107435 0.952344 -0.000882
v -0.101170 0.944909 -0.000882
v -0.098937 0.945542 0.008847
v -0.095921 0.943563 0.008018
v -0.070975 0.985441 -0.017374
v -0.086652 0.970132 -0.013916
v -0.082927 0.983989 -0.012296
v -0.091010 0.984975 -0.007753
v -0.097582 0.972196 -0.009283
v -0.103506 0.962871 -0.010938
v -0.103844 0.952137 -0.011649
v -0.098937 0.945542 -0.010612
v -0.095921 0.943563 -0.009783
v -0.097557 0.942603 -0.000882
v -0.092306 0.941089 -0.000882
v -0.090413 0.944909 -0.016756
v -0.091064 0.946302 -0.019336
v -0.092214 0.952629 -0.020895
v -0.090189 0.960759 -0.016726
v -0.069823 0.968813 -0.019583
v -0.064113 0.970713 -0.030611
v -0.064044 0.987712 -0.031160
v -0.054835 0.987398 -0.058199
v -0.051297 1.018478 -0.065677
v -0.032732 0.978552 -0.081562
v -0.073214 0.942278 -0.027001
v -0.078595 0.944540 -0.026446
v -0.070312 0.952864 -0.027714
v -0.077335 0.953718 -0.027872
v -0.073908 0.962545 -0.020575
v -0.068776 0.963742 -0.022068
v -0.064334 0.962600 -0.030591
v -0.056308 0.969114 -0.051480
v -0.042669 0.959332 -0.069338
v -0.035739 0.918173 -0.076642
v -0.039513 0.933634 -0.071945
v -0.029461 0.940191 -0.079656
v -0.048149 0.948692 -0.062558
v -0.057710 0.958379 -0.048110
v -0.064508 0.960246 -0.030769
v -0.069034 0.961552 -0.023638
v -0.069291 0.959363 -0.025209
v -0.064682 0.957893 -0.030946
v -0.058078 0.956153 -0.047530
v -0.049086 0.946857 -0.061465
v -0.041089 0.932501 -0.070611
v -0.050022 0.945023 -0.060371
v -0.058446 0.953926 -0.046950
v -0.042664 0.931369 -0.069277
v -0.065755 0.948533 -0.032428
v -0.072066 0.939011 -0.027424
v -0.076750 0.938574 -0.021512
v -0.081582 0.938960 -0.014743
v -0.087751 0.924763 -0.008364
v -0.085873 0.939568 -0.008973
v -0.092171 0.943378 -0.008545
v -0.082238 0.955033 -0.010422
v -0.078429 0.943605 -0.017179
v -0.077607 0.941432 -0.021520
v -0.081651 0.943422 -0.021320
v -0.089382 0.946038 -0.014458
v -0.081808 0.946036 -0.017428
v -0.088255 0.939041 -0.000882
v -0.092171 0.943378 0.006780
v -0.090413 0.944909 0.014991
v -0.091064 0.946302 0.017571
v -0.078429 0.943605 0.015414
v -0.082238 0.955033 0.008657
v -0.089382 0.946038 0.012693
v -0.081651 0.943422 0.019555
v -0.078595 0.944540 0.024681
v -0.077607 0.941432 0.019755
v -0.073214 0.942278 0.025237
v -0.070312 0.952864 0.025949
v -0.081808 0.946036 0.015663
v -0.076140 0.888726 -0.000882
v -0.019074 0.873201 -0.000882
v -0.074091 0.889151 -0.016398
v -0.019342 0.877586 -0.032396
v 0.026134 0.889538 -0.033461
v 0.030067 0.884662 -0.000882
v 0.044644 0.887519 -0.035461
v 0.039726 0.882685 -0.000882
v 0.050648 0.883228 -0.035104
v 0.043941 0.880020 -0.000882
v 0.069638 0.883510 -0.000882
v 0.055625 0.886820 -0.043142
v 0.060954 0.891310 -0.048749
v 0.049943 0.898577 -0.046137
v 0.068214 0.898267 -0.048831
v 0.076981 0.907363 -0.032409
v 0.047343 0.892524 -0.042266
v 0.030110 0.902835 -0.041998
v 0.054101 0.907456 -0.045408
v 0.058405 0.917889 -0.032282
v 0.061001 0.921997 -0.014686
v 0.030078 0.933264 -0.010875
v 0.058154 0.923126 -0.000882
v 0.030755 0.933460 -0.000882
v -0.019332 0.936703 -0.000882
v -0.019353 0.936366 -0.010337
v 0.032430 0.913877 -0.041237
v 0.029667 0.927360 -0.029118
v -0.019333 0.929636 -0.033369
v -0.073193 0.916334 -0.029123
v -0.065375 0.915696 -0.041147
v -0.051241 0.908842 -0.055655
v -0.019162 0.917591 -0.054565
v 0.027435 0.895173 -0.039060
v -0.019196 0.903514 -0.056541
v -0.054247 0.897470 -0.051502
v -0.019297 0.895212 -0.052508
v -0.062088 0.893140 -0.041549
v -0.076140 0.888726 -0.000882
v -0.076240 0.898125 -0.000882
v -0.075609 0.898444 -0.011125
v -0.068030 0.890777 -0.031866
v -0.073094 0.899407 -0.023871
v -0.069608 0.900556 -0.033204
v -0.054247 0.897470 -0.051502
v -0.063793 0.903463 -0.042660
v -0.059332 0.907019 -0.047658
v -0.051241 0.908842 -0.055655
v -0.060498 0.908357 -0.045499
v -0.061762 0.908466 -0.043793
v -0.064202 0.908507 -0.040582
v -0.067540 0.908405 -0.036089
v -0.071422 0.908101 -0.030500
v -0.074250 0.907880 -0.026017
v -0.076806 0.907768 -0.021007
v -0.079874 0.907499 -0.013671
v -0.079997 0.916283 -0.008637
v -0.077356 0.916444 -0.017525
v -0.079997 0.916283 -0.008637
v -0.082116 0.907177 -0.007348
v -0.080511 0.916023 -0.000882
v -0.082855 0.906693 -0.000882
v -0.082116 0.907177 0.005583
v -0.079997 0.916283 0.006872
v -0.079874 0.907499 0.011906
v -0.077356 0.916444 0.015760
v -0.073193 0.916334 0.027358
v -0.076806 0.907768 0.019242
v -0.074250 0.907880 0.024252
v -0.051241 0.908842 0.053890
v -0.065375 0.915696 0.039382
v -0.019333 0.929636 0.031604
v -0.019353 0.936366 0.008572
v -0.019332 0.936703 -0.000882
v -0.071422 0.908101 0.028735
v -0.067540 0.908405 0.034324
v -0.064202 0.908507 0.038817
v -0.061762 0.908466 0.042028
v -0.060498 0.908357 0.043734
v -0.059332 0.907019 0.045893
v -0.054247 0.897470 0.049737
v -0.063793 0.903463 0.040895
v -0.069608 0.900556 0.031439
v -0.062088 0.893140 0.039784
v -0.068030 0.890777 0.030101
v -0.073094 0.899407 0.022106
v -0.075609 0.898444 0.009360
v -0.074091 0.889151 0.014633
v -0.019074 0.873201 -0.000882
v -0.019342 0.877586 0.030631
v -0.019297 0.895212 0.050743
v -0.019196 0.903514 0.054776
v -0.019162 0.917591 0.052800
v 0.069638 0.883510 -0.000882
v 0.043941 0.880020 -0.000882
v 0.050648 0.883228 0.033339
v 0.039726 0.882685 -0.000882
v 0.044644 0.887519 0.033696
v 0.030067 0.884662 -0.000882
v 0.026134 0.889538 0.031696
v 0.027435 0.895173 0.037295
v 0.030110 0.902835 0.040233
v 0.032430 0.913877 0.039472
v 0.029667 0.927360 0.027353
v 0.055625 0.886820 0.041377
v 0.047343 0.892524 0.040501
v 0.049943 0.898577 0.044372
v 0.060954 0.891310 0.046984
v 0.068214 0.898267 0.047066
v 0.076981 0.907363 0.030644
v 0.081058 0.911721 -0.000882
v 0.073338 0.914821 0.010295
v 0.061001 0.921997 0.012921
v 0.058405 0.917889 0.030517
v 0.030078 0.933264 0.009110
v 0.054101 0.907456 0.043643
v 0.067799 0.910373 0.001948
v 0.069658 0.914246 -0.000882
v 0.068569 0.914425 0.002066
v 0.081058 0.911721 -0.000882
v 0.070627 0.916846 0.005292
v 0.065294 0.918820 0.006523
v 0.058154 0.923126 -0.000882
v 0.030755 0.933460 -0.000882
v 0.063131 0.915890 -0.000882
v 0.065117 0.915229 0.002409
v 0.063880 0.911061 0.002200
v 0.066747 0.905263 0.003342
v 0.061935 0.906009 0.003307
v 0.065106 0.900913 0.002269
v 0.061511 0.901507 0.002477
v 0.061561 0.911348 -0.000882
v 0.059171 0.906341 -0.000882
v 0.059445 0.901816 -0.000882
v 0.062524 0.899495 -0.000882
v 0.066256 0.900714 -0.000882
v 0.068275 0.904966 -0.000882
v 0.068951 0.910090 -0.000882
v -0.009423 1.173153 -0.075465
v -0.008647 1.176810 -0.072819
v -0.004897 1.177421 -0.084039
v -0.009524 1.187734 -0.074848
v 0.000788 1.142815 -0.108282
v -0.004335 1.137304 -0.094593
v -0.004897 1.177421 -0.084039
v -0.009423 1.173153 -0.075465
v 0.000788 1.142815 -0.108282
v 0.007603 1.112744 -0.107631
v -0.004335 1.137304 -0.094593
v 0.005191 1.095970 -0.097126
v 0.007603 1.112744 -0.107631
v 0.016497 1.094099 -0.104147
v 0.005191 1.095970 -0.097126
v 0.013404 1.090881 -0.096103
v -0.054590 0.878595 -0.018077
v -0.047455 0.880298 -0.027883
v -0.054132 0.894419 -0.035308
v -0.034499 0.880722 -0.031714
v -0.038223 0.896819 -0.040010
v -0.039679 0.896198 -0.045309
v -0.055584 0.893839 -0.037523
v -0.065848 0.892346 -0.026389
v -0.064444 0.893303 -0.025567
v -0.071556 0.891998 -0.013664
v -0.070263 0.893082 -0.013140
v -0.073777 0.890569 -0.000882
v -0.072541 0.891619 -0.000882
v -0.059015 0.877732 -0.008807
v -0.066588 0.873336 -0.012002
v -0.061157 0.874785 -0.023060
v -0.050570 0.876911 -0.032724
v -0.036852 0.879818 -0.041295
v -0.021528 0.882996 -0.044598
v -0.021627 0.897769 -0.048446
v 0.009518 0.888823 -0.047164
v 0.012936 0.900879 -0.051208
v -0.021072 0.898775 -0.041129
v 0.013437 0.902156 -0.040997
v -0.020749 0.883381 -0.032062
v 0.011358 0.889314 -0.033175
v 0.080158 0.964285 0.105335
v 0.055504 0.958443 0.103714
v 0.057619 0.958216 0.108735
v 0.051212 0.978904 0.107097
v 0.058243 0.981437 0.110280
v 0.061480 0.963433 0.112250
v 0.073567 0.955152 0.112852
v 0.069766 0.957591 0.104028
v 0.046168 0.978403 0.103726
v 0.054004 0.956428 0.101661
v 0.040775 0.978354 0.101762
v 0.043354 0.995090 0.102721
v 0.040724 1.001748 0.101884
v 0.033694 0.990079 0.101440
v 0.026303 0.989464 0.100648
v 0.015631 1.010635 0.098961
v 0.016278 1.028515 0.098003
v -0.008469 1.036700 0.092528
v 0.017320 1.053766 0.095629
v -0.008094 1.050790 0.090226
v -0.009754 1.067641 0.088612
v 0.015709 1.072343 0.094122
v -0.016336 1.086473 0.088329
v 0.003912 1.100346 0.095096
v -0.031238 1.107078 0.085123
v -0.002835 1.130582 0.094968
v -0.016259 1.143686 0.086364
v 0.004914 1.144613 0.095913
v 0.003668 1.156957 0.091168
v -0.047047 1.118846 0.073243
v -0.040802 1.091274 0.071030
v -0.030466 1.075659 0.076620
v -0.026297 1.063143 0.078147
v -0.026513 1.053468 0.079058
v -0.030312 1.041961 0.080660
v -0.047832 1.032935 0.062729
v -0.032885 1.072065 0.073046
v -0.029018 1.061642 0.074083
v -0.029859 1.055494 0.073818
v -0.035000 1.047652 0.071235
v -0.046018 1.039905 0.058711
v -0.059348 1.030945 0.026947
v -0.063571 1.042067 0.010912
v -0.077741 1.016737 0.008589
v -0.032439 1.060098 0.070540
v -0.032391 1.058343 0.070252
v -0.038329 1.054718 0.067732
v -0.052005 1.050484 0.057196
v -0.058418 1.050102 0.029444
v -0.055440 1.039750 0.028309
v -0.054561 1.050066 0.015495
v -0.054227 1.054130 0.017158
v -0.038976 1.056594 0.067189
v -0.032617 1.058743 0.069752
v -0.033074 1.059808 0.070023
v -0.039636 1.064524 0.069309
v 0.024237 1.060472 0.038625
v -0.052726 1.052920 0.057060
v -0.059115 1.051942 0.029732
v -0.054139 1.054770 0.017719
v -0.055050 1.057394 0.016520
v -0.054971 1.057122 0.017735
v -0.058965 1.064082 0.021528
v -0.061724 1.071762 0.029621
v -0.058994 1.066262 0.019646
v -0.061984 1.075641 0.028304
v -0.061091 1.076435 0.043294
v -0.055651 1.075450 0.057510
v -0.048361 1.071074 0.065205
v -0.047285 1.074653 0.066366
v -0.055049 1.079961 0.058058
v -0.061107 1.081161 0.043107
v -0.059268 1.089937 0.023836
v -0.055157 1.058459 0.012808
v -0.062319 1.058306 0.009060
v -0.074593 1.041847 0.007285
v -0.082860 1.016939 0.004532
v -0.094333 0.982151 -0.000882
v -0.099731 0.973862 -0.000882
v -0.077741 1.016737 -0.010354
v -0.082860 1.016939 -0.006297
v -0.084190 1.017055 -0.000882
v -0.079135 1.041943 0.004022
v -0.071596 1.058853 0.006423
v -0.061730 1.076074 0.010720
v -0.057068 1.073914 0.014245
v -0.067420 1.076742 0.007619
v -0.063077 1.094373 0.018204
v -0.058719 1.102671 0.041453
v -0.057842 1.096937 0.041176
v -0.051062 1.099750 0.059715
v -0.051247 1.094187 0.057934
v -0.042343 1.086119 0.068409
v -0.038161 1.066255 0.070304
v -0.059152 1.124550 0.053551
v -0.065662 1.125224 0.034148
v -0.068143 1.093515 0.010798
v -0.069144 1.124867 0.020423
v -0.070620 1.093208 0.005682
v -0.070943 1.124446 0.010327
v -0.030047 1.155106 0.067027
v -0.039446 1.160776 0.043845
v -0.044262 1.162716 0.025379
v -0.046362 1.163426 0.011983
v -0.047133 1.163671 -0.000882
v -0.071657 1.124224 -0.000882
v -0.070943 1.124446 -0.012091
v -0.046362 1.163426 -0.013748
v -0.044262 1.162716 -0.027144
v -0.027021 1.184941 -0.029362
v -0.010290 1.174673 0.070627
v -0.017087 1.183592 0.049178
v -0.022677 1.187388 0.031600
v -0.031516 1.183467 0.013820
v -0.031191 1.183279 0.006469
v -0.030632 1.183243 -0.000885
v -0.028612 1.184510 -0.018644
v -0.020833 1.188988 -0.029833
v -0.021292 1.180764 -0.050535
v -0.013554 1.187473 -0.051302
v -0.009423 1.173153 -0.075465
v -0.008647 1.176810 -0.072819
v -0.039446 1.160776 -0.045610
v -0.030047 1.155106 -0.068792
v -0.016093 1.143019 -0.088259
v -0.004335 1.137304 -0.094593
v -0.031238 1.107078 -0.086888
v 0.005191 1.095970 -0.097126
v -0.016336 1.086473 -0.090094
v -0.040802 1.091274 -0.072794
v -0.030466 1.075659 -0.078385
v -0.042343 1.086119 -0.070174
v -0.032885 1.072065 -0.074811
v -0.026297 1.063143 -0.079912
v -0.047047 1.118846 -0.075008
v -0.059152 1.124550 -0.055316
v -0.065662 1.125224 -0.035913
v -0.069144 1.124867 -0.022188
v -0.070620 1.093208 -0.007447
v -0.071701 1.093179 -0.000882
v -0.058719 1.102671 -0.043218
v -0.063077 1.094373 -0.019969
v -0.068143 1.093515 -0.012563
v -0.070254 1.076841 -0.005829
v -0.071228 1.076869 -0.000882
v -0.075657 1.059129 -0.005216
v -0.077053 1.059217 -0.000882
v -0.075657 1.059129 0.003451
v -0.067420 1.076742 -0.009384
v -0.071596 1.058853 -0.008188
v -0.061730 1.076074 -0.012485
v -0.057068 1.073914 -0.016010
v -0.059268 1.089937 -0.025601
v -0.057842 1.096937 -0.042941
v -0.061107 1.081161 -0.044872
v -0.061984 1.075641 -0.030069
v -0.061091 1.076435 -0.045059
v -0.061724 1.071762 -0.031385
v -0.058965 1.064082 -0.023293
v -0.058994 1.066262 -0.021410
v -0.051062 1.099750 -0.061480
v -0.051247 1.094187 -0.059699
v -0.055049 1.079961 -0.059822
v -0.055651 1.075450 -0.059275
v 0.024237 1.060472 -0.040390
v -0.054971 1.057122 -0.019500
v -0.055050 1.057394 -0.018285
v -0.047285 1.074653 -0.068131
v -0.048361 1.071074 -0.066970
v -0.039636 1.064524 -0.071074
v -0.038161 1.066255 -0.072068
v -0.032439 1.060098 -0.072305
v -0.033074 1.059808 -0.071788
v -0.032617 1.058743 -0.071517
v -0.032391 1.058343 -0.072017
v -0.038976 1.056594 -0.068954
v -0.038329 1.054718 -0.069497
v -0.052726 1.052920 -0.058825
v -0.052005 1.050484 -0.058961
v -0.058418 1.050102 -0.031209
v -0.059115 1.051942 -0.031497
v -0.029018 1.061642 -0.075848
v -0.029859 1.055494 -0.075583
v -0.035000 1.047652 -0.073000
v -0.046018 1.039905 -0.060476
v -0.055440 1.039750 -0.030074
v -0.059348 1.030945 -0.028712
v -0.063571 1.042067 -0.012677
v -0.054561 1.050066 -0.017260
v -0.054227 1.054130 -0.018923
v -0.026513 1.053468 -0.080823
v -0.030312 1.041961 -0.082425
v -0.047832 1.032935 -0.064494
v -0.062136 1.016951 -0.030523
v -0.067883 1.017303 -0.015144
v -0.009754 1.067641 -0.090377
v -0.008094 1.050790 -0.091991
v -0.008469 1.036700 -0.094293
v -0.014889 1.016204 -0.094032
v 0.013404 1.090881 -0.096103
v 0.011898 1.071036 -0.096273
v 0.015676 1.048627 -0.097961
v 0.016278 1.028515 -0.099767
v 0.015631 1.010635 -0.100726
v 0.018047 0.996685 -0.100865
v 0.016275 0.966636 -0.100660
v 0.026303 0.989464 -0.102413
v 0.036747 0.964824 -0.102930
v 0.033694 0.990079 -0.103205
v -0.010216 0.950739 -0.091210
v 0.000585 0.923690 -0.095806
v 0.033784 0.926826 -0.104387
v 0.053608 0.938826 -0.104281
v 0.054004 0.956428 -0.103426
v 0.040775 0.978354 -0.103526
v 0.046168 0.978403 -0.105491
v 0.043354 0.995090 -0.104486
v 0.040724 1.001748 -0.103650
v -0.023528 0.920490 -0.084468
v -0.023365 0.887165 -0.089807
v 0.002612 0.883163 -0.101561
v 0.037713 0.881441 -0.111676
v 0.064373 0.881689 -0.112585
v 0.020685 0.838436 -0.105578
v 0.046120 0.842224 -0.107132
v -0.000346 0.809876 -0.078621
v 0.020385 0.810806 -0.076663
v -0.037116 0.890281 -0.081457
v -0.047286 0.855436 -0.084084
v -0.031164 0.846357 -0.091996
v -0.008539 0.838545 -0.099331
v -0.022407 0.806064 -0.083137
v -0.008533 0.800379 -0.056547
v 0.009282 0.798743 -0.052554
v -0.030157 0.792746 -0.064814
v -0.042400 0.811127 -0.084697
v -0.060369 0.821589 -0.081127
v -0.040806 0.891359 -0.078674
v -0.039444 0.917346 -0.073864
v -0.037591 0.917760 -0.075253
v -0.038961 0.890820 -0.080066
v 0.023055 1.115266 0.124465
v 0.013052 1.157024 0.108328
v 0.003912 1.100346 0.095096
v -0.002835 1.130582 0.094968
v -0.054139 1.054770 -0.019484
v -0.055157 1.058459 -0.014573
v -0.062319 1.058306 -0.010825
v -0.074593 1.041847 -0.009050
v -0.079135 1.041943 -0.005787
v -0.080751 1.041959 -0.000882
v 0.010716 0.722651 0.060257
v 0.022808 0.728109 0.081590
v 0.031966 0.770952 0.079294
v 0.049797 0.735386 0.107971
v 0.017281 0.762111 0.057494
v 0.006314 0.755281 0.025771
v 0.001031 0.713097 0.025476
v 0.003014 0.753279 -0.000882
v 0.004081 0.773061 -0.000882
v 0.006611 0.775011 0.024290
v 0.015235 0.782289 0.054066
v 0.029154 0.795761 0.077824
v 0.057104 0.827856 0.098755
v 0.057740 0.786316 0.097743
v 0.092916 0.745812 0.122695
v -0.000857 0.709037 -0.000882
v 0.001031 0.713097 -0.027240
v 0.006314 0.755281 -0.027536
v 0.006611 0.775011 -0.026055
v 0.017281 0.762111 -0.059259
v 0.015235 0.782289 -0.055831
v 0.031966 0.770952 -0.081059
v 0.029154 0.795761 -0.079589
v 0.057104 0.827856 -0.100520
v 0.057740 0.786316 -0.099508
v 0.049797 0.735386 -0.109736
v 0.022808 0.728109 -0.083355
v 0.010716 0.722651 -0.062022
v 0.097974 0.974082 -0.090459
v 0.098794 0.956316 -0.088166
v 0.088095 0.955579 -0.093699
v 0.087455 0.931303 -0.093267
v 0.073225 0.930787 -0.100376
v 0.081770 0.884058 -0.099537
v 0.073425 0.882268 -0.106892
v 0.084286 0.843414 -0.101193
v 0.091426 0.798487 -0.106408
v 0.092916 0.745812 -0.124460
v 0.123792 0.752196 -0.123614
v 0.117106 0.803150 -0.103774
v 0.106353 0.845876 -0.095161
v 0.099112 0.885666 -0.091444
v 0.102767 0.932484 -0.085360
v 0.112011 0.966343 -0.083029
v 0.118508 0.933234 -0.076403
v 0.118609 0.885972 -0.081727
v 0.135015 0.934002 -0.064053
v 0.137360 0.886206 -0.068598
v 0.126323 0.846991 -0.086274
v 0.144290 0.847817 -0.072798
v 0.155119 0.808380 -0.084108
v 0.137109 0.805897 -0.096827
v -0.080511 0.916023 -0.000882
v -0.071196 0.803056 -0.067738
v -0.050717 0.792990 -0.069064
v -0.034403 0.787907 -0.031629
v -0.035331 0.787214 -0.000882
v -0.012772 0.796148 -0.027496
v 0.073225 0.930787 -0.100376
v 0.073425 0.882268 -0.106892
v 0.057104 0.827856 -0.100520
v 0.029154 0.795761 -0.079589
v 0.015235 0.782289 -0.055831
v 0.006611 0.775011 -0.026055
v 0.004081 0.773061 -0.000882
v 0.070289 0.953058 -0.100513
v 0.088095 0.955579 -0.093699
v 0.080858 0.960925 -0.097671
v 0.069766 0.957591 -0.105793
v 0.055504 0.958443 -0.105479
v 0.057619 0.958216 -0.110500
v 0.051212 0.978904 -0.108862
v 0.058243 0.981437 -0.112045
v 0.061480 0.963433 -0.114015
v 0.073567 0.955152 -0.114617
v 0.080158 0.964285 -0.107100
v 0.088351 0.974825 -0.096554
v 0.097974 0.974082 -0.090459
v -0.017087 1.183592 0.049178
v -0.010290 1.174673 0.070627
v -0.008927 1.195300 0.061077
v -0.012757 1.188214 0.084132
v 0.009449 1.160851 0.098289
v 0.003668 1.156957 0.091168
v -0.040617 1.199071 0.008088
v -0.037124 1.198160 -0.011876
v -0.031191 1.183279 0.006469
v -0.030632 1.183243 -0.000885
v -0.028612 1.184510 -0.018644
v -0.020833 1.188988 -0.029833
v -0.021627 0.897769 0.046682
v 0.012936 0.900879 0.049444
v -0.021072 0.898775 0.039364
v 0.013437 0.902156 0.039232
v -0.020749 0.883381 0.030297
v 0.011358 0.889314 0.031410
v -0.039679 0.896198 0.043544
v -0.038223 0.896819 0.038245
v -0.054132 0.894419 0.033544
v -0.055584 0.893839 0.035759
v -0.065848 0.892346 0.024624
v -0.064444 0.893303 0.023802
v -0.071556 0.891998 0.011899
v 0.009518 0.888823 0.045399
v -0.021528 0.882996 0.042833
v -0.036852 0.879818 0.039531
v -0.050570 0.876911 0.030959
v -0.061157 0.874785 0.021295
v -0.066588 0.873336 0.010237
v -0.067903 0.872876 -0.000882
v -0.061701 0.877732 -0.000882
v -0.059015 0.877732 0.007043
v -0.070263 0.893082 0.011375
v -0.054590 0.878595 0.016312
v -0.047455 0.880298 0.026118
v -0.034499 0.880722 0.029949
v -0.031191 1.183279 0.006469
v -0.031516 1.183467 0.013820
v -0.040617 1.199071 0.008088
v -0.040090 1.199494 0.021180
v -0.022677 1.187388 0.031600
v -0.026396 1.195747 0.035998
v -0.017087 1.183592 0.049178
v -0.008927 1.195300 0.061077
v 0.137109 0.805897 0.095062
v 0.126323 0.846991 0.084509
v 0.117106 0.803150 0.102009
v 0.106353 0.845876 0.093396
v 0.118609 0.885972 0.079962
v 0.099112 0.885666 0.089679
v 0.102767 0.932484 0.083595
v 0.155119 0.808380 0.082343
v 0.144290 0.847817 0.071033
v 0.137360 0.886206 0.066833
v 0.135015 0.934002 0.062288
v 0.118508 0.933234 0.074638
v 0.112011 0.966343 0.081264
v 0.098794 0.956316 0.086401
v 0.087455 0.931303 0.091502
v 0.081770 0.884058 0.097772
v 0.084286 0.843414 0.099428
v 0.091426 0.798487 0.104643
v 0.123792 0.752196 0.121849
v 0.073425 0.882268 0.105127
v 0.073225 0.930787 0.098611
v 0.088095 0.955579 0.091934
v 0.097974 0.974082 0.088694
v -0.074979 0.904927 -0.018173
v -0.076213 0.903722 -0.000882
v -0.077215 0.904586 -0.000882
v -0.074979 0.904927 0.016408
v -0.073657 0.903958 0.015444
v -0.067513 0.922895 0.009935
v -0.068724 0.921922 -0.000882
v -0.060997 0.922529 0.023137
v -0.066840 0.906592 0.029028
v -0.067956 0.907203 0.030130
v -0.057279 0.908381 0.040843
v -0.055834 0.908018 0.038270
v -0.052033 0.922664 0.032847
v -0.075820 0.929136 0.014468
v -0.068124 0.928372 0.029392
v -0.057775 0.927983 0.041142
v -0.042403 0.925764 0.052284
v -0.042916 0.909413 0.048894
v -0.026965 0.912037 0.052694
v -0.026073 0.925086 0.056635
v -0.003102 0.916822 0.052597
v -0.001693 0.926726 0.055544
v -0.038972 0.924352 0.038187
v -0.041446 0.909590 0.042212
v -0.026400 0.911204 0.042401
v -0.003111 0.915833 0.041237
v -0.000966 0.926654 0.038242
v -0.024613 0.925040 0.039182
v 0.066747 0.905263 -0.005107
v 0.067799 0.910373 -0.003712
v 0.068951 0.910090 -0.000882
v 0.069658 0.914246 -0.000882
v 0.068569 0.914425 -0.003831
v 0.081058 0.911721 -0.000882
v 0.070627 0.916846 -0.007057
v 0.073338 0.914821 -0.012060
v 0.068275 0.904966 -0.000882
v 0.065106 0.900913 -0.004034
v 0.066256 0.900714 -0.000882
v 0.062524 0.899495 -0.000882
v 0.061511 0.901507 -0.004242
v 0.061935 0.906009 -0.005072
v 0.063880 0.911061 -0.003965
v 0.065117 0.915229 -0.004174
v 0.065294 0.918820 -0.008288
v 0.081058 0.911721 -0.000882
v 0.063131 0.915890 -0.000882
v 0.061561 0.911348 -0.000882
v 0.059171 0.906341 -0.000882
v 0.059445 0.901816 -0.000882
v 0.062524 0.899495 -0.000882
v -0.064110 0.884316 -0.000882
v -0.054023 0.884650 -0.020441
v -0.054385 0.883299 -0.000882
v -0.039772 0.885960 -0.024009
v -0.039227 0.888618 -0.033243
v -0.053631 0.887035 -0.028419
v -0.064073 0.885345 -0.011364
v -0.054023 0.884650 0.018676
v -0.064073 0.885345 0.009599
v -0.053631 0.887035 0.026654
v -0.064135 0.887257 0.014109
v -0.067732 0.887989 -0.000882
v -0.064135 0.887257 -0.015874
v -0.053606 0.889565 -0.030126
v -0.039258 0.891230 -0.034850
v -0.014426 0.894123 -0.037676
v -0.039475 0.894901 -0.032493
v -0.064264 0.891284 0.013744
v -0.064406 0.892758 0.009042
v -0.064577 0.893476 -0.000882
v -0.064406 0.892758 -0.010807
v -0.064264 0.891284 -0.015509
v -0.064090 0.889063 -0.016927
v -0.054442 0.894885 -0.020537
v -0.053971 0.892835 -0.028073
v -0.039486 0.897317 -0.024087
v -0.054823 0.895631 -0.000882
v -0.040139 0.897550 -0.000882
v -0.039486 0.897317 0.022322
v -0.054442 0.894885 0.018772
v -0.039475 0.894901 0.030728
v -0.053971 0.892835 0.026309
v -0.039258 0.891230 0.033085
v -0.013642 0.898116 -0.035139
v -0.013033 0.900944 -0.025959
v -0.013870 0.900676 -0.000882
v -0.013033 0.900944 0.024195
v -0.013642 0.898116 0.033374
v -0.014426 0.894123 0.035911
v -0.039227 0.888618 0.031479
v -0.053606 0.889565 0.028361
v -0.014801 0.891293 -0.035841
v 0.002482 0.893896 -0.038551
v 0.005683 0.898036 -0.036448
v 0.008145 0.901802 -0.026958
v 0.007557 0.901408 -0.000882
v 0.008145 0.901802 0.025193
v 0.005683 0.898036 0.034683
v 0.002482 0.893896 0.036786
v 0.007740 0.890232 -0.038007
v 0.016815 0.892831 -0.036832
v 0.023585 0.896346 -0.026815
v 0.023794 0.896080 -0.000882
v 0.023585 0.896346 0.025050
v 0.016815 0.892831 0.035067
v 0.007740 0.890232 0.036242
v -0.000289 0.890400 0.034436
v -0.014801 0.891293 0.034076
v -0.015917 0.888245 0.024209
v 0.037620 0.880203 0.023247
v 0.038896 0.879349 -0.000882
v 0.037620 0.880203 -0.025012
v 0.027387 0.881477 -0.035570
v 0.012633 0.880928 -0.038853
v 0.001093 0.879471 -0.037089
v -0.000289 0.890400 -0.036201
v -0.005557 0.886104 -0.026675
v -0.007954 0.876983 -0.027728
v -0.014335 0.874130 -0.000882
v -0.005557 0.886104 0.024910
v -0.017333 0.886497 -0.000882
v -0.010559 0.884095 -0.000882
v -0.007954 0.876983 0.025963
v 0.001093 0.879471 0.035324
v 0.012633 0.880928 0.037088
v 0.027387 0.881477 0.033805
v -0.070254 1.076841 0.004064
v 0.033694 0.990079 -0.103205
v 0.026386 0.995128 -0.103713
v 0.040724 1.001748 -0.103650
v 0.027967 1.007641 -0.104786
v 0.046881 1.017698 -0.103172
v 0.031216 1.023952 -0.106273
v 0.016278 1.028515 -0.099767
v 0.015631 1.010635 -0.100726
v 0.018047 0.996685 -0.100865
v 0.026303 0.989464 -0.102413
v 0.033694 0.990079 0.101440
v 0.040724 1.001748 0.101884
v 0.026386 0.995128 0.101948
v 0.027967 1.007641 0.103021
v 0.046881 1.017698 0.101407
v 0.031216 1.023952 0.104508
v 0.016278 1.028515 0.098003
v 0.015631 1.010635 0.098961
v 0.018047 0.996685 0.099101
v 0.026303 0.989464 0.100648
v -0.057279 0.908381 -0.042607
v -0.042916 0.909413 -0.050659
v -0.041446 0.909590 -0.043977
v -0.026965 0.912037 -0.054459
v -0.026400 0.911204 -0.044166
v -0.003102 0.916822 -0.054362
v -0.003111 0.915833 -0.043002
v -0.000966 0.926654 -0.040007
v -0.024613 0.925040 -0.040947
v -0.038972 0.924352 -0.039951
v -0.001693 0.926726 -0.057309
v -0.026073 0.925086 -0.058400
v -0.042403 0.925764 -0.054049
v -0.057775 0.927983 -0.042906
v -0.068124 0.928372 -0.031157
v -0.067956 0.907203 -0.031895
v -0.075820 0.929136 -0.016233
v -0.077954 0.928659 -0.000882
v -0.073657 0.903958 -0.017209
v -0.066840 0.906592 -0.030793
v -0.055834 0.908018 -0.040034
v -0.052033 0.922664 -0.034612
v -0.060997 0.922529 -0.024901
v -0.067513 0.922895 -0.011700
v -0.082116 0.907177 0.005583
v -0.079874 0.907499 0.011906
v -0.076806 0.907768 0.019242
v -0.074250 0.907880 0.024252
v -0.071422 0.908101 0.028735
v -0.067540 0.908405 0.034324
v -0.064202 0.908507 0.038817
v -0.073094 0.899407 -0.023871
v -0.069608 0.900556 -0.033204
v -0.063793 0.903463 -0.042660
v -0.059332 0.907019 -0.047658
v -0.060498 0.908357 -0.045499
v -0.061762 0.908466 -0.043793
v -0.064202 0.908507 -0.040582
v -0.015917 0.888245 -0.025974
v -0.040368 0.884431 -0.000882
v -0.039772 0.885960 0.022244
v -0.064090 0.889063 0.015162
v 0.008789 0.717310 -0.081585
v -0.016954 0.700723 -0.056911
v -0.018188 0.691715 -0.025205
v -0.014484 0.686607 -0.000882
v -0.018188 0.691715 0.023440
v -0.016954 0.700723 0.055146
v 0.008789 0.717310 0.079820
v -0.040382 0.677651 -0.000882
v 0.124430 0.958375 0.072510
v 0.129429 0.952065 0.069302
v 0.134362 0.947018 0.065452
v 0.158122 0.928147 0.027757
v 0.157426 0.885984 0.037281
v 0.167258 0.886157 -0.000882
v 0.166624 0.923142 -0.000882
v 0.158122 0.928147 -0.029522
v 0.157426 0.885984 -0.039046
v 0.163260 0.847799 0.040350
v 0.172818 0.847959 -0.000882
v 0.163260 0.847799 -0.042115
v 0.134362 0.947018 -0.067217
v 0.129429 0.952065 -0.071067
v 0.124430 0.958375 -0.074275
v 0.175764 0.810935 0.048047
v 0.186063 0.812201 -0.000882
v 0.175764 0.810935 -0.049812
v 0.153896 0.752527 -0.115819
v 0.178642 0.752858 -0.098644
v 0.199645 0.749241 -0.064512
v 0.210911 0.746719 -0.000882
v 0.199645 0.749241 0.062747
v 0.178642 0.752858 0.096879
v 0.153896 0.752527 0.114054
v 0.088200 1.040699 0.104423
v 0.096635 1.016784 0.096233
v 0.128089 1.014466 0.094011
v 0.018964 1.058905 -0.096827
v 0.019520 1.073649 -0.095501
v 0.021115 1.068360 -0.105627
v 0.176902 1.005708 -0.054280
v 0.162292 1.012028 -0.079788
v 0.172442 1.025084 -0.075690
v 0.136844 1.040467 -0.101898
v 0.144270 1.053077 -0.099995
v 0.093610 1.072272 -0.117474
v 0.091688 1.057281 -0.117638
v 0.056953 1.077203 -0.124126
v 0.057861 1.061370 -0.121660
v 0.032808 1.078157 -0.118255
v 0.035175 1.063957 -0.117057
v 0.162672 0.982526 -0.065975
v 0.150251 0.995748 -0.080829
v 0.126501 1.009656 -0.094179
v 0.085994 1.030180 -0.102292
v 0.061330 1.036038 -0.105958
v 0.035199 1.041627 -0.108679
v 0.015676 1.048627 -0.097961
v 0.018964 1.058905 -0.096827
v 0.178180 0.984702 -0.033020
v 0.165836 0.965988 -0.049968
v 0.166047 0.946215 -0.036603
v 0.176982 0.948236 -0.000882
v 0.158122 0.928147 -0.029522
v 0.166624 0.923142 -0.000882
v 0.021949 1.119727 -0.117496
v 0.014254 1.150923 -0.121449
v 0.055671 1.154948 -0.125810
v 0.054228 1.124433 -0.123778
v 0.106415 1.148870 -0.115741
v 0.103012 1.121168 -0.119574
v 0.167505 1.133297 -0.086713
v 0.162656 1.097382 -0.096984
v 0.207360 1.093939 -0.054176
v 0.196731 1.068473 -0.069774
v 0.208658 1.058695 -0.028254
v 0.200813 1.046137 -0.047263
v 0.194727 1.018388 -0.023539
v 0.181106 0.982694 -0.000882
v 0.192605 1.013170 -0.000882
v -0.007239 1.203574 0.068179
v -0.002424 1.200077 0.093743
v 0.051517 1.196755 0.098159
v 0.046707 1.197574 0.063041
v 0.112705 1.179890 0.082156
v 0.111909 1.188001 0.052804
v 0.178984 1.157693 0.059565
v 0.185664 1.162601 0.037242
v 0.207554 1.107598 0.030345
v 0.211725 1.118938 0.020568
v 0.212382 1.070284 0.026859
v 0.218377 1.083668 0.008700
v 0.200250 1.044520 0.011206
v 0.212475 1.067305 -0.010459
v 0.192605 1.013170 -0.000882
v 0.208274 1.097128 0.047497
v 0.170850 1.133428 0.082122
v 0.106453 1.149143 0.109593
v 0.056212 1.154037 0.118557
v 0.013052 1.157024 0.108328
v 0.097974 0.974082 0.088694
v 0.112011 0.966343 0.081264
v 0.109405 0.981052 0.085983
v 0.088351 0.974825 0.094789
v 0.095089 0.989863 0.094180
v 0.098313 0.998622 0.093744
v 0.109405 0.981052 0.085983
v 0.096635 1.016784 0.096233
v 0.128089 1.014466 0.094011
v 0.151752 0.997538 0.079264
v 0.130988 0.967163 0.076017
v 0.112011 0.966343 0.081264
v 0.124430 0.958375 0.072510
v 0.138812 0.960348 0.070159
v 0.129429 0.952065 0.069302
v 0.144357 0.953070 0.063644
v 0.134362 0.947018 0.065452
v 0.158122 0.928147 0.027757
v 0.166047 0.946215 0.034838
v 0.165836 0.965988 0.048203
v 0.162672 0.982526 0.064210
v 0.130988 0.967163 -0.077782
v 0.150251 0.995748 -0.080829
v 0.162672 0.982526 -0.065975
v 0.126501 1.009656 -0.094179
v 0.109405 0.981052 -0.087748
v 0.112011 0.966343 -0.083029
v 0.124430 0.958375 -0.074275
v 0.138812 0.960348 -0.071924
v 0.129429 0.952065 -0.071067
v 0.144357 0.953070 -0.065408
v 0.134362 0.947018 -0.067217
v 0.158122 0.928147 -0.029522
v 0.166047 0.946215 -0.036603
v 0.165836 0.965988 -0.049968
v 0.098313 0.998622 -0.095509
v 0.096635 1.016784 -0.097998
v 0.085994 1.030180 -0.102292
v 0.109405 0.981052 -0.087748
v 0.188082 1.163804 -0.031230
v 0.214048 1.103860 -0.002763
v 0.183220 1.156389 -0.055537
v 0.209498 1.112061 -0.030453
v -0.035610 1.238258 -0.009417
v -0.020603 1.217296 -0.030213
v -0.042033 1.218773 -0.011024
v -0.020131 1.206766 -0.030406
v -0.020480 1.197928 -0.030121
v -0.042022 1.219447 0.011286
v -0.033917 1.234232 0.014436
v 0.001668 1.244195 -0.010443
v 0.012564 1.234902 0.003711
v 0.116503 1.212905 -0.012747
v 0.116698 1.208826 -0.024612
v 0.189668 1.165367 -0.015996
v 0.189268 1.164714 -0.008443
v 0.214048 1.103860 -0.002763
v 0.116655 1.211812 -0.037175
v -0.000720 1.250000 -0.028380
v -0.021954 1.245313 -0.023374
v -0.013632 1.233913 -0.035394
v 0.006564 1.237099 -0.038273
v 0.116619 1.205080 -0.044586
v 0.188677 1.167897 -0.025517
v 0.188082 1.163804 -0.031230
v 0.061330 1.036038 -0.105958
v 0.035199 1.041627 -0.108679
v 0.015676 1.048627 -0.097961
v 0.046881 1.017698 0.101407
v 0.061062 1.039487 0.105815
v 0.031216 1.023952 0.104508
v 0.035227 1.045049 0.107104
v 0.016278 1.028515 0.098003
v 0.017320 1.053766 0.095629
v 0.019520 1.073649 -0.095501
v 0.018964 1.058905 -0.096827
v 0.192605 1.013170 -0.000882
v 0.208658 1.058695 -0.028254
v 0.212475 1.067305 -0.010459
v 0.207360 1.093939 -0.054176
v 0.207152 1.106923 -0.038011
v 0.174250 1.143324 -0.063663
v 0.167505 1.133297 -0.086713
v 0.060913 1.008154 0.107467
v 0.074951 1.000318 0.103789
v 0.073146 1.021940 0.112764
v 0.086573 1.028416 0.119401
v 0.082002 0.996413 0.109291
v 0.067897 0.999321 0.101226
v 0.071386 0.989851 0.101666
v 0.082632 0.991219 0.109655
v 0.099926 1.000054 0.125670
v 0.096132 1.015314 0.123496
v 0.102286 1.024544 0.127591
v 0.108756 1.002791 0.131086
v 0.104302 0.989045 0.129140
v 0.094953 0.989105 0.124424
v 0.081494 0.986639 0.109099
v 0.079693 0.982749 0.107596
v 0.077115 0.979178 0.105816
v 0.073877 0.976294 0.104048
v 0.081423 0.974301 0.119332
v 0.087958 0.981123 0.122232
v 0.094691 0.977621 0.125371
v 0.110073 0.988015 0.125332
v 0.114161 1.002906 0.127138
v 0.105980 1.028430 0.122718
v 0.103726 1.001466 0.110852
v 0.100624 0.988803 0.110452
v 0.090123 0.974825 0.107622
v 0.098440 0.974207 0.120991
v 0.084882 0.967364 0.121019
v 0.074341 0.969141 0.116175
v 0.067817 0.975166 0.101685
v 0.066274 0.984073 0.101780
v 0.095089 0.989863 0.094180
v 0.085861 0.962498 0.116204
v 0.074727 0.960202 0.117329
v 0.064613 0.969973 0.111587
v 0.063752 0.983412 0.110025
v 0.066447 0.992950 0.101893
v 0.062779 0.996519 0.108716
v 0.059887 1.001685 0.106037
v 0.057260 0.995320 0.108961
v 0.049993 0.994357 0.105853
v 0.049962 1.003483 0.104331
v 0.055658 1.002208 0.106663
v 0.056305 1.012280 0.107205
v 0.051695 1.016292 0.104084
v 0.065396 1.033082 0.106835
v 0.068708 1.030061 0.111861
v 0.088541 1.037599 0.121199
v 0.089411 1.042272 0.115593
v 0.085082 1.034980 0.107205
v 0.098168 1.021001 0.109318
v 0.046881 1.017698 0.101407
v 0.061062 1.039487 0.105815
v 0.088200 1.040699 0.104423
v 0.096635 1.016784 0.096233
v 0.098313 0.998622 0.093744
v 0.116619 1.205080 -0.044586
v 0.019008 1.216970 -0.048328
v 0.006564 1.237099 -0.038273
v -0.005773 1.217110 -0.049633
v -0.013632 1.233913 -0.035394
v -0.020603 1.217296 -0.030213
v -0.011609 1.212304 -0.049047
v 0.183220 1.156389 -0.055537
v 0.115560 1.190585 -0.074914
v 0.188082 1.163804 -0.031230
v 0.034048 1.200151 -0.076339
v -0.000969 1.198657 -0.074669
v 0.093610 1.072272 -0.117474
v 0.056953 1.077203 -0.124126
v 0.096103 1.097453 -0.111192
v 0.056148 1.101250 -0.112301
v 0.032808 1.078157 -0.118255
v 0.029042 1.097316 -0.111115
v 0.021115 1.068360 -0.105627
v 0.019520 1.073649 -0.095501
v 0.021949 1.119727 -0.117496
v 0.054228 1.124433 -0.123778
v 0.103012 1.121168 -0.119574
v 0.162656 1.097382 -0.096984
v 0.153707 1.079449 -0.100488
v 0.196731 1.068473 -0.069774
v 0.187750 1.050669 -0.074707
v 0.200813 1.046137 -0.047263
v 0.193670 1.031254 -0.050316
v 0.194727 1.018388 -0.023539
v 0.193270 1.008082 -0.025500
v 0.181106 0.982694 -0.000882
v 0.176982 0.948236 -0.000882
v 0.178180 0.984702 -0.033020
v 0.176902 1.005708 -0.054280
v 0.172442 1.025084 -0.075690
v 0.144270 1.053077 -0.099995
v 0.172442 1.025084 0.073925
v 0.176902 1.005708 0.052515
v 0.192713 1.038695 0.047025
v 0.183607 1.013235 0.022755
v 0.178180 0.984702 0.031255
v 0.176982 0.948236 -0.000882
v 0.181106 0.982694 -0.000882
v 0.166624 0.923142 -0.000882
v 0.158122 0.928147 0.027757
v 0.166047 0.946215 0.034838
v 0.165836 0.965988 0.048203
v 0.162672 0.982526 0.064210
v 0.151752 0.997538 0.079264
v 0.128089 1.014466 0.094011
v 0.144201 1.052740 0.096826
v 0.088200 1.040699 0.104423
v 0.093597 1.071476 0.112714
v 0.061062 1.039487 0.105815
v 0.056858 1.076400 0.118409
v 0.035227 1.045049 0.107104
v 0.032990 1.077164 0.114274
v 0.017320 1.053766 0.095629
v 0.055184 1.119545 0.133700
v 0.102096 1.116526 0.125704
v 0.158182 1.088415 0.096971
v 0.192240 1.059571 0.070476
v 0.167505 1.133297 -0.086713
v 0.106415 1.148870 -0.115741
v 0.174250 1.143324 -0.063663
v 0.114477 1.168799 -0.082258
v 0.055671 1.154948 -0.125810
v 0.047461 1.182729 -0.088010
v 0.014254 1.150923 -0.121449
v 0.004996 1.183751 -0.085300
v -0.030314 1.216964 -0.055261
v -0.023835 1.226120 -0.057175
v -0.028029 1.213337 -0.050786
v -0.017951 1.221940 -0.048517
v -0.030040 1.233375 -0.046705
v -0.022056 1.225048 -0.042270
v -0.020603 1.217296 -0.030213
v -0.011609 1.212304 -0.049047
v -0.037165 1.224035 -0.048729
v -0.033783 1.220415 -0.040566
v -0.026160 1.228156 -0.036024
v -0.020131 1.206766 -0.030406
v -0.020480 1.197928 -0.030121
v -0.020833 1.188988 -0.029833
v -0.013554 1.187473 -0.051302
v -0.028321 1.226416 -0.063661
v -0.035126 1.232706 -0.060981
v -0.040138 1.226021 -0.059647
v -0.033434 1.218960 -0.061220
v -0.032653 1.220902 -0.070101
v -0.038220 1.224946 -0.070812
v -0.041232 1.220756 -0.067903
v -0.035405 1.216344 -0.068155
v -0.037165 1.211391 -0.075148
v 0.085082 1.034980 -0.108970
v 0.098168 1.021001 -0.111083
v 0.105980 1.028430 -0.124482
v 0.103726 1.001466 -0.112617
v 0.114161 1.002906 -0.128904
v 0.100624 0.988803 -0.112217
v 0.110073 0.988015 -0.127097
v 0.090123 0.974825 -0.109387
v 0.095089 0.989863 -0.095945
v 0.109405 0.981052 -0.087748
v 0.098313 0.998622 -0.095509
v 0.096635 1.016784 -0.097998
v 0.085994 1.030180 -0.102292
v 0.061330 1.036038 -0.105958
v 0.089411 1.042272 -0.117358
v 0.065396 1.033082 -0.108601
v 0.046881 1.017698 -0.103172
v 0.051695 1.016292 -0.105849
v 0.049962 1.003483 -0.106096
v 0.088541 1.037599 -0.122964
v 0.068708 1.030061 -0.113626
v 0.056305 1.012280 -0.108970
v 0.055658 1.002208 -0.108428
v 0.049993 0.994357 -0.107618
v 0.057260 0.995320 -0.110726
v 0.059887 1.001685 -0.107802
v 0.062779 0.996519 -0.110481
v 0.066447 0.992950 -0.103658
v 0.063752 0.983412 -0.111790
v 0.064613 0.969973 -0.113352
v 0.074727 0.960202 -0.119094
v 0.085861 0.962498 -0.117969
v 0.066274 0.984073 -0.103545
v 0.067817 0.975166 -0.103450
v 0.074341 0.969141 -0.117940
v 0.084882 0.967364 -0.122784
v 0.098440 0.974207 -0.122756
v 0.094691 0.977621 -0.127136
v 0.087958 0.981123 -0.123997
v 0.081423 0.974301 -0.121097
v 0.073877 0.976294 -0.105813
v 0.071386 0.989851 -0.103431
v 0.067897 0.999321 -0.102991
v 0.060913 1.008154 -0.109232
v 0.094953 0.989105 -0.126189
v 0.081494 0.986639 -0.110864
v 0.079693 0.982749 -0.109361
v 0.077115 0.979178 -0.107581
v 0.082632 0.991219 -0.111420
v 0.099926 1.000054 -0.127435
v 0.104302 0.989045 -0.130905
v 0.108756 1.002791 -0.132851
v 0.082002 0.996413 -0.111056
v 0.074951 1.000318 -0.105554
v 0.086573 1.028416 -0.121166
v 0.073146 1.021940 -0.114529
v 0.096132 1.015314 -0.125261
v 0.102286 1.024544 -0.129356
v 0.189268 1.164714 -0.008443
v 0.116503 1.212905 -0.012747
v 0.116712 1.209658 0.002407
v 0.012564 1.234902 0.003711
v 0.020447 1.227642 0.025184
v -0.026514 1.233732 0.037094
v -0.033917 1.234232 0.014436
v -0.039496 1.214890 0.028686
v -0.042022 1.219447 0.011286
v 0.188867 1.164060 -0.000889
v 0.214048 1.103860 -0.002763
v 0.212210 1.119405 0.008144
v 0.188769 1.170786 0.013022
v 0.119044 1.208079 0.029677
v 0.035243 1.215601 0.044855
v -0.019190 1.227134 0.053495
v -0.024970 1.205582 0.042318
v 0.212475 1.067305 -0.010459
v 0.214048 1.103860 -0.002763
v 0.218377 1.083668 0.008700
v 0.211725 1.118938 0.020568
v 0.185664 1.162601 0.037242
v 0.111909 1.188001 0.052804
v 0.046707 1.197574 0.063041
v -0.007239 1.203574 0.068179
v 0.214048 1.103860 -0.002763
v 0.212475 1.067305 -0.010459
v 0.209498 1.112061 -0.030453
v 0.207152 1.106923 -0.038011
v 0.183220 1.156389 -0.055537
v 0.174250 1.143324 -0.063663
v 0.115560 1.190585 -0.074914
v 0.114477 1.168799 -0.082258
v 0.047461 1.182729 -0.088010
v 0.034048 1.200151 -0.076339
v 0.004996 1.183751 -0.085300
v -0.000969 1.198657 -0.074669
v 0.181106 0.982694 -0.000882
v 0.192605 1.013170 -0.000882
v 0.183607 1.013235 0.022755
v 0.200250 1.044520 0.011206
v 0.192713 1.038695 0.047025
v 0.212382 1.070284 0.026859
v 0.192240 1.059571 0.070476
v 0.208274 1.097128 0.047497
v 0.158182 1.088415 0.096971
v 0.170850 1.133428 0.082122
v 0.102096 1.116526 0.125704
v 0.106453 1.149143 0.109593
v 0.055184 1.119545 0.133700
v 0.056212 1.154037 0.118557
v -0.020401 1.103946 0.034292
v -0.027743 1.092197 0.006891
v -0.047802 1.092197 0.041634
v -0.052994 1.083888 0.022259
v -0.030784 1.063829 -0.004459
v -0.055144 1.063829 0.014233
v -0.027743 1.035461 0.006891
v -0.052994 1.043770 0.022259
v -0.020401 1.023711 0.034292
v -0.047802 1.035461 0.041634
v -0.013059 1.035461 0.061693
v -0.042610 1.043770 0.061009
v -0.010018 1.063829 0.073042
v -0.040460 1.063829 0.069035
v -0.013059 1.092197 0.061693
v -0.042610 1.083888 0.061009
v -0.050881 1.053800 0.052842
v -0.053477 1.049645 0.043154
v -0.056073 1.053800 0.033467
v -0.057148 1.063829 0.029454
v -0.056073 1.073858 0.033467
v -0.053477 1.078013 0.043154
v -0.049806 1.063829 0.056855
v -0.050881 1.073858 0.052842
v -0.059152 1.063829 0.044675
v -0.019980 1.103948 -0.035421
v -0.047381 1.092198 -0.042763
v -0.027322 1.092198 -0.008021
v -0.052572 1.083889 -0.023388
v -0.030363 1.063830 0.003329
v -0.054723 1.063830 -0.015362
v -0.027322 1.035463 -0.008021
v -0.052572 1.043772 -0.023388
v -0.019980 1.023713 -0.035421
v -0.047381 1.035463 -0.042763
v -0.012638 1.035463 -0.062822
v -0.042189 1.043772 -0.062139
v -0.009596 1.063830 -0.074172
v -0.040039 1.063830 -0.070164
v -0.012638 1.092198 -0.062822
v -0.042189 1.083889 -0.062139
v -0.050460 1.053801 -0.053972
v -0.053055 1.049646 -0.044284
v -0.055651 1.053801 -0.034596
v -0.056726 1.063830 -0.030583
v -0.055651 1.073860 -0.034596
v -0.053055 1.078014 -0.044284
v -0.049384 1.063830 -0.057984
v -0.050460 1.073860 -0.053972
v -0.058730 1.063830 -0.045805
# num_vertices: 3786

vt 0.863300 -0.774000
vt 0.865600 -0.774700
vt 0.866300 -0.784000
vt 0.863300 -0.774000
vt 0.863000 -0.786500
vt 0.871900 -0.792100
vt 0.871300 -0.801100
vt 0.863600 -0.819600
vt 0.871700 -0.827300
vt 0.864000 -0.852900
vt 0.872500 -0.853500
vt 0.877400 -0.830200
vt 0.877400 -0.852400
vt 0.885700 -0.819200
vt 0.885500 -0.840200
vt 0.894500 -0.828300
vt 0.895100 -0.803900
vt 0.907900 -0.822800
vt 0.877300 -0.796700
vt 0.877300 -0.807800
vt 0.885700 -0.802800
vt 0.891400 -0.793700
vt 0.891100 -0.787100
vt 0.885600 -0.794200
vt 0.899900 -0.783300
vt 0.897600 -0.781000
vt 0.894900 -0.764100
vt 0.889400 -0.762400
vt 0.894600 -0.756800
vt 0.889000 -0.754100
vt 0.894500 -0.752200
vt 0.888900 -0.748700
vt 0.883800 -0.754100
vt 0.883800 -0.738000
vt 0.888300 -0.734000
vt 0.893000 -0.735800
vt 0.884500 -0.766300
vt 0.884000 -0.758600
vt 0.878000 -0.768100
vt 0.878000 -0.764400
vt 0.892600 -0.729400
vt 0.887900 -0.727900
vt 0.883500 -0.731800
vt 0.883300 -0.727700
vt 0.887700 -0.723800
vt 0.882800 -0.719700
vt 0.879300 -0.727300
vt 0.878700 -0.734700
vt 0.892500 -0.725000
vt 0.887500 -0.717100
vt 0.882800 -0.708600
vt 0.886600 -0.706400
vt 0.889900 -0.707900
vt 0.892100 -0.716600
vt 0.718200 -0.385700
vt 0.757200 -0.385700
vt 0.718400 -0.469400
vt 0.752700 -0.469400
vt 0.682400 -0.385700
vt 0.726500 -0.280300
vt 0.691800 -0.257900
vt 0.637900 -0.383400
vt 0.644000 -0.235900
vt 0.582500 -0.230600
vt 0.580100 -0.385700
vt 0.515900 -0.230900
vt 0.516000 -0.385700
vt 0.461700 -0.240800
vt 0.464300 -0.385700
vt 0.404900 -0.265700
vt 0.410400 -0.385700
vt 0.370200 -0.283800
vt 0.375000 -0.385700
vt 0.457800 -0.041700
vt 0.459300 -0.142000
vt 0.406800 -0.048300
vt 0.406000 -0.160600
vt 0.515100 -0.129100
vt 0.583000 -0.131900
vt 0.648800 -0.137800
vt 0.695500 -0.153300
vt 0.725700 -0.172800
vt 0.511800 -0.036500
vt 0.583100 -0.036400
vt 0.650400 -0.031500
vt 0.696800 -0.032900
vt 0.726100 -0.037500
vt 0.948900 -0.757600
vt 0.945200 -0.788100
vt 0.944000 -0.752300
vt 0.941300 -0.772400
vt 0.951700 -0.731300
vt 0.960200 -0.729700
vt 0.950100 -0.742000
vt 0.958500 -0.741300
vt 0.956400 -0.757100
vt 0.944200 -0.788300
vt 0.952600 -0.790000
vt 0.940900 -0.791500
vt 0.951900 -0.798100
vt 0.962200 -0.798000
vt 0.961900 -0.806900
vt 0.969700 -0.803800
vt 0.969200 -0.811600
vt 0.963600 -0.829900
vt 0.967200 -0.829900
vt 0.969600 -0.801600
vt 0.970900 -0.774600
vt 0.965100 -0.765900
vt 0.959200 -0.851300
vt 0.951300 -0.838000
vt 0.960900 -0.824700
vt 0.951500 -0.813000
vt 0.939600 -0.804600
vt 0.928800 -0.797900
vt 0.929600 -0.784200
vt 0.918400 -0.796600
vt 0.919100 -0.783600
vt 0.908200 -0.795600
vt 0.908900 -0.780900
vt 0.938600 -0.829500
vt 0.927700 -0.824600
vt 0.917700 -0.822600
vt 0.959700 -0.874600
vt 0.951300 -0.860500
vt 0.937300 -0.851200
vt 0.926400 -0.847200
vt 0.916900 -0.844800
vt 0.907800 -0.844000
vt 0.894600 -0.847100
vt 0.885200 -0.856400
vt 0.959300 -0.897400
vt 0.950600 -0.890900
vt 0.936000 -0.885900
vt 0.925100 -0.883900
vt 0.915900 -0.882600
vt 0.907200 -0.882100
vt 0.894500 -0.883100
vt 0.885100 -0.886600
vt 0.959900 -0.936000
vt 0.956000 -0.936900
vt 0.947200 -0.928400
vt 0.933500 -0.922100
vt 0.923100 -0.919400
vt 0.914200 -0.917700
vt 0.905800 -0.917000
vt 0.893500 -0.918100
vt 0.951000 -0.982600
vt 0.949400 -0.982600
vt 0.942400 -0.982500
vt 0.931400 -0.982400
vt 0.922000 -0.982400
vt 0.913700 -0.982400
vt 0.905900 -0.982400
vt 0.894400 -0.982400
vt 0.884500 -0.922600
vt 0.887100 -0.982400
vt 0.876800 -0.930100
vt 0.877700 -0.982500
vt 0.872900 -0.982500
vt 0.873700 -0.933600
vt 0.866900 -0.935800
vt 0.867500 -0.982600
vt 0.858100 -0.937300
vt 0.859300 -0.982600
vt 0.848100 -0.938600
vt 0.849100 -0.982600
vt 0.837700 -0.943600
vt 0.839600 -0.982600
vt 0.877500 -0.892500
vt 0.874600 -0.894700
vt 0.867200 -0.895900
vt 0.857500 -0.896700
vt 0.845900 -0.897600
vt 0.835300 -0.901800
vt 0.827000 -0.948000
vt 0.877500 -0.866700
vt 0.873500 -0.868300
vt 0.864900 -0.868900
vt 0.852900 -0.860300
vt 0.838500 -0.857200
vt 0.827600 -0.859800
vt 0.826500 -0.905400
vt 0.821300 -0.864900
vt 0.852900 -0.814900
vt 0.852900 -0.787900
vt 0.860600 -0.776300
vt 0.864800 -0.779700
vt 0.863300 -0.771800
vt 0.861200 -0.749400
vt 0.854200 -0.751200
vt 0.853300 -0.779400
vt 0.846300 -0.778500
vt 0.842900 -0.783800
vt 0.836900 -0.812400
vt 0.832000 -0.790000
vt 0.823600 -0.816500
vt 0.821300 -0.793600
vt 0.815600 -0.822100
vt 0.815700 -0.870300
vt 0.808100 -0.827100
vt 0.803300 -0.830000
vt 0.809800 -0.880100
vt 0.803000 -0.867600
vt 0.805800 -0.890600
vt 0.819000 -0.907500
vt 0.811100 -0.931600
vt 0.805700 -0.928600
vt 0.802000 -0.925700
vt 0.801900 -0.897000
vt 0.799200 -0.880900
vt 0.817900 -0.955000
vt 0.809100 -0.952800
vt 0.803800 -0.947100
vt 0.799500 -0.940900
vt 0.790700 -0.929400
vt 0.793000 -0.919000
vt 0.794100 -0.898400
vt 0.830200 -0.982700
vt 0.821700 -0.982700
vt 0.791900 -0.882200
vt 0.790100 -0.871500
vt 0.795900 -0.868300
vt 0.798600 -0.862200
vt 0.798900 -0.840000
vt 0.903200 -0.742100
vt 0.901500 -0.775600
vt 0.897500 -0.747000
vt 0.898300 -0.769100
vt 0.920700 -0.776800
vt 0.919000 -0.769200
vt 0.917300 -0.776100
vt 0.909100 -0.773300
vt 0.914000 -0.743300
vt 0.908500 -0.740200
vt 0.914200 -0.732900
vt 0.908400 -0.728600
vt 0.902100 -0.742500
vt 0.901600 -0.731900
vt 0.901800 -0.721900
vt 0.908400 -0.717700
vt 0.913700 -0.722500
vt 0.907700 -0.698500
vt 0.915000 -0.702000
vt 0.907500 -0.691400
vt 0.914900 -0.694400
vt 0.914800 -0.687400
vt 0.921900 -0.703000
vt 0.921800 -0.699200
vt 0.901000 -0.702100
vt 0.900900 -0.695100
vt 0.907500 -0.685800
vt 0.913400 -0.673700
vt 0.907400 -0.672900
vt 0.902200 -0.671100
vt 0.900800 -0.688200
vt 0.896800 -0.699700
vt 0.896800 -0.703000
vt 0.886300 -0.793100
vt 0.880100 -0.773200
vt 0.882600 -0.793600
vt 0.848700 -0.688700
vt 0.845800 -0.682200
vt 0.849500 -0.663600
vt 0.846300 -0.668300
vt 0.854500 -0.690500
vt 0.854300 -0.699800
vt 0.848700 -0.698300
vt 0.854300 -0.707400
vt 0.848400 -0.705800
vt 0.847500 -0.731700
vt 0.854400 -0.734600
vt 0.854400 -0.741700
vt 0.847600 -0.740400
vt 0.847500 -0.749900
vt 0.845300 -0.741100
vt 0.843500 -0.773700
vt 0.846000 -0.689700
vt 0.845600 -0.697500
vt 0.844100 -0.720200
vt 0.844000 -0.731100
vt 0.844200 -0.741900
vt 0.861100 -0.731100
vt 0.861100 -0.739300
vt 0.864600 -0.718500
vt 0.864500 -0.728800
vt 0.864300 -0.739800
vt 0.860300 -0.705500
vt 0.864100 -0.697300
vt 0.864000 -0.690100
vt 0.860000 -0.697900
vt 0.860400 -0.689100
vt 0.855800 -0.662200
vt 0.861200 -0.663600
vt 0.864500 -0.668600
vt 0.864600 -0.682700
vt 0.863800 -0.667000
vt 0.861500 -0.654600
vt 0.856300 -0.652200
vt 0.850100 -0.654300
vt 0.846800 -0.667200
vt 0.812300 -0.751000
vt 0.815900 -0.738100
vt 0.814000 -0.766200
vt 0.817500 -0.754100
vt 0.817200 -0.791200
vt 0.807300 -0.771100
vt 0.805600 -0.756600
vt 0.800100 -0.772400
vt 0.798300 -0.758300
vt 0.796400 -0.774200
vt 0.794100 -0.757400
vt 0.793000 -0.748400
vt 0.797000 -0.748700
vt 0.804400 -0.748600
vt 0.811200 -0.742000
vt 0.812200 -0.803500
vt 0.810500 -0.797100
vt 0.803600 -0.800900
vt 0.804700 -0.808400
vt 0.823800 -0.784000
vt 0.820100 -0.783500
vt 0.814400 -0.726700
vt 0.811100 -0.705400
vt 0.807200 -0.716400
vt 0.810100 -0.697400
vt 0.805700 -0.707700
vt 0.805200 -0.700800
vt 0.809800 -0.690800
vt 0.804200 -0.688100
vt 0.809200 -0.680800
vt 0.797700 -0.691500
vt 0.799000 -0.705900
vt 0.792800 -0.705900
vt 0.793800 -0.713300
vt 0.799700 -0.712300
vt 0.800800 -0.721400
vt 0.794400 -0.722300
vt 0.803200 -0.673100
vt 0.796600 -0.675000
vt 0.791200 -0.692800
vt 0.787900 -0.695400
vt 0.788700 -0.707600
vt 0.790100 -0.715700
vt 0.790800 -0.724300
vt 0.792900 -0.749600
vt 0.802900 -0.660600
vt 0.796000 -0.661300
vt 0.788200 -0.689400
vt 0.790000 -0.678900
vt 0.789300 -0.666500
vt 0.788000 -0.680000
vt 0.787900 -0.686900
vt 0.809000 -0.679700
vt 0.807400 -0.671100
vt 0.912600 -0.494000
vt 0.923200 -0.495500
vt 0.934300 -0.328400
vt 0.955600 -0.332900
vt 0.936700 -0.503600
vt 0.921300 -0.324200
vt 0.895300 -0.493500
vt 0.899000 -0.317100
vt 0.877400 -0.494500
vt 0.871800 -0.313500
vt 0.862100 -0.496800
vt 0.851900 -0.319400
vt 0.846100 -0.500000
vt 0.831600 -0.323900
vt 0.830600 -0.503500
vt 0.807700 -0.332700
vt 0.819000 -0.505300
vt 0.782000 -0.347000
vt 0.807700 -0.510600
vt 0.377400 -0.553800
vt 0.375300 -0.536800
vt 0.384500 -0.548100
vt 0.383200 -0.529600
vt 0.376900 -0.514100
vt 0.369800 -0.524500
vt 0.382100 -0.509200
vt 0.383900 -0.508600
vt 0.387300 -0.528900
vt 0.390400 -0.529500
vt 0.389600 -0.549400
vt 0.393200 -0.556400
vt 0.370200 -0.283800
vt 0.403200 -0.242500
vt 0.966200 -0.890500
vt 0.969000 -0.894200
vt 0.966600 -0.915400
vt 0.969700 -0.914800
vt 0.976300 -0.908200
vt 0.975100 -0.893800
vt 0.972500 -0.885900
vt 0.967700 -0.884700
vt 0.965300 -0.881300
vt 0.963100 -0.870500
vt 0.963400 -0.883900
vt 0.963000 -0.912100
vt 0.975400 -0.921700
vt 0.969300 -0.932400
vt 0.965000 -0.936200
vt 0.964700 -0.957600
vt 0.969100 -0.951200
vt 0.976000 -0.939400
vt 0.976600 -0.948600
vt 0.970500 -0.959100
vt 0.966700 -0.967700
vt 0.959300 -0.974900
vt 0.954800 -0.982400
vt 0.958400 -0.982100
vt -0.575100 -0.324400
vt -0.599400 -0.324400
vt -0.575100 -0.337500
vt -0.599400 -0.337500
vt -0.575100 -0.402900
vt -0.599400 -0.403600
vt -0.541300 -0.337500
vt -0.541300 -0.324400
vt -0.508400 -0.337500
vt -0.508400 -0.324400
vt -0.474600 -0.337500
vt -0.474600 -0.324400
vt -0.440500 -0.337500
vt -0.440500 -0.324400
vt -0.411800 -0.337500
vt -0.411800 -0.324400
vt -0.390000 -0.337500
vt -0.390000 -0.324400
vt -0.361000 -0.337500
vt -0.361500 -0.324400
vt -0.362000 -0.403600
vt -0.390000 -0.402600
vt -0.411800 -0.402600
vt -0.440500 -0.402600
vt -0.474600 -0.402100
vt -0.508400 -0.402600
vt -0.541300 -0.402600
vt 0.651600 -0.653500
vt 0.643400 -0.663600
vt 0.634200 -0.580600
vt 0.622100 -0.602100
vt 0.635800 -0.672700
vt 0.614800 -0.616200
vt 0.602000 -0.634800
vt 0.622100 -0.688900
vt 0.638900 -0.739800
vt 0.666000 -0.637600
vt 0.649000 -0.562200
vt 0.662200 -0.548700
vt 0.679700 -0.622500
vt 0.672300 -0.537400
vt 0.688100 -0.610800
vt 0.698400 -0.666000
vt 0.716200 -0.646900
vt 0.717400 -0.694900
vt 0.732800 -0.646200
vt 0.720000 -0.624000
vt 0.735900 -0.624000
vt 0.716200 -0.646900
vt 0.718500 -0.623700
vt 0.722000 -0.757800
vt 0.699200 -0.721200
vt 0.684100 -0.689800
vt 0.667500 -0.707700
vt 0.678900 -0.750100
vt 0.657800 -0.716100
vt 0.670300 -0.778300
vt 0.650900 -0.725600
vt 0.709400 -0.782500
vt 0.698200 -0.806000
vt 0.693000 -0.842300
vt 0.659700 -0.793500
vt 0.683000 -0.857100
vt 0.710000 -0.921700
vt 0.714200 -0.896400
vt 0.751000 -0.945500
vt 0.744200 -0.966400
vt 0.716200 -0.902900
vt 0.708600 -0.920300
vt 0.689200 -0.839600
vt 0.730000 -0.846800
vt 0.701100 -0.818600
vt 0.725700 -0.882200
vt 0.757500 -0.911300
vt 0.723200 -0.876100
vt 0.727600 -0.842000
vt 0.731400 -0.807300
vt 0.754600 -0.816300
vt 0.731600 -0.810200
vt 0.759300 -0.869700
vt 0.710200 -0.789500
vt 0.720600 -0.757500
vt 0.743300 -0.746600
vt 0.697700 -0.732700
vt 0.717000 -0.692100
vt 0.738900 -0.682000
vt 0.695900 -0.660100
vt 0.680900 -0.689300
vt 0.640900 -0.663800
vt 0.649200 -0.654000
vt 0.625300 -0.614400
vt 0.636200 -0.595100
vt 0.663800 -0.638600
vt 0.650600 -0.578200
vt 0.678100 -0.623000
vt 0.663700 -0.563100
vt 0.674000 -0.550700
vt 0.686700 -0.611500
vt 0.667700 -0.508400
vt 0.656400 -0.512500
vt 0.640100 -0.521200
vt 0.618800 -0.539200
vt 0.602900 -0.563000
vt 0.596800 -0.577900
vt 0.617800 -0.628200
vt 0.604700 -0.645200
vt 0.585200 -0.598200
vt 0.619700 -0.688600
vt 0.633100 -0.672800
vt 0.636600 -0.739500
vt 0.649500 -0.725000
vt 0.679600 -0.855200
vt 0.655700 -0.792600
vt 0.666500 -0.777900
vt 0.678400 -0.761200
vt 0.665000 -0.709600
vt 0.655900 -0.719400
vt 0.252000 -0.813000
vt 0.229200 -0.813800
vt 0.248100 -0.784200
vt 0.226200 -0.785000
vt 0.207800 -0.814500
vt 0.204300 -0.785700
vt 0.179200 -0.780700
vt 0.183200 -0.815300
vt 0.144300 -0.825500
vt 0.147600 -0.762200
vt 0.149300 -0.741900
vt 0.180300 -0.732700
vt 0.205000 -0.758500
vt 0.228700 -0.757700
vt 0.251300 -0.757000
vt 0.269200 -0.783500
vt 0.271500 -0.756300
vt 0.297900 -0.755400
vt 0.296900 -0.782600
vt 0.297200 -0.811500
vt 0.271900 -0.812300
vt 0.868700 -0.704300
vt 0.871500 -0.693000
vt 0.871100 -0.699500
vt 0.875200 -0.699600
vt 0.875600 -0.692500
vt 0.879200 -0.695300
vt 0.879000 -0.701700
vt 0.880500 -0.705600
vt 0.877900 -0.717900
vt 0.881000 -0.714400
vt 0.869800 -0.728200
vt 0.870200 -0.715400
vt 0.873400 -0.730700
vt 0.874100 -0.717300
vt 0.877100 -0.730300
vt 0.873300 -0.734900
vt 0.877100 -0.734500
vt 0.881100 -0.724100
vt 0.880400 -0.728200
vt 0.877200 -0.742500
vt 0.879800 -0.734600
vt 0.869500 -0.732700
vt 0.869100 -0.740500
vt 0.873100 -0.743400
vt 0.872900 -0.761100
vt 0.877200 -0.760000
vt 0.881500 -0.757800
vt 0.880400 -0.737200
vt 0.868500 -0.758300
vt 0.872800 -0.764400
vt 0.877100 -0.763800
vt 0.872500 -0.771600
vt 0.867900 -0.768700
vt 0.868300 -0.762200
vt 0.881100 -0.762500
vt 0.880900 -0.770700
vt 0.877000 -0.771600
vt 0.865600 -0.761600
vt 0.864600 -0.777900
vt 0.865900 -0.754000
vt 0.865900 -0.749400
vt 0.867200 -0.732300
vt 0.867800 -0.725700
vt 0.867900 -0.721300
vt 0.868100 -0.712700
vt 0.305300 -0.852900
vt 0.274300 -0.853900
vt 0.249800 -0.854800
vt 0.222000 -0.855700
vt 0.194600 -0.856600
vt 0.177800 -0.854600
vt 0.715200 -0.934800
vt 0.689100 -0.895200
vt 0.707700 -0.893100
vt 0.679500 -0.820700
vt 0.654600 -0.814200
vt 0.651100 -0.765100
vt 0.630800 -0.756700
vt 0.618500 -0.722600
vt 0.635100 -0.724100
vt 0.602600 -0.684300
vt 0.619000 -0.683200
vt 0.587300 -0.634600
vt 0.597600 -0.635900
vt 0.121000 -0.591000
vt 0.187000 -0.590200
vt 0.115400 -0.439100
vt 0.179200 -0.448200
vt 0.220600 -0.449100
vt 0.229600 -0.593400
vt 0.284600 -0.599400
vt 0.276700 -0.449500
vt 0.359400 -0.452400
vt 0.359400 -0.605400
vt 0.064300 -0.597300
vt 0.062600 -0.752100
vt 0.120800 -0.740900
vt 0.192700 -0.733500
vt 0.243100 -0.739500
vt 0.292700 -0.751100
vt 0.355600 -0.757900
vt 0.034500 -0.712400
vt 0.036400 -0.599800
vt 0.027600 -0.453700
vt 0.059000 -0.446300
vt 0.015900 -0.336900
vt 0.051700 -0.328000
vt 0.010300 -0.236700
vt 0.050700 -0.228800
vt 0.055300 -0.115500
vt 0.009500 -0.137700
vt 0.105400 -0.322000
vt 0.106100 -0.235900
vt 0.115900 -0.139400
vt 0.086200 -0.013200
vt 0.130400 -0.047400
vt 0.141600 -0.150200
vt 0.164100 -0.065600
vt 0.158500 -0.161100
vt 0.184400 -0.077600
vt 0.176100 -0.398900
vt 0.137800 -0.388100
vt 0.118700 -0.325200
vt 0.126200 -0.240200
vt 0.217700 -0.391000
vt 0.213600 -0.370800
vt 0.174700 -0.393900
vt 0.136200 -0.353000
vt 0.135500 -0.242000
vt 0.274500 -0.339900
vt 0.233900 -0.339800
vt 0.219600 -0.279800
vt 0.234100 -0.279000
vt 0.270300 -0.276900
vt 0.251800 -0.191000
vt 0.217400 -0.206900
vt 0.206200 -0.212000
vt 0.349200 -0.334500
vt 0.355100 -0.261200
vt 0.357000 -0.178600
vt 0.299100 -0.126100
vt 0.276100 -0.071900
vt 0.228200 -0.100600
vt 0.195800 -0.124200
vt 0.180800 -0.136500
vt 0.383100 -0.499600
vt 0.383600 -0.496100
vt 0.386000 -0.494800
vt 0.390000 -0.496400
vt 0.389400 -0.507000
vt 0.391000 -0.511200
vt 0.389000 -0.529700
vt 0.386200 -0.528800
vt 0.387800 -0.542500
vt 0.390100 -0.542400
vt 0.386400 -0.556700
vt 0.387400 -0.551500
vt 0.388300 -0.573800
vt 0.386900 -0.567300
vt 0.390900 -0.561600
vt 0.393500 -0.573900
vt 0.963700 -0.717800
vt 0.954800 -0.720200
vt 0.964100 -0.710100
vt 0.957800 -0.712200
vt 0.964500 -0.701800
vt 0.959900 -0.704300
vt 0.965100 -0.695000
vt 0.960300 -0.696000
vt 0.965200 -0.688100
vt 0.961100 -0.687300
vt 0.965700 -0.677300
vt 0.960000 -0.673900
vt 0.970600 -0.690400
vt 0.971100 -0.698400
vt 0.970800 -0.706600
vt 0.972200 -0.715100
vt 0.971600 -0.723600
vt 0.968500 -0.739300
vt 0.967400 -0.751100
vt 0.927100 -0.737700
vt 0.921900 -0.776900
vt 0.922100 -0.741500
vt 0.919400 -0.770000
vt 0.925700 -0.738000
vt 0.930300 -0.775400
vt 0.930000 -0.738000
vt 0.936600 -0.741400
vt 0.939400 -0.781200
vt 0.920400 -0.768200
vt 0.918000 -0.773500
vt 0.942000 -0.779800
vt 0.944000 -0.781200
vt 0.937900 -0.729900
vt 0.931000 -0.725000
vt 0.926200 -0.726000
vt 0.927400 -0.714900
vt 0.932100 -0.712900
vt 0.938500 -0.718100
vt 0.935800 -0.694600
vt 0.943400 -0.700600
vt 0.943800 -0.693300
vt 0.936200 -0.687400
vt 0.928800 -0.689500
vt 0.928400 -0.696200
vt 0.929300 -0.682700
vt 0.936600 -0.681100
vt 0.944200 -0.686100
vt 0.937200 -0.674100
vt 0.944700 -0.677200
vt 0.944200 -0.663400
vt 0.938100 -0.663100
vt 0.944600 -0.651600
vt 0.937900 -0.646500
vt 0.934100 -0.648600
vt 0.931100 -0.662300
vt 0.929700 -0.673900
vt 0.824700 -0.750900
vt 0.824400 -0.784500
vt 0.820500 -0.741700
vt 0.820000 -0.779400
vt 0.840100 -0.778000
vt 0.832000 -0.782200
vt 0.830500 -0.750500
vt 0.823500 -0.751000
vt 0.829800 -0.739800
vt 0.822600 -0.740500
vt 0.821800 -0.730800
vt 0.829200 -0.731900
vt 0.820300 -0.705700
vt 0.826800 -0.705800
vt 0.820100 -0.697700
vt 0.826200 -0.697300
vt 0.818600 -0.743200
vt 0.818200 -0.731300
vt 0.817700 -0.719200
vt 0.817300 -0.697200
vt 0.817200 -0.689400
vt 0.816700 -0.682100
vt 0.819800 -0.691100
vt 0.816100 -0.673000
vt 0.818800 -0.676000
vt 0.817800 -0.654100
vt 0.815600 -0.661800
vt 0.825800 -0.691400
vt 0.825000 -0.675500
vt 0.824200 -0.650700
vt 0.817600 -0.643800
vt 0.815800 -0.660200
vt 0.831300 -0.673200
vt 0.830600 -0.650200
vt 0.830600 -0.640100
vt 0.834600 -0.653400
vt 0.823800 -0.638800
vt 0.836100 -0.667300
vt 0.835200 -0.655400
vt 0.831900 -0.687300
vt 0.836100 -0.668400
vt 0.836400 -0.677300
vt 0.836700 -0.683900
vt 0.832400 -0.693700
vt 0.836100 -0.725900
vt 0.833400 -0.701700
vt 0.839500 -0.710900
vt 0.837400 -0.690800
vt 0.837900 -0.746400
vt 0.837000 -0.735100
vt 0.841200 -0.734800
vt 0.840400 -0.722500
vt 0.972900 -0.678900
vt 0.414100 -0.469400
vt 0.466200 -0.469400
vt 0.423100 -0.479200
vt 0.457300 -0.479200
vt 0.381800 -0.469400
vt 0.388500 -0.479200
vt 0.697600 -0.479200
vt 0.752100 -0.479200
vt 0.683000 -0.469400
vt 0.632600 -0.479200
vt 0.638400 -0.467100
vt 0.580800 -0.479200
vt 0.120600 -0.594800
vt 0.115300 -0.442900
vt 0.186900 -0.594200
vt 0.178700 -0.451400
vt 0.393200 -0.535000
vt 0.392200 -0.553800
vt 0.395300 -0.536700
vt 0.394300 -0.550600
vt 0.389900 -0.517200
vt 0.392300 -0.518100
vt 0.385300 -0.515300
vt 0.387700 -0.518200
vt 0.385400 -0.523400
vt 0.382200 -0.522200
vt 0.383900 -0.538300
vt 0.380300 -0.539900
vt 0.381400 -0.553800
vt 0.383900 -0.553500
vt 0.390500 -0.564900
vt 0.387600 -0.564100
vt 0.394000 -0.560900
vt -0.391000 -0.471900
vt -0.362400 -0.472400
vt -0.412800 -0.472200
vt -0.441500 -0.472400
vt -0.475600 -0.472700
vt -0.509400 -0.472900
vt -0.542300 -0.473200
vt -0.576100 -0.473400
vt -0.600400 -0.473600
vt 0.750200 -0.948700
vt 0.715200 -0.896300
vt 0.724600 -0.879100
vt 0.706000 -0.914100
vt 0.714000 -0.895000
vt 0.686900 -0.833100
vt 0.722100 -0.876800
vt 0.742800 -0.970000
vt 0.706900 -0.910700
vt 0.689200 -0.836400
vt 0.680200 -0.850500
vt 0.656600 -0.792700
vt 0.666700 -0.778700
vt 0.700700 -0.817200
vt 0.678500 -0.850400
vt 0.656000 -0.795900
vt 0.667200 -0.779000
vt 0.695400 -0.806900
vt 0.707000 -0.782800
vt 0.725200 -0.843700
vt 0.729200 -0.807500
vt 0.759900 -0.869800
vt 0.756900 -0.912600
vt 0.634400 -0.671000
vt 0.648100 -0.725500
vt 0.642400 -0.661700
vt 0.655500 -0.715700
vt 0.676600 -0.749900
vt 0.697800 -0.720400
vt 0.720500 -0.757000
vt 0.754500 -0.819300
vt 0.732600 -0.809700
vt 0.743900 -0.746800
vt 0.722500 -0.757000
vt 0.716600 -0.693200
vt 0.740100 -0.680000
vt 0.717400 -0.644700
vt 0.734100 -0.642000
vt 0.717100 -0.692400
vt 0.665900 -0.706900
vt 0.683000 -0.688800
vt 0.650900 -0.651600
vt 0.665100 -0.635900
vt 0.678300 -0.621500
vt 0.697900 -0.663800
vt 0.719800 -0.620000
vt 0.736800 -0.618400
vt 0.719800 -0.620000
vt 0.717400 -0.644700
vt 0.686300 -0.610400
vt 0.671800 -0.535700
vt 0.661300 -0.546600
vt 0.648100 -0.560100
vt 0.633300 -0.578500
vt 0.621400 -0.599500
vt 0.614300 -0.612700
vt 0.601300 -0.629800
vt 0.620200 -0.686100
vt 0.635500 -0.739500
vt 0.773400 -0.912300
vt 0.773300 -0.921600
vt 0.769500 -0.911000
vt 0.769900 -0.917800
vt 0.772600 -0.883600
vt 0.769500 -0.883400
vt 0.780800 -0.914200
vt 0.781700 -0.888600
vt 0.780900 -0.871400
vt 0.773400 -0.865600
vt 0.770000 -0.866400
vt 0.779300 -0.921700
vt 0.780800 -0.857800
vt 0.774700 -0.852400
vt 0.770700 -0.853800
vt 0.540000 -0.479200
vt 0.496900 -0.479200
vt 0.581100 -0.469400
vt 0.518000 -0.469400
vt 0.902300 -0.662200
vt 0.906900 -0.660300
vt 0.912600 -0.662300
vt 0.882800 -0.698300
vt 0.886000 -0.694400
vt 0.890000 -0.695600
vt 0.722600 -0.605200
vt 0.739400 -0.605400
vt 0.722600 -0.605200
vt 0.393200 -0.515800
vt 0.400100 -0.524100
vt 0.390500 -0.531600
vt 0.398000 -0.540700
vt 0.391000 -0.551400
vt 0.384500 -0.542800
vt 0.395900 -0.515700
vt 0.395900 -0.514800
vt 0.395800 -0.516200
vt 0.395500 -0.514700
vt 0.396000 -0.513900
vt 0.396000 -0.513900
vt 0.767800 -0.298500
vt 0.767800 -0.298500
vt 0.733000 -0.262000
vt 0.604200 -0.572200
vt 0.624900 -0.623700
vt 0.595900 -0.587600
vt 0.617300 -0.636000
vt 0.632600 -0.679500
vt 0.664100 -0.715000
vt 0.640100 -0.671300
vt 0.648200 -0.662300
vt 0.649100 -0.729100
vt 0.636800 -0.743700
vt 0.619800 -0.695200
vt 0.604700 -0.653700
vt 0.584800 -0.609400
vt 0.618700 -0.552000
vt 0.635200 -0.607000
vt 0.662300 -0.647700
vt 0.647900 -0.591600
vt 0.635300 -0.536500
vt 0.649700 -0.528900
vt 0.659400 -0.576100
vt 0.675300 -0.632500
vt 0.680000 -0.694700
vt 0.660700 -0.523400
vt 0.668700 -0.563400
vt 0.682800 -0.621500
vt 0.694500 -0.665500
vt 0.697800 -0.734400
vt 0.709500 -0.789500
vt 0.729700 -0.845700
vt 0.678400 -0.762300
vt 0.655200 -0.724100
vt 0.987700 -0.901100
vt 0.988700 -0.912500
vt 0.986600 -0.902400
vt 0.987600 -0.915600
vt 0.983800 -0.909200
vt 0.983800 -0.927200
vt 0.990700 -0.912000
vt 0.988900 -0.923000
vt 0.983600 -0.935900
vt 0.983700 -0.899200
vt 0.982400 -0.887900
vt 0.986500 -0.894000
vt 0.986400 -0.883900
vt 0.989700 -0.880400
vt 0.987300 -0.893600
vt 0.980400 -0.878100
vt 0.987400 -0.872300
vt 0.990300 -0.874500
vt 0.991900 -0.890300
vt 0.990100 -0.895000
vt 0.993100 -0.904300
vt 0.994400 -0.890600
vt 0.993500 -0.874500
vt 0.848900 -0.540200
vt 0.834100 -0.540200
vt 0.824800 -0.540200
vt 0.814600 -0.540200
vt 0.865100 -0.540200
vt 0.857300 -0.570200
vt 0.848000 -0.570200
vt 0.839200 -0.570200
vt 0.834900 -0.570200
vt 0.830200 -0.570200
vt 0.823300 -0.570200
vt 0.814700 -0.570200
vt 0.866700 -0.570200
vt 0.872300 -0.570200
vt 0.879100 -0.540200
vt 0.878200 -0.570200
vt 0.885000 -0.570200
vt 0.896900 -0.540200
vt 0.894200 -0.570200
vt 0.905000 -0.570200
vt 0.914100 -0.570200
vt 0.913500 -0.540200
vt 0.919200 -0.570200
vt 0.924000 -0.540200
vt 0.925400 -0.570200
vt 0.932900 -0.570200
vt 0.940500 -0.570200
vt 0.937900 -0.540200
vt 0.936800 -0.494500
vt 0.470400 -0.753000
vt 0.502300 -0.741900
vt 0.470100 -0.789100
vt 0.503900 -0.781800
vt 0.524700 -0.738600
vt 0.526500 -0.777000
vt 0.551500 -0.738800
vt 0.552000 -0.778400
vt 0.448300 -0.721900
vt 0.469800 -0.714300
vt 0.449000 -0.771000
vt 0.498500 -0.696700
vt 0.522100 -0.696200
vt 0.554100 -0.699800
vt 0.446900 -0.798100
vt 0.438300 -0.799300
vt 0.436200 -0.772000
vt 0.436700 -0.723200
vt 0.438100 -0.613500
vt 0.450700 -0.612000
vt 0.469000 -0.610400
vt 0.495400 -0.609700
vt 0.520000 -0.610400
vt 0.420400 -0.615800
vt 0.417300 -0.721300
vt 0.416400 -0.759400
vt 0.418900 -0.794000
vt 0.415000 -0.866300
vt 0.436300 -0.863800
vt 0.436700 -0.914900
vt 0.414600 -0.916000
vt 0.409300 -0.974200
vt 0.438300 -0.969600
vt 0.450800 -0.973100
vt 0.447300 -0.914000
vt 0.388400 -0.617700
vt 0.386800 -0.710100
vt 0.385100 -0.746300
vt 0.383000 -0.787200
vt 0.383100 -0.850500
vt 0.384700 -0.918600
vt 0.382400 -0.976300
vt 0.474500 -0.908800
vt 0.483900 -0.973500
vt 0.501800 -0.905100
vt 0.502000 -0.975400
vt 0.527100 -0.903000
vt 0.525700 -0.977900
vt 0.551600 -0.979700
vt 0.555100 -0.912800
vt 0.581000 -0.977700
vt 0.582700 -0.921400
vt 0.582700 -0.845800
vt 0.554400 -0.824800
vt 0.527100 -0.826700
vt 0.502600 -0.838400
vt 0.581100 -0.786500
vt 0.578600 -0.743200
vt 0.580000 -0.703000
vt 0.580700 -0.612200
vt 0.554300 -0.612600
vt 0.472900 -0.852800
vt 0.446700 -0.862000
vt 0.715200 -0.934800
vt 0.707700 -0.893100
vt 0.689100 -0.895200
vt 0.679500 -0.820700
vt 0.654600 -0.814200
vt 0.651100 -0.765100
vt 0.630800 -0.756700
vt 0.618500 -0.722600
vt 0.635100 -0.724100
vt 0.602600 -0.684300
vt 0.619000 -0.683200
vt 0.587300 -0.634600
vt 0.597600 -0.635900
vt 0.910400 -0.023900
vt 0.871200 -0.021500
vt 0.907800 -0.114900
vt 0.868200 -0.102200
vt 0.839300 -0.024100
vt 0.839100 -0.097200
vt 0.807900 -0.033100
vt 0.816200 -0.104400
vt 0.764100 -0.057400
vt 0.780300 -0.125600
vt 0.844400 -0.195300
vt 0.867400 -0.192200
vt 0.904200 -0.188300
vt 0.902600 -0.229200
vt 0.868000 -0.222600
vt 0.845400 -0.226800
vt 0.823500 -0.231900
vt 0.822700 -0.205500
vt 0.796900 -0.215200
vt 0.801800 -0.243700
vt 0.803100 -0.268600
vt 0.825000 -0.254200
vt 0.847000 -0.252100
vt 0.869300 -0.250400
vt 0.901400 -0.263600
vt 0.922400 -0.278500
vt 0.922400 -0.235300
vt 0.934800 -0.281500
vt 0.963100 -0.269400
vt 0.936000 -0.239300
vt 0.964000 -0.240200
vt 0.938900 -0.201800
vt 0.967700 -0.216700
vt 0.976100 -0.133400
vt 0.947900 -0.128200
vt 0.989000 -0.055500
vt 0.958500 -0.042600
vt 0.931700 -0.125300
vt 0.940100 -0.035000
vt 0.925700 -0.193700
vt 0.526900 -0.548700
vt 0.527300 -0.500700
vt 0.570700 -0.549200
vt 0.571000 -0.501100
vt 0.570700 -0.549200
vt 0.526900 -0.548700
vt 0.485800 -0.500000
vt 0.485800 -0.500000
vt 0.485400 -0.548100
vt 0.571400 -0.589000
vt 0.527600 -0.588600
vt 0.486100 -0.588000
vt 0.431300 -0.587800
vt 0.430600 -0.547900
vt 0.431000 -0.499800
vt 0.431000 -0.499800
vt 0.430600 -0.547900
vt 0.485400 -0.548100
vt 0.486100 -0.588000
vt 0.431300 -0.587800
vt 0.527600 -0.588600
vt 0.571400 -0.589000
vt 0.571400 -0.589000
vt 0.527600 -0.588600
vt 0.486100 -0.588000
vt 0.431300 -0.587800
vt 0.430600 -0.547900
vt 0.485400 -0.548100
vt 0.526900 -0.548700
vt 0.570700 -0.549200
vt 0.571000 -0.501100
vt 0.527300 -0.500700
vt 0.485800 -0.500000
vt 0.431000 -0.499800
vt 0.462200 -0.536500
vt 0.462700 -0.536500
vt 0.462400 -0.536700
vt 0.462900 -0.536800
vt 0.462500 -0.537100
vt 0.462800 -0.537200
vt 0.462400 -0.537400
vt 0.462700 -0.537400
vt 0.462400 -0.537100
vt 0.462800 -0.537100
vt 0.462400 -0.536800
vt 0.462900 -0.536700
vt 0.462800 -0.536600
vt 0.462400 -0.536600
vt 0.356100 -0.994600
vt 0.293200 -0.994600
vt 0.241300 -0.994600
vt 0.195700 -0.994600
vt 0.120900 -0.994600
vt 0.055900 -0.994600
vt 0.026400 -0.994600
vt 0.395800 -0.516200
vt 0.395800 -0.516200
vt 0.395900 -0.515700
vt 0.395800 -0.516200
vt 0.397700 -0.516700
vt 0.397700 -0.516700
vt 0.399600 -0.516700
vt 0.399600 -0.516700
vt 0.399700 -0.515300
vt 0.399700 -0.515300
vt 0.397900 -0.514400
vt 0.397200 -0.516200
vt 0.396000 -0.513900
vt 0.396000 -0.513900
vt 0.396000 -0.513900
vt 0.395200 -0.517400
vt 0.740900 -0.078500
vt 0.756000 -0.153700
vt 0.777900 -0.226200
vt 0.781000 -0.249800
vt 0.781700 -0.278900
vt 0.809000 -0.679700
vt 0.807400 -0.671100
vt 0.802900 -0.660600
vt 0.803200 -0.673100
vt 0.804200 -0.688100
vt 0.797700 -0.691500
vt 0.796600 -0.675000
vt 0.791200 -0.692800
vt 0.792800 -0.705900
vt 0.787900 -0.695400
vt 0.788700 -0.707600
vt 0.793800 -0.713300
vt 0.790100 -0.715700
vt 0.794400 -0.722300
vt 0.790800 -0.724300
vt 0.797000 -0.748700
vt 0.792900 -0.749600
vt 0.809200 -0.680800
vt 0.809800 -0.690800
vt 0.805200 -0.700800
vt 0.799000 -0.705900
vt 0.799700 -0.712300
vt 0.800800 -0.721400
vt 0.804400 -0.748600
vt 0.798300 -0.758300
vt 0.793000 -0.748400
vt 0.794100 -0.757400
vt 0.805700 -0.707700
vt 0.811200 -0.742000
vt 0.807200 -0.716400
vt 0.810100 -0.697400
vt 0.811100 -0.705400
vt 0.814400 -0.726700
vt 0.815900 -0.738100
vt 0.812300 -0.751000
vt 0.805600 -0.756600
vt 0.807300 -0.771100
vt 0.800100 -0.772400
vt 0.796400 -0.774200
vt 0.817200 -0.791200
vt 0.814000 -0.766200
vt 0.817500 -0.754100
vt 0.812200 -0.803500
vt 0.810500 -0.797100
vt 0.803600 -0.800900
vt 0.804700 -0.808400
vt 0.808100 -0.827100
vt 0.815600 -0.822100
vt 0.821300 -0.793600
vt 0.823800 -0.784000
vt 0.820100 -0.783500
vt 0.863300 -0.771800
vt 0.860600 -0.776300
vt 0.864800 -0.779700
vt 0.863000 -0.786500
vt 0.852900 -0.787900
vt 0.852900 -0.814900
vt 0.836900 -0.812400
vt 0.842900 -0.783800
vt 0.832000 -0.790000
vt 0.823600 -0.816500
vt 0.827600 -0.859800
vt 0.838500 -0.857200
vt 0.852900 -0.860300
vt 0.863600 -0.819600
vt 0.871300 -0.801100
vt 0.871900 -0.792100
vt 0.877300 -0.796700
vt 0.872500 -0.771600
vt 0.877000 -0.771600
vt 0.877100 -0.763800
vt 0.880900 -0.770700
vt 0.881100 -0.762500
vt 0.867200 -0.895900
vt 0.864900 -0.868900
vt 0.864000 -0.852900
vt 0.871700 -0.827300
vt 0.877300 -0.807800
vt 0.885600 -0.794200
vt 0.885700 -0.802800
vt 0.891100 -0.787100
vt 0.884500 -0.766300
vt 0.889400 -0.762400
vt 0.894900 -0.764100
vt 0.894600 -0.756800
vt 0.895100 -0.803900
vt 0.885700 -0.819200
vt 0.877400 -0.830200
vt 0.872500 -0.853500
vt 0.873500 -0.868300
vt 0.874600 -0.894700
vt 0.877500 -0.866700
vt 0.877400 -0.852400
vt 0.877500 -0.892500
vt 0.885200 -0.856400
vt 0.885500 -0.840200
vt 0.894500 -0.828300
vt 0.907900 -0.822800
vt 0.908200 -0.795600
vt 0.918400 -0.796600
vt 0.917700 -0.822600
vt 0.927700 -0.824600
vt 0.928800 -0.797900
vt 0.939600 -0.804600
vt 0.907800 -0.844000
vt 0.894600 -0.847100
vt 0.894500 -0.883100
vt 0.916900 -0.844800
vt 0.907200 -0.882100
vt 0.915900 -0.882600
vt 0.926400 -0.847200
vt 0.937300 -0.851200
vt 0.873700 -0.933600
vt 0.876800 -0.930100
vt 0.885100 -0.886600
vt 0.884500 -0.922600
vt 0.893500 -0.918100
vt 0.905800 -0.917000
vt 0.914200 -0.917700
vt 0.923100 -0.919400
vt 0.925100 -0.883900
vt 0.877700 -0.982500
vt 0.887100 -0.982400
vt 0.894400 -0.982400
vt 0.905900 -0.982400
vt 0.913700 -0.982400
vt 0.922000 -0.982400
vt 0.931400 -0.982400
vt 0.933500 -0.922100
vt 0.947200 -0.928400
vt 0.942400 -0.982500
vt 0.956000 -0.936900
vt 0.949400 -0.982600
vt 0.951000 -0.982600
vt 0.959900 -0.936000
vt 0.964700 -0.957600
vt 0.965000 -0.936200
vt 0.969300 -0.932400
vt 0.969100 -0.951200
vt 0.975400 -0.921700
vt 0.976000 -0.939400
vt 0.983800 -0.927200
vt 0.983800 -0.909200
vt 0.987600 -0.915600
vt 0.986600 -0.902400
vt 0.959300 -0.897400
vt 0.963000 -0.912100
vt 0.966600 -0.915400
vt 0.969700 -0.914800
vt 0.976300 -0.908200
vt 0.983700 -0.899200
vt 0.986500 -0.894000
vt 0.982400 -0.887900
vt 0.986400 -0.883900
vt 0.980400 -0.878100
vt 0.963100 -0.870500
vt 0.966200 -0.890500
vt 0.965300 -0.881300
vt 0.967700 -0.884700
vt 0.969000 -0.894200
vt 0.975100 -0.893800
vt 0.972500 -0.885900
vt 0.987400 -0.872300
vt 0.990300 -0.874500
vt 0.989700 -0.880400
vt 0.987300 -0.893600
vt 0.987700 -0.901100
vt 0.988700 -0.912500
vt 0.990700 -0.912000
vt 0.988900 -0.923000
vt 0.983600 -0.935900
vt 0.976600 -0.948600
vt 0.970500 -0.959100
vt 0.966700 -0.967700
vt 0.959300 -0.974900
vt 0.954800 -0.982400
vt 0.958400 -0.982100
vt 0.877200 -0.742500
vt 0.879800 -0.734600
vt 0.880400 -0.728200
vt 0.877100 -0.734500
vt 0.881100 -0.724100
vt 0.877100 -0.730300
vt 0.873300 -0.734900
vt 0.873400 -0.730700
vt 0.877900 -0.717900
vt 0.874100 -0.717300
vt 0.879000 -0.701700
vt 0.875200 -0.699600
vt 0.871100 -0.699500
vt 0.870200 -0.715400
vt 0.869800 -0.728200
vt 0.868100 -0.712700
vt 0.868700 -0.704300
vt 0.871500 -0.693000
vt 0.875600 -0.692500
vt 0.879200 -0.695300
vt 0.880500 -0.705600
vt 0.881000 -0.714400
vt 0.867900 -0.721300
vt 0.867800 -0.725700
vt 0.869500 -0.732700
vt 0.869100 -0.740500
vt 0.867200 -0.732300
vt 0.868500 -0.758300
vt 0.865900 -0.749400
vt 0.868300 -0.762200
vt 0.865900 -0.754000
vt 0.867900 -0.768700
vt 0.865600 -0.761600
vt 0.866300 -0.784000
vt 0.864600 -0.777900
vt 0.873100 -0.743400
vt 0.872900 -0.761100
vt 0.872800 -0.764400
vt 0.863300 -0.774000
vt 0.865600 -0.774700
vt 0.877200 -0.760000
vt 0.881500 -0.757800
vt 0.880400 -0.737200
vt 0.941300 -0.772400
vt 0.945200 -0.788100
vt 0.944000 -0.752300
vt 0.948900 -0.757600
vt 0.967200 -0.829900
vt 0.969200 -0.811600
vt 0.963600 -0.829900
vt 0.961900 -0.806900
vt 0.969700 -0.803800
vt 0.962200 -0.798000
vt 0.951900 -0.798100
vt 0.952600 -0.790000
vt 0.940900 -0.791500
vt 0.944200 -0.788300
vt 0.956400 -0.757100
vt 0.958500 -0.741300
vt 0.950100 -0.742000
vt 0.960200 -0.729700
vt 0.951700 -0.731300
vt 0.969600 -0.801600
vt 0.970900 -0.774600
vt 0.965100 -0.765900
vt 0.967400 -0.751100
vt 0.968500 -0.739300
vt 0.963700 -0.717800
vt 0.971600 -0.723600
vt 0.972200 -0.715100
vt 0.964100 -0.710100
vt 0.970800 -0.706600
vt 0.964500 -0.701800
vt 0.971100 -0.698400
vt 0.965100 -0.695000
vt 0.970600 -0.690400
vt 0.965200 -0.688100
vt 0.954800 -0.720200
vt 0.957800 -0.712200
vt 0.959900 -0.704300
vt 0.960300 -0.696000
vt 0.961100 -0.687300
vt 0.965700 -0.677300
vt 0.960000 -0.673900
vt 0.898300 -0.769100
vt 0.901500 -0.775600
vt 0.897500 -0.747000
vt 0.903200 -0.742100
vt 0.920700 -0.776800
vt 0.919000 -0.769200
vt 0.919100 -0.783600
vt 0.917300 -0.776100
vt 0.908900 -0.780900
vt 0.909100 -0.773300
vt 0.914000 -0.743300
vt 0.908500 -0.740200
vt 0.914200 -0.732900
vt 0.908400 -0.728600
vt 0.902100 -0.742500
vt 0.899900 -0.783300
vt 0.901600 -0.731900
vt 0.901800 -0.721900
vt 0.908400 -0.717700
vt 0.913700 -0.722500
vt 0.907700 -0.698500
vt 0.915000 -0.702000
vt 0.907500 -0.691400
vt 0.914900 -0.694400
vt 0.914800 -0.687400
vt 0.921900 -0.703000
vt 0.921800 -0.699200
vt 0.901000 -0.702100
vt 0.900900 -0.695100
vt 0.907500 -0.685800
vt 0.913400 -0.673700
vt 0.907400 -0.672900
vt 0.902200 -0.671100
vt 0.900800 -0.688200
vt 0.896800 -0.699700
vt 0.896800 -0.703000
vt 0.750500 -0.469400
vt 0.754300 -0.385700
vt 0.717000 -0.469400
vt 0.715900 -0.385700
vt 0.723100 -0.277700
vt 0.680600 -0.385700
vt 0.689500 -0.256200
vt 0.637100 -0.383400
vt 0.642600 -0.235500
vt 0.582000 -0.231700
vt 0.580000 -0.385700
vt 0.516200 -0.232600
vt 0.516400 -0.385700
vt 0.463300 -0.242100
vt 0.465900 -0.385700
vt 0.407700 -0.265700
vt 0.413500 -0.385700
vt 0.370200 -0.283800
vt 0.375000 -0.385700
vt 0.459300 -0.046500
vt 0.460500 -0.144400
vt 0.515200 -0.132500
vt 0.582300 -0.134200
vt 0.647000 -0.137700
vt 0.693000 -0.152600
vt 0.512000 -0.041600
vt 0.582000 -0.040500
vt 0.648200 -0.033700
vt 0.693700 -0.034500
vt 0.882600 -0.793600
vt 0.886300 -0.793100
vt 0.880100 -0.773200
vt 0.878000 -0.764400
vt 0.878000 -0.768100
vt 0.883800 -0.754100
vt 0.884000 -0.758600
vt 0.889000 -0.754100
vt 0.894500 -0.752200
vt 0.888900 -0.748700
vt 0.883800 -0.738000
vt 0.888300 -0.734000
vt 0.893000 -0.735800
vt 0.892600 -0.729400
vt 0.887900 -0.727900
vt 0.883500 -0.731800
vt 0.883300 -0.727700
vt 0.887700 -0.723800
vt 0.882800 -0.719700
vt 0.879300 -0.727300
vt 0.878700 -0.734700
vt 0.892500 -0.725000
vt 0.887500 -0.717100
vt 0.882800 -0.708600
vt 0.886600 -0.706400
vt 0.889900 -0.707900
vt 0.892100 -0.716600
vt 0.993100 -0.904300
vt 0.991900 -0.890300
vt 0.990100 -0.895000
vt 0.848700 -0.688700
vt 0.849500 -0.663600
vt 0.845800 -0.682200
vt 0.846300 -0.668300
vt 0.854500 -0.690500
vt 0.854300 -0.699800
vt 0.848700 -0.698300
vt 0.854300 -0.707400
vt 0.848400 -0.705800
vt 0.847500 -0.731700
vt 0.854400 -0.734600
vt 0.854400 -0.741700
vt 0.847600 -0.740400
vt 0.847500 -0.749900
vt 0.854200 -0.751200
vt 0.846300 -0.778500
vt 0.845300 -0.741100
vt 0.843500 -0.773700
vt 0.846000 -0.689700
vt 0.845600 -0.697500
vt 0.844100 -0.720200
vt 0.844000 -0.731100
vt 0.844200 -0.741900
vt 0.861200 -0.749400
vt 0.853300 -0.779400
vt 0.861100 -0.731100
vt 0.861100 -0.739300
vt 0.864600 -0.718500
vt 0.864500 -0.728800
vt 0.864300 -0.739800
vt 0.860300 -0.705500
vt 0.864100 -0.697300
vt 0.864000 -0.690100
vt 0.860000 -0.697900
vt 0.860400 -0.689100
vt 0.855800 -0.662200
vt 0.861200 -0.663600
vt 0.864500 -0.668600
vt 0.864600 -0.682700
vt 0.863800 -0.667000
vt 0.861500 -0.654600
vt 0.856300 -0.652200
vt 0.850100 -0.654300
vt 0.846800 -0.667200
vt 0.773400 -0.865600
vt 0.774700 -0.852400
vt 0.770000 -0.866400
vt 0.770700 -0.853800
vt 0.798600 -0.862200
vt 0.795900 -0.868300
vt 0.803000 -0.867600
vt 0.799200 -0.880900
vt 0.790100 -0.871500
vt 0.791900 -0.882200
vt 0.780900 -0.871400
vt 0.780800 -0.857800
vt 0.769500 -0.883400
vt 0.772600 -0.883600
vt 0.781700 -0.888600
vt 0.794100 -0.898400
vt 0.801900 -0.897000
vt 0.805800 -0.890600
vt 0.809800 -0.880100
vt 0.803300 -0.830000
vt 0.798900 -0.840000
vt 0.773400 -0.912300
vt 0.780800 -0.914200
vt 0.793000 -0.919000
vt 0.802000 -0.925700
vt 0.805700 -0.928600
vt 0.811100 -0.931600
vt 0.819000 -0.907500
vt 0.815700 -0.870300
vt 0.769900 -0.917800
vt 0.773300 -0.921600
vt 0.769500 -0.911000
vt 0.779300 -0.921700
vt 0.790700 -0.929400
vt 0.799500 -0.940900
vt 0.803800 -0.947100
vt 0.809100 -0.952800
vt 0.821300 -0.864900
vt 0.826500 -0.905400
vt 0.835300 -0.901800
vt 0.845900 -0.897600
vt 0.857500 -0.896700
vt 0.817900 -0.955000
vt 0.827000 -0.948000
vt 0.837700 -0.943600
vt 0.848100 -0.938600
vt 0.858100 -0.937300
vt 0.866900 -0.935800
vt 0.821700 -0.982700
vt 0.830200 -0.982700
vt 0.839600 -0.982600
vt 0.849100 -0.982600
vt 0.859300 -0.982600
vt 0.867500 -0.982600
vt 0.872900 -0.982500
vt 0.230000 -0.597200
vt 0.285500 -0.602500
vt 0.243800 -0.744000
vt 0.293800 -0.755000
vt 0.276900 -0.452100
vt 0.272700 -0.338300
vt 0.267700 -0.275300
vt 0.248800 -0.189300
vt 0.296100 -0.124500
vt 0.275000 -0.071100
vt 0.228000 -0.100600
vt 0.214400 -0.205000
vt 0.195600 -0.125500
vt 0.206200 -0.212000
vt 0.180800 -0.136500
vt 0.219600 -0.279800
vt 0.231400 -0.278100
vt 0.231900 -0.341400
vt 0.213600 -0.370800
vt 0.216800 -0.393100
vt 0.220300 -0.452400
vt 0.135500 -0.242000
vt 0.136200 -0.353000
vt 0.120700 -0.326200
vt 0.138700 -0.388400
vt 0.174700 -0.393900
vt 0.176000 -0.405800
vt 0.107100 -0.322700
vt 0.128800 -0.240700
vt 0.109000 -0.236300
vt 0.053100 -0.327500
vt 0.058700 -0.447900
vt 0.063500 -0.600400
vt 0.061700 -0.756300
vt 0.120300 -0.745300
vt 0.193000 -0.738400
vt 0.033400 -0.716400
vt 0.035300 -0.602500
vt 0.016900 -0.335300
vt 0.012200 -0.233700
vt 0.053500 -0.228000
vt 0.119700 -0.139600
vt 0.145600 -0.151100
vt 0.158500 -0.161100
vt 0.013000 -0.135000
vt 0.058800 -0.113600
vt 0.085500 -0.014500
vt 0.131100 -0.046900
vt 0.163500 -0.066800
vt 0.184400 -0.077600
vt 0.796000 -0.661300
vt 0.788200 -0.689400
vt 0.790000 -0.678900
vt 0.789300 -0.666500
vt 0.788000 -0.680000
vt 0.787900 -0.686900
vt 0.910600 -0.490900
vt 0.932400 -0.327900
vt 0.920600 -0.492300
vt 0.954200 -0.333100
vt 0.933300 -0.500600
vt 0.919500 -0.323800
vt 0.893800 -0.490400
vt 0.897500 -0.316700
vt 0.876300 -0.491500
vt 0.871100 -0.313200
vt 0.861400 -0.493800
vt 0.851400 -0.319100
vt 0.845800 -0.496700
vt 0.831200 -0.323700
vt 0.830300 -0.500300
vt 0.808100 -0.331800
vt 0.818900 -0.502100
vt 0.782700 -0.346200
vt 0.808000 -0.507200
vt -0.575100 -0.324400
vt -0.575100 -0.337500
vt -0.599400 -0.324400
vt -0.599400 -0.337500
vt -0.572000 -0.402200
vt -0.598200 -0.402200
vt -0.541300 -0.337500
vt -0.541300 -0.324400
vt -0.508400 -0.337500
vt -0.508400 -0.324400
vt -0.474600 -0.337500
vt -0.474600 -0.324400
vt -0.440500 -0.337500
vt -0.440500 -0.324400
vt -0.411800 -0.337500
vt -0.411800 -0.324400
vt -0.390000 -0.337500
vt -0.390000 -0.324400
vt -0.361000 -0.337500
vt -0.361500 -0.324400
vt -0.360900 -0.402200
vt -0.390300 -0.402500
vt -0.411700 -0.402700
vt -0.440500 -0.402600
vt -0.478700 -0.402200
vt -0.508600 -0.402200
vt -0.540200 -0.402200
vt 0.938600 -0.829500
vt 0.951500 -0.813000
vt 0.951300 -0.838000
vt 0.960900 -0.824700
vt 0.929600 -0.784200
vt 0.897600 -0.781000
vt 0.891400 -0.793700
vt 0.239400 -0.616500
vt 0.208800 -0.615400
vt 0.212100 -0.572900
vt 0.180800 -0.588200
vt 0.181100 -0.610700
vt 0.174200 -0.618200
vt 0.156300 -0.613400
vt 0.157100 -0.670900
vt 0.171700 -0.635100
vt 0.184800 -0.645700
vt 0.210300 -0.654500
vt 0.243400 -0.665700
vt 0.270100 -0.617400
vt 0.271600 -0.665600
vt 0.309700 -0.661800
vt 0.309700 -0.620200
vt 0.311400 -0.569100
vt 0.274000 -0.562000
vt 0.244700 -0.561600
vt 0.320300 -0.509700
vt 0.275300 -0.500400
vt 0.239700 -0.504400
vt 0.198000 -0.526300
vt 0.158500 -0.561000
vt 0.139300 -0.628200
vt 0.936000 -0.885900
vt 0.950600 -0.890900
vt 0.951300 -0.860500
vt 0.959700 -0.874600
vt 0.963400 -0.883900
vt 0.959200 -0.851300
vt -0.680500 -0.925100
vt -0.694700 -0.841400
vt -0.669100 -0.871300
vt -0.745800 -0.865900
vt -0.730900 -0.918900
vt -0.766800 -0.865000
vt -0.725000 -0.873100
vt -0.778200 -0.910200
vt -0.677000 -0.924900
vt -0.694800 -0.872900
vt -0.673000 -0.840100
vt 0.919400 -0.770000
vt 0.921900 -0.776900
vt 0.922100 -0.741500
vt 0.927100 -0.737700
vt 0.930300 -0.775400
vt 0.925700 -0.738000
vt 0.930000 -0.738000
vt 0.936600 -0.741400
vt 0.939400 -0.781200
vt 0.920400 -0.768200
vt 0.918000 -0.773500
vt 0.942000 -0.779800
vt 0.944000 -0.781200
vt 0.937900 -0.729900
vt 0.931000 -0.725000
vt 0.926200 -0.726000
vt 0.927400 -0.714900
vt 0.932100 -0.712900
vt 0.938500 -0.718100
vt 0.935800 -0.694600
vt 0.943400 -0.700600
vt 0.943800 -0.693300
vt 0.936200 -0.687400
vt 0.928800 -0.689500
vt 0.928400 -0.696200
vt 0.929300 -0.682700
vt 0.936600 -0.681100
vt 0.944200 -0.686100
vt 0.937200 -0.674100
vt 0.944700 -0.677200
vt 0.944200 -0.663400
vt 0.938100 -0.663100
vt 0.944600 -0.651600
vt 0.937900 -0.646500
vt 0.934100 -0.648600
vt 0.931100 -0.662300
vt 0.929700 -0.673900
vt 0.820000 -0.779400
vt 0.824400 -0.784500
vt 0.820500 -0.741700
vt 0.824700 -0.750900
vt 0.840100 -0.778000
vt 0.832000 -0.782200
vt 0.830500 -0.750500
vt 0.823500 -0.751000
vt 0.829800 -0.739800
vt 0.837000 -0.735100
vt 0.837900 -0.746400
vt 0.841200 -0.734800
vt 0.840400 -0.722500
vt 0.839500 -0.710900
vt 0.836100 -0.725900
vt 0.829200 -0.731900
vt 0.821800 -0.730800
vt 0.820300 -0.705700
vt 0.826800 -0.705800
vt 0.820100 -0.697700
vt 0.826200 -0.697300
vt 0.819800 -0.691100
vt 0.825800 -0.691400
vt 0.818800 -0.676000
vt 0.832400 -0.693700
vt 0.833400 -0.701700
vt 0.837400 -0.690800
vt 0.836700 -0.683900
vt 0.825000 -0.675500
vt 0.831300 -0.673200
vt 0.831900 -0.687300
vt 0.836100 -0.668400
vt 0.836400 -0.677300
vt 0.817800 -0.654100
vt 0.824200 -0.650700
vt 0.817600 -0.643800
vt 0.815800 -0.660200
vt 0.830600 -0.650200
vt 0.835200 -0.655400
vt 0.836100 -0.667300
vt 0.834600 -0.653400
vt 0.830600 -0.640100
vt 0.823800 -0.638800
vt 0.816100 -0.673000
vt 0.815600 -0.661800
vt 0.816700 -0.682100
vt 0.817200 -0.689400
vt 0.817300 -0.697200
vt 0.817700 -0.719200
vt 0.818200 -0.731300
vt 0.822600 -0.740500
vt 0.818600 -0.743200
vt 0.377600 -0.565000
vt 0.377600 -0.566200
vt 0.377800 -0.567500
vt 0.456000 -0.479200
vt 0.467100 -0.469400
vt 0.420600 -0.479200
vt 0.415800 -0.469400
vt 0.388500 -0.479200
vt 0.381800 -0.469400
vt 0.751000 -0.479200
vt 0.695800 -0.479200
vt 0.632000 -0.479200
vt 0.681900 -0.469400
vt 0.581000 -0.479200
vt 0.638100 -0.467100
vt -0.761800 -0.843000
vt -0.713400 -0.823100
vt -0.675300 -0.941300
vt -0.660300 -0.857700
vt -0.651900 -0.824800
vt -0.702200 -0.945700
vt -0.704100 -0.821600
vt -0.743300 -0.871400
vt 0.972900 -0.678900
vt 0.993500 -0.874500
vt 0.994400 -0.890600
vt 0.393200 -0.535000
vt 0.395300 -0.536700
vt 0.392200 -0.553800
vt 0.394300 -0.550600
vt 0.389900 -0.517200
vt 0.392300 -0.518100
vt 0.385300 -0.515300
vt 0.387700 -0.518200
vt 0.385400 -0.523400
vt 0.382200 -0.522200
vt 0.383900 -0.538300
vt 0.380300 -0.539900
vt 0.381400 -0.553800
vt 0.383900 -0.553500
vt 0.390500 -0.564900
vt 0.387600 -0.564100
vt 0.394000 -0.560900
vt -0.390200 -0.472900
vt -0.361700 -0.473300
vt -0.412100 -0.473200
vt -0.440800 -0.473300
vt -0.474900 -0.473600
vt -0.508700 -0.473900
vt -0.541500 -0.474100
vt -0.575400 -0.474400
vt -0.599700 -0.474500
vt 0.485400 -0.548100
vt 0.486100 -0.588000
vt 0.430600 -0.547900
vt 0.431300 -0.587800
vt 0.485800 -0.500500
vt 0.431000 -0.500300
vt 0.431000 -0.500300
vt 0.485800 -0.500500
vt 0.485400 -0.548100
vt 0.430600 -0.547900
vt 0.431300 -0.587800
vt 0.486100 -0.588000
vt 0.431300 -0.587800
vt 0.486100 -0.588000
vt 0.485400 -0.548100
vt 0.430600 -0.547900
vt 0.485800 -0.500000
vt 0.431000 -0.499800
vt 0.527300 -0.501100
vt 0.526900 -0.548700
vt 0.527600 -0.588600
vt 0.527600 -0.588600
vt 0.526900 -0.548700
vt 0.527300 -0.500700
vt 0.571400 -0.589000
vt 0.527600 -0.588600
vt 0.570700 -0.549200
vt 0.526900 -0.548700
vt 0.571000 -0.501500
vt 0.570700 -0.549200
vt 0.571400 -0.589000
vt 0.571400 -0.589000
vt 0.571000 -0.501100
vt 0.570700 -0.549200
vt 0.722700 -0.601000
vt 0.739700 -0.599000
vt 0.722700 -0.601000
vt 0.540800 -0.479200
vt 0.581200 -0.469400
vt 0.498100 -0.479200
vt 0.517700 -0.469400
vt 0.882800 -0.698300
vt 0.886000 -0.694400
vt 0.890000 -0.695600
vt 0.902300 -0.662200
vt 0.906900 -0.660300
vt 0.912600 -0.662300
vt 0.767300 -0.300700
vt 0.911000 -0.540200
vt 0.921500 -0.540200
vt 0.933800 -0.490800
vt 0.935100 -0.540200
vt 0.938400 -0.570200
vt 0.930500 -0.570200
vt 0.923300 -0.570200
vt 0.917300 -0.570200
vt 0.911500 -0.570200
vt 0.895700 -0.540200
vt 0.903000 -0.570200
vt 0.892700 -0.570200
vt 0.883600 -0.570200
vt 0.878200 -0.540200
vt 0.877000 -0.570200
vt 0.871300 -0.570200
vt 0.864300 -0.540200
vt 0.848400 -0.540200
vt 0.833800 -0.540200
vt 0.824800 -0.540200
vt 0.814700 -0.540200
vt 0.865800 -0.570200
vt 0.856400 -0.570200
vt 0.847400 -0.570200
vt 0.838900 -0.570200
vt 0.834700 -0.570200
vt 0.829900 -0.570200
vt 0.823100 -0.570200
vt 0.814700 -0.570200
vt 0.470400 -0.753000
vt 0.470100 -0.789100
vt 0.502300 -0.741900
vt 0.503900 -0.781800
vt 0.524700 -0.738600
vt 0.526500 -0.777000
vt 0.551500 -0.738800
vt 0.552000 -0.778400
vt 0.448300 -0.721900
vt 0.449000 -0.771000
vt 0.469800 -0.714300
vt 0.498500 -0.696700
vt 0.522100 -0.696200
vt 0.554100 -0.699800
vt 0.446900 -0.798100
vt 0.438300 -0.799300
vt 0.436200 -0.772000
vt 0.436700 -0.723200
vt 0.438100 -0.613500
vt 0.450700 -0.612000
vt 0.469000 -0.610400
vt 0.495400 -0.609700
vt 0.520000 -0.610400
vt 0.420400 -0.615800
vt 0.417300 -0.721300
vt 0.416400 -0.759400
vt 0.418900 -0.794000
vt 0.415000 -0.866300
vt 0.436300 -0.863800
vt 0.436700 -0.914900
vt 0.414600 -0.916000
vt 0.409300 -0.974200
vt 0.438300 -0.969600
vt 0.450800 -0.973100
vt 0.447300 -0.914000
vt 0.388400 -0.617700
vt 0.386800 -0.710100
vt 0.385100 -0.746300
vt 0.383000 -0.787200
vt 0.383100 -0.850500
vt 0.384700 -0.918600
vt 0.382400 -0.976300
vt 0.474500 -0.908800
vt 0.483900 -0.973500
vt 0.501800 -0.905100
vt 0.502000 -0.975400
vt 0.527100 -0.903000
vt 0.525700 -0.977900
vt 0.551600 -0.979700
vt 0.555100 -0.912800
vt 0.581000 -0.977700
vt 0.582700 -0.921400
vt 0.582700 -0.845800
vt 0.554400 -0.824800
vt 0.527100 -0.826700
vt 0.502600 -0.838400
vt 0.581100 -0.786500
vt 0.578600 -0.743200
vt 0.580000 -0.703000
vt 0.580700 -0.612200
vt 0.554300 -0.612600
vt 0.472900 -0.852800
vt 0.446700 -0.862000
vt 0.908900 -0.028300
vt 0.906400 -0.117900
vt 0.870400 -0.025900
vt 0.867400 -0.105600
vt 0.838600 -0.028900
vt 0.838700 -0.100400
vt 0.807900 -0.037600
vt 0.816200 -0.107600
vt 0.764800 -0.061700
vt 0.781000 -0.128700
vt 0.844100 -0.196900
vt 0.866600 -0.194000
vt 0.902900 -0.190100
vt 0.901300 -0.230400
vt 0.867200 -0.223800
vt 0.845000 -0.228000
vt 0.823500 -0.233000
vt 0.822700 -0.207000
vt 0.797300 -0.216600
vt 0.802300 -0.244600
vt 0.803400 -0.269000
vt 0.825000 -0.254900
vt 0.846600 -0.253000
vt 0.868500 -0.251100
vt 0.900000 -0.264100
vt 0.920700 -0.278900
vt 0.920800 -0.236400
vt 0.933200 -0.282100
vt 0.960600 -0.269600
vt 0.934000 -0.240400
vt 0.961600 -0.240900
vt 0.936900 -0.203400
vt 0.965200 -0.217900
vt 0.973500 -0.136300
vt 0.945700 -0.131100
vt 0.986200 -0.059800
vt 0.956400 -0.047200
vt 0.929800 -0.128200
vt 0.938300 -0.039700
vt 0.923900 -0.195500
vt 0.462400 -0.536200
vt 0.461900 -0.536100
vt 0.462900 -0.536600
vt 0.463000 -0.536700
vt 0.463100 -0.536900
vt 0.463200 -0.537100
vt 0.463400 -0.537400
vt 0.463000 -0.537600
vt 0.463000 -0.537600
vt 0.462700 -0.537500
vt 0.462600 -0.537600
vt 0.463200 -0.537600
vt 0.294800 -0.994600
vt 0.242000 -0.994600
vt 0.195800 -0.994600
vt 0.120200 -0.994600
vt 0.054700 -0.994600
vt 0.024900 -0.994600
vt 0.742500 -0.082600
vt 0.757000 -0.156400
vt 0.778800 -0.227500
vt 0.781900 -0.250600
vt 0.782500 -0.279100
vt 0.274400 -0.187100
vt 0.274600 -0.187500
vt 0.275600 -0.192300
vt 0.278400 -0.186500
vt 0.289600 -0.188200
vt 0.278600 -0.186900
vt 0.289800 -0.189800
vt 0.283400 -0.208800
vt 0.309600 -0.227700
vt 0.314300 -0.194000
vt 0.313800 -0.191200
vt 0.375100 -0.197900
vt 0.374700 -0.194900
vt 0.485100 -0.202600
vt 0.485100 -0.203500
vt 0.377700 -0.233700
vt 0.484000 -0.236500
vt 0.557000 -0.248400
vt 0.564300 -0.225400
vt 0.563100 -0.226000
vt 0.598600 -0.254900
vt 0.600000 -0.255600
vt 0.595100 -0.265200
vt 0.275600 -0.192300
vt 0.274600 -0.187500
vt 0.274400 -0.187100
vt 0.278400 -0.186500
vt 0.278600 -0.186900
vt 0.289600 -0.188200
vt 0.289800 -0.189800
vt 0.283400 -0.208800
vt 0.309600 -0.227700
vt 0.314300 -0.194000
vt 0.313800 -0.191200
vt 0.375100 -0.197900
vt 0.374700 -0.194900
vt 0.485100 -0.202600
vt 0.485100 -0.203500
vt 0.377700 -0.233700
vt 0.484000 -0.236500
vt 0.557000 -0.248400
vt 0.564300 -0.225400
vt 0.563100 -0.226000
vt 0.598600 -0.254900
vt 0.600000 -0.255600
vt 0.595100 -0.265200
vt 0.624200 -0.018700
vt 0.639600 -0.021900
vt 0.630100 -0.088500
vt 0.604800 -0.068700
vt 0.638900 -0.048400
vt 0.640200 -0.027300
vt 0.625100 -0.083900
vt 0.638900 -0.083800
vt 0.627000 -0.035100
vt 0.651400 -0.035100
vt 0.637400 -0.075900
vt 0.634800 -0.533900
vt 0.617600 -0.494000
vt 0.619000 -0.496700
vt 0.640500 -0.529800
vt 0.669300 -0.552400
vt 0.665800 -0.587400
vt 0.701100 -0.567500
vt 0.666900 -0.692200
vt 0.683500 -0.693400
vt 0.698700 -0.809200
vt 0.716800 -0.778600
vt 0.776200 -0.927800
vt 0.788700 -0.893200
vt 0.832400 -0.957800
vt 0.841300 -0.921500
vt 0.913700 -0.983400
vt 0.917800 -0.946200
vt 0.724400 -0.510900
vt 0.738600 -0.596000
vt 0.729100 -0.694000
vt 0.760100 -0.786800
vt 0.817300 -0.885100
vt 0.860800 -0.904000
vt 0.926900 -0.922900
vt 0.993500 -0.930400
vt 0.993500 -0.955400
vt 0.917800 -0.946200
vt 0.835600 -0.681700
vt 0.790300 -0.690300
vt 0.798200 -0.602800
vt 0.807500 -0.786600
vt 0.850200 -0.881200
vt 0.885000 -0.896100
vt 0.938700 -0.912100
vt 0.900900 -0.870700
vt 0.871700 -0.854000
vt 0.841800 -0.769800
vt 0.841700 -0.609800
vt 0.859700 -0.675000
vt 0.865800 -0.750300
vt 0.884000 -0.823500
vt 0.909500 -0.845800
vt 0.946800 -0.886500
vt 0.951700 -0.859200
vt 0.993500 -0.864000
vt 0.993500 -0.892600
vt 0.946800 -0.886500
vt 0.951700 -0.859200
vt 0.993500 -0.818600
vt 0.960700 -0.815400
vt 0.927400 -0.797800
vt 0.908700 -0.769200
vt 0.893200 -0.717600
vt 0.866600 -0.672700
vt 0.887800 -0.663200
vt 0.871200 -0.616600
vt 0.890700 -0.622400
vt 0.880000 -0.586300
vt 0.897000 -0.600800
vt 0.975200 -0.703000
vt 0.953100 -0.696200
vt 0.937700 -0.686400
vt 0.922100 -0.666700
vt 0.913300 -0.645500
vt 0.914300 -0.631400
vt 0.918300 -0.624900
vt 0.924800 -0.618100
vt 0.976400 -0.671200
vt 0.955600 -0.666200
vt 0.941200 -0.659600
vt 0.926700 -0.650500
vt 0.918200 -0.640600
vt 0.919800 -0.635700
vt 0.922700 -0.633700
vt 0.928400 -0.631400
vt 0.929800 -0.644800
vt 0.920800 -0.639500
vt 0.923500 -0.638800
vt 0.926300 -0.638600
vt 0.932200 -0.638400
vt 0.936600 -0.628900
vt 0.941200 -0.639900
vt 0.947000 -0.626300
vt 0.950500 -0.641100
vt 0.957000 -0.640800
vt 0.928500 -0.640300
vt 0.925600 -0.640300
vt 0.922300 -0.640000
vt 0.931300 -0.643600
vt 0.944900 -0.650000
vt 0.947100 -0.647000
vt 0.958800 -0.652700
vt 0.960800 -0.649100
vt 0.979400 -0.651100
vt 0.977900 -0.655200
vt 0.993500 -0.651600
vt 0.993500 -0.656200
vt 0.993500 -0.672700
vt 0.976400 -0.671200
vt 0.977900 -0.655200
vt 0.958800 -0.652700
vt 0.979400 -0.651100
vt 0.993500 -0.699100
vt 0.975200 -0.703000
vt 0.953100 -0.696200
vt 0.955600 -0.666200
vt 0.941100 -0.659600
vt 0.944900 -0.650000
vt 0.929800 -0.644800
vt 0.926700 -0.650500
vt 0.918200 -0.640600
vt 0.920800 -0.639500
vt 0.923500 -0.638800
vt 0.960700 -0.815400
vt 0.927400 -0.797800
vt 0.937700 -0.686400
vt 0.922000 -0.666600
vt 0.913300 -0.645500
vt 0.914300 -0.631300
vt 0.919800 -0.635700
vt 0.908700 -0.769200
vt 0.893200 -0.717600
vt 0.887800 -0.663200
vt 0.890700 -0.622300
vt 0.918300 -0.624900
vt 0.897000 -0.600800
vt 0.924800 -0.618100
vt 0.909200 -0.579300
vt 0.934100 -0.611000
vt 0.926300 -0.562100
vt 0.946200 -0.604300
vt 0.922600 -0.633600
vt 0.928400 -0.631300
vt 0.936600 -0.628900
vt 0.947000 -0.626300
vt 0.955000 -0.624500
vt 0.955300 -0.601700
vt 0.962700 -0.623000
vt 0.963300 -0.600600
vt 0.974400 -0.599500
vt 0.974200 -0.621700
vt 0.926300 -0.638600
vt 0.932200 -0.638400
vt 0.941200 -0.639900
vt 0.950500 -0.641100
vt 0.957000 -0.640800
vt 0.964300 -0.640600
vt 0.942100 -0.642100
vt 0.951400 -0.643400
vt 0.957800 -0.643800
vt 0.965300 -0.643800
vt 0.975100 -0.641000
vt 0.975700 -0.644600
vt 0.984300 -0.645600
vt 0.983900 -0.641900
vt 0.993500 -0.646300
vt 0.993500 -0.642900
vt 0.983900 -0.641900
vt 0.983800 -0.623400
vt 0.993500 -0.625500
vt 0.983800 -0.623400
vt 0.974200 -0.621700
vt 0.975100 -0.641000
vt 0.964300 -0.640600
vt 0.962700 -0.623000
vt 0.955100 -0.624500
vt 0.993500 -0.602600
vt 0.983600 -0.600600
vt 0.974400 -0.599500
vt 0.963300 -0.600600
vt 0.955300 -0.601700
vt 0.946200 -0.604300
vt 0.934100 -0.611000
vt 0.982700 -0.568700
vt 0.975000 -0.569900
vt 0.964500 -0.570800
vt 0.955100 -0.569900
vt 0.945200 -0.549300
vt 0.926300 -0.562100
vt 0.909200 -0.579300
vt 0.956000 -0.538100
vt 0.956200 -0.525800
vt 0.965100 -0.518600
vt 0.958500 -0.521100
vt 0.960900 -0.516400
vt 0.947600 -0.518900
vt 0.947300 -0.524000
vt 0.947000 -0.529100
vt 0.921800 -0.537600
vt 0.897700 -0.556800
vt 0.914200 -0.504900
vt 0.919700 -0.528000
vt 0.920700 -0.532800
vt 0.895500 -0.552900
vt 0.876800 -0.583900
vt 0.867700 -0.615700
vt 0.863100 -0.673800
vt 0.873700 -0.581400
vt 0.893300 -0.548900
vt 0.879800 -0.526000
vt 0.854100 -0.567200
vt 0.864200 -0.614800
vt 0.767300 -0.515200
vt 0.817700 -0.544500
vt 0.855000 -0.484400
vt 0.904100 -0.465400
vt 0.948000 -0.501400
vt 0.965500 -0.505500
vt 0.763500 -0.443900
vt 0.819100 -0.406700
vt 0.891800 -0.398300
vt 0.947200 -0.464700
vt 0.969200 -0.469600
vt 0.976300 -0.502700
vt 0.973100 -0.523200
vt 0.981600 -0.519200
vt 0.968100 -0.540500
vt 0.980800 -0.541500
vt 0.947500 -0.401600
vt 0.971900 -0.400900
vt 0.978000 -0.472800
vt 0.984700 -0.471100
vt 0.983200 -0.498700
vt 0.993500 -0.514500
vt 0.993500 -0.541100
vt 0.993500 -0.557200
vt 0.981700 -0.555800
vt 0.982500 -0.560000
vt 0.969200 -0.469600
vt 0.976300 -0.502700
vt 0.978000 -0.472800
vt 0.984700 -0.471100
vt 0.983200 -0.498700
vt 0.981600 -0.519200
vt 0.980800 -0.541500
vt 0.981700 -0.555800
vt 0.982500 -0.560000
vt 0.993500 -0.562200
vt 0.993500 -0.565500
vt 0.973100 -0.557100
vt 0.969900 -0.554100
vt 0.968100 -0.540500
vt 0.973100 -0.523200
vt 0.965500 -0.505500
vt 0.948000 -0.501400
vt 0.947200 -0.464700
vt 0.904100 -0.465400
vt 0.891800 -0.398300
vt 0.855000 -0.484400
vt 0.956000 -0.562800
vt 0.958200 -0.557900
vt 0.953000 -0.540000
vt 0.956000 -0.538100
vt 0.965100 -0.518600
vt 0.960900 -0.516400
vt 0.947600 -0.518900
vt 0.914200 -0.504900
vt 0.879900 -0.525900
vt 0.864200 -0.614800
vt 0.873700 -0.581400
vt 0.854100 -0.567200
vt 0.893300 -0.548900
vt 0.919700 -0.528000
vt 0.947300 -0.524000
vt 0.958500 -0.521100
vt 0.956200 -0.525800
vt 0.947000 -0.529100
vt 0.920700 -0.532800
vt 0.895500 -0.552900
vt 0.876800 -0.583900
vt 0.897700 -0.556800
vt 0.921800 -0.537600
vt 0.880000 -0.586300
vt 0.945200 -0.549300
vt 0.955100 -0.569900
vt 0.964500 -0.570800
vt 0.975000 -0.569900
vt 0.983600 -0.600600
vt 0.982700 -0.568700
vt 0.983200 -0.562900
vt 0.977100 -0.563900
vt 0.970700 -0.564600
vt 0.964700 -0.564600
vt 0.965800 -0.560300
vt 0.975200 -0.559200
vt 0.971300 -0.561200
vt 0.993500 -0.569900
vt 0.983200 -0.562900
vt 0.973100 -0.557100
vt 0.969900 -0.554100
vt 0.970700 -0.564600
vt 0.977100 -0.563900
vt 0.975200 -0.559200
vt 0.965800 -0.560300
vt 0.958200 -0.557900
vt 0.964700 -0.564600
vt 0.956000 -0.562800
vt 0.953000 -0.540000
vt 0.971300 -0.561200
vt 0.033800 -0.991600
vt 0.106500 -0.993100
vt 0.036900 -0.967000
vt 0.107800 -0.934000
vt 0.166100 -0.931300
vt 0.169200 -0.994400
vt 0.189900 -0.927000
vt 0.181500 -0.994700
vt 0.197500 -0.927600
vt 0.186900 -0.994800
vt 0.219200 -0.995500
vt 0.204300 -0.911300
vt 0.211400 -0.899900
vt 0.197200 -0.905300
vt 0.220700 -0.899700
vt 0.231100 -0.932700
vt 0.193700 -0.913200
vt 0.171600 -0.914000
vt 0.202500 -0.906800
vt 0.207300 -0.933200
vt 0.209700 -0.968700
vt 0.169900 -0.976800
vt 0.205400 -0.995200
vt 0.170400 -0.994500
vt 0.106400 -0.993100
vt 0.106600 -0.978600
vt 0.174500 -0.915500
vt 0.170400 -0.940000
vt 0.107900 -0.932000
vt 0.038700 -0.941300
vt 0.049400 -0.916900
vt 0.068200 -0.887400
vt 0.109200 -0.889200
vt 0.168000 -0.919900
vt 0.109300 -0.885200
vt 0.064100 -0.895900
vt 0.108900 -0.893400
vt 0.053600 -0.916100
vt 0.035000 -0.991200
vt 0.036000 -0.998000
vt 0.036900 -0.977500
vt 0.045500 -0.935700
vt 0.040100 -0.951900
vt 0.044100 -0.932900
vt 0.062900 -0.895600
vt 0.051500 -0.913800
vt 0.057500 -0.903600
vt 0.066700 -0.887200
vt 0.056100 -0.908200
vt 0.054500 -0.911800
vt 0.051300 -0.918100
vt 0.046900 -0.926900
vt 0.042000 -0.938100
vt 0.038500 -0.947200
vt 0.035000 -0.957500
vt 0.031300 -0.972200
vt 0.028900 -0.982800
vt 0.032800 -0.964800
vt 0.030000 -0.982300
vt 0.028500 -0.985200
vt 0.029300 -0.990900
vt 0.027500 -0.995000
vt 0.028500 -0.985200
vt 0.030000 -0.982300
vt 0.031300 -0.972200
vt 0.033400 -0.964300
vt 0.038700 -0.940900
vt 0.035000 -0.957500
vt 0.038500 -0.947200
vt 0.066700 -0.887200
vt 0.048700 -0.916600
vt 0.107500 -0.932300
vt 0.107500 -0.978800
vt 0.107500 -0.993400
vt 0.042000 -0.938100
vt 0.046900 -0.926900
vt 0.051300 -0.918100
vt 0.054500 -0.911800
vt 0.056100 -0.908200
vt 0.057500 -0.903600
vt 0.062900 -0.895600
vt 0.051500 -0.913800
vt 0.044100 -0.932900
vt 0.052900 -0.915800
vt 0.045300 -0.935300
vt 0.040100 -0.951900
vt 0.036900 -0.977500
vt 0.037500 -0.966600
vt 0.107600 -0.993400
vt 0.107500 -0.934300
vt 0.107600 -0.893600
vt 0.107700 -0.885400
vt 0.107700 -0.889400
vt 0.220300 -0.996900
vt 0.188100 -0.995900
vt 0.197000 -0.928800
vt 0.182700 -0.995800
vt 0.189300 -0.928100
vt 0.170400 -0.995400
vt 0.165700 -0.932100
vt 0.167300 -0.920800
vt 0.170700 -0.914800
vt 0.173700 -0.916400
vt 0.170200 -0.940900
vt 0.203400 -0.912500
vt 0.192800 -0.914300
vt 0.196100 -0.906500
vt 0.210200 -0.901200
vt 0.219400 -0.901000
vt 0.230700 -0.934200
vt 0.232500 -0.997200
vt 0.230700 -0.975800
vt 0.210200 -0.970100
vt 0.206900 -0.934500
vt 0.170700 -0.977800
vt 0.201400 -0.907900
vt 0.218900 -0.992200
vt 0.221300 -0.997000
vt 0.219900 -0.992000
vt 0.229300 -0.997200
vt 0.222600 -0.985600
vt 0.215700 -0.983000
vt 0.206600 -0.996500
vt 0.171600 -0.995400
vt 0.212900 -0.996700
vt 0.215500 -0.991300
vt 0.213900 -0.991700
vt 0.217600 -0.989400
vt 0.211400 -0.989500
vt 0.215500 -0.991600
vt 0.210900 -0.991200
vt 0.210900 -0.996700
vt 0.207900 -0.996600
vt 0.208200 -0.996600
vt 0.212100 -0.996700
vt 0.216900 -0.996800
vt 0.219500 -0.996900
vt 0.220400 -0.996900
vt 0.640100 -0.039800
vt 0.638900 -0.112800
vt 0.607100 -0.039800
vt 0.604900 -0.112800
vt 0.613800 -0.060100
vt 0.641500 -0.064500
vt 0.613700 -0.123200
vt 0.641300 -0.116300
vt 0.633900 -0.093300
vt 0.633900 -0.034300
vt 0.659500 -0.093300
vt 0.659500 -0.034300
vt 0.601500 -0.133400
vt 0.602400 -0.079300
vt 0.627400 -0.133400
vt 0.628300 -0.079300
vt 0.412300 -0.543300
vt 0.432200 -0.540500
vt 0.431000 -0.518700
vt 0.454500 -0.539800
vt 0.452900 -0.513400
vt 0.453300 -0.514400
vt 0.431200 -0.519700
vt 0.412400 -0.519200
vt 0.412600 -0.517700
vt 0.394800 -0.519800
vt 0.394800 -0.518000
vt 0.377800 -0.522200
vt 0.378000 -0.520400
vt 0.394700 -0.544700
vt 0.395100 -0.551900
vt 0.412500 -0.549500
vt 0.432700 -0.546000
vt 0.455300 -0.541300
vt 0.476500 -0.536000
vt 0.476200 -0.511800
vt 0.511100 -0.526500
vt 0.511800 -0.506700
vt 0.477300 -0.510100
vt 0.518500 -0.504600
vt 0.478700 -0.535400
vt 0.522700 -0.525700
vt 0.645900 -0.525000
vt 0.698200 -0.533100
vt 0.695400 -0.528200
vt 0.706800 -0.483600
vt 0.694300 -0.478100
vt 0.688800 -0.517000
vt 0.668400 -0.534800
vt 0.668000 -0.543700
vt 0.716400 -0.484700
vt 0.701500 -0.538000
vt 0.727800 -0.484500
vt 0.721800 -0.451800
vt 0.730000 -0.437600
vt 0.744400 -0.461100
vt 0.752800 -0.475700
vt 0.764500 -0.420800
vt 0.774900 -0.380800
vt 0.812300 -0.359400
vt 0.761700 -0.332400
vt 0.814200 -0.328500
vt 0.818100 -0.292100
vt 0.767900 -0.283200
vt 0.827000 -0.251500
vt 0.785900 -0.232000
vt 0.847700 -0.207000
vt 0.802500 -0.164300
vt 0.828200 -0.129400
vt 0.787400 -0.131800
vt 0.792800 -0.102800
vt 0.876700 -0.181600
vt 0.874000 -0.241200
vt 0.856900 -0.274800
vt 0.850500 -0.301900
vt 0.849800 -0.325300
vt 0.851900 -0.347600
vt 0.890700 -0.367100
vt 0.863800 -0.282600
vt 0.858500 -0.305100
vt 0.859800 -0.318400
vt 0.868300 -0.335300
vt 0.894700 -0.352000
vt 0.949300 -0.371400
vt 0.975000 -0.347400
vt 0.980200 -0.402100
vt 0.862800 -0.308800
vt 0.863100 -0.312600
vt 0.875700 -0.323600
vt 0.898700 -0.332700
vt 0.945100 -0.332000
vt 0.945700 -0.352400
vt 0.965900 -0.330200
vt 0.965100 -0.321400
vt 0.877000 -0.319500
vt 0.864000 -0.311700
vt 0.864100 -0.309400
vt 0.875100 -0.298900
vt 0.919000 -0.302900
vt 0.899500 -0.325400
vt 0.945000 -0.325900
vt 0.964200 -0.320100
vt 0.966300 -0.314300
vt 0.964300 -0.314900
vt 0.962000 -0.296000
vt 0.947700 -0.283000
vt 0.965000 -0.291300
vt 0.949800 -0.274600
vt 0.926100 -0.273200
vt 0.903300 -0.275300
vt 0.887900 -0.284800
vt 0.885500 -0.277000
vt 0.902200 -0.265600
vt 0.926300 -0.263000
vt 0.954100 -0.244100
vt 0.970500 -0.312000
vt 0.977700 -0.312400
vt 0.981800 -0.347900
vt 0.986200 -0.401800
vt 0.993500 -0.478100
vt 0.993500 -0.494500
vt 0.980200 -0.402100
vt 0.986200 -0.401800
vt 0.993500 -0.401400
vt 0.986700 -0.347700
vt 0.982800 -0.311200
vt 0.975100 -0.274000
vt 0.968600 -0.278700
vt 0.980600 -0.272600
vt 0.963800 -0.234500
vt 0.927500 -0.216600
vt 0.927400 -0.229000
vt 0.897200 -0.222900
vt 0.899700 -0.234900
vt 0.878700 -0.252300
vt 0.872500 -0.295200
vt 0.910900 -0.169400
vt 0.941100 -0.167900
vt 0.976000 -0.236400
vt 0.962000 -0.168700
vt 0.983800 -0.237000
vt 0.977100 -0.169600
vt 0.868100 -0.103400
vt 0.911200 -0.091200
vt 0.945300 -0.087000
vt 0.969900 -0.085500
vt 0.993400 -0.085000
vt 0.993600 -0.170100
vt 0.977100 -0.169600
vt 0.969900 -0.085500
vt 0.945300 -0.087000
vt 0.932600 -0.039000
vt 0.833600 -0.059200
vt 0.871800 -0.037600
vt 0.921300 -0.027400
vt 0.964500 -0.035000
vt 0.978500 -0.034200
vt 0.993200 -0.033500
vt 0.964500 -0.035000
vt 0.911500 -0.015600
vt 0.888200 -0.047900
vt 0.869100 -0.024500
vt 0.836900 -0.066200
vt 0.816600 -0.051000
vt 0.911200 -0.091200
vt 0.868100 -0.103400
vt 0.828200 -0.129400
vt 0.804900 -0.145200
vt 0.847700 -0.207000
vt 0.785900 -0.232000
vt 0.827000 -0.251500
vt 0.874000 -0.241200
vt 0.856900 -0.274800
vt 0.878700 -0.252300
vt 0.863800 -0.282600
vt 0.850500 -0.301900
vt 0.876700 -0.181600
vt 0.910900 -0.169400
vt 0.941100 -0.167900
vt 0.962000 -0.168700
vt 0.983800 -0.237000
vt 0.993500 -0.237100
vt 0.927500 -0.216600
vt 0.963800 -0.234500
vt 0.976000 -0.236400
vt 0.986200 -0.272400
vt 0.993500 -0.272300
vt 0.987300 -0.310600
vt 0.993500 -0.310400
vt 0.987300 -0.310600
vt 0.980600 -0.272600
vt 0.982800 -0.311200
vt 0.975100 -0.274000
vt 0.968600 -0.278700
vt 0.954100 -0.244100
vt 0.927400 -0.229000
vt 0.926300 -0.263000
vt 0.949800 -0.274600
vt 0.926100 -0.273200
vt 0.947700 -0.283000
vt 0.962000 -0.296000
vt 0.965000 -0.291300
vt 0.897200 -0.222900
vt 0.899700 -0.234900
vt 0.902200 -0.265600
vt 0.903300 -0.275300
vt 0.919000 -0.302900
vt 0.964300 -0.314900
vt 0.966300 -0.314300
vt 0.885500 -0.277000
vt 0.887900 -0.284800
vt 0.875100 -0.298900
vt 0.872500 -0.295200
vt 0.862800 -0.308800
vt 0.864100 -0.309400
vt 0.864000 -0.311700
vt 0.863100 -0.312600
vt 0.877000 -0.319500
vt 0.875700 -0.323600
vt 0.899500 -0.325400
vt 0.898700 -0.332700
vt 0.945100 -0.332000
vt 0.945000 -0.325900
vt 0.858500 -0.305100
vt 0.859800 -0.318400
vt 0.868300 -0.335300
vt 0.894700 -0.352000
vt 0.945700 -0.352400
vt 0.949300 -0.371400
vt 0.975000 -0.347400
vt 0.965900 -0.330200
vt 0.965100 -0.321400
vt 0.849800 -0.325300
vt 0.851900 -0.347600
vt 0.890700 -0.367100
vt 0.947500 -0.401600
vt 0.971900 -0.400900
vt 0.818100 -0.292100
vt 0.814200 -0.328500
vt 0.812300 -0.359400
vt 0.819100 -0.406700
vt 0.762200 -0.246700
vt 0.781000 -0.284700
vt 0.775500 -0.333300
vt 0.774900 -0.380800
vt 0.764500 -0.420800
vt 0.763500 -0.443900
vt 0.767300 -0.515200
vt 0.752800 -0.475700
vt 0.724400 -0.510900
vt 0.744400 -0.461100
vt 0.817700 -0.544500
vt 0.798200 -0.602800
vt 0.738600 -0.596000
vt 0.701100 -0.567500
vt 0.701500 -0.538000
vt 0.727800 -0.484500
vt 0.716400 -0.484700
vt 0.721800 -0.451800
vt 0.730000 -0.437600
vt 0.841700 -0.609800
vt 0.835600 -0.681700
vt 0.790300 -0.690300
vt 0.729100 -0.694000
vt 0.683500 -0.693400
vt 0.760100 -0.786800
vt 0.716800 -0.778600
vt 0.817300 -0.885100
vt 0.788700 -0.893200
vt 0.859700 -0.675000
vt 0.866000 -0.750100
vt 0.841800 -0.769800
vt 0.807500 -0.786600
vt 0.850200 -0.881200
vt 0.860800 -0.904000
vt 0.841300 -0.921500
vt 0.885000 -0.896100
vt 0.871700 -0.854000
vt 0.884000 -0.823500
vt 0.866600 -0.672700
vt 0.871200 -0.616600
vt 0.867700 -0.615700
vt 0.863100 -0.673800
vt 0.603900 -0.063200
vt 0.617600 -0.130600
vt 0.656100 -0.055900
vt 0.656100 -0.096500
vt 0.964200 -0.320100
vt 0.970500 -0.312000
vt 0.977700 -0.312400
vt 0.981800 -0.347900
vt 0.986700 -0.347700
vt 0.993500 -0.347700
vt 0.429800 -0.842400
vt 0.373100 -0.825600
vt 0.378300 -0.773600
vt 0.328300 -0.845600
vt 0.434200 -0.796000
vt 0.518300 -0.817800
vt 0.520500 -0.863300
vt 0.599400 -0.826500
vt 0.599400 -0.778700
vt 0.519800 -0.773100
vt 0.439400 -0.745400
vt 0.377600 -0.691100
vt 0.294900 -0.587300
vt 0.306700 -0.704700
vt 0.271300 -0.814800
vt 0.599400 -0.872300
vt 0.520500 -0.863300
vt 0.518300 -0.817800
vt 0.519800 -0.773100
vt 0.434200 -0.796000
vt 0.439400 -0.745400
vt 0.378300 -0.773600
vt 0.377600 -0.691100
vt 0.294900 -0.587300
vt 0.306700 -0.704700
vt 0.328300 -0.845600
vt 0.373100 -0.825600
vt 0.429800 -0.842400
vt 0.217600 -0.276400
vt 0.220900 -0.313400
vt 0.244400 -0.315000
vt 0.245200 -0.367200
vt 0.262900 -0.365600
vt 0.258800 -0.468900
vt 0.262200 -0.465000
vt 0.257200 -0.555000
vt 0.247300 -0.678400
vt 0.271300 -0.814800
vt 0.219500 -0.791100
vt 0.205900 -0.668200
vt 0.215400 -0.550000
vt 0.222800 -0.465400
vt 0.211300 -0.364600
vt 0.193100 -0.292700
vt 0.175200 -0.363000
vt 0.181100 -0.464700
vt 0.135000 -0.361300
vt 0.138500 -0.464200
vt 0.176500 -0.547600
vt 0.137300 -0.545200
vt 0.140200 -0.656700
vt 0.173500 -0.662200
vt 0.028100 -0.991600
vt 0.909500 -0.845800
vt 0.900900 -0.870700
vt 0.938700 -0.912100
vt 0.993500 -0.918600
vt 0.926900 -0.922900
vt 0.665800 -0.587400
vt 0.666900 -0.692200
vt 0.698700 -0.809200
vt 0.776200 -0.927800
vt 0.832400 -0.957800
vt 0.913700 -0.983400
vt 0.993500 -0.992900
vt 0.669300 -0.552400
vt 0.634800 -0.533900
vt 0.640500 -0.529800
vt 0.668000 -0.543700
vt 0.698200 -0.533100
vt 0.695400 -0.528200
vt 0.706800 -0.483600
vt 0.694300 -0.478100
vt 0.688800 -0.517000
vt 0.668400 -0.534800
vt 0.645900 -0.525000
vt 0.619000 -0.496700
vt 0.617600 -0.494000
vt 0.647600 -0.028500
vt 0.647900 -0.079800
vt 0.620200 -0.032600
vt 0.618900 -0.082400
vt 0.615400 -0.136800
vt 0.645900 -0.134200
vt 0.633100 -0.146900
vt 0.628100 -0.078300
vt 0.650800 -0.146900
vt 0.656000 -0.106500
vt 0.656600 -0.060400
vt 0.654500 -0.025300
vt 0.476200 -0.511800
vt 0.511800 -0.506700
vt 0.477300 -0.510100
vt 0.518500 -0.504600
vt 0.478700 -0.535400
vt 0.522700 -0.525700
vt 0.453300 -0.514400
vt 0.452900 -0.513400
vt 0.431000 -0.518700
vt 0.431200 -0.519700
vt 0.412400 -0.519200
vt 0.412600 -0.517700
vt 0.394800 -0.519800
vt 0.511100 -0.526500
vt 0.476500 -0.536000
vt 0.455300 -0.541300
vt 0.432700 -0.546000
vt 0.412500 -0.549500
vt 0.395100 -0.551900
vt 0.378700 -0.552700
vt 0.394700 -0.544700
vt 0.394700 -0.544700
vt 0.394800 -0.518000
vt 0.412300 -0.543300
vt 0.432200 -0.540500
vt 0.454500 -0.539800
vt 0.644600 -0.143700
vt 0.645600 -0.117400
vt 0.618300 -0.139300
vt 0.614800 -0.110900
vt 0.645000 -0.089000
vt 0.613500 -0.086400
vt 0.635300 -0.060500
vt 0.588800 -0.042200
vt 0.173500 -0.662200
vt 0.176500 -0.547600
vt 0.205900 -0.668200
vt 0.215400 -0.550000
vt 0.181100 -0.464700
vt 0.222800 -0.465400
vt 0.211300 -0.364600
vt 0.140200 -0.656700
vt 0.137300 -0.545200
vt 0.138500 -0.464200
vt 0.135000 -0.361300
vt 0.175200 -0.363000
vt 0.193100 -0.292700
vt 0.220900 -0.313400
vt 0.245200 -0.367200
vt 0.258800 -0.468900
vt 0.257200 -0.555000
vt 0.247300 -0.678400
vt 0.219500 -0.791100
vt 0.262200 -0.465000
vt 0.262900 -0.365600
vt 0.244400 -0.315000
vt 0.217600 -0.276400
vt 0.404400 -0.545500
vt 0.374900 -0.546900
vt 0.374900 -0.545900
vt 0.404400 -0.545500
vt 0.403900 -0.546600
vt 0.399200 -0.524300
vt 0.375000 -0.525400
vt 0.429200 -0.524700
vt 0.428400 -0.543500
vt 0.428300 -0.542800
vt 0.449800 -0.539600
vt 0.450300 -0.540000
vt 0.452900 -0.524600
vt 0.401000 -0.516900
vt 0.427300 -0.517800
vt 0.449400 -0.518300
vt 0.473000 -0.521600
vt 0.471100 -0.540200
vt 0.490000 -0.537100
vt 0.490000 -0.521700
vt 0.513600 -0.531500
vt 0.513100 -0.519800
vt 0.476300 -0.522600
vt 0.472600 -0.540000
vt 0.494100 -0.538100
vt 0.520900 -0.532600
vt 0.525000 -0.519900
vt 0.498000 -0.521800
vt 0.216500 -0.988000
vt 0.217800 -0.990800
vt 0.219200 -0.995500
vt 0.220100 -0.995500
vt 0.218800 -0.990600
vt 0.228100 -0.995700
vt 0.221700 -0.984100
vt 0.230000 -0.974300
vt 0.218300 -0.995500
vt 0.214400 -0.990200
vt 0.215800 -0.995400
vt 0.210900 -0.996500
vt 0.209800 -0.989800
vt 0.210400 -0.988100
vt 0.212800 -0.990400
vt 0.214400 -0.989900
vt 0.214800 -0.981600
vt 0.234600 -0.996300
vt 0.211800 -0.995300
vt 0.209800 -0.995300
vt 0.206700 -0.995200
vt 0.207100 -0.995200
vt 0.211000 -0.995300
vt 0.026700 -0.995100
vt 0.039600 -0.948200
vt 0.038700 -0.995100
vt 0.072800 -0.937600
vt 0.074100 -0.910300
vt 0.040500 -0.924600
vt 0.026800 -0.975100
vt 0.039700 -0.949100
vt 0.026900 -0.976000
vt 0.040600 -0.925400
vt 0.026800 -0.962600
vt 0.018200 -0.995100
vt 0.026600 -0.961700
vt 0.040500 -0.919500
vt 0.074000 -0.905500
vt 0.132000 -0.897100
vt 0.073500 -0.912500
vt 0.026500 -0.963700
vt 0.026100 -0.977600
vt 0.025600 -0.995100
vt 0.026000 -0.976800
vt 0.026300 -0.962800
vt 0.026700 -0.958600
vt 0.038600 -0.947900
vt 0.039700 -0.925600
vt 0.073500 -0.937400
vt 0.037600 -0.995100
vt 0.071800 -0.995100
vt 0.073600 -0.938300
vt 0.038700 -0.948800
vt 0.073700 -0.919000
vt 0.039800 -0.926400
vt 0.074200 -0.912000
vt 0.133800 -0.904600
vt 0.135200 -0.931800
vt 0.133000 -0.995100
vt 0.135400 -0.932700
vt 0.134000 -0.911100
vt 0.132100 -0.903600
vt 0.074200 -0.916700
vt 0.040700 -0.926000
vt 0.131100 -0.902600
vt 0.171400 -0.894500
vt 0.178900 -0.900800
vt 0.184700 -0.928900
vt 0.183000 -0.995100
vt 0.184800 -0.929700
vt 0.179100 -0.907200
vt 0.171600 -0.901000
vt 0.183700 -0.896100
vt 0.201200 -0.899600
vt 0.216000 -0.929300
vt 0.216200 -0.995100
vt 0.216200 -0.930200
vt 0.201400 -0.906100
vt 0.183900 -0.902600
vt 0.165100 -0.908000
vt 0.131300 -0.909000
vt 0.128700 -0.932700
vt 0.245200 -0.940600
vt 0.247900 -0.990100
vt 0.245000 -0.941000
vt 0.229600 -0.903400
vt 0.191800 -0.898700
vt 0.162300 -0.905400
vt 0.165000 -0.901500
vt 0.152700 -0.929700
vt 0.146200 -0.932100
vt 0.131700 -0.995100
vt 0.152800 -0.930600
vt 0.125100 -0.995100
vt 0.140500 -0.995100
vt 0.146300 -0.933000
vt 0.162400 -0.911900
vt 0.191900 -0.905200
vt 0.229700 -0.909800
vt 0.986200 -0.272400
vt 0.541300 -0.039200
vt 0.563400 -0.043200
vt 0.539600 -0.060800
vt 0.574700 -0.063300
vt 0.544900 -0.088500
vt 0.586900 -0.090000
vt 0.625300 -0.089300
vt 0.605500 -0.061500
vt 0.583600 -0.041300
vt 0.556900 -0.034400
vt 0.535500 -0.137900
vt 0.537400 -0.104100
vt 0.566100 -0.130600
vt 0.585400 -0.098600
vt 0.550000 -0.060400
vt 0.607000 -0.056000
vt 0.658700 -0.055300
vt 0.626600 -0.099900
vt 0.593100 -0.132600
vt 0.555600 -0.144600
vt 0.449800 -0.539600
vt 0.471100 -0.540200
vt 0.472600 -0.540000
vt 0.490000 -0.537100
vt 0.494100 -0.538100
vt 0.513600 -0.531500
vt 0.520900 -0.532600
vt 0.525000 -0.519900
vt 0.498000 -0.521800
vt 0.476300 -0.522600
vt 0.513100 -0.519800
vt 0.490000 -0.521700
vt 0.473000 -0.521600
vt 0.449400 -0.518300
vt 0.427300 -0.517800
vt 0.428300 -0.542800
vt 0.401000 -0.516900
vt 0.374900 -0.517500
vt 0.403900 -0.546600
vt 0.428400 -0.543500
vt 0.450300 -0.540000
vt 0.452900 -0.524600
vt 0.429200 -0.524700
vt 0.399200 -0.524300
vt 0.984300 -0.645600
vt 0.975700 -0.644600
vt 0.965300 -0.643800
vt 0.957800 -0.643800
vt 0.951400 -0.643400
vt 0.942100 -0.642100
vt 0.933900 -0.640500
vt 0.960800 -0.649100
vt 0.947100 -0.647000
vt 0.931300 -0.643600
vt 0.922300 -0.640000
vt 0.925600 -0.640300
vt 0.928500 -0.640300
vt 0.933900 -0.640500
vt 0.128500 -0.931800
vt 0.071400 -0.995100
vt 0.073000 -0.938500
vt 0.026900 -0.959500
vt 0.390200 -0.868200
vt 0.444200 -0.885700
vt 0.530300 -0.914100
vt 0.599400 -0.918800
vt 0.530300 -0.914100
vt 0.444200 -0.885700
vt 0.390200 -0.868200
vt 0.599400 -0.954900
vt 0.159700 -0.305000
vt 0.143300 -0.302800
vt 0.127800 -0.300700
vt 0.061900 -0.359000
vt 0.075800 -0.465200
vt 0.010700 -0.465000
vt 0.010700 -0.358600
vt 0.061900 -0.359000
vt 0.075800 -0.465200
vt 0.075900 -0.546100
vt 0.010400 -0.545500
vt 0.075900 -0.546100
vt 0.127800 -0.300700
vt 0.143300 -0.302800
vt 0.159700 -0.305000
vt 0.075900 -0.651200
vt 0.010600 -0.648800
vt 0.075900 -0.651200
vt 0.187300 -0.788200
vt 0.151800 -0.788100
vt 0.088800 -0.784000
vt 0.010500 -0.862500
vt 0.088800 -0.784000
vt 0.151800 -0.788100
vt 0.187300 -0.788200
vt 0.498600 -0.059300
vt 0.456000 -0.121500
vt 0.372100 -0.095200
vt 0.643600 -0.110400
vt 0.643600 -0.127200
vt 0.627200 -0.109700
vt 0.180400 -0.090100
vt 0.255500 -0.070800
vt 0.233800 -0.126500
vt 0.342100 -0.088600
vt 0.331100 -0.121700
vt 0.458000 -0.121200
vt 0.454900 -0.098400
vt 0.545300 -0.122400
vt 0.534300 -0.098000
vt 0.601500 -0.121100
vt 0.588100 -0.098300
vt 0.187300 -0.062600
vt 0.268700 -0.051300
vt 0.347300 -0.051300
vt 0.452900 -0.051300
vt 0.520700 -0.051300
vt 0.577000 -0.051300
vt 0.625700 -0.051300
vt 0.625700 -0.085500
vt 0.151900 -0.084600
vt 0.160300 -0.060500
vt 0.129300 -0.052800
vt 0.128000 -0.083300
vt 0.112600 -0.051600
vt 0.109100 -0.079700
vt 0.608200 -0.034300
vt 0.607900 -0.093300
vt 0.552900 -0.093300
vt 0.552900 -0.034300
vt 0.478100 -0.093300
vt 0.478100 -0.034300
vt 0.384100 -0.103500
vt 0.370500 -0.034300
vt 0.315100 -0.130400
vt 0.318100 -0.034300
vt 0.279300 -0.130400
vt 0.295800 -0.034300
vt 0.271100 -0.034300
vt 0.252900 -0.034300
vt 0.252900 -0.130400
vt 0.608700 -0.035100
vt 0.603600 -0.083700
vt 0.522700 -0.089900
vt 0.529800 -0.035500
vt 0.431700 -0.089900
vt 0.432900 -0.033300
vt 0.332100 -0.086800
vt 0.321200 -0.042600
vt 0.258800 -0.100900
vt 0.252600 -0.063200
vt 0.200400 -0.111300
vt 0.195800 -0.074900
vt 0.155300 -0.103600
vt 0.148400 -0.077200
vt 0.042900 -0.093300
vt 0.255200 -0.124600
vt 0.325800 -0.135300
vt 0.434300 -0.136500
vt 0.520100 -0.136500
vt 0.595200 -0.138100
vt 0.421700 -0.109500
vt 0.398100 -0.105500
vt 0.433900 -0.086200
vt 0.482400 -0.120900
vt 0.482400 -0.090400
vt 0.482400 -0.073300
vt 0.411200 -0.087900
vt 0.482400 -0.052700
vt 0.405800 -0.042700
vt 0.333600 -0.047600
vt 0.333600 -0.091000
vt 0.387300 -0.109400
vt 0.333600 -0.111200
vt 0.297200 -0.096200
vt 0.297200 -0.118100
vt 0.256600 -0.100800
vt 0.256600 -0.119600
vt 0.199400 -0.111600
vt 0.204700 -0.083700
vt 0.256600 -0.074900
vt 0.297200 -0.059800
vt 0.296300 -0.057800
vt 0.300500 -0.112200
vt 0.255300 -0.108800
vt 0.369600 -0.105000
vt 0.361100 -0.052700
vt 0.333500 -0.037500
vt 0.296300 -0.040400
vt 0.270200 -0.057400
vt 0.276700 -0.037800
vt 0.247900 -0.054200
vt 0.259000 -0.036600
vt 0.182400 -0.037800
vt 0.193600 -0.067900
vt 0.223900 -0.091800
vt 0.410100 -0.062900
vt 0.440900 -0.083300
vt 0.473300 -0.127900
vt 0.202600 -0.243100
vt 0.163000 -0.101800
vt 0.104900 -0.073900
vt 0.166800 -0.041500
vt 0.145200 -0.051400
vt 0.581500 -0.078200
vt 0.577600 -0.022800
vt 0.613800 -0.079000
vt 0.614500 -0.023600
vt 0.635600 -0.024900
vt 0.614400 -0.146900
vt 0.580700 -0.146900
vt 0.500300 -0.096600
vt 0.499200 -0.140500
vt 0.377500 -0.118100
vt 0.377300 -0.084500
vt 0.252000 -0.083300
vt 0.252500 -0.104700
vt 0.108000 -0.092700
vt 0.377300 -0.049000
vt 0.501000 -0.049300
vt 0.549800 -0.059400
vt 0.545900 -0.019100
vt 0.497400 -0.017000
vt 0.377400 -0.028000
vt 0.265800 -0.056900
vt 0.266500 -0.040700
vt 0.536300 -0.119300
vt 0.599000 -0.119300
vt 0.650400 -0.120000
vt 0.568600 -0.136900
vt 0.561600 -0.077700
vt 0.603400 -0.129200
vt 0.603400 -0.070900
vt 0.630800 -0.117800
vt 0.630800 -0.048600
vt 0.755600 -0.281100
vt 0.748600 -0.331000
vt 0.082600 -0.068400
vt 0.130600 -0.053700
vt 0.124400 -0.120200
vt 0.173700 -0.058900
vt 0.173700 -0.143000
vt 0.225300 -0.143000
vt 0.220500 -0.057900
vt 0.689700 -0.420500
vt 0.663600 -0.417500
vt 0.669400 -0.390700
vt 0.649100 -0.375600
vt 0.652400 -0.433000
vt 0.683400 -0.442600
vt 0.670000 -0.459900
vt 0.652600 -0.457000
vt 0.630500 -0.437900
vt 0.637100 -0.405000
vt 0.631200 -0.385600
vt 0.620600 -0.432000
vt 0.628300 -0.461700
vt 0.639100 -0.461500
vt 0.654300 -0.466900
vt 0.656800 -0.475300
vt 0.660700 -0.483000
vt 0.666000 -0.489200
vt 0.657400 -0.493500
vt 0.648400 -0.478800
vt 0.639800 -0.486300
vt 0.617700 -0.463900
vt 0.609700 -0.431700
vt 0.623600 -0.377000
vt 0.603000 -0.435800
vt 0.609800 -0.463300
vt 0.628100 -0.494400
vt 0.632600 -0.493700
vt 0.652600 -0.508500
vt 0.667800 -0.504600
vt 0.676600 -0.491600
vt 0.677900 -0.472400
vt 0.602600 -0.463000
vt 0.649500 -0.519000
vt 0.667400 -0.523900
vt 0.683400 -0.502900
vt 0.684700 -0.473900
vt 0.679300 -0.453500
vt 0.688300 -0.447300
vt 0.693600 -0.434400
vt 0.695700 -0.449900
vt 0.709100 -0.453400
vt 0.711600 -0.430500
vt 0.701100 -0.433300
vt 0.697800 -0.411600
vt 0.706400 -0.402900
vt 0.683800 -0.363500
vt 0.676900 -0.373200
vt 0.648200 -0.348000
vt 0.645900 -0.336300
vt 0.650800 -0.327300
vt 0.609200 -0.373500
vt 0.716100 -0.397400
vt 0.698800 -0.349700
vt 0.650500 -0.319000
vt 0.605100 -0.369700
vt 0.597100 -0.435000
vt 0.380900 -0.107900
vt 0.575000 -0.097900
vt 0.563700 -0.134600
vt 0.592200 -0.094300
vt 0.580400 -0.145700
vt 0.597800 -0.162800
vt 0.600500 -0.096700
vt 0.198500 -0.036200
vt 0.374700 -0.021100
vt 0.199600 -0.101100
vt 0.579800 -0.012700
vt 0.605600 -0.018800
vt 0.439700 -0.034000
vt 0.513500 -0.034000
vt 0.437900 -0.079300
vt 0.512900 -0.079300
vt 0.569100 -0.034000
vt 0.567300 -0.079300
vt 0.604200 -0.034000
vt 0.630100 -0.034000
vt 0.566400 -0.133400
vt 0.516200 -0.133400
vt 0.437000 -0.133400
vt 0.348200 -0.133400
vt 0.353200 -0.079300
vt 0.262800 -0.133400
vt 0.266200 -0.079300
vt 0.220500 -0.133400
vt 0.229100 -0.079300
vt 0.183600 -0.133400
vt 0.184800 -0.079300
vt 0.139000 -0.133400
vt 0.146400 -0.034000
vt 0.189300 -0.034000
vt 0.233500 -0.034000
vt 0.265500 -0.034000
vt 0.354400 -0.034000
vt 0.328700 -0.075900
vt 0.274000 -0.075900
vt 0.273900 -0.035100
vt 0.210800 -0.035100
vt 0.213500 -0.075900
vt 0.106200 -0.075900
vt 0.132900 -0.035100
vt 0.079300 -0.075900
vt 0.128200 -0.114500
vt 0.169400 -0.114500
vt 0.220200 -0.114500
vt 0.274300 -0.114500
vt 0.331400 -0.114500
vt 0.414900 -0.114500
vt 0.418500 -0.075900
vt 0.505300 -0.114500
vt 0.522400 -0.075900
vt 0.555700 -0.114500
vt 0.578100 -0.075900
vt 0.590300 -0.114500
vt 0.610100 -0.075900
vt 0.619900 -0.114500
vt 0.592700 -0.035100
vt 0.535500 -0.035100
vt 0.425400 -0.035100
vt 0.328000 -0.035100
vt 0.252400 -0.057200
vt 0.392000 -0.054600
vt 0.254800 -0.143000
vt 0.393800 -0.143000
vt 0.491800 -0.055400
vt 0.490900 -0.140600
vt 0.570700 -0.057400
vt 0.570700 -0.128600
vt 0.585300 -0.074200
vt 0.595800 -0.063100
vt 0.576600 -0.075400
vt 0.581500 -0.061400
vt 0.589700 -0.043900
vt 0.576800 -0.051700
vt 0.555100 -0.052100
vt 0.573500 -0.075300
vt 0.583700 -0.058700
vt 0.570500 -0.056700
vt 0.572000 -0.041900
vt 0.545800 -0.066900
vt 0.537500 -0.079000
vt 0.529100 -0.091300
vt 0.553900 -0.112000
vt 0.604000 -0.068300
vt 0.606400 -0.057100
vt 0.598800 -0.065300
vt 0.594300 -0.076600
vt 0.606900 -0.081500
vt 0.611400 -0.076500
vt 0.604100 -0.079800
vt 0.600400 -0.086200
vt 0.604400 -0.099200
vt 0.650800 -0.327300
vt 0.609200 -0.373500
vt 0.623600 -0.377000
vt 0.603000 -0.435800
vt 0.609700 -0.431700
vt 0.609800 -0.463300
vt 0.617700 -0.463900
vt 0.628100 -0.494400
vt 0.602600 -0.463000
vt 0.602900 -0.464400
vt 0.597100 -0.435000
vt 0.605100 -0.369700
vt 0.650500 -0.319000
vt 0.698800 -0.349700
vt 0.645900 -0.336300
vt 0.683800 -0.363500
vt 0.716100 -0.397400
vt 0.706400 -0.402900
vt 0.711600 -0.430500
vt 0.648200 -0.348000
vt 0.676900 -0.373200
vt 0.697800 -0.411600
vt 0.701100 -0.433300
vt 0.709100 -0.453400
vt 0.695700 -0.449900
vt 0.693600 -0.434400
vt 0.688300 -0.447300
vt 0.679300 -0.453500
vt 0.684700 -0.473900
vt 0.683400 -0.502900
vt 0.667400 -0.523900
vt 0.649500 -0.519000
vt 0.677900 -0.472400
vt 0.676600 -0.491600
vt 0.667800 -0.504600
vt 0.652600 -0.508500
vt 0.632600 -0.493700
vt 0.639800 -0.486300
vt 0.648400 -0.478800
vt 0.657400 -0.493500
vt 0.666000 -0.489200
vt 0.670000 -0.459900
vt 0.683400 -0.442600
vt 0.689700 -0.420500
vt 0.639100 -0.461500
vt 0.654300 -0.466900
vt 0.656800 -0.475300
vt 0.660700 -0.483000
vt 0.652600 -0.457000
vt 0.630500 -0.437900
vt 0.628300 -0.461700
vt 0.620600 -0.432000
vt 0.652400 -0.433000
vt 0.663600 -0.417500
vt 0.649100 -0.375600
vt 0.669400 -0.390700
vt 0.637100 -0.405000
vt 0.631200 -0.385600
vt 0.263000 -0.124800
vt 0.351600 -0.138000
vt 0.351600 -0.111300
vt 0.406800 -0.137200
vt 0.406800 -0.096500
vt 0.519200 -0.100700
vt 0.525100 -0.137200
vt 0.568400 -0.101900
vt 0.568400 -0.138000
vt 0.263000 -0.111500
vt 0.224900 -0.116600
vt 0.223300 -0.097200
vt 0.263200 -0.091800
vt 0.351600 -0.063200
vt 0.406800 -0.061900
vt 0.517700 -0.062800
vt 0.578900 -0.078000
vt 0.169700 -0.092800
vt 0.214800 -0.110900
vt 0.201900 -0.085000
vt 0.224300 -0.075300
vt 0.263200 -0.050000
vt 0.351600 -0.022500
vt 0.408900 -0.022000
vt 0.524800 -0.023800
vt 0.249500 -0.099500
vt 0.227800 -0.084900
vt 0.284100 -0.101100
vt 0.283600 -0.068300
vt 0.335400 -0.107800
vt 0.339900 -0.046500
vt 0.428400 -0.112800
vt 0.432900 -0.039800
vt 0.539500 -0.039800
vt 0.538300 -0.112800
vt 0.593000 -0.039800
vt 0.591800 -0.112800
vt 0.151400 -0.030000
vt 0.150700 -0.081100
vt 0.200700 -0.012300
vt 0.201200 -0.086500
vt 0.236100 -0.014800
vt 0.236100 -0.095100
vt 0.301500 -0.016300
vt 0.301500 -0.110300
vt 0.380400 -0.029400
vt 0.372500 -0.121400
vt 0.476500 -0.065500
vt 0.473200 -0.124700
vt 0.552100 -0.067000
vt 0.547600 -0.137700
vt 0.437100 -0.301200
vt 0.537500 -0.313500
vt 0.436600 -0.306600
vt 0.532700 -0.318300
vt 0.578700 -0.413000
vt 0.572000 -0.413000
vt 0.537500 -0.512500
vt 0.532700 -0.507700
vt 0.437100 -0.524800
vt 0.436600 -0.519300
vt 0.338400 -0.512500
vt 0.343400 -0.507700
vt 0.297200 -0.413000
vt 0.304100 -0.413000
vt 0.338400 -0.313400
vt 0.343400 -0.318300
vt 0.382900 -0.468200
vt 0.438100 -0.491100
vt 0.493300 -0.468200
vt 0.516200 -0.413000
vt 0.493300 -0.357800
vt 0.438100 -0.334900
vt 0.360000 -0.413000
vt 0.382900 -0.357800
vt 0.438100 -0.413000
vt 0.439000 -0.301200
vt 0.438400 -0.306600
vt 0.338000 -0.313500
vt 0.343000 -0.318300
vt 0.296800 -0.413000
vt 0.303800 -0.413000
vt 0.338000 -0.512500
vt 0.343000 -0.507600
vt 0.439000 -0.524800
vt 0.438400 -0.519300
vt 0.537100 -0.512500
vt 0.532300 -0.507700
vt 0.578300 -0.413000
vt 0.571600 -0.413000
vt 0.537100 -0.313400
vt 0.532300 -0.318300
vt 0.492900 -0.468200
vt 0.437700 -0.491000
vt 0.382500 -0.468200
vt 0.359600 -0.413000
vt 0.382500 -0.357800
vt 0.437700 -0.334900
vt 0.515700 -0.413000
vt 0.492900 -0.357700
vt 0.437700 -0.413000
# num_vertices: 3786


g Object_tex_0020_0out.jpg

usemtl mat_0-tex_0020_0out.jpg

f 1/1 2/2 3/3
f 4/4 3/3 5/5
f 3/3 6/6 5/5
f 6/6 7/7 5/5
f 5/5 7/7 8/8
f 7/7 9/9 8/8
f 8/8 9/9 10/10
f 10/10 9/9 11/11
f 9/9 12/12 11/11
f 11/11 12/12 13/13
f 12/12 14/14 13/13
f 13/13 14/14 15/15
f 15/15 14/14 16/16
f 14/14 17/17 16/16
f 16/16 17/17 18/18
f 6/6 19/19 7/7
f 19/19 20/20 7/7
f 7/7 20/20 9/9
f 9/9 20/20 12/12
f 20/20 21/21 12/12
f 12/12 21/21 14/14
f 14/14 21/21 17/17
f 17/17 21/21 22/22
f 22/22 21/21 23/23
f 23/23 21/21 24/24
f 21/21 20/20 24/24
f 24/24 20/20 19/19
f 17/17 22/22 25/25
f 25/25 22/22 26/26
f 22/22 23/23 26/26
f 26/26 23/23 27/27
f 23/23 28/28 27/27
f 27/27 28/28 29/29
f 28/28 30/30 29/29
f 29/29 30/30 31/31
f 31/31 30/30 32/32
f 30/30 33/33 32/32
f 33/33 34/34 32/32
f 34/34 35/35 32/32
f 32/32 35/35 31/31
f 35/35 36/36 31/31
f 24/24 37/37 23/23
f 23/23 37/37 28/28
f 28/28 37/37 30/30
f 37/37 38/38 30/30
f 30/30 38/38 33/33
f 38/38 39/39 33/33
f 33/33 39/39 40/40
f 36/36 35/35 41/41
f 41/41 35/35 42/42
f 35/35 34/34 42/42
f 34/34 43/43 42/42
f 43/43 44/44 42/42
f 42/42 44/44 45/45
f 45/45 44/44 46/46
f 46/46 44/44 47/47
f 44/44 48/48 47/47
f 41/41 42/42 49/49
f 42/42 45/45 49/49
f 49/49 45/45 50/50
f 45/45 46/46 50/50
f 46/46 51/51 50/50
f 51/51 52/52 50/50
f 52/52 53/53 50/50
f 53/53 54/54 50/50
f 50/50 54/54 49/49
f 55/55 56/56 57/57
f 57/57 56/56 58/58
f 55/55 59/59 60/60
f 60/60 59/59 61/61
f 59/59 62/62 61/61
f 61/61 62/62 63/63
f 63/63 62/62 64/64
f 62/62 65/65 64/64
f 64/64 65/65 66/66
f 65/65 67/67 66/66
f 66/66 67/67 68/68
f 67/67 69/69 68/68
f 68/68 69/69 70/70
f 69/69 71/71 70/70
f 70/70 71/71 72/72
f 72/72 71/71 73/73
f 74/74 75/75 76/76
f 76/76 75/75 77/77
f 77/77 75/75 70/70
f 70/70 75/75 68/68
f 75/75 78/78 68/68
f 68/68 78/78 66/66
f 78/78 79/79 66/66
f 66/66 79/79 64/64
f 79/79 80/80 64/64
f 64/64 80/80 63/63
f 80/80 81/81 63/63
f 63/63 81/81 61/61
f 81/81 82/82 61/61
f 61/61 82/82 60/60
f 74/74 83/83 75/75
f 75/75 83/83 78/78
f 78/78 83/83 79/79
f 83/83 84/84 79/79
f 84/84 85/85 79/79
f 79/79 85/85 80/80
f 85/85 86/86 80/80
f 80/80 86/86 81/81
f 81/81 86/86 82/82
f 86/86 87/87 82/82
f 88/88 89/89 90/90
f 90/90 89/89 91/91
f 92/92 93/93 94/94
f 93/93 95/95 94/94
f 94/94 95/95 88/88
f 95/95 96/96 88/88
f 88/88 96/96 97/97
f 96/96 98/98 97/97
f 97/97 98/98 99/99
f 99/99 98/98 100/100
f 98/98 101/101 100/100
f 100/100 101/101 102/102
f 101/101 103/103 102/102
f 103/103 104/104 102/102
f 102/102 104/104 105/105
f 105/105 104/104 106/106
f 107/107 101/101 108/108
f 108/108 101/101 109/109
f 109/109 101/101 96/96
f 101/101 98/98 96/96
f 110/110 111/111 112/112
f 111/111 113/113 112/112
f 112/112 113/113 102/102
f 102/102 113/113 100/100
f 113/113 114/114 100/100
f 100/100 114/114 99/99
f 114/114 115/115 99/99
f 99/99 115/115 116/116
f 115/115 117/117 116/116
f 116/116 117/117 118/118
f 117/117 119/119 118/118
f 118/118 119/119 120/120
f 120/120 119/119 17/17
f 119/119 18/18 17/17
f 111/111 121/121 113/113
f 113/113 121/121 114/114
f 121/121 122/122 114/114
f 114/114 122/122 115/115
f 115/115 122/122 117/117
f 122/122 123/123 117/117
f 123/123 18/18 117/117
f 117/117 18/18 119/119
f 124/124 125/125 110/110
f 110/110 125/125 111/111
f 125/125 126/126 111/111
f 111/111 126/126 121/121
f 121/121 126/126 122/122
f 126/126 127/127 122/122
f 122/122 127/127 123/123
f 127/127 128/128 123/123
f 128/128 129/129 123/123
f 123/123 129/129 18/18
f 129/129 130/130 18/18
f 18/18 130/130 16/16
f 16/16 130/130 15/15
f 130/130 131/131 15/15
f 132/132 133/133 124/124
f 124/124 133/133 125/125
f 133/133 134/134 125/125
f 125/125 134/134 126/126
f 134/134 135/135 126/126
f 126/126 135/135 127/127
f 135/135 136/136 127/127
f 127/127 136/136 128/128
f 136/136 137/137 128/128
f 128/128 137/137 129/129
f 137/137 138/138 129/129
f 129/129 138/138 130/130
f 130/130 138/138 131/131
f 138/138 139/139 131/131
f 140/140 141/141 132/132
f 141/141 142/142 132/132
f 132/132 142/142 133/133
f 142/142 143/143 133/133
f 133/133 143/143 134/134
f 143/143 144/144 134/134
f 134/134 144/144 135/135
f 135/135 144/144 136/136
f 144/144 145/145 136/136
f 145/145 146/146 136/136
f 136/136 146/146 137/137
f 146/146 147/147 137/137
f 137/137 147/147 138/138
f 147/147 139/139 138/138
f 140/140 148/148 141/141
f 148/148 149/149 141/141
f 149/149 150/150 141/141
f 141/141 150/150 142/142
f 150/150 151/151 142/142
f 142/142 151/151 143/143
f 143/143 151/151 144/144
f 151/151 152/152 144/144
f 144/144 152/152 145/145
f 152/152 153/153 145/145
f 153/153 154/154 145/145
f 145/145 154/154 146/146
f 154/154 155/155 146/146
f 146/146 155/155 147/147
f 147/147 155/155 156/156
f 155/155 157/157 156/156
f 156/156 157/157 158/158
f 157/157 159/159 158/158
f 159/159 160/160 158/158
f 158/158 160/160 161/161
f 161/161 160/160 162/162
f 160/160 163/163 162/162
f 162/162 163/163 164/164
f 163/163 165/165 164/164
f 164/164 165/165 166/166
f 165/165 167/167 166/166
f 166/166 167/167 168/168
f 167/167 169/169 168/168
f 147/147 156/156 139/139
f 156/156 158/158 139/139
f 139/139 158/158 170/170
f 158/158 161/161 170/170
f 170/170 161/161 171/171
f 161/161 162/162 171/171
f 171/171 162/162 172/172
f 162/162 164/164 172/172
f 172/172 164/164 173/173
f 173/173 164/164 174/174
f 164/164 166/166 174/174
f 166/166 168/168 174/174
f 174/174 168/168 175/175
f 168/168 176/176 175/175
f 139/139 170/170 131/131
f 131/131 170/170 177/177
f 170/170 171/171 177/177
f 177/177 171/171 178/178
f 171/171 172/172 178/178
f 178/178 172/172 179/179
f 179/179 172/172 180/180
f 172/172 173/173 180/180
f 173/173 174/174 180/180
f 180/180 174/174 181/181
f 174/174 175/175 181/181
f 181/181 175/175 182/182
f 175/175 183/183 182/182
f 182/182 183/183 184/184
f 15/15 131/131 13/13
f 131/131 177/177 13/13
f 177/177 178/178 13/13
f 13/13 178/178 11/11
f 11/11 178/178 10/10
f 178/178 179/179 10/10
f 179/179 180/180 10/10
f 10/10 180/180 8/8
f 180/180 185/185 8/8
f 8/8 185/185 5/5
f 185/185 186/186 5/5
f 186/186 187/187 5/5
f 5/5 187/187 188/188
f 187/187 189/189 188/188
f 190/190 187/187 191/191
f 187/187 192/192 191/191
f 191/191 192/192 193/193
f 193/193 192/192 194/194
f 194/194 192/192 186/186
f 192/192 187/187 186/186
f 185/185 195/195 186/186
f 186/186 195/195 194/194
f 194/194 195/195 196/196
f 195/195 197/197 196/196
f 196/196 197/197 198/198
f 198/198 197/197 199/199
f 197/197 182/182 199/199
f 182/182 184/184 199/199
f 184/184 200/200 199/199
f 199/199 200/200 201/201
f 201/201 200/200 202/202
f 200/200 203/203 202/202
f 202/202 203/203 204/204
f 204/204 203/203 205/205
f 183/183 206/206 184/184
f 184/184 206/206 200/200
f 200/200 206/206 203/203
f 206/206 207/207 203/203
f 203/203 207/207 205/205
f 207/207 208/208 205/205
f 208/208 209/209 205/205
f 209/209 210/210 205/205
f 205/205 210/210 204/204
f 210/210 211/211 204/204
f 175/175 176/176 183/183
f 176/176 212/212 183/183
f 183/183 212/212 206/206
f 212/212 213/213 206/206
f 206/206 213/213 207/207
f 207/207 213/213 208/208
f 213/213 214/214 208/208
f 214/214 215/215 208/208
f 208/208 215/215 209/209
f 215/215 216/216 209/209
f 216/216 217/217 209/209
f 217/217 218/218 209/209
f 209/209 218/218 210/210
f 218/218 211/211 210/210
f 169/169 219/219 168/168
f 168/168 219/219 176/176
f 176/176 219/219 212/212
f 219/219 220/220 212/212
f 218/218 221/221 211/211
f 221/221 222/222 211/211
f 222/222 223/223 211/211
f 211/211 223/223 204/204
f 223/223 224/224 204/204
f 204/204 224/224 202/202
f 224/224 225/225 202/202
f 226/226 227/227 228/228
f 228/228 227/227 229/229
f 230/230 118/118 231/231
f 231/231 118/118 232/232
f 118/118 120/120 232/232
f 120/120 233/233 232/232
f 232/232 233/233 234/234
f 233/233 235/235 234/234
f 234/234 235/235 236/236
f 236/236 235/235 237/237
f 237/237 235/235 238/238
f 235/235 233/233 238/238
f 238/238 233/233 227/227
f 227/227 233/233 25/25
f 233/233 120/120 25/25
f 25/25 120/120 17/17
f 238/238 239/239 237/237
f 239/239 240/240 237/237
f 240/240 241/241 237/237
f 237/237 241/241 236/236
f 236/236 241/241 242/242
f 241/241 243/243 242/242
f 242/242 243/243 244/244
f 243/243 245/245 244/244
f 244/244 245/245 246/246
f 245/245 247/247 246/246
f 246/246 247/247 248/248
f 247/247 249/249 248/248
f 240/240 250/250 241/241
f 241/241 250/250 243/243
f 250/250 251/251 243/243
f 243/243 251/251 245/245
f 251/251 252/252 245/245
f 245/245 252/252 247/247
f 247/247 252/252 253/253
f 253/253 252/252 254/254
f 254/254 252/252 255/255
f 255/255 252/252 256/256
f 252/252 251/251 256/256
f 256/256 251/251 257/257
f 251/251 258/258 257/257
f 37/37 259/259 260/260
f 260/260 259/259 261/261
f 262/262 263/263 264/264
f 264/264 263/263 265/265
f 264/264 266/266 262/262
f 266/266 267/267 262/262
f 262/262 267/267 268/268
f 267/267 269/269 268/268
f 268/268 269/269 270/270
f 270/270 269/269 271/271
f 269/269 272/272 271/271
f 272/272 273/273 271/271
f 271/271 273/273 274/274
f 274/274 273/273 275/275
f 273/273 191/191 275/275
f 191/191 193/193 275/275
f 275/275 193/193 276/276
f 276/276 193/193 277/277
f 278/278 268/268 279/279
f 268/268 270/270 279/279
f 270/270 271/271 279/279
f 279/279 271/271 280/280
f 271/271 274/274 280/280
f 280/280 274/274 281/281
f 274/274 275/275 281/281
f 281/281 275/275 282/282
f 272/272 283/283 273/273
f 273/273 283/283 284/284
f 283/283 285/285 284/284
f 285/285 286/286 284/284
f 286/286 287/287 284/284
f 287/287 190/190 284/284
f 190/190 191/191 284/284
f 284/284 191/191 273/273
f 269/269 288/288 272/272
f 272/272 288/288 283/283
f 283/283 288/288 285/285
f 285/285 288/288 289/289
f 289/289 288/288 290/290
f 290/290 288/288 291/291
f 288/288 269/269 291/291
f 269/269 267/267 291/291
f 291/291 267/267 292/292
f 292/292 267/267 266/266
f 264/264 293/293 266/266
f 293/293 294/294 266/266
f 266/266 294/294 292/292
f 294/294 295/295 292/292
f 292/292 295/295 296/296
f 297/297 294/294 298/298
f 294/294 293/293 298/298
f 298/298 293/293 299/299
f 299/299 293/293 300/300
f 293/293 264/264 300/300
f 300/300 264/264 301/301
f 302/302 303/303 304/304
f 304/304 303/303 305/305
f 306/306 307/307 304/304
f 304/304 307/307 302/302
f 302/302 307/307 308/308
f 307/307 309/309 308/308
f 308/308 309/309 310/310
f 309/309 311/311 310/310
f 311/311 312/312 310/310
f 312/312 313/313 310/310
f 313/313 314/314 310/310
f 314/314 315/315 310/310
f 310/310 315/315 308/308
f 315/315 316/316 308/308
f 308/308 316/316 302/302
f 316/316 303/303 302/302
f 317/317 318/318 306/306
f 306/306 318/318 307/307
f 307/307 318/318 309/309
f 309/309 318/318 319/319
f 319/319 318/318 320/320
f 318/318 317/317 320/320
f 320/320 317/317 201/201
f 201/201 317/317 199/199
f 199/199 317/317 198/198
f 317/317 306/306 198/198
f 198/198 306/306 321/321
f 321/321 306/306 322/322
f 303/303 316/316 323/323
f 323/323 316/316 324/324
f 316/316 325/325 324/324
f 324/324 325/325 326/326
f 325/325 327/327 326/326
f 327/327 328/328 326/326
f 326/326 328/328 329/329
f 328/328 330/330 329/329
f 329/329 330/330 331/331
f 332/332 333/333 334/334
f 334/334 333/333 335/335
f 335/335 333/333 336/336
f 333/333 328/328 336/336
f 328/328 327/327 336/336
f 336/336 327/327 337/337
f 327/327 325/325 337/337
f 325/325 316/316 337/337
f 316/316 315/315 337/337
f 315/315 314/314 337/337
f 314/314 338/338 337/337
f 337/337 338/338 336/336
f 338/338 335/335 336/336
f 333/333 332/332 328/328
f 328/328 332/332 330/330
f 330/330 332/332 339/339
f 339/339 332/332 340/340
f 340/340 332/332 341/341
f 332/332 334/334 341/341
f 341/341 334/334 342/342
f 342/342 334/334 343/343
f 334/334 335/335 343/343
f 343/343 335/335 344/344
f 335/335 338/338 344/344
f 344/344 338/338 345/345
f 338/338 314/314 345/345
f 345/345 314/314 346/346
f 339/339 340/340 347/347
f 347/347 340/340 348/348
f 349/349 350/350 341/341
f 341/341 350/350 340/340
f 340/340 350/350 348/348
f 348/348 350/350 351/351
f 351/351 350/350 352/352
f 350/350 353/353 352/352
f 330/330 339/339 354/354
f 339/339 347/347 354/354
f 354/354 347/347 355/355
f 356/356 357/357 358/358
f 358/358 357/357 359/359
f 357/357 360/360 359/359
f 358/358 361/361 356/356
f 356/356 361/361 362/362
f 361/361 363/363 362/362
f 362/362 363/363 364/364
f 363/363 365/365 364/364
f 364/364 365/365 366/366
f 365/365 367/367 366/366
f 366/366 367/367 368/368
f 367/367 369/369 368/368
f 368/368 369/369 370/370
f 369/369 371/371 370/370
f 370/370 371/371 372/372
f 371/371 373/373 372/372
f 372/372 373/373 374/374
f 375/375 376/376 377/377
f 377/377 376/376 378/378
f 378/378 376/376 379/379
f 376/376 380/380 379/379
f 381/381 382/382 383/383
f 382/382 384/384 383/383
f 383/383 384/384 385/385
f 384/384 386/386 385/385
f 387/387 388/388 72/72
f 72/72 388/388 70/70
f 388/388 77/77 70/70
f 389/389 390/390 391/391
f 391/391 390/390 392/392
f 393/393 390/390 394/394
f 394/394 390/390 395/395
f 395/395 390/390 396/396
f 390/390 389/389 396/396
f 396/396 389/389 397/397
f 397/397 389/389 398/398
f 398/398 389/389 399/399
f 389/389 391/391 399/399
f 399/399 391/391 400/400
f 390/390 393/393 392/392
f 393/393 401/401 392/392
f 401/401 402/402 392/392
f 392/392 402/402 391/391
f 402/402 403/403 391/391
f 391/391 403/403 400/400
f 403/403 140/140 400/400
f 140/140 132/132 400/400
f 132/132 124/124 400/400
f 400/400 124/124 399/399
f 124/124 110/110 399/399
f 399/399 110/110 398/398
f 110/110 112/112 398/398
f 398/398 112/112 105/105
f 148/148 140/140 404/404
f 140/140 403/403 404/404
f 403/403 402/402 404/404
f 404/404 402/402 405/405
f 402/402 401/401 405/405
f 401/401 406/406 405/405
f 406/406 407/407 405/405
f 407/407 408/408 405/405
f 405/405 408/408 404/404
f 408/408 409/409 404/404
f 404/404 409/409 148/148
f 409/409 410/410 148/148
f 148/148 410/410 411/411
f 411/411 410/410 412/412
f 413/413 414/414 415/415
f 414/414 416/416 415/415
f 415/415 416/416 417/417
f 416/416 418/418 417/417
f 415/415 419/419 413/413
f 413/413 419/419 420/420
f 419/419 421/421 420/420
f 420/420 421/421 422/422
f 421/421 423/423 422/422
f 422/422 423/423 424/424
f 423/423 425/425 424/424
f 424/424 425/425 426/426
f 425/425 427/427 426/426
f 426/426 427/427 428/428
f 427/427 429/429 428/428
f 428/428 429/429 430/430
f 429/429 431/431 430/430
f 430/430 431/431 432/432
f 433/433 431/431 434/434
f 431/431 429/429 434/434
f 434/434 429/429 435/435
f 429/429 427/427 435/435
f 435/435 427/427 436/436
f 427/427 425/425 436/436
f 436/436 425/425 437/437
f 425/425 423/423 437/437
f 423/423 421/421 437/437
f 437/437 421/421 438/438
f 421/421 419/419 438/438
f 438/438 419/419 439/439
f 419/419 415/415 439/439
f 439/439 415/415 417/417
f 185/185 180/180 195/195
f 180/180 181/181 195/195
f 181/181 182/182 195/195
f 195/195 182/182 197/197
f 440/440 441/441 442/442
f 442/442 441/441 443/443
f 441/441 444/444 443/443
f 443/443 444/444 445/445
f 445/445 444/444 446/446
f 446/446 444/444 447/447
f 444/444 448/448 447/447
f 440/440 442/442 449/449
f 442/442 450/450 449/449
f 450/450 451/451 449/449
f 449/449 451/451 452/452
f 451/451 453/453 452/452
f 453/453 454/454 452/452
f 452/452 454/454 455/455
f 454/454 456/456 455/455
f 455/455 456/456 457/457
f 457/457 456/456 458/458
f 456/456 459/459 458/458
f 459/459 460/460 458/458
f 458/458 460/460 461/461
f 461/461 460/460 462/462
f 463/463 464/464 457/457
f 464/464 465/465 457/457
f 457/457 465/465 455/455
f 455/455 465/465 452/452
f 452/452 465/465 449/449
f 449/449 465/465 440/440
f 440/440 465/465 466/466
f 465/465 464/464 466/466
f 464/464 467/467 466/466
f 466/466 467/467 468/468
f 467/467 469/469 468/468
f 469/469 470/470 468/468
f 468/468 470/470 441/441
f 441/441 470/470 444/444
f 463/463 471/471 464/464
f 464/464 471/471 467/467
f 471/471 472/472 467/467
f 467/467 472/472 469/469
f 472/472 473/473 469/469
f 469/469 473/473 474/474
f 474/474 473/473 475/475
f 475/475 473/473 476/476
f 473/473 477/477 476/476
f 477/477 478/478 476/476
f 476/476 478/478 479/479
f 478/478 480/480 479/479
f 479/479 480/480 481/481
f 480/480 482/482 481/481
f 483/483 484/484 485/485
f 484/484 482/482 485/485
f 482/482 480/480 485/485
f 480/480 478/478 485/485
f 485/485 478/478 486/486
f 486/486 478/478 487/487
f 478/478 477/477 487/487
f 477/477 473/473 487/487
f 473/473 472/472 487/487
f 472/472 471/471 487/487
f 487/487 471/471 488/488
f 488/488 471/471 489/489
f 471/471 463/463 489/489
f 489/489 463/463 490/490
f 491/491 492/492 490/490
f 490/490 492/492 489/489
f 489/489 492/492 488/488
f 488/488 492/492 487/487
f 487/487 492/492 486/486
f 486/486 492/492 485/485
f 485/485 492/492 483/483
f 492/492 491/491 483/483
f 483/483 491/491 493/493
f 493/493 491/491 494/494
f 494/494 491/491 495/495
f 491/491 490/490 495/495
f 495/495 490/490 463/463
f 483/483 493/493 484/484
f 484/484 493/493 496/496
f 493/493 494/494 496/496
f 496/496 494/494 497/497
f 494/494 495/495 497/497
f 497/497 495/495 498/498
f 495/495 463/463 498/498
f 463/463 457/457 498/498
f 457/457 458/458 498/498
f 458/458 461/461 498/498
f 498/498 461/461 497/497
f 461/461 499/499 497/497
f 497/497 499/499 496/496
f 496/496 499/499 500/500
f 501/501 502/502 503/503
f 503/503 502/502 504/504
f 502/502 505/505 504/504
f 504/504 505/505 506/506
f 505/505 507/507 506/506
f 506/506 507/507 508/508
f 508/508 507/507 509/509
f 509/509 507/507 510/510
f 510/510 507/507 461/461
f 461/461 507/507 499/499
f 499/499 507/507 500/500
f 507/507 505/505 500/500
f 511/511 512/512 509/509
f 509/509 512/512 508/508
f 508/508 512/512 506/506
f 512/512 513/513 506/506
f 513/513 514/514 506/506
f 506/506 514/514 504/504
f 514/514 515/515 504/504
f 504/504 515/515 503/503
f 515/515 516/516 503/503
f 503/503 516/516 517/517
f 517/517 516/516 518/518
f 516/516 519/519 518/518
f 518/518 520/520 517/517
f 517/517 520/520 521/521
f 520/520 522/522 521/521
f 522/522 523/523 521/521
f 523/523 501/501 521/521
f 501/501 503/503 521/521
f 521/521 503/503 517/517
f 481/481 482/482 524/524
f 524/524 482/482 525/525
f 525/525 482/482 526/526
f 482/482 484/484 526/526
f 526/526 484/484 527/527
f 484/484 496/496 527/527
f 496/496 500/500 527/527
f 500/500 528/528 527/527
f 528/528 529/529 527/527
f 527/527 529/529 526/526
f 526/526 529/529 523/523
f 523/523 529/529 501/501
f 529/529 528/528 501/501
f 501/501 528/528 502/502
f 530/530 531/531 532/532
f 532/532 531/531 533/533
f 531/531 534/534 533/533
f 533/533 534/534 535/535
f 535/535 534/534 536/536
f 534/534 537/537 536/536
f 537/537 538/538 536/536
f 536/536 538/538 539/539
f 540/540 541/541 535/535
f 541/541 542/542 535/535
f 535/535 542/542 533/533
f 542/542 543/543 533/533
f 533/533 543/543 532/532
f 543/543 544/544 532/532
f 532/532 544/544 545/545
f 544/544 546/546 545/545
f 546/546 547/547 545/545
f 547/547 548/548 545/545
f 548/548 549/549 545/545
f 549/549 550/550 545/545
f 550/550 530/530 545/545
f 545/545 530/530 532/532
f 551/551 552/552 553/553
f 553/553 552/552 554/554
f 552/552 555/555 554/554
f 555/555 556/556 554/554
f 554/554 556/556 557/557
f 556/556 558/558 557/557
f 557/557 558/558 559/559
f 558/558 560/560 559/559
f 561/561 562/562 563/563
f 563/563 562/562 564/564
f 562/562 553/553 564/564
f 553/553 554/554 564/564
f 554/554 557/557 564/564
f 557/557 559/559 564/564
f 564/564 559/559 563/563
f 559/559 565/565 563/563
f 563/563 565/565 566/566
f 566/566 565/565 567/567
f 565/565 568/568 567/567
f 568/568 569/569 567/567
f 567/567 569/569 570/570
f 570/570 569/569 571/571
f 563/563 566/566 561/561
f 561/561 566/566 572/572
f 572/572 566/566 573/573
f 573/573 566/566 574/574
f 566/566 567/567 574/574
f 567/567 570/570 574/574
f 574/574 570/570 575/575
f 575/575 570/570 576/576
f 576/576 570/570 577/577
f 570/570 578/578 577/577
f 573/573 574/574 579/579
f 574/574 575/575 579/579
f 579/579 575/575 580/580
f 575/575 576/576 580/580
f 576/576 581/581 580/580
f 581/581 582/582 580/580
f 582/582 583/583 580/580
f 583/583 584/584 580/580
f 580/580 584/584 579/579
f 585/585 586/586 581/581
f 586/586 587/587 581/581
f 581/581 587/587 582/582
f 587/587 19/19 582/582
f 19/19 6/6 582/582
f 6/6 3/3 582/582
f 582/582 3/3 583/583
f 583/583 3/3 588/588
f 3/3 589/589 588/588
f 588/588 590/590 583/583
f 583/583 590/590 584/584
f 590/590 591/591 584/584
f 584/584 591/591 579/579
f 591/591 592/592 579/579
f 579/579 592/592 573/573
f 592/592 593/593 573/573
f 573/573 593/593 572/572
f 572/572 593/593 561/561
f 593/593 594/594 561/561
f 594/594 595/595 561/561
f 561/561 595/595 562/562
f 562/562 595/595 553/553
f 595/595 551/551 553/553
f 596/596 597/597 549/549
f 549/549 597/597 550/550
f 550/550 597/597 530/530
f 597/597 598/598 530/530
f 598/598 599/599 530/530
f 530/530 599/599 531/531
f 531/531 599/599 534/534
f 599/599 600/600 534/534
f 600/600 601/601 534/534
f 534/534 601/601 537/537
f 601/601 538/538 537/537
f 602/602 603/603 604/604
f 604/604 603/603 605/605
f 603/603 606/606 605/605
f 605/605 606/606 607/607
f 606/606 608/608 607/607
f 608/608 609/609 607/607
f 607/607 609/609 610/610
f 609/609 611/611 610/610
f 610/610 611/611 612/612
f 611/611 613/613 612/612
f 612/612 613/613 614/614
f 615/615 616/616 617/617
f 617/617 616/616 618/618
f 618/618 616/616 619/619
f 616/616 620/620 619/619
f 620/620 621/621 619/619
f 619/619 621/621 622/622
f 622/622 621/621 623/623
f 621/621 624/624 623/623
f 625/625 626/626 615/615
f 626/626 627/627 615/615
f 615/615 627/627 616/616
f 627/627 628/628 616/616
f 616/616 628/628 620/620
f 628/628 629/629 620/620
f 620/620 629/629 621/621
f 629/629 630/630 621/621
f 621/621 630/630 624/624
f 630/630 631/631 624/624
f 632/632 626/626 633/633
f 626/626 625/625 633/633
f 633/633 625/625 634/634
f 625/625 635/635 634/634
f 634/634 635/635 636/636
f 635/635 637/637 636/636
f 636/636 637/637 638/638
f 637/637 639/639 638/638
f 639/639 640/640 638/638
f 638/638 640/640 641/641
f 625/625 615/615 635/635
f 615/615 617/617 635/635
f 635/635 617/617 637/637
f 617/617 642/642 637/637
f 642/642 643/643 637/637
f 637/637 643/643 639/639
f 643/643 644/644 639/639
f 639/639 644/644 640/640
f 640/640 644/644 645/645
f 645/645 644/644 646/646
f 644/644 647/647 646/646
f 646/646 647/647 648/648
f 647/647 649/649 648/648
f 648/648 649/649 650/650
f 618/618 651/651 617/617
f 651/651 652/652 617/617
f 652/652 653/653 617/617
f 617/617 653/653 642/642
f 653/653 654/654 642/642
f 642/642 654/654 643/643
f 643/643 654/654 644/644
f 654/654 647/647 644/644
f 655/655 656/656 651/651
f 656/656 657/657 651/651
f 651/651 657/657 652/652
f 657/657 658/658 652/652
f 652/652 658/658 653/653
f 658/658 659/659 653/653
f 653/653 659/659 654/654
f 654/654 659/659 647/647
f 659/659 649/649 647/647
f 651/651 618/618 655/655
f 618/618 619/619 655/655
f 619/619 622/622 655/655
f 622/622 660/660 655/655
f 660/660 661/661 655/655
f 655/655 661/661 656/656
f 656/656 661/661 662/662
f 662/662 661/661 663/663
f 661/661 660/660 663/663
f 660/660 664/664 663/663
f 664/664 665/665 663/663
f 665/665 666/666 663/663
f 663/663 666/666 662/662
f 662/662 666/666 667/667
f 623/623 668/668 622/622
f 622/622 668/668 660/660
f 660/660 668/668 664/664
f 668/668 669/669 664/664
f 664/664 669/669 665/665
f 669/669 670/670 665/665
f 670/670 671/671 665/665
f 671/671 672/672 665/665
f 672/672 673/673 665/665
f 665/665 673/673 666/666
f 673/673 674/674 666/666
f 666/666 674/674 667/667
f 674/674 675/675 667/667
f 676/676 677/677 678/678
f 677/677 679/679 678/678
f 678/678 679/679 680/680
f 679/679 681/681 680/680
f 681/681 682/682 680/680
f 680/680 682/682 683/683
f 683/683 682/682 684/684
f 682/682 685/685 684/684
f 685/685 686/686 684/684
f 684/684 686/686 687/687
f 687/687 686/686 688/688
f 686/686 689/689 688/688
f 689/689 690/690 688/688
f 688/688 690/690 691/691
f 93/93 92/92 692/692
f 92/92 693/693 692/692
f 692/692 693/693 694/694
f 693/693 695/695 694/694
f 694/694 695/695 696/696
f 695/695 697/697 696/696
f 696/696 697/697 698/698
f 697/697 699/699 698/698
f 698/698 699/699 700/700
f 699/699 701/701 700/700
f 700/700 701/701 702/702
f 701/701 703/703 702/702
f 700/700 704/704 698/698
f 704/704 705/705 698/698
f 698/698 705/705 696/696
f 705/705 706/706 696/696
f 696/696 706/706 694/694
f 706/706 707/707 694/694
f 694/694 707/707 692/692
f 707/707 708/708 692/692
f 708/708 709/709 692/692
f 692/692 709/709 93/93
f 93/93 709/709 95/95
f 709/709 710/710 95/95
f 95/95 710/710 96/96
f 96/96 710/710 109/109
f 112/112 102/102 105/105
f 711/711 712/712 713/713
f 713/713 712/712 714/714
f 712/712 715/715 716/716
f 715/715 717/717 716/716
f 717/717 718/718 716/716
f 716/716 718/718 719/719
f 720/720 712/712 721/721
f 721/721 712/712 118/118
f 712/712 716/716 118/118
f 118/118 716/716 116/116
f 716/716 719/719 116/116
f 116/116 719/719 99/99
f 719/719 722/722 99/99
f 99/99 722/722 723/723
f 718/718 717/717 724/724
f 724/724 717/717 725/725
f 717/717 715/715 725/725
f 715/715 726/726 725/725
f 726/726 727/727 725/725
f 727/727 728/728 725/725
f 725/725 728/728 724/724
f 724/724 728/728 729/729
f 728/728 730/730 729/729
f 729/729 730/730 731/731
f 731/731 730/730 732/732
f 732/732 730/730 733/733
f 733/733 730/730 734/734
f 730/730 735/735 734/734
f 730/730 728/728 735/735
f 735/735 728/728 727/727
f 734/734 736/736 733/733
f 736/736 737/737 733/733
f 733/733 737/737 732/732
f 732/732 737/737 738/738
f 737/737 739/739 738/738
f 738/738 739/739 740/740
f 740/740 739/739 741/741
f 739/739 742/742 741/741
f 741/741 742/742 743/743
f 743/743 742/742 744/744
f 744/744 742/742 745/745
f 745/745 742/742 746/746
f 742/742 739/739 746/746
f 746/746 739/739 747/747
f 739/739 737/737 747/747
f 747/747 737/737 736/736
f 748/748 749/749 750/750
f 750/750 749/749 751/751
f 194/194 196/196 752/752
f 752/752 196/196 753/753
f 196/196 198/198 753/753
f 198/198 749/749 753/753
f 753/753 749/749 754/754
f 749/749 755/755 754/754
f 754/754 755/755 756/756
f 755/755 757/757 756/756
f 757/757 758/758 756/756
f 756/756 758/758 759/759
f 758/758 760/760 759/759
f 759/759 760/760 761/761
f 760/760 762/762 761/761
f 761/761 762/762 763/763
f 764/764 765/765 755/755
f 755/755 765/765 757/757
f 757/757 765/765 758/758
f 765/765 766/766 758/758
f 766/766 767/767 758/758
f 758/758 767/767 760/760
f 760/760 767/767 762/762
f 767/767 768/768 762/762
f 768/768 769/769 762/762
f 762/762 769/769 770/770
f 769/769 771/771 770/770
f 770/770 771/771 772/772
f 772/772 771/771 773/773
f 771/771 774/774 773/773
f 762/762 770/770 763/763
f 763/763 770/770 775/775
f 770/770 772/772 775/775
f 775/775 772/772 776/776
f 772/772 773/773 776/776
f 776/776 773/773 777/777
f 777/777 773/773 778/778
f 773/773 779/779 778/778
f 775/775 776/776 780/780
f 780/780 776/776 781/781
f 776/776 777/777 781/781
f 777/777 782/782 781/781
f 781/781 782/782 783/783
f 782/782 777/777 784/784
f 784/784 777/777 778/778
f 785/785 780/780 786/786
f 786/786 780/780 781/781
f 763/763 775/775 787/787
f 775/775 780/780 787/787
f 780/780 788/788 787/787
f 788/788 789/789 787/787
f 789/789 790/790 787/787
f 790/790 791/791 787/787
f 787/787 791/791 763/763
f 763/763 791/791 761/761
f 756/756 759/759 792/792
f 759/759 793/793 792/792
f 792/792 793/793 794/794
f 794/794 793/793 795/795
f 795/795 793/793 790/790
f 790/790 793/793 791/791
f 791/791 793/793 761/761
f 793/793 759/759 761/761
f 752/752 753/753 796/796
f 753/753 754/754 796/796
f 754/754 797/797 796/796
f 796/796 797/797 798/798
f 798/798 797/797 799/799
f 799/799 797/797 794/794
f 794/794 797/797 792/792
f 792/792 797/797 756/756
f 797/797 754/754 756/756
f 700/700 702/702 704/704
f 704/704 702/702 800/800
f 691/691 690/690 386/386
f 386/386 690/690 385/385
f 377/377 378/378 385/385
f 385/385 378/378 383/383
f 378/378 379/379 383/383
f 383/383 379/379 381/381
f 677/677 676/676 381/381
f 381/381 676/676 382/382
f 525/525 526/526 522/522
f 522/522 526/526 523/523
f 505/505 502/502 500/500
f 500/500 502/502 528/528
f 468/468 441/441 466/466
f 466/466 441/441 440/440
f 801/801 802/802 803/803
f 803/803 802/802 804/804
f 805/805 801/801 806/806
f 806/806 801/801 803/803
f 57/57 58/58 807/807
f 807/807 58/58 808/808
f 809/809 57/57 810/810
f 810/810 57/57 807/807
f 811/811 809/809 812/812
f 812/812 809/809 810/810
f 813/813 814/814 815/815
f 815/815 814/814 816/816
f 817/817 818/818 819/819
f 819/819 818/818 820/820
f 817/817 819/819 821/821
f 819/819 822/822 821/821
f 821/821 822/822 823/823
f 822/822 824/824 823/823
f 824/824 825/825 823/823
f 823/823 825/825 826/826
f 825/825 827/827 826/826
f 826/826 827/827 828/828
f 828/828 827/827 829/829
f 827/827 830/830 829/829
f 830/830 831/831 829/829
f 829/829 831/831 832/832
f 832/832 831/831 818/818
f 818/818 831/831 833/833
f 434/434 834/834 433/433
f 433/433 834/834 835/835
f 834/834 434/434 836/836
f 434/434 435/435 836/836
f 836/836 435/435 837/837
f 435/435 436/436 837/837
f 436/436 437/437 837/837
f 837/837 437/437 838/838
f 437/437 438/438 838/838
f 838/838 438/438 839/839
f 839/839 438/438 840/840
f 438/438 439/439 840/840
f 439/439 417/417 840/840
f 840/840 417/417 841/841
f 841/841 417/417 842/842
f 842/842 417/417 418/418
f 843/843 844/844 845/845
f 846/846 847/847 848/848
f 848/848 847/847 849/849
f 849/849 847/847 843/843
f 847/847 846/846 843/843
f 846/846 850/850 843/843
f 843/843 850/850 844/844
f 850/850 851/851 844/844
f 844/844 851/851 852/852
f 851/851 853/853 852/852
f 853/853 854/854 852/852
f 854/854 855/855 852/852
f 855/855 856/856 852/852
f 856/856 845/845 852/852
f 852/852 845/845 844/844
f 846/846 848/848 857/857
f 857/857 848/848 858/858
f 858/858 848/848 859/859
f 859/859 848/848 860/860
f 848/848 849/849 860/860
f 860/860 849/849 861/861
f 849/849 862/862 861/861
f 861/861 862/862 863/863
f 863/863 862/862 864/864
f 862/862 849/849 864/864
f 864/864 849/849 865/865
f 849/849 843/843 865/865
f 843/843 845/845 865/865
f 865/865 845/845 864/864
f 866/866 867/867 868/868
f 868/868 867/867 869/869
f 867/867 859/859 869/869
f 869/869 859/859 870/870
f 859/859 860/860 870/870
f 860/860 861/861 870/870
f 870/870 861/861 871/871
f 871/871 861/861 872/872
f 861/861 863/863 872/872
f 872/872 863/863 873/873
f 863/863 864/864 873/873
f 864/864 874/874 873/873
f 873/873 874/874 875/875
f 874/874 876/876 875/875
f 876/876 877/877 875/875
f 875/875 877/877 878/878
f 877/877 879/879 878/878
f 879/879 880/880 878/878
f 880/880 881/881 878/878
f 881/881 872/872 878/878
f 878/878 872/872 875/875
f 872/872 873/873 875/875
f 869/869 870/870 882/882
f 870/870 871/871 882/882
f 871/871 883/883 882/882
f 882/882 883/883 884/884
f 884/884 883/883 885/885
f 885/885 883/883 886/886
f 886/886 883/883 887/887
f 887/887 883/883 881/881
f 883/883 871/871 881/881
f 881/881 871/871 872/872
f 888/888 889/889 879/879
f 879/879 889/889 880/880
f 889/889 890/890 880/880
f 890/890 891/891 880/880
f 880/880 891/891 881/881
f 881/881 891/891 887/887
f 891/891 892/892 887/887
f 887/887 892/892 886/886
f 892/892 893/893 886/886
f 893/893 894/894 886/886
f 886/886 894/894 885/885
f 894/894 895/895 885/885
f 895/895 896/896 885/885
f 885/885 896/896 884/884
f 884/884 896/896 868/868
f 896/896 897/897 868/868
f 868/868 897/897 866/866
f 897/897 898/898 866/866
f 898/898 899/899 866/866
f 899/899 900/900 866/866
f 866/866 900/900 901/901
f 902/902 903/903 904/904
f 904/904 903/903 905/905
f 906/906 902/902 907/907
f 907/907 902/902 904/904
f 908/908 902/902 909/909
f 902/902 906/906 909/909
f 909/909 906/906 910/910
f 910/910 906/906 911/911
f 906/906 907/907 911/911
f 911/911 907/907 912/912
f 903/903 902/902 913/913
f 902/902 908/908 913/913
f 913/913 908/908 216/216
f 216/216 908/908 217/217
f 217/217 908/908 218/218
f 908/908 909/909 218/218
f 218/218 909/909 221/221
f 909/909 910/910 221/221
f 221/221 910/910 222/222
f 222/222 910/910 914/914
f 910/910 911/911 914/914
f 914/914 911/911 915/915
f 911/911 912/912 915/915
f 915/915 912/912 916/916
f 444/444 470/470 448/448
f 470/470 469/469 448/448
f 448/448 469/469 474/474
f 917/917 918/918 919/919
f 919/919 918/918 920/920
f 918/918 804/804 920/920
f 920/920 804/804 802/802
f 255/255 921/921 254/254
f 921/921 922/922 254/254
f 922/922 923/923 254/254
f 254/254 923/923 253/253
f 51/51 924/924 52/52
f 924/924 925/925 52/52
f 52/52 925/925 53/53
f 925/925 926/926 53/53
f 927/927 928/928 459/459
f 459/459 928/928 460/460
f 928/928 929/929 460/460
f 460/460 929/929 462/462
f 930/930 931/931 932/932
f 931/931 933/933 932/932
f 933/933 934/934 932/932
f 932/932 934/934 935/935
f 936/936 937/937 938/938
f 938/938 937/937 939/939
f 937/937 940/940 939/939
f 939/939 940/940 941/941
f 56/56 55/55 942/942
f 55/55 60/60 942/942
f 942/942 60/60 943/943
f 943/943 60/60 944/944
f 60/60 82/82 944/944
f 65/65 62/62 811/811
f 62/62 59/59 811/811
f 811/811 59/59 809/809
f 59/59 55/55 809/809
f 809/809 55/55 57/57
f 812/812 917/917 811/811
f 917/917 919/919 811/811
f 811/811 919/919 65/65
f 65/65 919/919 67/67
f 919/919 920/920 67/67
f 67/67 920/920 69/69
f 920/920 802/802 69/69
f 69/69 802/802 71/71
f 802/802 801/801 71/71
f 71/71 801/801 73/73
f 73/73 801/801 805/805
f 945/945 946/946 947/947
f 947/947 946/946 948/948
f 946/946 949/949 948/948
f 950/950 951/951 952/952
f 952/952 951/951 946/946
f 946/946 951/951 949/949
f 951/951 953/953 949/949
f 953/953 954/954 949/949
f 954/954 955/955 949/949
f 949/949 955/955 948/948
f 955/955 956/956 948/948
f 948/948 956/956 947/947
f 956/956 957/957 947/947
f 958/958 959/959 945/945
f 945/945 959/959 946/946
f 946/946 959/959 952/952
f 952/952 959/959 960/960
f 960/960 959/959 961/961
f 959/959 958/958 961/961
f 958/958 962/962 961/961
f 962/962 963/963 961/961
f 963/963 964/964 961/961
f 964/964 965/965 961/961
f 961/961 965/965 960/960
f 960/960 965/965 966/966
f 967/967 968/968 963/963
f 963/963 968/968 964/964
f 964/964 968/968 965/965
f 968/968 969/969 965/965
f 969/969 879/879 965/965
f 965/965 879/879 970/970
f 879/879 877/877 970/970
f 970/970 877/877 971/971
f 877/877 876/876 971/971
f 971/971 876/876 972/972
f 876/876 874/874 972/972
f 972/972 874/874 973/973
f 874/874 864/864 973/973
f 973/973 864/864 845/845
f 845/845 856/856 973/973
f 973/973 856/856 972/972
f 972/972 856/856 971/971
f 971/971 856/856 974/974
f 856/856 855/855 974/974
f 974/974 855/855 975/975
f 855/855 953/953 975/975
f 953/953 951/951 975/975
f 951/951 950/950 975/975
f 975/975 950/950 974/974
f 950/950 966/966 974/974
f 974/974 966/966 971/971
f 971/971 966/966 970/970
f 966/966 965/965 970/970
f 976/976 977/977 978/978
f 977/977 979/979 978/978
f 978/978 979/979 980/980
f 979/979 981/981 980/980
f 976/976 982/982 977/977
f 982/982 983/983 977/977
f 977/977 983/983 979/979
f 983/983 984/984 979/979
f 979/979 984/984 981/981
f 984/984 407/407 981/981
f 407/407 406/406 981/981
f 406/406 401/401 981/981
f 981/981 401/401 980/980
f 401/401 393/393 980/980
f 980/980 393/393 985/985
f 393/393 394/394 985/985
f 985/985 394/394 986/986
f 986/986 394/394 395/395
f 980/980 985/985 978/978
f 978/978 985/985 987/987
f 985/985 986/986 987/987
f 986/986 988/988 987/987
f 988/988 989/989 987/987
f 987/987 989/989 990/990
f 989/989 976/976 990/990
f 990/990 976/976 987/987
f 976/976 978/978 987/987
f 395/395 991/991 986/986
f 986/986 991/991 988/988
f 991/991 992/992 988/988
f 988/988 992/992 989/989
f 992/992 993/993 989/989
f 993/993 994/994 989/989
f 994/994 995/995 989/989
f 989/989 995/995 976/976
f 976/976 995/995 982/982
f 995/995 994/994 982/982
f 982/982 994/994 996/996
f 996/996 994/994 997/997
f 994/994 993/993 997/997
f 997/997 993/993 998/998
f 999/999 368/368 1000/1000
f 368/368 370/370 1000/1000
f 1000/1000 370/370 1001/1001
f 370/370 372/372 1001/1001
f 1001/1001 372/372 1002/1002
f 372/372 374/374 1002/1002
f 1003/1003 999/999 1004/1004
f 1004/1004 999/999 1005/1005
f 1005/1005 999/999 1006/1006
f 999/999 1000/1000 1006/1006
f 1006/1006 1000/1000 1007/1007
f 1007/1007 1000/1000 1008/1008
f 1000/1000 1001/1001 1008/1008
f 1008/1008 1001/1001 1009/1009
f 1001/1001 1002/1002 1009/1009
f 1009/1009 1002/1002 1010/1010
f 1004/1004 1011/1011 1003/1003
f 1011/1011 1012/1012 1003/1003
f 1003/1003 1012/1012 1013/1013
f 1012/1012 1014/1014 1013/1013
f 1014/1014 1015/1015 1013/1013
f 1013/1013 1015/1015 1016/1016
f 1015/1015 1017/1017 1016/1016
f 1017/1017 1018/1018 1016/1016
f 1018/1018 1019/1019 1016/1016
f 1016/1016 1019/1019 1020/1020
f 1019/1019 1021/1021 1020/1020
f 1020/1020 1021/1021 1022/1022
f 1021/1021 1023/1023 1022/1022
f 1022/1022 1023/1023 1024/1024
f 1025/1025 1026/1026 1024/1024
f 1024/1024 1026/1026 1022/1022
f 1026/1026 1027/1027 1022/1022
f 1027/1027 357/357 1022/1022
f 1022/1022 357/357 1020/1020
f 357/357 356/356 1020/1020
f 1020/1020 356/356 1016/1016
f 356/356 362/362 1016/1016
f 1016/1016 362/362 1013/1013
f 362/362 364/364 1013/1013
f 1013/1013 364/364 1003/1003
f 364/364 366/366 1003/1003
f 1003/1003 366/366 999/999
f 366/366 368/368 999/999
f 1028/1028 1029/1029 1030/1030
f 1030/1030 1029/1029 1031/1031
f 1029/1029 1032/1032 1031/1031
f 1031/1031 1032/1032 1033/1033
f 1032/1032 1034/1034 1033/1033
f 1033/1033 1034/1034 1035/1035
f 1036/1036 1037/1037 1038/1038
f 1038/1038 1037/1037 1028/1028
f 1028/1028 1037/1037 1029/1029
f 1037/1037 1039/1039 1029/1029
f 1039/1039 1040/1040 1029/1029
f 1029/1029 1040/1040 1032/1032
f 1040/1040 1041/1041 1032/1032
f 1032/1032 1041/1041 1034/1034
f 1030/1030 1042/1042 1028/1028
f 1028/1028 1042/1042 1038/1038
f 1042/1042 1043/1043 1038/1038
f 1043/1043 1044/1044 1038/1038
f 1038/1038 1044/1044 1036/1036
f 1044/1044 1045/1045 1036/1036
f 1045/1045 1046/1046 1036/1036
f 1046/1046 1047/1047 1036/1036
f 1036/1036 1047/1047 1037/1037
f 1047/1047 1048/1048 1037/1037
f 1037/1037 1048/1048 1039/1039
f 1048/1048 1049/1049 1039/1039
f 1049/1049 1050/1050 1039/1039
f 1039/1039 1050/1050 1040/1040
f 1051/1051 1046/1046 1052/1052
f 1046/1046 1045/1045 1052/1052
f 1052/1052 1045/1045 1053/1053
f 1045/1045 1044/1044 1053/1053
f 1044/1044 1043/1043 1053/1053
f 1053/1053 1043/1043 1054/1054
f 1054/1054 1043/1043 1055/1055
f 1043/1043 1056/1056 1055/1055
f 1056/1056 1057/1057 1055/1055
f 1055/1055 1057/1057 1058/1058
f 1058/1058 1057/1057 1059/1059
f 1059/1059 1057/1057 1060/1060
f 1060/1060 1057/1057 1061/1061
f 1057/1057 1062/1062 1061/1061
f 1063/1063 1051/1051 1064/1064
f 1051/1051 1052/1052 1064/1064
f 1064/1064 1052/1052 1065/1065
f 1052/1052 1053/1053 1065/1065
f 1065/1065 1053/1053 1066/1066
f 1053/1053 1054/1054 1066/1066
f 1066/1066 1054/1054 1067/1067
f 1054/1054 1055/1055 1067/1067
f 1055/1055 1058/1058 1067/1067
f 1067/1067 1058/1058 1068/1068
f 1058/1058 1059/1059 1068/1068
f 1068/1068 1059/1059 1069/1069
f 1062/1062 1070/1070 1061/1061
f 1061/1061 1070/1070 1071/1071
f 1070/1070 1072/1072 1071/1071
f 1071/1071 1072/1072 1073/1073
f 1072/1072 1074/1074 1073/1073
f 1073/1073 1074/1074 1075/1075
f 1075/1075 1074/1074 1076/1076
f 1074/1074 1077/1077 1076/1076
f 1076/1076 1077/1077 1078/1078
f 1078/1078 1077/1077 1079/1079
f 1079/1079 1077/1077 1080/1080
f 1080/1080 1077/1077 1081/1081
f 1077/1077 1074/1074 1081/1081
f 1081/1081 1074/1074 1082/1082
f 1031/1031 1033/1033 1083/1083
f 1083/1083 1033/1033 1082/1082
f 1033/1033 1035/1035 1082/1082
f 1082/1082 1035/1035 1081/1081
f 1081/1081 1035/1035 1080/1080
f 1080/1080 1035/1035 1084/1084
f 1035/1035 1034/1034 1084/1084
f 1084/1084 1034/1034 1085/1085
f 1085/1085 1034/1034 1086/1086
f 1034/1034 1041/1041 1086/1086
f 1086/1086 1041/1041 1087/1087
f 1087/1087 1041/1041 1088/1088
f 1041/1041 1040/1040 1088/1088
f 1088/1088 1040/1040 1050/1050
f 1031/1031 1083/1083 1030/1030
f 1083/1083 1089/1089 1030/1030
f 1030/1030 1089/1089 1042/1042
f 1089/1089 1090/1090 1042/1042
f 1042/1042 1090/1090 1043/1043
f 1043/1043 1090/1090 1056/1056
f 1056/1056 1090/1090 1057/1057
f 1057/1057 1090/1090 1062/1062
f 1062/1062 1090/1090 1070/1070
f 1090/1090 1089/1089 1070/1070
f 1070/1070 1089/1089 1072/1072
f 1089/1089 1083/1083 1072/1072
f 1083/1083 1082/1082 1072/1072
f 1072/1072 1082/1082 1074/1074
f 1091/1091 1092/1092 1093/1093
f 1092/1092 1094/1094 1093/1093
f 1093/1093 1094/1094 1095/1095
f 1094/1094 1096/1096 1095/1095
f 1095/1095 1096/1096 1097/1097
f 1097/1097 1096/1096 1098/1098
f 1096/1096 1099/1099 1098/1098
f 1098/1098 1099/1099 1100/1100
f 1099/1099 1101/1101 1100/1100
f 1100/1100 1101/1101 1102/1102
f 1101/1101 1103/1103 1102/1102
f 1104/1104 1105/1105 1106/1106
f 1106/1106 1105/1105 1107/1107
f 1105/1105 1108/1108 1107/1107
f 1107/1107 1108/1108 1109/1109
f 1108/1108 1110/1110 1109/1109
f 1109/1109 1110/1110 1111/1111
f 1110/1110 1112/1112 1111/1111
f 1111/1111 1112/1112 1113/1113
f 1109/1109 1114/1114 1107/1107
f 1114/1114 1115/1115 1107/1107
f 1107/1107 1115/1115 1106/1106
f 1106/1106 1115/1115 1116/1116
f 1116/1116 1115/1115 1117/1117
f 1117/1117 1115/1115 1118/1118
f 1118/1118 1115/1115 1119/1119
f 1115/1115 1114/1114 1119/1119
f 1119/1119 1114/1114 1120/1120
f 1120/1120 1114/1114 1121/1121
f 1114/1114 1109/1109 1121/1121
f 1121/1121 1109/1109 1111/1111
f 1113/1113 1122/1122 1111/1111
f 1111/1111 1122/1122 1121/1121
f 1122/1122 1123/1123 1121/1121
f 1121/1121 1123/1123 1120/1120
f 1123/1123 1124/1124 1120/1120
f 1124/1124 1125/1125 1120/1120
f 1120/1120 1125/1125 1119/1119
f 1125/1125 1126/1126 1119/1119
f 1126/1126 1127/1127 1119/1119
f 1119/1119 1127/1127 1118/1118
f 1118/1118 1127/1127 1117/1117
f 1127/1127 1128/1128 1117/1117
f 1128/1128 1129/1129 1117/1117
f 1117/1117 1129/1129 1130/1130
f 1126/1126 367/367 1127/1127
f 367/367 365/365 1127/1127
f 365/365 363/363 1127/1127
f 1127/1127 363/363 1128/1128
f 1128/1128 363/363 1129/1129
f 363/363 361/361 1129/1129
f 1129/1129 361/361 1131/1131
f 361/361 358/358 1131/1131
f 1131/1131 358/358 1132/1132
f 358/358 359/359 1132/1132
f 1130/1130 1129/1129 1133/1133
f 1129/1129 1131/1131 1133/1133
f 1131/1131 1132/1132 1133/1133
f 1132/1132 1134/1134 1133/1133
f 1133/1133 1134/1134 1135/1135
f 1134/1134 1136/1136 1135/1135
f 1136/1136 1137/1137 1135/1135
f 1135/1135 1137/1137 1138/1138
f 1137/1137 1139/1139 1138/1138
f 1139/1139 1140/1140 1138/1138
f 1138/1138 1140/1140 1141/1141
f 1140/1140 1142/1142 1141/1141
f 1142/1142 1104/1104 1141/1141
f 1141/1141 1104/1104 1106/1106
f 1141/1141 1143/1143 1138/1138
f 1138/1138 1143/1143 1135/1135
f 1135/1135 1143/1143 1133/1133
f 1133/1133 1143/1143 1130/1130
f 1130/1130 1143/1143 1117/1117
f 1117/1117 1143/1143 1116/1116
f 1143/1143 1141/1141 1116/1116
f 1116/1116 1141/1141 1106/1106
f 1144/1144 1145/1145 1146/1146
f 1146/1146 1145/1145 1147/1147
f 1147/1147 1145/1145 1148/1148
f 1148/1148 1145/1145 1149/1149
f 1149/1149 1145/1145 1150/1150
f 1150/1150 1145/1145 1151/1151
f 1145/1145 1144/1144 1151/1151
f 1151/1151 1144/1144 1152/1152
f 1146/1146 1153/1153 1144/1144
f 1153/1153 1154/1154 1144/1144
f 1154/1154 1155/1155 1144/1144
f 1144/1144 1155/1155 1152/1152
f 1155/1155 1156/1156 1152/1152
f 1156/1156 1157/1157 1152/1152
f 1157/1157 1158/1158 1152/1152
f 1152/1152 1158/1158 1151/1151
f 1151/1151 1158/1158 1150/1150
f 1158/1158 1159/1159 1150/1150
f 1159/1159 1160/1160 1150/1150
f 1150/1150 1160/1160 1161/1161
f 1161/1161 1160/1160 1162/1162
f 1162/1162 1160/1160 1163/1163
f 1150/1150 1161/1161 1149/1149
f 1161/1161 1162/1162 1149/1149
f 1162/1162 1164/1164 1149/1149
f 1149/1149 1164/1164 1148/1148
f 1148/1148 1164/1164 1165/1165
f 1165/1165 1164/1164 1166/1166
f 1166/1166 1164/1164 1167/1167
f 1164/1164 1162/1162 1167/1167
f 1167/1167 1162/1162 1168/1168
f 1163/1163 1169/1169 1162/1162
f 1162/1162 1169/1169 1168/1168
f 1169/1169 1170/1170 1168/1168
f 1170/1170 1171/1171 1168/1168
f 1168/1168 1171/1171 1167/1167
f 1171/1171 1172/1172 1167/1167
f 1167/1167 1172/1172 1166/1166
f 1166/1166 1172/1172 1173/1173
f 1173/1173 1172/1172 1174/1174
f 1174/1174 1172/1172 1175/1175
f 1175/1175 1172/1172 1176/1176
f 1172/1172 1171/1171 1176/1176
f 1171/1171 1170/1170 1176/1176
f 1176/1176 1170/1170 1177/1177
f 1178/1178 1179/1179 1180/1180
f 1179/1179 1181/1181 1180/1180
f 1180/1180 1181/1181 1182/1182
f 1181/1181 1183/1183 1182/1182
f 1182/1182 1183/1183 1184/1184
f 1183/1183 1185/1185 1184/1184
f 1184/1184 1185/1185 1186/1186
f 1185/1185 1187/1187 1186/1186
f 1186/1186 1187/1187 1188/1188
f 1187/1187 1189/1189 1188/1188
f 1189/1189 1190/1190 1188/1188
f 1188/1188 1190/1190 1191/1191
f 631/631 630/630 1192/1192
f 1192/1192 630/630 1193/1193
f 630/630 629/629 1193/1193
f 1193/1193 629/629 1194/1194
f 629/629 628/628 1194/1194
f 1194/1194 628/628 1195/1195
f 628/628 627/627 1195/1195
f 1195/1195 627/627 1196/1196
f 627/627 626/626 1196/1196
f 1196/1196 626/626 1197/1197
f 626/626 632/632 1197/1197
f 1197/1197 632/632 1198/1198
f 1199/1199 1200/1200 1201/1201
f 1201/1201 1200/1200 1202/1202
f 1200/1200 1203/1203 1202/1202
f 1202/1202 1203/1203 1204/1204
f 1204/1204 1203/1203 1205/1205
f 1203/1203 1206/1206 1205/1205
f 1206/1206 1207/1207 1205/1205
f 1205/1205 1207/1207 1208/1208
f 1208/1208 1207/1207 1209/1209
f 1207/1207 1210/1210 1209/1209
f 1210/1210 1211/1211 1209/1209
f 1209/1209 1211/1211 1212/1212
f 1212/1212 1211/1211 1213/1213
f 1211/1211 1214/1214 1213/1213
f 1215/1215 1216/1216 1112/1112
f 1112/1112 1216/1216 1113/1113
f 1216/1216 1217/1217 1113/1113
f 1113/1113 1217/1217 1122/1122
f 1122/1122 1217/1217 1123/1123
f 1217/1217 1218/1218 1123/1123
f 1123/1123 1218/1218 1124/1124
f 1218/1218 1219/1219 1124/1124
f 1219/1219 373/373 1124/1124
f 373/373 371/371 1124/1124
f 1124/1124 371/371 1125/1125
f 371/371 369/369 1125/1125
f 1125/1125 369/369 1126/1126
f 369/369 367/367 1126/1126
f 1220/1220 1221/1221 1222/1222
f 1222/1222 1223/1223 1220/1220
f 1220/1220 1223/1223 1224/1224
f 1224/1224 1223/1223 1225/1225
f 1223/1223 1226/1226 1225/1225
f 1226/1226 1227/1227 1225/1225
f 1225/1225 1227/1227 1228/1228
f 1227/1227 1229/1229 1228/1228
f 1229/1229 1230/1230 1228/1228
f 1228/1228 1230/1230 1231/1231
f 1230/1230 1232/1232 1231/1231
f 1231/1231 1232/1232 1233/1233
f 1232/1232 1234/1234 1233/1233
f 1233/1233 1234/1234 1235/1235
f 1235/1235 1234/1234 1236/1236
f 1237/1237 1224/1224 1238/1238
f 1238/1238 1224/1224 1239/1239
f 1224/1224 1225/1225 1239/1239
f 1239/1239 1225/1225 1240/1240
f 1225/1225 1228/1228 1240/1240
f 1228/1228 1231/1231 1240/1240
f 1240/1240 1231/1231 1241/1241
f 1231/1231 1233/1233 1241/1241
f 1241/1241 1233/1233 1242/1242
f 1233/1233 1235/1235 1242/1242
f 1242/1242 1235/1235 1243/1243
f 1243/1243 1235/1235 1244/1244
f 1235/1235 1245/1245 1244/1244
f 1244/1244 1245/1245 1246/1246
f 1242/1242 1247/1247 1241/1241
f 1247/1247 1239/1239 1241/1241
f 1241/1241 1239/1239 1240/1240
f 1248/1248 1249/1249 1242/1242
f 1242/1242 1249/1249 1247/1247
f 1247/1247 1249/1249 1250/1250
f 1250/1250 1249/1249 1251/1251
f 1249/1249 1248/1248 1251/1251
f 1251/1251 1248/1248 1252/1252
f 1252/1252 1248/1248 1253/1253
f 1253/1253 1248/1248 1254/1254
f 1248/1248 1255/1255 1254/1254
f 1254/1254 1255/1255 1256/1256
f 1256/1256 1255/1255 1257/1257
f 1255/1255 1244/1244 1257/1257
f 1257/1257 1244/1244 1258/1258
f 1258/1258 1244/1244 1246/1246
f 1259/1259 1260/1260 1256/1256
f 1256/1256 1260/1260 1254/1254
f 1254/1254 1260/1260 1253/1253
f 1260/1260 1261/1261 1253/1253
f 1262/1262 1259/1259 1263/1263
f 1259/1259 1256/1256 1263/1263
f 1256/1256 1257/1257 1263/1263
f 1257/1257 1264/1264 1263/1263
f 1264/1264 1265/1265 1263/1263
f 1263/1263 1265/1265 1262/1262
f 1265/1265 1266/1266 1262/1262
f 1266/1266 1267/1267 1262/1262
f 1267/1267 1268/1268 1262/1262
f 1262/1262 1268/1268 1259/1259
f 1268/1268 1269/1269 1259/1259
f 1259/1259 1269/1269 1270/1270
f 1271/1271 1272/1272 1273/1273
f 1273/1273 1272/1272 1274/1274
f 1272/1272 1275/1275 1274/1274
f 1274/1274 1275/1275 1276/1276
f 1276/1276 1275/1275 1277/1277
f 1275/1275 1278/1278 1277/1277
f 1278/1278 1279/1279 1277/1277
f 1277/1277 1279/1279 1280/1280
f 1279/1279 1268/1268 1280/1280
f 1268/1268 1267/1267 1280/1280
f 1267/1267 1281/1281 1280/1280
f 1280/1280 1281/1281 1277/1277
f 1281/1281 1282/1282 1277/1277
f 1277/1277 1282/1282 1283/1283
f 1277/1277 1283/1283 1276/1276
f 1283/1283 1284/1284 1276/1276
f 1276/1276 1284/1284 1274/1274
f 1284/1284 1285/1285 1274/1274
f 1274/1274 1285/1285 1286/1286
f 1285/1285 1287/1287 1286/1286
f 1286/1286 1287/1287 1288/1288
f 1287/1287 1289/1289 1288/1288
f 1288/1288 1289/1289 1290/1290
f 1289/1289 1291/1291 1290/1290
f 1290/1290 1291/1291 1292/1292
f 1293/1293 1294/1294 1283/1283
f 1294/1294 1295/1295 1283/1283
f 1283/1283 1295/1295 1284/1284
f 1295/1295 1296/1296 1284/1284
f 1284/1284 1296/1296 1285/1285
f 1296/1296 1297/1297 1285/1285
f 1285/1285 1297/1297 1287/1287
f 1287/1287 1297/1297 1298/1298
f 1297/1297 1299/1299 1298/1298
f 1299/1299 1300/1300 1298/1298
f 1298/1298 1300/1300 1301/1301
f 1301/1301 1300/1300 1302/1302
f 1300/1300 1303/1303 1302/1302
f 1302/1302 1303/1303 1304/1304
f 1305/1305 1299/1299 1306/1306
f 1306/1306 1299/1299 1307/1307
f 1299/1299 1297/1297 1307/1307
f 1297/1297 1296/1296 1307/1307
f 1307/1307 1296/1296 1308/1308
f 1296/1296 1295/1295 1308/1308
f 1308/1308 1295/1295 1309/1309
f 1295/1295 1294/1294 1309/1309
f 1294/1294 1293/1293 1309/1309
f 1293/1293 1310/1310 1309/1309
f 1310/1310 1311/1311 1309/1309
f 1311/1311 1312/1312 1309/1309
f 1309/1309 1312/1312 1308/1308
f 1312/1312 1307/1307 1308/1308
f 1310/1310 1313/1313 1311/1311
f 1313/1313 1314/1314 1311/1311
f 1311/1311 1314/1314 1312/1312
f 1314/1314 1315/1315 1312/1312
f 1312/1312 1315/1315 1306/1306
f 1315/1315 1316/1316 1306/1306
f 1306/1306 1316/1316 1305/1305
f 1316/1316 1317/1317 1305/1305
f 1305/1305 1317/1317 1318/1318
f 1318/1318 1317/1317 1319/1319
f 1317/1317 1320/1320 1319/1319
f 1320/1320 1321/1321 1319/1319
f 1319/1319 1321/1321 1322/1322
f 1322/1322 1321/1321 1323/1323
f 1324/1324 1325/1325 1326/1326
f 1326/1326 1325/1325 1314/1314
f 1314/1314 1325/1325 1315/1315
f 1315/1315 1325/1325 1316/1316
f 1316/1316 1325/1325 1317/1317
f 1325/1325 1324/1324 1317/1317
f 1317/1317 1324/1324 1320/1320
f 1320/1320 1324/1324 1327/1327
f 1324/1324 1328/1328 1327/1327
f 1328/1328 1329/1329 1327/1327
f 1329/1329 1330/1330 1327/1327
f 1327/1327 1330/1330 1320/1320
f 1320/1320 1330/1330 1321/1321
f 1321/1321 1330/1330 1331/1331
f 1310/1310 1332/1332 1313/1313
f 1332/1332 1333/1333 1313/1313
f 1313/1313 1333/1333 1334/1334
f 1333/1333 1335/1335 1334/1334
f 1335/1335 1336/1336 1334/1334
f 1334/1334 1336/1336 1326/1326
f 1326/1326 1336/1336 1328/1328
f 1336/1336 1337/1337 1328/1328
f 1328/1328 1337/1337 1329/1329
f 1337/1337 1338/1338 1329/1329
f 1338/1338 1339/1339 1329/1329
f 1339/1339 1340/1340 1329/1329
f 1329/1329 1340/1340 1330/1330
f 1340/1340 1331/1331 1330/1330
f 1341/1341 1342/1342 1333/1333
f 1333/1333 1342/1342 1335/1335
f 1342/1342 1343/1343 1335/1335
f 1335/1335 1343/1343 1336/1336
f 1336/1336 1343/1343 1337/1337
f 1343/1343 1344/1344 1337/1337
f 1337/1337 1344/1344 1338/1338
f 1344/1344 1345/1345 1338/1338
f 1345/1345 1346/1346 1338/1338
f 1338/1338 1346/1346 1339/1339
f 1346/1346 1347/1347 1339/1339
f 1339/1339 1347/1347 1348/1348
f 1348/1348 1347/1347 1349/1349
f 1347/1347 1350/1350 1349/1349
f 1349/1349 1350/1350 1351/1351
f 1350/1350 1352/1352 1351/1351
f 1352/1352 1353/1353 1351/1351
f 1351/1351 1353/1353 1354/1354
f 1353/1353 1355/1355 1354/1354
f 1354/1354 1355/1355 1356/1356
f 1356/1356 1355/1355 1357/1357
f 1355/1355 1358/1358 1357/1357
f 1357/1357 1358/1358 1359/1359
f 1358/1358 1360/1360 1359/1359
f 1360/1360 1361/1361 1359/1359
f 1359/1359 1361/1361 1362/1362
f 1361/1361 1363/1363 1362/1362
f 1362/1362 1363/1363 1364/1364
f 1365/1365 1354/1354 1366/1366
f 1354/1354 1356/1356 1366/1366
f 1366/1366 1356/1356 1367/1367
f 1356/1356 1357/1357 1367/1367
f 1367/1367 1357/1357 1368/1368
f 1357/1357 1359/1359 1368/1368
f 1368/1368 1359/1359 1369/1369
f 1359/1359 1362/1362 1369/1369
f 1369/1369 1362/1362 1370/1370
f 1362/1362 1364/1364 1370/1370
f 1364/1364 1371/1371 1370/1370
f 1370/1370 1371/1371 1372/1372
f 1371/1371 1373/1373 1372/1372
f 1372/1372 1373/1373 1374/1374
f 1375/1375 1376/1376 1377/1377
f 1377/1377 1376/1376 1378/1378
f 1378/1378 1376/1376 1379/1379
f 1376/1376 1367/1367 1379/1379
f 1367/1367 1368/1368 1379/1379
f 1368/1368 1369/1369 1379/1379
f 1379/1379 1369/1369 1380/1380
f 1369/1369 1370/1370 1380/1380
f 1370/1370 1372/1372 1380/1380
f 1380/1380 1372/1372 1381/1381
f 1372/1372 1374/1374 1381/1381
f 1380/1380 1381/1381 1379/1379
f 1379/1379 1381/1381 1378/1378
f 1373/1373 1382/1382 1374/1374
f 1383/1383 1382/1382 1384/1384
f 1382/1382 1373/1373 1384/1384
f 1373/1373 1371/1371 1384/1384
f 1384/1384 1371/1371 1385/1385
f 1385/1385 1371/1371 1386/1386
f 1371/1371 1364/1364 1386/1386
f 1386/1386 1364/1364 1387/1387
f 1387/1387 1364/1364 1363/1363
f 1388/1388 1387/1387 1389/1389
f 1387/1387 1363/1363 1389/1389
f 1389/1389 1363/1363 1390/1390
f 1363/1363 1361/1361 1390/1390
f 1390/1390 1361/1361 1391/1391
f 1361/1361 1360/1360 1391/1391
f 1360/1360 1358/1358 1391/1391
f 1391/1391 1358/1358 1392/1392
f 1358/1358 1355/1355 1392/1392
f 1392/1392 1355/1355 1393/1393
f 1355/1355 1353/1353 1393/1393
f 1393/1393 1353/1353 1394/1394
f 1353/1353 1395/1395 1394/1394
f 1394/1394 1395/1395 1396/1396
f 1397/1397 1398/1398 1399/1399
f 1397/1397 1399/1399 1400/1400
f 1399/1399 1401/1401 1400/1400
f 1401/1401 1402/1402 1400/1400
f 1400/1400 1402/1402 1403/1403
f 1403/1403 1402/1402 1404/1404
f 1402/1402 1405/1405 1404/1404
f 1404/1404 1405/1405 1406/1406
f 1405/1405 1407/1407 1406/1406
f 1407/1407 1408/1408 1406/1406
f 1408/1408 1409/1409 1406/1406
f 1409/1409 1410/1410 1406/1406
f 1406/1406 1410/1410 1404/1404
f 1410/1410 1411/1411 1404/1404
f 1404/1404 1411/1411 1403/1403
f 1410/1410 1409/1409 1412/1412
f 1412/1412 1409/1409 1413/1413
f 1413/1413 1409/1409 1414/1414
f 1409/1409 1408/1408 1414/1414
f 1414/1414 1408/1408 1415/1415
f 1415/1415 1408/1408 1416/1416
f 1408/1408 1407/1407 1416/1416
f 1416/1416 1407/1407 1417/1417
f 1407/1407 1405/1405 1417/1417
f 1417/1417 1405/1405 1418/1418
f 1410/1410 1412/1412 1411/1411
f 1412/1412 1419/1419 1411/1411
f 1419/1419 1420/1420 1411/1411
f 1411/1411 1420/1420 1421/1421
f 1421/1421 1420/1420 1422/1422
f 1420/1420 1423/1423 1422/1422
f 1422/1422 1423/1423 1424/1424
f 1423/1423 1425/1425 1424/1424
f 1424/1424 1425/1425 1426/1426
f 1425/1425 1427/1427 1426/1426
f 1426/1426 1427/1427 1428/1428
f 1427/1427 1429/1429 1428/1428
f 1428/1428 1429/1429 1430/1430
f 1430/1430 1429/1429 1431/1431
f 1411/1411 1421/1421 1403/1403
f 1421/1421 1422/1422 1403/1403
f 1403/1403 1422/1422 1432/1432
f 1422/1422 1424/1424 1432/1432
f 1432/1432 1424/1424 1433/1433
f 1433/1433 1424/1424 1434/1434
f 1424/1424 1426/1426 1434/1434
f 1426/1426 1428/1428 1434/1434
f 1434/1434 1428/1428 1288/1288
f 1428/1428 1430/1430 1288/1288
f 1288/1288 1430/1430 1286/1286
f 1286/1286 1430/1430 1274/1274
f 1274/1274 1430/1430 1435/1435
f 1435/1435 1430/1430 1436/1436
f 1403/1403 1432/1432 1400/1400
f 1400/1400 1432/1432 1397/1397
f 1432/1432 1433/1433 1397/1397
f 1288/1288 1290/1290 1434/1434
f 1290/1290 1437/1437 1434/1434
f 1434/1434 1437/1437 1433/1433
f 1433/1433 1437/1437 1397/1397
f 1437/1437 1438/1438 1397/1397
f 1397/1397 1438/1438 1439/1439
f 1440/1440 1441/1441 1442/1442
f 1442/1442 1441/1441 1443/1443
f 1444/1444 1445/1445 1446/1446
f 1446/1446 1445/1445 1447/1447
f 1445/1445 1448/1448 1447/1447
f 1448/1448 1449/1449 1447/1447
f 1447/1447 1449/1449 1450/1450
f 1449/1449 1451/1451 1450/1450
f 1450/1450 1451/1451 1452/1452
f 1452/1452 1451/1451 1453/1453
f 1451/1451 1454/1454 1453/1453
f 1453/1453 1454/1454 1443/1443
f 1454/1454 1455/1455 1443/1443
f 1443/1443 1455/1455 1456/1456
f 1455/1455 1457/1457 1456/1456
f 1456/1456 1457/1457 1458/1458
f 1459/1459 1460/1460 1449/1449
f 1460/1460 1461/1461 1449/1449
f 1461/1461 1454/1454 1449/1449
f 1449/1449 1454/1454 1451/1451
f 1461/1461 1462/1462 1454/1454
f 1454/1454 1462/1462 1455/1455
f 1462/1462 1463/1463 1455/1455
f 1455/1455 1463/1463 1457/1457
f 1457/1457 1463/1463 1464/1464
f 1463/1463 1465/1465 1464/1464
f 1465/1465 1466/1466 1464/1464
f 1464/1464 1466/1466 1467/1467
f 1466/1466 1468/1468 1467/1467
f 1467/1467 1468/1468 1469/1469
f 1468/1468 1470/1470 1469/1469
f 1469/1469 1470/1470 1471/1471
f 1470/1470 1472/1472 1471/1471
f 1471/1471 1472/1472 1473/1473
f 1457/1457 1464/1464 1458/1458
f 1458/1458 1464/1464 1474/1474
f 1464/1464 1467/1467 1474/1474
f 1474/1474 1467/1467 1475/1475
f 1467/1467 1469/1469 1475/1475
f 1475/1475 1469/1469 1476/1476
f 1469/1469 1471/1471 1476/1476
f 1476/1476 1471/1471 1477/1477
f 1471/1471 1473/1473 1477/1477
f 1477/1477 1473/1473 1478/1478
f 1473/1473 1479/1479 1478/1478
f 1478/1478 1479/1479 1480/1480
f 1481/1481 1482/1482 1483/1483
f 1483/1483 1482/1482 1484/1484
f 1485/1485 1486/1486 1487/1487
f 1486/1486 1488/1488 1487/1487
f 1487/1487 1488/1488 1489/1489
f 1489/1489 1488/1488 1490/1490
f 1488/1488 1491/1491 1490/1490
f 1490/1490 1491/1491 1492/1492
f 1491/1491 1493/1493 1492/1492
f 1493/1493 1494/1494 1492/1492
f 1494/1494 1495/1495 1492/1492
f 1492/1492 1495/1495 1490/1490
f 1495/1495 1482/1482 1490/1490
f 1482/1482 1496/1496 1490/1490
f 1490/1490 1496/1496 1489/1489
f 1496/1496 1305/1305 1489/1489
f 1495/1495 1494/1494 1497/1497
f 1497/1497 1494/1494 1498/1498
f 1498/1498 1494/1494 1499/1499
f 1494/1494 1493/1493 1499/1499
f 1493/1493 1500/1500 1499/1499
f 1499/1499 1500/1500 1501/1501
f 1500/1500 1502/1502 1501/1501
f 1501/1501 1502/1502 1503/1503
f 1502/1502 1504/1504 1503/1503
f 1503/1503 1504/1504 1505/1505
f 1504/1504 1506/1506 1505/1505
f 1505/1505 1506/1506 1507/1507
f 1498/1498 1499/1499 1508/1508
f 1499/1499 1501/1501 1508/1508
f 1508/1508 1501/1501 1509/1509
f 1501/1501 1503/1503 1509/1509
f 1509/1509 1503/1503 1510/1510
f 1503/1503 1505/1505 1510/1510
f 1505/1505 1511/1511 1510/1510
f 1511/1511 1512/1512 1510/1510
f 1512/1512 1513/1513 1510/1510
f 1513/1513 1514/1514 1510/1510
f 1510/1510 1514/1514 1509/1509
f 1514/1514 1515/1515 1509/1509
f 1509/1509 1515/1515 1516/1516
f 1517/1517 1518/1518 1519/1519
f 1519/1519 1518/1518 1520/1520
f 1520/1520 1521/1521 1522/1522
f 1521/1521 1523/1523 1522/1522
f 1522/1522 1523/1523 1524/1524
f 1523/1523 1525/1525 1524/1524
f 1525/1525 1526/1526 1524/1524
f 1524/1524 1526/1526 1527/1527
f 1526/1526 1528/1528 1527/1527
f 1527/1527 1528/1528 1529/1529
f 1528/1528 1530/1530 1529/1529
f 1529/1529 1530/1530 1531/1531
f 1530/1530 1532/1532 1531/1531
f 1531/1531 1532/1532 1533/1533
f 1532/1532 1534/1534 1533/1533
f 1533/1533 1534/1534 1535/1535
f 1536/1536 76/76 1537/1537
f 76/76 77/77 1537/1537
f 77/77 1532/1532 1537/1537
f 1532/1532 1530/1530 1537/1537
f 1537/1537 1530/1530 1538/1538
f 1530/1530 1528/1528 1538/1538
f 1538/1538 1528/1528 1539/1539
f 1528/1528 1526/1526 1539/1539
f 1539/1539 1526/1526 1540/1540
f 1526/1526 1525/1525 1540/1540
f 1540/1540 1525/1525 1541/1541
f 1525/1525 1523/1523 1541/1541
f 1541/1541 1523/1523 82/82
f 82/82 1523/1523 1521/1521
f 1536/1536 1537/1537 1542/1542
f 1537/1537 1538/1538 1542/1542
f 1538/1538 1539/1539 1542/1542
f 1542/1542 1539/1539 1543/1543
f 1543/1543 1539/1539 1544/1544
f 1539/1539 1540/1540 1544/1544
f 1544/1544 1540/1540 1545/1545
f 1540/1540 1541/1541 1545/1545
f 1541/1541 82/82 1545/1545
f 1545/1545 82/82 87/87
f 1546/1546 1547/1547 1548/1548
f 1548/1548 1547/1547 1301/1301
f 1549/1549 1550/1550 1551/1551
f 1550/1550 1552/1552 1551/1551
f 1551/1551 1552/1552 1553/1553
f 1552/1552 1301/1301 1553/1553
f 1301/1301 1302/1302 1553/1553
f 1302/1302 1304/1304 1553/1553
f 1304/1304 1554/1554 1553/1553
f 1554/1554 1555/1555 1553/1553
f 1553/1553 1555/1555 1551/1551
f 1551/1551 1555/1555 1556/1556
f 1556/1556 1555/1555 1557/1557
f 1555/1555 1554/1554 1557/1557
f 1554/1554 1558/1558 1557/1557
f 1557/1557 1558/1558 1559/1559
f 1559/1559 1560/1560 1557/1557
f 1557/1557 1560/1560 1556/1556
f 1556/1556 1560/1560 1561/1561
f 1561/1561 1560/1560 1562/1562
f 1560/1560 1563/1563 1562/1562
f 1563/1563 1564/1564 1562/1562
f 1564/1564 1565/1565 1562/1562
f 1562/1562 1565/1565 1566/1566
f 1559/1559 1567/1567 1560/1560
f 1560/1560 1567/1567 1563/1563
f 1567/1567 1568/1568 1563/1563
f 1563/1563 1568/1568 1564/1564
f 1564/1564 1568/1568 1569/1569
f 1569/1569 1568/1568 1570/1570
f 1570/1570 1568/1568 1571/1571
f 1571/1571 1568/1568 1572/1572
f 1568/1568 1567/1567 1572/1572
f 1573/1573 1574/1574 1388/1388
f 1388/1388 1574/1574 1575/1575
f 1326/1326 1328/1328 1324/1324
f 1326/1326 1314/1314 1334/1334
f 1334/1334 1314/1314 1313/1313
f 1576/1576 1577/1577 1578/1578
f 1578/1578 1577/1577 1579/1579
f 1577/1577 1576/1576 1580/1580
f 1580/1580 1576/1576 1581/1581
f 1576/1576 1582/1582 1581/1581
f 1581/1581 1582/1582 1583/1583
f 1582/1582 1584/1584 1583/1583
f 1584/1584 1585/1585 1583/1583
f 1583/1583 1585/1585 1586/1586
f 1586/1586 1585/1585 1587/1587
f 1585/1585 1588/1588 1587/1587
f 1588/1588 1589/1589 1587/1587
f 1587/1587 1589/1589 1590/1590
f 1590/1590 1589/1589 1591/1591
f 1589/1589 1592/1592 1591/1591
f 1591/1591 1592/1592 1593/1593
f 1594/1594 1595/1595 1582/1582
f 1582/1582 1595/1595 1584/1584
f 1584/1584 1595/1595 1585/1585
f 1595/1595 1596/1596 1585/1585
f 1585/1585 1596/1596 1588/1588
f 1596/1596 1597/1597 1588/1588
f 1588/1588 1597/1597 1589/1589
f 1589/1589 1597/1597 1598/1598
f 1599/1599 1590/1590 1272/1272
f 1272/1272 1590/1590 1600/1600
f 1590/1590 1591/1591 1600/1600
f 1591/1591 1278/1278 1600/1600
f 1278/1278 1275/1275 1600/1600
f 1600/1600 1275/1275 1272/1272
f 1586/1586 1587/1587 1601/1601
f 1587/1587 1602/1602 1601/1601
f 1601/1601 1602/1602 1603/1603
f 1603/1603 1602/1602 1604/1604
f 1604/1604 1602/1602 1605/1605
f 1605/1605 1602/1602 1599/1599
f 1599/1599 1602/1602 1590/1590
f 1602/1602 1587/1587 1590/1590
f 1583/1583 1586/1586 1606/1606
f 1586/1586 1601/1601 1606/1606
f 1601/1601 1603/1603 1606/1606
f 1603/1603 1607/1607 1606/1606
f 1607/1607 1608/1608 1606/1606
f 1608/1608 1609/1609 1606/1606
f 1606/1606 1609/1609 1583/1583
f 1583/1583 1609/1609 1581/1581
f 1609/1609 1610/1610 1581/1581
f 1581/1581 1610/1610 1580/1580
f 1577/1577 1580/1580 1611/1611
f 1611/1611 1580/1580 1612/1612
f 1580/1580 1610/1610 1612/1612
f 1612/1612 1610/1610 1613/1613
f 1610/1610 1614/1614 1613/1613
f 1615/1615 1616/1616 1612/1612
f 1612/1612 1616/1616 1611/1611
f 1616/1616 1617/1617 1611/1611
f 1617/1617 1618/1618 1611/1611
f 1611/1611 1618/1618 1577/1577
f 1618/1618 1619/1619 1577/1577
f 1306/1306 1307/1307 1312/1312
f 1620/1620 1621/1621 1622/1622
f 1622/1622 1621/1621 1623/1623
f 1624/1624 1625/1625 1626/1626
f 1626/1626 1625/1625 1627/1627
f 1625/1625 1628/1628 1627/1627
f 1627/1627 1628/1628 1629/1629
f 1629/1629 1628/1628 1630/1630
f 1628/1628 1631/1631 1630/1630
f 1630/1630 1631/1631 1620/1620
f 1631/1631 1621/1621 1620/1620
f 1622/1622 1632/1632 1620/1620
f 1632/1632 1633/1633 1620/1620
f 1620/1620 1633/1633 1630/1630
f 1633/1633 1634/1634 1630/1630
f 1630/1630 1634/1634 1629/1629
f 1634/1634 1635/1635 1629/1629
f 1629/1629 1635/1635 1627/1627
f 1635/1635 1636/1636 1627/1627
f 1627/1627 1636/1636 1626/1626
f 1636/1636 1637/1637 1626/1626
f 1637/1637 1638/1638 1626/1626
f 1638/1638 1639/1639 1626/1626
f 1626/1626 1639/1639 1624/1624
f 1624/1624 1639/1639 1640/1640
f 1641/1641 1642/1642 1634/1634
f 1634/1634 1642/1642 1635/1635
f 1642/1642 1643/1643 1635/1635
f 1643/1643 1644/1644 1635/1635
f 1635/1635 1644/1644 1636/1636
f 1636/1636 1644/1644 1637/1637
f 1644/1644 1645/1645 1637/1637
f 1645/1645 1646/1646 1637/1637
f 1637/1637 1646/1646 1638/1638
f 1646/1646 1647/1647 1638/1638
f 1647/1647 1648/1648 1638/1638
f 1638/1638 1648/1648 1639/1639
f 1639/1639 1648/1648 1266/1266
f 1266/1266 1648/1648 1267/1267
f 1649/1649 1650/1650 1651/1651
f 1651/1651 1650/1650 1641/1641
f 1650/1650 1652/1652 1641/1641
f 1641/1641 1652/1652 1642/1642
f 1652/1652 1653/1653 1642/1642
f 1642/1642 1653/1653 1643/1643
f 1643/1643 1653/1653 1644/1644
f 1653/1653 1654/1654 1644/1644
f 1644/1644 1654/1654 1645/1645
f 1654/1654 1655/1655 1645/1645
f 1655/1655 1656/1656 1645/1645
f 1645/1645 1656/1656 1646/1646
f 1281/1281 1267/1267 1657/1657
f 1267/1267 1648/1648 1657/1657
f 1648/1648 1647/1647 1657/1657
f 1647/1647 1658/1658 1657/1657
f 1657/1657 1658/1658 1281/1281
f 1658/1658 1659/1659 1281/1281
f 1281/1281 1659/1659 1282/1282
f 1659/1659 1660/1660 1282/1282
f 1282/1282 1660/1660 1283/1283
f 1660/1660 1661/1661 1283/1283
f 1283/1283 1661/1661 1293/1293
f 1646/1646 1656/1656 1647/1647
f 1656/1656 1662/1662 1647/1647
f 1647/1647 1662/1662 1658/1658
f 1662/1662 1663/1663 1658/1658
f 1658/1658 1663/1663 1659/1659
f 1663/1663 1664/1664 1659/1659
f 1659/1659 1664/1664 1660/1660
f 1664/1664 1665/1665 1660/1660
f 1665/1665 1666/1666 1660/1660
f 1660/1660 1666/1666 1661/1661
f 1661/1661 1666/1666 1293/1293
f 1666/1666 1667/1667 1293/1293
f 1293/1293 1667/1667 1310/1310
f 1310/1310 1667/1667 1332/1332
f 1668/1668 1669/1669 1662/1662
f 1662/1662 1669/1669 1663/1663
f 1663/1663 1669/1669 1664/1664
f 1669/1669 1670/1670 1664/1664
f 1670/1670 1671/1671 1664/1664
f 1664/1664 1671/1671 1665/1665
f 1671/1671 1672/1672 1665/1665
f 1665/1665 1672/1672 1666/1666
f 1672/1672 1673/1673 1666/1666
f 1666/1666 1673/1673 1667/1667
f 1673/1673 1674/1674 1667/1667
f 1667/1667 1674/1674 1332/1332
f 1332/1332 1674/1674 1333/1333
f 1674/1674 1341/1341 1333/1333
f 1675/1675 1676/1676 1677/1677
f 1677/1677 1676/1676 1678/1678
f 623/623 624/624 1676/1676
f 1676/1676 624/624 1678/1678
f 624/624 631/631 1678/1678
f 1676/1676 1679/1679 623/623
f 623/623 1679/1679 668/668
f 1679/1679 1680/1680 668/668
f 1680/1680 1681/1681 668/668
f 668/668 1681/1681 669/669
f 1681/1681 1682/1682 669/669
f 669/669 1682/1682 670/670
f 670/670 1682/1682 1683/1683
f 1683/1683 1682/1682 1684/1684
f 1684/1684 1682/1682 1685/1685
f 1682/1682 1686/1686 1685/1685
f 1685/1685 1686/1686 1687/1687
f 1686/1686 1688/1688 1687/1687
f 1687/1687 1688/1688 1689/1689
f 1688/1688 1686/1686 1690/1690
f 1690/1690 1686/1686 1691/1691
f 1686/1686 1682/1682 1691/1691
f 1682/1682 1681/1681 1691/1691
f 1681/1681 1680/1680 1691/1691
f 1680/1680 1692/1692 1691/1691
f 1691/1691 1692/1692 1690/1690
f 1690/1690 1692/1692 1693/1693
f 1693/1693 1692/1692 1694/1694
f 1692/1692 1680/1680 1694/1694
f 1680/1680 1679/1679 1694/1694
f 1694/1694 1679/1679 1695/1695
f 1679/1679 1676/1676 1695/1695
f 1695/1695 1676/1676 1675/1675
f 1696/1696 1697/1697 1698/1698
f 1698/1698 1697/1697 1699/1699
f 1697/1697 1700/1700 1699/1699
f 1699/1699 1700/1700 1701/1701
f 1700/1700 1693/1693 1701/1701
f 1693/1693 1694/1694 1701/1701
f 1701/1701 1694/1694 816/816
f 1694/1694 1695/1695 816/816
f 816/816 1695/1695 815/815
f 1695/1695 1675/1675 815/815
f 1702/1702 1698/1698 814/814
f 1698/1698 1699/1699 814/814
f 1699/1699 1701/1701 814/814
f 814/814 1701/1701 816/816
f 1696/1696 1698/1698 1703/1703
f 1698/1698 1702/1702 1703/1703
f 1703/1703 1702/1702 1704/1704
f 1704/1704 1702/1702 1705/1705
f 1702/1702 814/814 1705/1705
f 1705/1705 814/814 1706/1706
f 814/814 813/813 1706/1706
f 1706/1706 813/813 1707/1707
f 1707/1707 813/813 1708/1708
f 1708/1708 813/813 1709/1709
f 813/813 815/815 1709/1709
f 1709/1709 815/815 1710/1710
f 815/815 1675/1675 1710/1710
f 1710/1710 1675/1675 1677/1677
f 1711/1711 1712/1712 1708/1708
f 1708/1708 1712/1712 1707/1707
f 1712/1712 634/634 1707/1707
f 1707/1707 634/634 1706/1706
f 634/634 1713/1713 1706/1706
f 1706/1706 1713/1713 1705/1705
f 1713/1713 1714/1714 1705/1705
f 1714/1714 1715/1715 1705/1705
f 1705/1705 1715/1715 1704/1704
f 1715/1715 1716/1716 1704/1704
f 1704/1704 1716/1716 1703/1703
f 1716/1716 1717/1717 1703/1703
f 1703/1703 1717/1717 1696/1696
f 1696/1696 1717/1717 1718/1718
f 1719/1719 1720/1720 1714/1714
f 1714/1714 1720/1720 1715/1715
f 1715/1715 1720/1720 1716/1716
f 1720/1720 1721/1721 1716/1716
f 1721/1721 1722/1722 1716/1716
f 1716/1716 1722/1722 1717/1717
f 1722/1722 1723/1723 1717/1717
f 1717/1717 1723/1723 1718/1718
f 1723/1723 1724/1724 1718/1718
f 1247/1247 1250/1250 1239/1239
f 1239/1239 1250/1250 1238/1238
f 1725/1725 1226/1226 1222/1222
f 1222/1222 1226/1226 1223/1223
f 1726/1726 1227/1227 1727/1727
f 1227/1227 1226/1226 1727/1727
f 1226/1226 1725/1725 1727/1727
f 1725/1725 1728/1728 1727/1727
f 1728/1728 1729/1729 1727/1727
f 1727/1727 1729/1729 1730/1730
f 1731/1731 1732/1732 1733/1733
f 1732/1732 1734/1734 1733/1733
f 1733/1733 1734/1734 1735/1735
f 1732/1732 1731/1731 1736/1736
f 1731/1731 1737/1737 1736/1736
f 1736/1736 1737/1737 1738/1738
f 1737/1737 1739/1739 1738/1738
f 1738/1738 1739/1739 1740/1740
f 1739/1739 1741/1741 1740/1740
f 1740/1740 1741/1741 1742/1742
f 1741/1741 1743/1743 1742/1742
f 1742/1742 1743/1743 1744/1744
f 1743/1743 1745/1745 1744/1744
f 1744/1744 1745/1745 1746/1746
f 1745/1745 1747/1747 1746/1746
f 1746/1746 1747/1747 1748/1748
f 1748/1748 1747/1747 1749/1749
f 387/387 1534/1534 388/388
f 1534/1534 1532/1532 388/388
f 388/388 1532/1532 77/77
f 1750/1750 1751/1751 1752/1752
f 1752/1752 1751/1751 1753/1753
f 1751/1751 1754/1754 1753/1753
f 1753/1753 1754/1754 1755/1755
f 1751/1751 1750/1750 1756/1756
f 1750/1750 1757/1757 1756/1756
f 1756/1756 1757/1757 1758/1758
f 1757/1757 1759/1759 1758/1758
f 1758/1758 1759/1759 1760/1760
f 1759/1759 1761/1761 1760/1760
f 1760/1760 1761/1761 1762/1762
f 1761/1761 1763/1763 1762/1762
f 1762/1762 1763/1763 1764/1764
f 1763/1763 1765/1765 1764/1764
f 1764/1764 1765/1765 1766/1766
f 1765/1765 1767/1767 1766/1766
f 1766/1766 1767/1767 1768/1768
f 1768/1768 1767/1767 1769/1769
f 1770/1770 1771/1771 1768/1768
f 1768/1768 1771/1771 1766/1766
f 1771/1771 1772/1772 1766/1766
f 1766/1766 1772/1772 1764/1764
f 1772/1772 1773/1773 1764/1764
f 1764/1764 1773/1773 1762/1762
f 1773/1773 1774/1774 1762/1762
f 1762/1762 1774/1774 1760/1760
f 1760/1760 1774/1774 1758/1758
f 1774/1774 1775/1775 1758/1758
f 1758/1758 1775/1775 1756/1756
f 1775/1775 1776/1776 1756/1756
f 1756/1756 1776/1776 1751/1751
f 1751/1751 1776/1776 1754/1754
f 1634/1634 1633/1633 1641/1641
f 1633/1633 1632/1632 1641/1641
f 1641/1641 1632/1632 1651/1651
f 1331/1331 1777/1777 1321/1321
f 1321/1321 1777/1777 1323/1323
f 1777/1777 1778/1778 1323/1323
f 1331/1331 1779/1779 1777/1777
f 1777/1777 1779/1779 1778/1778
f 1779/1779 1780/1780 1778/1778
f 1780/1780 1447/1447 1778/1778
f 1447/1447 1450/1450 1778/1778
f 1778/1778 1450/1450 1323/1323
f 1450/1450 1452/1452 1323/1323
f 1323/1323 1452/1452 1322/1322
f 1452/1452 1781/1781 1322/1322
f 1322/1322 1781/1781 1319/1319
f 1781/1781 1487/1487 1319/1319
f 1319/1319 1487/1487 1318/1318
f 1487/1487 1489/1489 1318/1318
f 1318/1318 1489/1489 1305/1305
f 1303/1303 1300/1300 1782/1782
f 1300/1300 1783/1783 1782/1782
f 1782/1782 1783/1783 1496/1496
f 1496/1496 1783/1783 1305/1305
f 1305/1305 1783/1783 1299/1299
f 1783/1783 1300/1300 1299/1299
f 1242/1242 1243/1243 1248/1248
f 1248/1248 1243/1243 1255/1255
f 1243/1243 1244/1244 1255/1255
f 1784/1784 1785/1785 1786/1786
f 1786/1786 1785/1785 1787/1787
f 1785/1785 1788/1788 1787/1787
f 1788/1788 1789/1789 1787/1787
f 1787/1787 1789/1789 1790/1790
f 1790/1790 1789/1789 1791/1791
f 1789/1789 1792/1792 1791/1791
f 1791/1791 1792/1792 1788/1788
f 1791/1791 1788/1788 1793/1793
f 1788/1788 1785/1785 1793/1793
f 1793/1793 1785/1785 1794/1794
f 1785/1785 1784/1784 1794/1794
f 1794/1794 1784/1784 1795/1795
f 1784/1784 1796/1796 1795/1795
f 1795/1795 1796/1796 1797/1797
f 1797/1797 1796/1796 1798/1798
f 1798/1798 1796/1796 1799/1799
f 1799/1799 1796/1796 1800/1800
f 1800/1800 1796/1796 1801/1801
f 1801/1801 1796/1796 1802/1802
f 1796/1796 1784/1784 1802/1802
f 1802/1802 1784/1784 1786/1786
f 1803/1803 1800/1800 1804/1804
f 1800/1800 1801/1801 1804/1804
f 1801/1801 1802/1802 1804/1804
f 1804/1804 1802/1802 1805/1805
f 1805/1805 1802/1802 1806/1806
f 1802/1802 1786/1786 1806/1806
f 1786/1786 1787/1787 1806/1806
f 1806/1806 1787/1787 1807/1807
f 1807/1807 1787/1787 1808/1808
f 1787/1787 1790/1790 1808/1808
f 1808/1808 1790/1790 1791/1791
f 1809/1809 1810/1810 1811/1811
f 1811/1811 1810/1810 1812/1812
f 1810/1810 1365/1365 1812/1812
f 1365/1365 1366/1366 1812/1812
f 1812/1812 1366/1366 1813/1813
f 1366/1366 1367/1367 1813/1813
f 1367/1367 1376/1376 1813/1813
f 1376/1376 1375/1375 1813/1813
f 1375/1375 1814/1814 1813/1813
f 1813/1813 1814/1814 1812/1812
f 1814/1814 1811/1811 1812/1812
f 1354/1354 1365/1365 1351/1351
f 1351/1351 1365/1365 1349/1349
f 1365/1365 1810/1810 1349/1349
f 1349/1349 1810/1810 1348/1348
f 1810/1810 1809/1809 1348/1348
f 1348/1348 1809/1809 1339/1339
f 1339/1339 1809/1809 1340/1340
f 1340/1340 1809/1809 1331/1331
f 1809/1809 1811/1811 1331/1331
f 1331/1331 1811/1811 1779/1779
f 1811/1811 1814/1814 1779/1779
f 1779/1779 1814/1814 1780/1780
f 1814/1814 1375/1375 1780/1780
f 1780/1780 1375/1375 1446/1446
f 1447/1447 1780/1780 1446/1446
f 1815/1815 1816/1816 1817/1817
f 1818/1818 1819/1819 1820/1820
f 1818/1818 1821/1821 1822/1822
f 1823/1823 1824/1824 1825/1825
f 1826/1826 1827/1827 1828/1828
f 1828/1828 1827/1827 1829/1829
f 1827/1827 1830/1830 1831/1831
f 1831/1831 1830/1830 1832/1832
f 1832/1832 1830/1830 1833/1833
f 1830/1830 1834/1834 1833/1833
f 1835/1835 1836/1836 1827/1827
f 1836/1836 1487/1487 1827/1827
f 1827/1827 1487/1487 1830/1830
f 1487/1487 1781/1781 1830/1830
f 1830/1830 1781/1781 1834/1834
f 1781/1781 1452/1452 1834/1834
f 1834/1834 1452/1452 1837/1837
f 1452/1452 1838/1838 1837/1837
f 1833/1833 1839/1839 1832/1832
f 1839/1839 1840/1840 1832/1832
f 1832/1832 1840/1840 1831/1831
f 1831/1831 1840/1840 1841/1841
f 1841/1841 1840/1840 1842/1842
f 1842/1842 1840/1840 1843/1843
f 1840/1840 1839/1839 1843/1843
f 1839/1839 1844/1844 1843/1843
f 1843/1843 1844/1844 1845/1845
f 1844/1844 1846/1846 1845/1845
f 1846/1846 1847/1847 1845/1845
f 1847/1847 1848/1848 1845/1845
f 1848/1848 1849/1849 1845/1845
f 1845/1845 1849/1849 1850/1850
f 1845/1845 1850/1850 1843/1843
f 1843/1843 1850/1850 1842/1842
f 1849/1849 1848/1848 1851/1851
f 1851/1851 1848/1848 1852/1852
f 1848/1848 1847/1847 1852/1852
f 1847/1847 1853/1853 1852/1852
f 1852/1852 1853/1853 1854/1854
f 1853/1853 1855/1855 1854/1854
f 1855/1855 1856/1856 1854/1854
f 1854/1854 1856/1856 1857/1857
f 1856/1856 1858/1858 1857/1857
f 1858/1858 1859/1859 1857/1857
f 1859/1859 1860/1860 1857/1857
f 1860/1860 1861/1861 1857/1857
f 1857/1857 1861/1861 1854/1854
f 1861/1861 1862/1862 1854/1854
f 1854/1854 1862/1862 1852/1852
f 1852/1852 1862/1862 1851/1851
f 1863/1863 1864/1864 1865/1865
f 1865/1865 1864/1864 1866/1866
f 1278/1278 1867/1867 1279/1279
f 1867/1867 1868/1868 1279/1279
f 1279/1279 1868/1868 1268/1268
f 1268/1268 1868/1868 1864/1864
f 1868/1868 1869/1869 1864/1864
f 1864/1864 1869/1869 1870/1870
f 1870/1870 1869/1869 1871/1871
f 1871/1871 1869/1869 1872/1872
f 1872/1872 1869/1869 1873/1873
f 1869/1869 1868/1868 1873/1873
f 1873/1873 1868/1868 1867/1867
f 1873/1873 1874/1874 1872/1872
f 1874/1874 1875/1875 1872/1872
f 1875/1875 1876/1876 1872/1872
f 1876/1876 1877/1877 1872/1872
f 1872/1872 1877/1877 1871/1871
f 1877/1877 1878/1878 1871/1871
f 1871/1871 1878/1878 1879/1879
f 1879/1879 1878/1878 1880/1880
f 1878/1878 1881/1881 1880/1880
f 1880/1880 1881/1881 1882/1882
f 1881/1881 1883/1883 1882/1882
f 1882/1882 1883/1883 1884/1884
f 1883/1883 1885/1885 1884/1884
f 1884/1884 1885/1885 1886/1886
f 1883/1883 1881/1881 1887/1887
f 1887/1887 1881/1881 1888/1888
f 1881/1881 1878/1878 1888/1888
f 1878/1878 1877/1877 1888/1888
f 1877/1877 1876/1876 1888/1888
f 1876/1876 1889/1889 1888/1888
f 1889/1889 1890/1890 1888/1888
f 1888/1888 1890/1890 1887/1887
f 1891/1891 1885/1885 1892/1892
f 1885/1885 1893/1893 1892/1892
f 1892/1892 1893/1893 1894/1894
f 1894/1894 1893/1893 1895/1895
f 1895/1895 1893/1893 1890/1890
f 1890/1890 1893/1893 1887/1887
f 1887/1887 1893/1893 1883/1883
f 1893/1893 1885/1885 1883/1883
f 1885/1885 1891/1891 1886/1886
f 1886/1886 1891/1891 1896/1896
f 1891/1891 1897/1897 1896/1896
f 1897/1897 1898/1898 1896/1896
f 1896/1896 1898/1898 1899/1899
f 1897/1897 1891/1891 1900/1900
f 1891/1891 1892/1892 1900/1900
f 1900/1900 1892/1892 1901/1901
f 1892/1892 1902/1902 1901/1901
f 1903/1903 1904/1904 1900/1900
f 1900/1900 1904/1904 1897/1897
f 1904/1904 1905/1905 1897/1897
f 1897/1897 1905/1905 1898/1898
f 1886/1886 1896/1896 1906/1906
f 1906/1906 1896/1896 1907/1907
f 1886/1886 1906/1906 1884/1884
f 1906/1906 1908/1908 1884/1884
f 1884/1884 1908/1908 1882/1882
f 1908/1908 1909/1909 1882/1882
f 1909/1909 1910/1910 1882/1882
f 1882/1882 1910/1910 1880/1880
f 1880/1880 1910/1910 1879/1879
f 1910/1910 1911/1911 1879/1879
f 1911/1911 1912/1912 1879/1879
f 1912/1912 1913/1913 1879/1879
f 1879/1879 1913/1913 1871/1871
f 1871/1871 1913/1913 1870/1870
f 1913/1913 1912/1912 1870/1870
f 1870/1870 1912/1912 1914/1914
f 940/940 1213/1213 941/941
f 941/941 1213/1213 1214/1214
f 1915/1915 940/940 1916/1916
f 940/940 937/937 1916/1916
f 1916/1916 937/937 1917/1917
f 937/937 936/936 1917/1917
f 938/938 1199/1199 936/936
f 936/936 1199/1199 1201/1201
f 953/953 855/855 954/954
f 954/954 855/855 854/854
f 950/950 952/952 966/966
f 966/966 952/952 960/960
f 884/884 868/868 882/882
f 882/882 868/868 869/869
f 1918/1918 1919/1919 1920/1920
f 1920/1920 1919/1919 1921/1921
f 1920/1920 1921/1921 1922/1922
f 1922/1922 1921/1921 1923/1923
f 1924/1924 1517/1517 1925/1925
f 1925/1925 1517/1517 1519/1519
f 1925/1925 1519/1519 1926/1926
f 1926/1926 1519/1519 1927/1927
f 1926/1926 1927/1927 1928/1928
f 1928/1928 1927/1927 1929/1929
f 1930/1930 1931/1931 1932/1932
f 1932/1932 1931/1931 1933/1933
f 1934/1934 1935/1935 1936/1936
f 1936/1936 1935/1935 1937/1937
f 1938/1938 1479/1479 1472/1472
f 1472/1472 1479/1479 1473/1473
f 1575/1575 1386/1386 1388/1388
f 1388/1388 1386/1386 1387/1387
f 1383/1383 1384/1384 1574/1574
f 1574/1574 1384/1384 1575/1575
f 1575/1575 1384/1384 1386/1386
f 1384/1384 1385/1385 1386/1386
f 1939/1939 1383/1383 1940/1940
f 1383/1383 1574/1574 1940/1940
f 1940/1940 1574/1574 1573/1573
f 1941/1941 1942/1942 1943/1943
f 1943/1943 1942/1942 1944/1944
f 1941/1941 1945/1945 1942/1942
f 1942/1942 1945/1945 1946/1946
f 1945/1945 1947/1947 1946/1946
f 1946/1946 1947/1947 1948/1948
f 1948/1948 1947/1947 1949/1949
f 1947/1947 1950/1950 1949/1949
f 1949/1949 1950/1950 1951/1951
f 1950/1950 1952/1952 1951/1951
f 1952/1952 1953/1953 1951/1951
f 1951/1951 1953/1953 1954/1954
f 1954/1954 1953/1953 1955/1955
f 1953/1953 1956/1956 1955/1955
f 1956/1956 1943/1943 1955/1955
f 1955/1955 1943/1943 1957/1957
f 1771/1771 1770/1770 1958/1958
f 1958/1958 1770/1770 1959/1959
f 1958/1958 1960/1960 1771/1771
f 1771/1771 1960/1960 1772/1772
f 1960/1960 1961/1961 1772/1772
f 1772/1772 1961/1961 1773/1773
f 1773/1773 1961/1961 1774/1774
f 1961/1961 1962/1962 1774/1774
f 1774/1774 1962/1962 1775/1775
f 1962/1962 1963/1963 1775/1775
f 1963/1963 1964/1964 1775/1775
f 1775/1775 1964/1964 1776/1776
f 1776/1776 1964/1964 1754/1754
f 1964/1964 1965/1965 1754/1754
f 1965/1965 1966/1966 1754/1754
f 1754/1754 1966/1966 1755/1755
f 866/866 901/901 867/867
f 867/867 901/901 859/859
f 901/901 858/858 859/859
f 1967/1967 1968/1968 1969/1969
f 1969/1969 1968/1968 1970/1970
f 1967/1967 1969/1969 1971/1971
f 1969/1969 1972/1972 1971/1971
f 1972/1972 1973/1973 1971/1971
f 1971/1971 1973/1973 1974/1974
f 1974/1974 1973/1973 1975/1975
f 1973/1973 1976/1976 1975/1975
f 1976/1976 1977/1977 1975/1975
f 1975/1975 1977/1977 1978/1978
f 1977/1977 1979/1979 1978/1978
f 1978/1978 1979/1979 1980/1980
f 1980/1980 1979/1979 1981/1981
f 1979/1979 1982/1982 1981/1981
f 1981/1981 1982/1982 1983/1983
f 1983/1983 1982/1982 1984/1984
f 1971/1971 1974/1974 1985/1985
f 1985/1985 1974/1974 1986/1986
f 1974/1974 1975/1975 1986/1986
f 1975/1975 1978/1978 1986/1986
f 1986/1986 1978/1978 1987/1987
f 1987/1987 1978/1978 1988/1988
f 1978/1978 1980/1980 1988/1988
f 1988/1988 1980/1980 1989/1989
f 1980/1980 1981/1981 1989/1989
f 1981/1981 1983/1983 1989/1989
f 1989/1989 1983/1983 1990/1990
f 1991/1991 1992/1992 1993/1993
f 1993/1993 1992/1992 1994/1994
f 1992/1992 1968/1968 1994/1994
f 1968/1968 1967/1967 1994/1994
f 1967/1967 1971/1971 1994/1994
f 1971/1971 1985/1985 1994/1994
f 1994/1994 1985/1985 1993/1993
f 1993/1993 1985/1985 1995/1995
f 1995/1995 1985/1985 1996/1996
f 1985/1985 1986/1986 1996/1996
f 1996/1996 1986/1986 1997/1997
f 1986/1986 1987/1987 1997/1997
f 1987/1987 1988/1988 1997/1997
f 1997/1997 1988/1988 1998/1998
f 1999/1999 2000/2000 1990/1990
f 1990/1990 2000/2000 1989/1989
f 1989/1989 2000/2000 1988/1988
f 1988/1988 2000/2000 1998/1998
f 2001/2001 890/890 2002/2002
f 890/890 889/889 2002/2002
f 2002/2002 889/889 2003/2003
f 889/889 888/888 2003/2003
f 2004/2004 2005/2005 2006/2006
f 2005/2005 2007/2007 2006/2006
f 2006/2006 2007/2007 1918/1918
f 2007/2007 1919/1919 1918/1918
f 1569/1569 1570/1570 2008/2008
f 2008/2008 1570/1570 2009/2009
f 1570/1570 1571/1571 2009/2009
f 2009/2009 1571/1571 2010/2010
f 1513/1513 1512/1512 2011/2011
f 2011/2011 1512/1512 2012/2012
f 2012/2012 1512/1512 2013/2013
f 1512/1512 1511/1511 2013/2013
f 1518/1518 2014/2014 1520/1520
f 1520/1520 2014/2014 1521/1521
f 2014/2014 943/943 1521/1521
f 943/943 944/944 1521/1521
f 1521/1521 944/944 82/82
f 1527/1527 1929/1929 1524/1524
f 1524/1524 1929/1929 1522/1522
f 1929/1929 1927/1927 1522/1522
f 1522/1522 1927/1927 1520/1520
f 1927/1927 1519/1519 1520/1520
f 1928/1928 1929/1929 2004/2004
f 2004/2004 1929/1929 2005/2005
f 1929/1929 1527/1527 2005/2005
f 1527/1527 1529/1529 2005/2005
f 2005/2005 1529/1529 2007/2007
f 1529/1529 1531/1531 2007/2007
f 2007/2007 1531/1531 1919/1919
f 1531/1531 1533/1533 1919/1919
f 1919/1919 1533/1533 1921/1921
f 1533/1533 1535/1535 1921/1921
f 1921/1921 1535/1535 1923/1923
f 1731/1731 1733/1733 2015/2015
f 2015/2015 1733/1733 2016/2016
f 1733/1733 2017/2017 2016/2016
f 2016/2016 2017/2017 2018/2018
f 2019/2019 2020/2020 2018/2018
f 2018/2018 2020/2020 2016/2016
f 2020/2020 2021/2021 2016/2016
f 2021/2021 2022/2022 2016/2016
f 2016/2016 2022/2022 2015/2015
f 2022/2022 2023/2023 2015/2015
f 2015/2015 2023/2023 2024/2024
f 2023/2023 2025/2025 2024/2024
f 2025/2025 2026/2026 2024/2024
f 2026/2026 2027/2027 2024/2024
f 2024/2024 2027/2027 2028/2028
f 2027/2027 2029/2029 2028/2028
f 2029/2029 2030/2030 2028/2028
f 2028/2028 2030/2030 2031/2031
f 2015/2015 2024/2024 1731/1731
f 1731/1731 2024/2024 1737/1737
f 2024/2024 2028/2028 1737/1737
f 1737/1737 2028/2028 1739/1739
f 2028/2028 2031/2031 1739/1739
f 1739/1739 2031/2031 1741/1741
f 2031/2031 2032/2032 1741/1741
f 1741/1741 2032/2032 1743/1743
f 2032/2032 2033/2033 1743/1743
f 1743/1743 2033/2033 1745/1745
f 2033/2033 2034/2034 1745/1745
f 1745/1745 2034/2034 1747/1747
f 2034/2034 2035/2035 1747/1747
f 1747/1747 2035/2035 1749/1749
f 2030/2030 2036/2036 2031/2031
f 2036/2036 2037/2037 2031/2031
f 2031/2031 2037/2037 2032/2032
f 2037/2037 2038/2038 2032/2032
f 2038/2038 2039/2039 2032/2032
f 2032/2032 2039/2039 2033/2033
f 2039/2039 2040/2040 2033/2033
f 2040/2040 2041/2041 2033/2033
f 2033/2033 2041/2041 2034/2034
f 2041/2041 2042/2042 2034/2034
f 2034/2034 2042/2042 2035/2035
f 2042/2042 2043/2043 2035/2035
f 2044/2044 2045/2045 2046/2046
f 2045/2045 2047/2047 2046/2046
f 2046/2046 2047/2047 2048/2048
f 2047/2047 2049/2049 2048/2048
f 2048/2048 2049/2049 2050/2050
f 2049/2049 2051/2051 2050/2050
f 2052/2052 2053/2053 2054/2054
f 2053/2053 2044/2044 2054/2054
f 2044/2044 2046/2046 2054/2054
f 2054/2054 2046/2046 2055/2055
f 2055/2055 2046/2046 2056/2056
f 2046/2046 2048/2048 2056/2056
f 2056/2056 2048/2048 2057/2057
f 2048/2048 2050/2050 2057/2057
f 2045/2045 2044/2044 2058/2058
f 2044/2044 2053/2053 2058/2058
f 2058/2058 2053/2053 2059/2059
f 2059/2059 2053/2053 2060/2060
f 2053/2053 2052/2052 2060/2060
f 2060/2060 2052/2052 2061/2061
f 2061/2061 2052/2052 2062/2062
f 2062/2062 2052/2052 2063/2063
f 2052/2052 2054/2054 2063/2063
f 2063/2063 2054/2054 2064/2064
f 2054/2054 2055/2055 2064/2064
f 2064/2064 2055/2055 2065/2065
f 2065/2065 2055/2055 2066/2066
f 2066/2066 2055/2055 2056/2056
f 2067/2067 2068/2068 2062/2062
f 2062/2062 2068/2068 2061/2061
f 2068/2068 2069/2069 2061/2061
f 2061/2061 2069/2069 2060/2060
f 2060/2060 2069/2069 2059/2059
f 2069/2069 2070/2070 2059/2059
f 2070/2070 2071/2071 2059/2059
f 2059/2059 2071/2071 2072/2072
f 2072/2072 2071/2071 2073/2073
f 2071/2071 2074/2074 2073/2073
f 2074/2074 2075/2075 2073/2073
f 2075/2075 2076/2076 2073/2073
f 2076/2076 2077/2077 2073/2073
f 2073/2073 2077/2077 2078/2078
f 2079/2079 2080/2080 2067/2067
f 2067/2067 2080/2080 2068/2068
f 2080/2080 2081/2081 2068/2068
f 2068/2068 2081/2081 2069/2069
f 2081/2081 2082/2082 2069/2069
f 2069/2069 2082/2082 2070/2070
f 2082/2082 2083/2083 2070/2070
f 2070/2070 2083/2083 2071/2071
f 2071/2071 2083/2083 2074/2074
f 2083/2083 2084/2084 2074/2074
f 2074/2074 2084/2084 2075/2075
f 2075/2075 2084/2084 2085/2085
f 2078/2078 2077/2077 2086/2086
f 2077/2077 2087/2087 2086/2086
f 2086/2086 2087/2087 2088/2088
f 2087/2087 2089/2089 2088/2088
f 2088/2088 2089/2089 2090/2090
f 2089/2089 2091/2091 2090/2090
f 2091/2091 2092/2092 2090/2090
f 2090/2090 2092/2092 2093/2093
f 2092/2092 2094/2094 2093/2093
f 2094/2094 2095/2095 2093/2093
f 2095/2095 2096/2096 2093/2093
f 2096/2096 2097/2097 2093/2093
f 2093/2093 2097/2097 2090/2090
f 2097/2097 2098/2098 2090/2090
f 2047/2047 2099/2099 2049/2049
f 2099/2099 2098/2098 2049/2049
f 2049/2049 2098/2098 2051/2051
f 2098/2098 2097/2097 2051/2051
f 2097/2097 2096/2096 2051/2051
f 2096/2096 2100/2100 2051/2051
f 2051/2051 2100/2100 2050/2050
f 2100/2100 2101/2101 2050/2050
f 2101/2101 2102/2102 2050/2050
f 2050/2050 2102/2102 2057/2057
f 2102/2102 2103/2103 2057/2057
f 2103/2103 2104/2104 2057/2057
f 2057/2057 2104/2104 2056/2056
f 2104/2104 2066/2066 2056/2056
f 2047/2047 2045/2045 2099/2099
f 2099/2099 2045/2045 2105/2105
f 2045/2045 2058/2058 2105/2105
f 2105/2105 2058/2058 2106/2106
f 2058/2058 2059/2059 2106/2106
f 2059/2059 2072/2072 2106/2106
f 2072/2072 2073/2073 2106/2106
f 2073/2073 2078/2078 2106/2106
f 2078/2078 2086/2086 2106/2106
f 2106/2106 2086/2086 2105/2105
f 2086/2086 2088/2088 2105/2105
f 2105/2105 2088/2088 2099/2099
f 2099/2099 2088/2088 2098/2098
f 2098/2098 2088/2088 2090/2090
f 2107/2107 2108/2108 2109/2109
f 2108/2108 2110/2110 2109/2109
f 2109/2109 2110/2110 2111/2111
f 2110/2110 2112/2112 2111/2111
f 2111/2111 2112/2112 2113/2113
f 2112/2112 2114/2114 2113/2113
f 2113/2113 2114/2114 2115/2115
f 2114/2114 2116/2116 2115/2115
f 2112/2112 2110/2110 2117/2117
f 2117/2117 2110/2110 2118/2118
f 2110/2110 2108/2108 2118/2118
f 2108/2108 2119/2119 2118/2118
f 2119/2119 2120/2120 2118/2118
f 2120/2120 2121/2121 2118/2118
f 2121/2121 2122/2122 2118/2118
f 2118/2118 2122/2122 2117/2117
f 2122/2122 2123/2123 2117/2117
f 2123/2123 2124/2124 2117/2117
f 2117/2117 2124/2124 2112/2112
f 2112/2112 2124/2124 2114/2114
f 2116/2116 2114/2114 2125/2125
f 2114/2114 2124/2124 2125/2125
f 2125/2125 2124/2124 2126/2126
f 2124/2124 2123/2123 2126/2126
f 2126/2126 2123/2123 2127/2127
f 2127/2127 2123/2123 2128/2128
f 2123/2123 2122/2122 2128/2128
f 2128/2128 2122/2122 2129/2129
f 2129/2129 2122/2122 2130/2130
f 2122/2122 2121/2121 2130/2130
f 2121/2121 2120/2120 2130/2130
f 2130/2130 2120/2120 2131/2131
f 2131/2131 2120/2120 2132/2132
f 2120/2120 2133/2133 2132/2132
f 2129/2129 2130/2130 1742/1742
f 1742/1742 2130/2130 1740/1740
f 1740/1740 2130/2130 1738/1738
f 2130/2130 2131/2131 1738/1738
f 2131/2131 2132/2132 1738/1738
f 1738/1738 2132/2132 1736/1736
f 2132/2132 2134/2134 1736/1736
f 1736/1736 2134/2134 1732/1732
f 2134/2134 2135/2135 1732/1732
f 1732/1732 2135/2135 1734/1734
f 2133/2133 2136/2136 2132/2132
f 2132/2132 2136/2136 2134/2134
f 2134/2134 2136/2136 2135/2135
f 2135/2135 2136/2136 2137/2137
f 2136/2136 2138/2138 2137/2137
f 2137/2137 2138/2138 2139/2139
f 2139/2139 2138/2138 2140/2140
f 2138/2138 2141/2141 2140/2140
f 2140/2140 2141/2141 2142/2142
f 2142/2142 2141/2141 2143/2143
f 2141/2141 2144/2144 2143/2143
f 2143/2143 2144/2144 2145/2145
f 2145/2145 2144/2144 2107/2107
f 2144/2144 2108/2108 2107/2107
f 2108/2108 2144/2144 2119/2119
f 2119/2119 2144/2144 2146/2146
f 2144/2144 2141/2141 2146/2146
f 2141/2141 2138/2138 2146/2146
f 2138/2138 2136/2136 2146/2146
f 2136/2136 2133/2133 2146/2146
f 2133/2133 2120/2120 2146/2146
f 2146/2146 2120/2120 2119/2119
f 1178/1178 2147/2147 1179/1179
f 1179/1179 2147/2147 2148/2148
f 2147/2147 2149/2149 2148/2148
f 2148/2148 2149/2149 2150/2150
f 2149/2149 2151/2151 2150/2150
f 2150/2150 2151/2151 2152/2152
f 2151/2151 2153/2153 2152/2152
f 2152/2152 2153/2153 2154/2154
f 2153/2153 2155/2155 2154/2154
f 2154/2154 2155/2155 2156/2156
f 2156/2156 2155/2155 2157/2157
f 2155/2155 2158/2158 2157/2157
f 631/631 1192/1192 1678/1678
f 1192/1192 2159/2159 1678/1678
f 1678/1678 2159/2159 1677/1677
f 2159/2159 2160/2160 1677/1677
f 1677/1677 2160/2160 1710/1710
f 2160/2160 2161/2161 1710/1710
f 1710/1710 2161/2161 1709/1709
f 2161/2161 2162/2162 1709/1709
f 1709/1709 2162/2162 1708/1708
f 2162/2162 2163/2163 1708/1708
f 1708/1708 2163/2163 1711/1711
f 2163/2163 2164/2164 1711/1711
f 2165/2165 2115/2115 2166/2166
f 2115/2115 2116/2116 2166/2166
f 2166/2166 2116/2116 2167/2167
f 2116/2116 2125/2125 2167/2167
f 2125/2125 2126/2126 2167/2167
f 2167/2167 2126/2126 2168/2168
f 2126/2126 2127/2127 2168/2168
f 2168/2168 2127/2127 2169/2169
f 2169/2169 2127/2127 1748/1748
f 1748/1748 2127/2127 1746/1746
f 2127/2127 2128/2128 1746/1746
f 1746/1746 2128/2128 1744/1744
f 2128/2128 2129/2129 1744/1744
f 1744/1744 2129/2129 1742/1742

g Object_tex_0019_0out.jpg

usemtl mat_1-tex_0019_0out.jpg

f 2170/2170 2171/2171 2172/2172
f 2173/2173 2174/2174 2175/2175
f 2174/2174 2176/2176 2175/2175
f 2176/2176 2177/2177 2175/2175
f 2175/2175 2177/2177 2172/2172
f 2177/2177 2176/2176 2178/2178
f 2178/2178 2176/2176 2179/2179
f 2176/2176 2174/2174 2179/2179
f 2174/2174 2180/2180 2179/2179
f 2179/2179 2180/2180 2181/2181
f 2180/2180 2182/2182 2181/2181
f 2182/2182 2183/2183 2181/2181
f 2183/2183 2184/2184 2181/2181
f 2184/2184 2185/2185 2181/2181
f 2181/2181 2185/2185 2179/2179
f 2185/2185 2178/2178 2179/2179
f 2185/2185 2184/2184 2186/2186
f 2186/2186 2184/2184 2187/2187
f 2187/2187 2184/2184 2188/2188
f 2184/2184 2183/2183 2188/2188
f 2183/2183 2189/2189 2188/2188
f 2189/2189 2190/2190 2188/2188
f 2188/2188 2190/2190 2191/2191
f 2190/2190 2192/2192 2191/2191
f 2191/2191 2192/2192 2188/2188
f 2192/2192 2187/2187 2188/2188
f 2193/2193 2194/2194 2195/2195
f 2196/2196 2197/2197 2198/2198
f 2198/2198 2197/2197 2199/2199
f 2199/2199 2197/2197 2200/2200
f 2197/2197 2193/2193 2200/2200
f 2200/2200 2201/2201 2199/2199
f 2201/2201 2202/2202 2199/2199
f 2199/2199 2202/2202 2198/2198
f 2198/2198 2202/2202 2203/2203
f 2202/2202 2204/2204 2203/2203
f 2203/2203 2204/2204 2205/2205
f 2205/2205 2204/2204 2206/2206
f 2206/2206 2204/2204 2207/2207
f 2207/2207 2204/2204 2208/2208
f 2204/2204 2202/2202 2208/2208
f 2208/2208 2202/2202 2201/2201
f 2208/2208 2209/2209 2207/2207
f 2209/2209 2210/2210 2207/2207
f 2210/2210 2211/2211 2207/2207
f 2207/2207 2211/2211 2206/2206
f 2206/2206 2211/2211 2212/2212
f 2212/2212 2211/2211 2213/2213
f 2211/2211 2214/2214 2213/2213
f 2213/2213 2214/2214 2215/2215
f 2214/2214 2211/2211 2215/2215
f 2215/2215 2211/2211 2210/2210
f 2216/2216 2217/2217 2218/2218
f 2219/2219 2220/2220 2221/2221
f 2222/2222 2223/2223 2220/2220
f 2224/2224 2225/2225 2226/2226
f 2227/2227 2228/2228 2229/2229
f 2229/2229 2230/2230 2227/2227
f 2230/2230 2231/2231 2227/2227
f 2227/2227 2231/2231 2232/2232
f 2231/2231 2233/2233 2232/2232
f 2232/2232 2233/2233 2234/2234
f 2233/2233 2235/2235 2234/2234
f 2234/2234 2235/2235 2236/2236
f 2235/2235 2237/2237 2236/2236
f 2236/2236 2237/2237 2238/2238
f 2237/2237 2239/2239 2238/2238
f 2238/2238 2239/2239 2240/2240
f 2239/2239 2241/2241 2240/2240
f 2240/2240 2241/2241 2242/2242
f 2242/2242 2241/2241 2243/2243
f 2244/2244 2245/2245 2233/2233
f 2245/2245 2246/2246 2233/2233
f 2233/2233 2246/2246 2235/2235
f 2246/2246 2247/2247 2235/2235
f 2235/2235 2247/2247 2237/2237
f 2247/2247 2248/2248 2237/2237
f 2237/2237 2248/2248 2239/2239
f 2239/2239 2248/2248 2241/2241
f 2248/2248 2249/2249 2241/2241
f 2249/2249 2250/2250 2241/2241
f 2241/2241 2250/2250 2243/2243
f 2250/2250 2251/2251 2243/2243
f 2243/2243 2251/2251 2252/2252
f 2252/2252 2251/2251 2253/2253
f 2254/2254 2255/2255 2256/2256
f 2256/2256 2255/2255 2245/2245
f 2245/2245 2255/2255 2246/2246
f 2255/2255 2257/2257 2246/2246
f 2246/2246 2257/2257 2247/2247
f 2257/2257 2258/2258 2247/2247
f 2247/2247 2258/2258 2248/2248
f 2248/2248 2258/2258 2249/2249
f 2258/2258 2259/2259 2249/2249
f 2249/2249 2259/2259 2250/2250
f 2250/2250 2259/2259 2260/2260
f 2260/2260 2259/2259 2261/2261
f 2259/2259 2258/2258 2261/2261
f 2261/2261 2258/2258 2262/2262
f 2258/2258 2257/2257 2262/2262
f 2262/2262 2257/2257 2263/2263
f 2257/2257 2255/2255 2263/2263
f 2263/2263 2255/2255 2254/2254
f 2256/2256 2264/2264 2254/2254
f 2264/2264 2265/2265 2254/2254
f 2265/2265 2266/2266 2254/2254
f 2254/2254 2266/2266 2263/2263
f 2266/2266 2267/2267 2263/2263
f 2263/2263 2267/2267 2262/2262
f 2267/2267 2268/2268 2262/2262
f 2262/2262 2268/2268 2261/2261
f 2261/2261 2268/2268 2269/2269
f 2268/2268 2270/2270 2269/2269
f 2270/2270 2271/2271 2269/2269
f 2269/2269 2271/2271 2272/2272
f 2272/2272 2271/2271 2273/2273
f 2273/2273 2271/2271 2274/2274
f 2271/2271 2270/2270 2275/2275
f 2275/2275 2270/2270 2276/2276
f 2276/2276 2270/2270 2277/2277
f 2270/2270 2268/2268 2277/2277
f 2268/2268 2267/2267 2277/2277
f 2277/2277 2267/2267 2278/2278
f 2267/2267 2266/2266 2278/2278
f 2278/2278 2266/2266 2279/2279
f 2266/2266 2280/2280 2279/2279
f 2279/2279 2280/2280 2281/2281
f 2280/2280 2282/2282 2281/2281
f 2281/2281 2282/2282 2283/2283
f 2282/2282 2284/2284 2283/2283
f 2283/2283 2284/2284 2285/2285
f 2275/2275 2276/2276 2286/2286
f 2286/2286 2276/2276 2287/2287
f 2276/2276 2277/2277 2287/2287
f 2287/2287 2277/2277 2288/2288
f 2277/2277 2278/2278 2288/2288
f 2288/2288 2278/2278 2289/2289
f 2278/2278 2279/2279 2289/2289
f 2289/2289 2279/2279 2290/2290
f 2279/2279 2281/2281 2290/2290
f 2290/2290 2281/2281 2291/2291
f 2281/2281 2283/2283 2291/2291
f 2291/2291 2283/2283 2292/2292
f 2283/2283 2285/2285 2292/2292
f 2292/2292 2285/2285 2293/2293
f 2286/2286 2287/2287 2294/2294
f 2294/2294 2287/2287 2295/2295
f 2287/2287 2288/2288 2295/2295
f 2295/2295 2288/2288 2296/2296
f 2296/2296 2288/2288 2297/2297
f 2288/2288 2289/2289 2297/2297
f 2289/2289 2290/2290 2297/2297
f 2297/2297 2290/2290 2298/2298
f 2290/2290 2291/2291 2298/2298
f 2298/2298 2291/2291 2299/2299
f 2299/2299 2291/2291 2300/2300
f 2291/2291 2292/2292 2300/2300
f 2292/2292 2293/2293 2300/2300
f 2300/2300 2293/2293 2301/2301
f 2296/2296 2297/2297 2302/2302
f 2297/2297 2298/2298 2302/2302
f 2302/2302 2298/2298 2303/2303
f 2303/2303 2298/2298 2304/2304
f 2298/2298 2299/2299 2304/2304
f 2304/2304 2299/2299 2305/2305
f 2299/2299 2300/2300 2305/2305
f 2300/2300 2301/2301 2305/2305
f 2305/2305 2301/2301 2306/2306
f 2301/2301 2307/2307 2306/2306
f 2306/2306 2307/2307 2308/2308
f 2307/2307 2309/2309 2308/2308
f 2308/2308 2309/2309 2310/2310
f 2309/2309 2311/2311 2310/2310
f 2306/2306 2312/2312 2305/2305
f 2305/2305 2312/2312 2304/2304
f 2312/2312 2313/2313 2304/2304
f 2313/2313 2314/2314 2304/2304
f 2304/2304 2314/2314 2303/2303
f 2314/2314 2315/2315 2303/2303
f 2303/2303 2315/2315 2302/2302
f 2302/2302 2315/2315 2316/2316
f 2315/2315 2317/2317 2316/2316
f 2316/2316 2317/2317 2318/2318
f 2317/2317 2319/2319 2318/2318
f 2319/2319 2320/2320 2318/2318
f 2318/2318 2320/2320 2321/2321
f 2320/2320 2322/2322 2321/2321
f 2302/2302 2316/2316 2296/2296
f 2316/2316 2318/2318 2296/2296
f 2296/2296 2318/2318 2295/2295
f 2295/2295 2318/2318 2294/2294
f 2318/2318 2321/2321 2294/2294
f 2321/2321 2323/2323 2294/2294
f 2294/2294 2323/2323 2324/2324
f 2324/2324 2323/2323 2325/2325
f 2323/2323 2326/2326 2325/2325
f 2325/2325 2326/2326 2327/2327
f 2327/2327 2326/2326 2328/2328
f 2328/2328 2326/2326 2322/2322
f 2326/2326 2323/2323 2322/2322
f 2322/2322 2323/2323 2321/2321
f 2294/2294 2324/2324 2286/2286
f 2286/2286 2324/2324 2329/2329
f 2329/2329 2324/2324 2330/2330
f 2324/2324 2325/2325 2330/2330
f 2330/2330 2325/2325 2331/2331
f 2331/2331 2325/2325 2332/2332
f 2325/2325 2327/2327 2332/2332
f 2332/2332 2327/2327 2333/2333
f 2327/2327 2334/2334 2333/2333
f 2334/2334 2335/2335 2333/2333
f 2333/2333 2335/2335 2336/2336
f 2336/2336 2335/2335 2337/2337
f 2335/2335 2338/2338 2337/2337
f 2337/2337 2338/2338 2339/2339
f 2286/2286 2329/2329 2275/2275
f 2329/2329 2330/2330 2275/2275
f 2275/2275 2330/2330 2340/2340
f 2330/2330 2331/2331 2340/2340
f 2340/2340 2331/2331 2341/2341
f 2341/2341 2331/2331 2342/2342
f 2331/2331 2332/2332 2342/2342
f 2332/2332 2333/2333 2342/2342
f 2333/2333 2336/2336 2342/2342
f 2342/2342 2336/2336 2343/2343
f 2343/2343 2336/2336 2344/2344
f 2336/2336 2337/2337 2344/2344
f 2344/2344 2337/2337 2345/2345
f 2337/2337 2346/2346 2345/2345
f 2341/2341 2342/2342 2347/2347
f 2342/2342 2343/2343 2347/2347
f 2347/2347 2343/2343 2348/2348
f 2343/2343 2344/2344 2348/2348
f 2348/2348 2344/2344 2349/2349
f 2344/2344 2345/2345 2349/2349
f 2349/2349 2345/2345 2350/2350
f 2345/2345 2351/2351 2350/2350
f 2350/2350 2351/2351 2352/2352
f 2351/2351 2353/2353 2352/2352
f 2352/2352 2353/2353 2354/2354
f 2353/2353 2355/2355 2354/2354
f 2354/2354 2355/2355 2356/2356
f 2356/2356 2355/2355 2357/2357
f 2346/2346 2358/2358 2345/2345
f 2345/2345 2358/2358 2351/2351
f 2351/2351 2358/2358 2353/2353
f 2358/2358 2359/2359 2353/2353
f 2353/2353 2359/2359 2355/2355
f 2359/2359 2360/2360 2355/2355
f 2355/2355 2360/2360 2357/2357
f 2360/2360 2361/2361 2357/2357
f 2361/2361 2362/2362 2357/2357
f 2357/2357 2362/2362 2363/2363
f 2362/2362 2364/2364 2363/2363
f 2363/2363 2364/2364 2365/2365
f 2365/2365 2364/2364 2366/2366
f 2364/2364 2367/2367 2366/2366
f 2337/2337 2339/2339 2346/2346
f 2339/2339 2368/2368 2346/2346
f 2346/2346 2368/2368 2358/2358
f 2358/2358 2368/2368 2359/2359
f 2368/2368 2369/2369 2359/2359
f 2359/2359 2369/2369 2360/2360
f 2369/2369 2370/2370 2360/2360
f 2360/2360 2370/2370 2361/2361
f 2370/2370 2371/2371 2361/2361
f 2371/2371 2372/2372 2361/2361
f 2361/2361 2372/2372 2362/2362
f 2372/2372 2373/2373 2362/2362
f 2362/2362 2373/2373 2364/2364
f 2364/2364 2373/2373 2367/2367
f 2369/2369 2374/2374 2370/2370
f 2370/2370 2374/2374 2371/2371
f 2374/2374 2375/2375 2371/2371
f 2375/2375 2376/2376 2371/2371
f 2371/2371 2376/2376 2372/2372
f 2376/2376 2377/2377 2372/2372
f 2372/2372 2377/2377 2373/2373
f 2373/2373 2377/2377 2378/2378
f 2377/2377 2379/2379 2378/2378
f 2379/2379 2380/2380 2378/2378
f 2378/2378 2380/2380 2381/2381
f 2380/2380 2382/2382 2381/2381
f 2381/2381 2382/2382 2383/2383
f 2382/2382 2384/2384 2383/2383
f 2373/2373 2378/2378 2367/2367
f 2378/2378 2381/2381 2367/2367
f 2367/2367 2381/2381 2385/2385
f 2381/2381 2383/2383 2385/2385
f 2385/2385 2383/2383 2386/2386
f 2386/2386 2383/2383 2387/2387
f 2383/2383 2384/2384 2387/2387
f 2387/2387 2384/2384 2388/2388
f 2384/2384 2389/2389 2388/2388
f 2389/2389 2390/2390 2388/2388
f 2388/2388 2390/2390 2391/2391
f 2391/2391 2390/2390 2392/2392
f 2390/2390 2311/2311 2392/2392
f 2392/2392 2311/2311 2309/2309
f 2393/2393 2386/2386 2394/2394
f 2386/2386 2387/2387 2394/2394
f 2394/2394 2387/2387 2395/2395
f 2387/2387 2388/2388 2395/2395
f 2388/2388 2391/2391 2395/2395
f 2395/2395 2391/2391 2396/2396
f 2396/2396 2391/2391 2397/2397
f 2391/2391 2392/2392 2397/2397
f 2397/2397 2392/2392 2398/2398
f 2392/2392 2309/2309 2398/2398
f 2309/2309 2307/2307 2398/2398
f 2398/2398 2307/2307 2399/2399
f 2307/2307 2301/2301 2399/2399
f 2399/2399 2301/2301 2293/2293
f 2393/2393 2394/2394 2400/2400
f 2400/2400 2394/2394 2401/2401
f 2394/2394 2395/2395 2401/2401
f 2401/2401 2395/2395 2402/2402
f 2395/2395 2396/2396 2402/2402
f 2402/2402 2396/2396 2403/2403
f 2396/2396 2397/2397 2403/2403
f 2403/2403 2397/2397 2404/2404
f 2397/2397 2398/2398 2404/2404
f 2404/2404 2398/2398 2405/2405
f 2398/2398 2399/2399 2405/2405
f 2405/2405 2399/2399 2406/2406
f 2399/2399 2293/2293 2406/2406
f 2406/2406 2293/2293 2285/2285
f 2407/2407 2408/2408 2409/2409
f 2408/2408 2410/2410 2409/2409
f 2409/2409 2410/2410 2411/2411
f 2411/2411 2410/2410 2412/2412
f 2412/2412 2410/2410 2413/2413
f 2410/2410 2408/2408 2413/2413
f 2413/2413 2408/2408 2414/2414
f 2408/2408 2404/2404 2414/2414
f 2404/2404 2405/2405 2414/2414
f 2414/2414 2405/2405 2415/2415
f 2405/2405 2406/2406 2415/2415
f 2415/2415 2406/2406 2416/2416
f 2416/2416 2406/2406 2284/2284
f 2406/2406 2285/2285 2284/2284
f 2417/2417 2412/2412 2418/2418
f 2412/2412 2413/2413 2418/2418
f 2418/2418 2413/2413 2419/2419
f 2413/2413 2414/2414 2419/2419
f 2414/2414 2415/2415 2419/2419
f 2419/2419 2415/2415 2420/2420
f 2415/2415 2416/2416 2420/2420
f 2416/2416 2284/2284 2420/2420
f 2420/2420 2284/2284 2421/2421
f 2284/2284 2282/2282 2421/2421
f 2421/2421 2282/2282 2422/2422
f 2282/2282 2280/2280 2422/2422
f 2422/2422 2280/2280 2423/2423
f 2280/2280 2266/2266 2423/2423
f 2422/2422 2424/2424 2421/2421
f 2424/2424 2425/2425 2421/2421
f 2421/2421 2425/2425 2420/2420
f 2420/2420 2425/2425 2419/2419
f 2419/2419 2425/2425 2418/2418
f 2418/2418 2425/2425 2417/2417
f 2417/2417 2425/2425 2426/2426
f 2425/2425 2424/2424 2426/2426
f 2426/2426 2424/2424 2427/2427
f 2424/2424 2428/2428 2427/2427
f 2427/2427 2428/2428 2264/2264
f 2264/2264 2428/2428 2265/2265
f 2428/2428 2423/2423 2265/2265
f 2265/2265 2423/2423 2266/2266
f 2424/2424 2422/2422 2428/2428
f 2428/2428 2422/2422 2423/2423
f 2244/2244 2429/2429 2245/2245
f 2245/2245 2429/2429 2256/2256
f 2429/2429 2430/2430 2256/2256
f 2256/2256 2430/2430 2264/2264
f 2264/2264 2430/2430 2427/2427
f 2430/2430 2431/2431 2427/2427
f 2427/2427 2431/2431 2426/2426
f 2431/2431 2432/2432 2426/2426
f 2426/2426 2432/2432 2417/2417
f 2432/2432 2433/2433 2417/2417
f 2417/2417 2433/2433 2412/2412
f 2433/2433 2434/2434 2412/2412
f 2412/2412 2434/2434 2411/2411
f 2434/2434 2409/2409 2411/2411
f 2435/2435 2436/2436 2429/2429
f 2429/2429 2436/2436 2430/2430
f 2430/2430 2436/2436 2431/2431
f 2436/2436 2437/2437 2431/2431
f 2431/2431 2437/2437 2432/2432
f 2437/2437 2438/2438 2432/2432
f 2432/2432 2438/2438 2433/2433
f 2438/2438 2439/2439 2433/2433
f 2433/2433 2439/2439 2434/2434
f 2439/2439 2440/2440 2434/2434
f 2434/2434 2440/2440 2441/2441
f 2440/2440 2442/2442 2441/2441
f 2441/2441 2442/2442 2443/2443
f 2443/2443 2442/2442 2444/2444
f 2437/2437 2445/2445 2438/2438
f 2445/2445 2446/2446 2438/2438
f 2438/2438 2446/2446 2439/2439
f 2446/2446 2447/2447 2439/2439
f 2439/2439 2447/2447 2440/2440
f 2447/2447 2448/2448 2440/2440
f 2448/2448 2449/2449 2440/2440
f 2440/2440 2449/2449 2442/2442
f 2449/2449 2450/2450 2442/2442
f 2450/2450 2451/2451 2442/2442
f 2442/2442 2451/2451 2444/2444
f 2451/2451 2452/2452 2444/2444
f 2444/2444 2452/2452 2453/2453
f 2453/2453 2452/2452 2454/2454
f 2455/2455 2456/2456 2457/2457
f 2457/2457 2456/2456 2458/2458
f 2458/2458 2456/2456 2459/2459
f 2456/2456 2460/2460 2459/2459
f 2459/2459 2460/2460 2450/2450
f 2450/2450 2460/2460 2451/2451
f 2460/2460 2461/2461 2451/2451
f 2451/2451 2461/2461 2452/2452
f 2461/2461 2462/2462 2452/2452
f 2462/2462 2463/2463 2452/2452
f 2452/2452 2463/2463 2464/2464
f 2463/2463 2465/2465 2464/2464
f 2465/2465 2454/2454 2464/2464
f 2464/2464 2454/2454 2452/2452
f 2463/2463 2462/2462 2466/2466
f 2466/2466 2462/2462 2467/2467
f 2462/2462 2461/2461 2467/2467
f 2467/2467 2461/2461 2468/2468
f 2461/2461 2460/2460 2468/2468
f 2468/2468 2460/2460 2469/2469
f 2460/2460 2456/2456 2469/2469
f 2469/2469 2456/2456 2470/2470
f 2456/2456 2455/2455 2470/2470
f 2470/2470 2455/2455 2471/2471
f 2455/2455 2472/2472 2471/2471
f 2471/2471 2472/2472 2473/2473
f 2472/2472 2474/2474 2473/2473
f 2473/2473 2474/2474 2475/2475
f 2476/2476 2477/2477 2478/2478
f 2478/2478 2477/2477 2479/2479
f 2477/2477 2467/2467 2479/2479
f 2467/2467 2468/2468 2479/2479
f 2479/2479 2468/2468 2480/2480
f 2468/2468 2469/2469 2480/2480
f 2469/2469 2470/2470 2480/2480
f 2480/2480 2470/2470 2481/2481
f 2481/2481 2470/2470 2482/2482
f 2470/2470 2471/2471 2482/2482
f 2482/2482 2471/2471 2483/2483
f 2471/2471 2473/2473 2483/2483
f 2483/2483 2473/2473 2484/2484
f 2473/2473 2475/2475 2484/2484
f 2485/2485 2486/2486 2487/2487
f 2487/2487 2486/2486 2484/2484
f 2486/2486 2488/2488 2484/2484
f 2484/2484 2488/2488 2483/2483
f 2488/2488 2489/2489 2483/2483
f 2483/2483 2489/2489 2482/2482
f 2489/2489 2490/2490 2482/2482
f 2490/2490 2491/2491 2482/2482
f 2482/2482 2491/2491 2481/2481
f 2481/2481 2491/2491 2480/2480
f 2480/2480 2491/2491 2492/2492
f 2491/2491 2490/2490 2492/2492
f 2492/2492 2490/2490 2493/2493
f 2490/2490 2494/2494 2493/2493
f 2490/2490 2489/2489 2494/2494
f 2489/2489 2488/2488 2494/2494
f 2494/2494 2488/2488 2495/2495
f 2488/2488 2486/2486 2495/2495
f 2486/2486 2496/2496 2495/2495
f 2496/2496 2497/2497 2495/2495
f 2497/2497 2498/2498 2495/2495
f 2495/2495 2498/2498 2494/2494
f 2498/2498 2493/2493 2494/2494
f 2499/2499 2354/2354 2497/2497
f 2497/2497 2354/2354 2498/2498
f 2354/2354 2356/2356 2498/2498
f 2498/2498 2356/2356 2493/2493
f 2356/2356 2500/2500 2493/2493
f 2493/2493 2500/2500 2492/2492
f 2492/2492 2500/2500 2478/2478
f 2500/2500 2501/2501 2478/2478
f 2478/2478 2501/2501 2476/2476
f 2501/2501 2502/2502 2476/2476
f 2356/2356 2357/2357 2500/2500
f 2357/2357 2363/2363 2500/2500
f 2500/2500 2363/2363 2501/2501
f 2363/2363 2365/2365 2501/2501
f 2501/2501 2365/2365 2502/2502
f 2365/2365 2366/2366 2502/2502
f 2502/2502 2366/2366 2503/2503
f 2366/2366 2504/2504 2503/2503
f 2503/2503 2504/2504 2505/2505
f 2505/2505 2504/2504 2393/2393
f 2393/2393 2504/2504 2386/2386
f 2386/2386 2504/2504 2385/2385
f 2504/2504 2366/2366 2385/2385
f 2385/2385 2366/2366 2367/2367
f 2506/2506 2507/2507 2505/2505
f 2505/2505 2507/2507 2503/2503
f 2507/2507 2508/2508 2503/2503
f 2503/2503 2508/2508 2502/2502
f 2508/2508 2509/2509 2502/2502
f 2502/2502 2509/2509 2476/2476
f 2509/2509 2510/2510 2476/2476
f 2476/2476 2510/2510 2477/2477
f 2477/2477 2510/2510 2467/2467
f 2467/2467 2510/2510 2466/2466
f 2510/2510 2511/2511 2466/2466
f 2466/2466 2511/2511 2506/2506
f 2506/2506 2511/2511 2507/2507
f 2511/2511 2512/2512 2507/2507
f 2507/2507 2512/2512 2508/2508
f 2508/2508 2512/2512 2509/2509
f 2509/2509 2512/2512 2510/2510
f 2512/2512 2511/2511 2510/2510
f 2466/2466 2506/2506 2463/2463
f 2463/2463 2506/2506 2465/2465
f 2506/2506 2505/2505 2465/2465
f 2465/2465 2505/2505 2513/2513
f 2505/2505 2393/2393 2513/2513
f 2393/2393 2400/2400 2513/2513
f 2513/2513 2400/2400 2465/2465
f 2400/2400 2514/2514 2465/2465
f 2465/2465 2514/2514 2454/2454
f 2514/2514 2515/2515 2454/2454
f 2454/2454 2515/2515 2453/2453
f 2515/2515 2516/2516 2453/2453
f 2453/2453 2516/2516 2444/2444
f 2516/2516 2443/2443 2444/2444
f 2402/2402 2517/2517 2401/2401
f 2517/2517 2518/2518 2401/2401
f 2401/2401 2518/2518 2400/2400
f 2400/2400 2518/2518 2514/2514
f 2518/2518 2519/2519 2514/2514
f 2514/2514 2519/2519 2515/2515
f 2519/2519 2520/2520 2515/2515
f 2515/2515 2520/2520 2516/2516
f 2520/2520 2521/2521 2516/2516
f 2521/2521 2407/2407 2516/2516
f 2516/2516 2407/2407 2443/2443
f 2407/2407 2409/2409 2443/2443
f 2443/2443 2409/2409 2441/2441
f 2441/2441 2409/2409 2434/2434
f 2517/2517 2402/2402 2522/2522
f 2522/2522 2402/2402 2523/2523
f 2402/2402 2403/2403 2523/2523
f 2523/2523 2403/2403 2524/2524
f 2403/2403 2404/2404 2524/2524
f 2404/2404 2408/2408 2524/2524
f 2408/2408 2407/2407 2524/2524
f 2407/2407 2521/2521 2524/2524
f 2524/2524 2521/2521 2523/2523
f 2521/2521 2520/2520 2523/2523
f 2523/2523 2520/2520 2522/2522
f 2520/2520 2525/2525 2522/2522
f 2522/2522 2525/2525 2517/2517
f 2525/2525 2518/2518 2517/2517
f 2518/2518 2525/2525 2519/2519
f 2519/2519 2525/2525 2520/2520
f 2526/2526 2527/2527 2528/2528
f 2528/2528 2527/2527 2529/2529
f 2529/2529 2527/2527 2530/2530
f 2527/2527 2531/2531 2530/2530
f 2530/2530 2531/2531 2532/2532
f 2531/2531 2533/2533 2532/2532
f 2532/2532 2533/2533 2534/2534
f 2533/2533 2535/2535 2534/2534
f 2535/2535 2536/2536 2534/2534
f 2534/2534 2536/2536 2537/2537
f 2536/2536 2538/2538 2537/2537
f 2537/2537 2538/2538 2539/2539
f 2539/2539 2538/2538 2540/2540
f 2538/2538 2536/2536 2540/2540
f 2540/2540 2536/2536 2541/2541
f 2534/2534 2537/2537 2532/2532
f 2532/2532 2537/2537 2542/2542
f 2537/2537 2539/2539 2542/2542
f 2542/2542 2539/2539 2543/2543
f 2543/2543 2539/2539 2544/2544
f 2539/2539 2540/2540 2544/2544
f 2544/2544 2540/2540 2545/2545
f 2540/2540 2541/2541 2545/2545
f 2541/2541 2546/2546 2545/2545
f 2545/2545 2546/2546 2547/2547
f 2546/2546 2548/2548 2547/2547
f 2548/2548 2549/2549 2547/2547
f 2549/2549 2550/2550 2547/2547
f 2547/2547 2550/2550 2551/2551
f 2543/2543 2544/2544 2552/2552
f 2552/2552 2544/2544 2553/2553
f 2544/2544 2545/2545 2553/2553
f 2545/2545 2547/2547 2553/2553
f 2547/2547 2551/2551 2553/2553
f 2553/2553 2551/2551 2554/2554
f 2551/2551 2555/2555 2554/2554
f 2555/2555 2556/2556 2554/2554
f 2556/2556 2557/2557 2554/2554
f 2557/2557 2558/2558 2554/2554
f 2554/2554 2558/2558 2553/2553
f 2553/2553 2558/2558 2552/2552
f 2558/2558 2543/2543 2552/2552
f 2532/2532 2542/2542 2530/2530
f 2530/2530 2542/2542 2559/2559
f 2542/2542 2543/2543 2559/2559
f 2559/2559 2543/2543 2560/2560
f 2543/2543 2558/2558 2560/2560
f 2558/2558 2557/2557 2560/2560
f 2557/2557 2561/2561 2560/2560
f 2561/2561 2562/2562 2560/2560
f 2560/2560 2562/2562 2559/2559
f 2559/2559 2562/2562 2530/2530
f 2530/2530 2562/2562 2529/2529
f 2529/2529 2562/2562 2563/2563
f 2562/2562 2561/2561 2563/2563
f 2564/2564 2528/2528 2565/2565
f 2565/2565 2528/2528 2566/2566
f 2528/2528 2567/2567 2566/2566
f 2566/2566 2567/2567 2568/2568
f 2568/2568 2567/2567 2569/2569
f 2569/2569 2567/2567 2563/2563
f 2563/2563 2567/2567 2529/2529
f 2567/2567 2528/2528 2529/2529
f 2563/2563 2570/2570 2569/2569
f 2569/2569 2570/2570 2571/2571
f 2571/2571 2570/2570 2572/2572
f 2570/2570 2573/2573 2572/2572
f 2572/2572 2573/2573 2574/2574
f 2574/2574 2573/2573 2575/2575
f 2575/2575 2573/2573 2576/2576
f 2573/2573 2556/2556 2576/2576
f 2576/2576 2556/2556 2577/2577
f 2577/2577 2556/2556 2578/2578
f 2578/2578 2556/2556 2579/2579
f 2556/2556 2555/2555 2579/2579
f 2579/2579 2555/2555 2580/2580
f 2555/2555 2581/2581 2580/2580
f 2582/2582 2583/2583 2551/2551
f 2551/2551 2583/2583 2555/2555
f 2555/2555 2583/2583 2581/2581
f 2583/2583 2584/2584 2581/2581
f 2581/2581 2584/2584 2585/2585
f 2584/2584 2586/2586 2585/2585
f 2585/2585 2586/2586 2587/2587
f 2587/2587 2586/2586 2588/2588
f 2586/2586 2589/2589 2588/2588
f 2588/2588 2589/2589 2590/2590
f 2589/2589 2591/2591 2590/2590
f 2591/2591 2592/2592 2590/2590
f 2590/2590 2592/2592 2593/2593
f 2592/2592 2594/2594 2593/2593
f 2595/2595 2596/2596 2597/2597
f 2596/2596 2592/2592 2597/2597
f 2597/2597 2592/2592 2598/2598
f 2592/2592 2591/2591 2598/2598
f 2591/2591 2589/2589 2598/2598
f 2598/2598 2589/2589 2599/2599
f 2589/2589 2586/2586 2599/2599
f 2592/2592 2596/2596 2594/2594
f 2594/2594 2596/2596 2600/2600
f 2600/2600 2596/2596 2601/2601
f 2601/2601 2596/2596 2602/2602
f 2596/2596 2595/2595 2602/2602
f 2602/2602 2595/2595 2603/2603
f 2603/2603 2595/2595 2604/2604
f 2604/2604 2595/2595 2605/2605
f 2595/2595 2606/2606 2605/2605
f 2605/2605 2606/2606 2607/2607
f 2607/2607 2606/2606 2608/2608
f 2606/2606 2609/2609 2608/2608
f 2609/2609 2610/2610 2608/2608
f 2608/2608 2610/2610 2611/2611
f 2611/2611 2610/2610 2612/2612
f 2610/2610 2613/2613 2612/2612
f 2612/2612 2613/2613 2565/2565
f 2565/2565 2613/2613 2564/2564
f 2564/2564 2613/2613 2614/2614
f 2614/2614 2613/2613 2615/2615
f 2613/2613 2610/2610 2615/2615
f 2610/2610 2609/2609 2615/2615
f 2615/2615 2609/2609 2616/2616
f 2609/2609 2606/2606 2616/2616
f 2616/2616 2606/2606 2617/2617
f 2606/2606 2595/2595 2617/2617
f 2617/2617 2595/2595 2618/2618
f 2595/2595 2597/2597 2618/2618
f 2619/2619 2620/2620 2621/2621
f 2620/2620 2622/2622 2621/2621
f 2621/2621 2622/2622 2623/2623
f 2622/2622 2624/2624 2623/2623
f 2623/2623 2624/2624 2625/2625
f 2624/2624 2614/2614 2625/2625
f 2614/2614 2615/2615 2625/2625
f 2615/2615 2616/2616 2625/2625
f 2625/2625 2616/2616 2626/2626
f 2616/2616 2617/2617 2626/2626
f 2626/2626 2617/2617 2627/2627
f 2617/2617 2618/2618 2627/2627
f 2627/2627 2618/2618 2628/2628
f 2618/2618 2629/2629 2628/2628
f 2621/2621 2623/2623 2630/2630
f 2630/2630 2623/2623 2631/2631
f 2623/2623 2625/2625 2631/2631
f 2625/2625 2626/2626 2631/2631
f 2626/2626 2627/2627 2631/2631
f 2627/2627 2632/2632 2631/2631
f 2631/2631 2632/2632 2630/2630
f 2621/2621 2630/2630 2619/2619
f 2619/2619 2630/2630 2633/2633
f 2630/2630 2632/2632 2633/2633
f 2632/2632 2634/2634 2633/2633
f 2633/2633 2634/2634 2619/2619
f 2634/2634 2635/2635 2619/2619
f 2619/2619 2635/2635 2636/2636
f 2636/2636 2635/2635 2637/2637
f 2637/2637 2635/2635 2638/2638
f 2635/2635 2639/2639 2638/2638
f 2638/2638 2639/2639 2640/2640
f 2640/2640 2639/2639 2629/2629
f 2639/2639 2641/2641 2629/2629
f 2629/2629 2641/2641 2628/2628
f 2628/2628 2641/2641 2627/2627
f 2627/2627 2641/2641 2632/2632
f 2632/2632 2641/2641 2634/2634
f 2641/2641 2639/2639 2634/2634
f 2634/2634 2639/2639 2635/2635
f 2642/2642 2643/2643 2644/2644
f 2643/2643 2645/2645 2644/2644
f 2644/2644 2645/2645 2646/2646
f 2645/2645 2637/2637 2646/2646
f 2646/2646 2637/2637 2647/2647
f 2637/2637 2638/2638 2647/2647
f 2647/2647 2638/2638 2648/2648
f 2638/2638 2640/2640 2648/2648
f 2648/2648 2640/2640 2649/2649
f 2649/2649 2640/2640 2599/2599
f 2599/2599 2640/2640 2598/2598
f 2640/2640 2629/2629 2598/2598
f 2598/2598 2629/2629 2597/2597
f 2597/2597 2629/2629 2618/2618
f 2650/2650 2651/2651 2648/2648
f 2648/2648 2651/2651 2647/2647
f 2651/2651 2644/2644 2647/2647
f 2647/2647 2644/2644 2646/2646
f 2644/2644 2651/2651 2642/2642
f 2651/2651 2652/2652 2642/2642
f 2642/2642 2652/2652 2653/2653
f 2652/2652 2654/2654 2653/2653
f 2653/2653 2654/2654 2655/2655
f 2654/2654 2656/2656 2655/2655
f 2651/2651 2650/2650 2652/2652
f 2650/2650 2657/2657 2652/2652
f 2652/2652 2657/2657 2654/2654
f 2657/2657 2658/2658 2654/2654
f 2658/2658 2659/2659 2654/2654
f 2654/2654 2659/2659 2656/2656
f 2659/2659 2660/2660 2656/2656
f 2656/2656 2660/2660 2655/2655
f 2660/2660 2661/2661 2655/2655
f 2661/2661 2662/2662 2655/2655
f 2655/2655 2662/2662 2653/2653
f 2662/2662 2663/2663 2653/2653
f 2653/2653 2663/2663 2642/2642
f 2642/2642 2663/2663 2643/2643
f 2664/2664 2665/2665 2666/2666
f 2666/2666 2665/2665 2667/2667
f 2668/2668 2669/2669 2670/2670
f 2670/2670 2669/2669 2671/2671
f 2672/2672 2673/2673 2674/2674
f 2674/2674 2673/2673 2675/2675
f 2676/2676 2677/2677 2678/2678
f 2678/2678 2677/2677 2679/2679
f 2680/2680 2681/2681 2682/2682
f 2683/2683 2684/2684 2681/2681
f 2681/2681 2684/2684 2682/2682
f 2684/2684 2685/2685 2682/2682
f 2685/2685 2686/2686 2682/2682
f 2686/2686 2687/2687 2682/2682
f 2682/2682 2687/2687 2688/2688
f 2687/2687 2689/2689 2688/2688
f 2688/2688 2689/2689 2690/2690
f 2689/2689 2691/2691 2690/2690
f 2691/2691 2692/2692 2690/2690
f 2692/2692 2693/2693 2690/2690
f 2690/2690 2693/2693 2688/2688
f 2693/2693 2680/2680 2688/2688
f 2688/2688 2680/2680 2682/2682
f 2694/2694 2689/2689 2695/2695
f 2689/2689 2687/2687 2695/2695
f 2695/2695 2687/2687 2696/2696
f 2687/2687 2686/2686 2696/2696
f 2696/2696 2686/2686 2697/2697
f 2686/2686 2685/2685 2697/2697
f 2697/2697 2685/2685 2698/2698
f 2685/2685 2699/2699 2698/2698
f 2698/2698 2699/2699 2700/2700
f 2700/2700 2699/2699 2701/2701
f 2699/2699 2702/2702 2701/2701
f 2701/2701 2702/2702 2703/2703
f 2702/2702 2704/2704 2703/2703
f 2703/2703 2704/2704 2705/2705
f 2699/2699 2685/2685 2702/2702
f 2685/2685 2684/2684 2702/2702
f 2684/2684 2683/2683 2702/2702
f 2702/2702 2683/2683 2704/2704
f 2706/2706 2230/2230 2229/2229
f 2707/2707 2708/2708 2709/2709
f 2709/2709 2708/2708 2710/2710
f 2710/2710 2708/2708 2711/2711
f 2711/2711 2708/2708 2712/2712
f 2712/2712 2708/2708 2713/2713
f 2708/2708 2707/2707 2713/2713
f 2707/2707 2231/2231 2713/2713
f 2231/2231 2230/2230 2713/2713
f 2230/2230 2706/2706 2713/2713
f 2713/2713 2706/2706 2712/2712
f 2709/2709 2714/2714 2707/2707
f 2714/2714 2715/2715 2707/2707
f 2707/2707 2715/2715 2231/2231
f 2231/2231 2715/2715 2233/2233
f 2233/2233 2715/2715 2244/2244
f 2244/2244 2715/2715 2716/2716
f 2715/2715 2714/2714 2716/2716
f 2714/2714 2717/2717 2716/2716
f 2717/2717 2718/2718 2716/2716
f 2718/2718 2719/2719 2716/2716
f 2716/2716 2719/2719 2244/2244
f 2719/2719 2720/2720 2244/2244
f 2244/2244 2720/2720 2429/2429
f 2429/2429 2720/2720 2435/2435
f 2435/2435 2721/2721 2436/2436
f 2721/2721 2722/2722 2436/2436
f 2436/2436 2722/2722 2723/2723
f 2722/2722 2724/2724 2723/2723
f 2723/2723 2724/2724 2725/2725
f 2725/2725 2724/2724 2726/2726
f 2724/2724 2727/2727 2726/2726
f 2726/2726 2727/2727 2728/2728
f 2727/2727 2729/2729 2728/2728
f 2728/2728 2729/2729 2730/2730
f 2729/2729 2731/2731 2730/2730
f 2730/2730 2731/2731 2732/2732
f 2731/2731 2733/2733 2732/2732
f 2732/2732 2733/2733 2734/2734
f 2732/2732 2735/2735 2730/2730
f 2735/2735 2736/2736 2730/2730
f 2730/2730 2736/2736 2728/2728
f 2736/2736 2737/2737 2728/2728
f 2728/2728 2737/2737 2726/2726
f 2737/2737 2738/2738 2726/2726
f 2726/2726 2738/2738 2725/2725
f 2738/2738 2739/2739 2725/2725
f 2725/2725 2739/2739 2723/2723
f 2739/2739 2740/2740 2723/2723
f 2723/2723 2740/2740 2436/2436
f 2436/2436 2740/2740 2437/2437
f 2740/2740 2741/2741 2437/2437
f 2437/2437 2741/2741 2445/2445
f 2742/2742 2743/2743 2738/2738
f 2738/2738 2743/2743 2739/2739
f 2743/2743 2744/2744 2739/2739
f 2739/2739 2744/2744 2740/2740
f 2744/2744 2745/2745 2740/2740
f 2740/2740 2745/2745 2741/2741
f 2745/2745 2746/2746 2741/2741
f 2746/2746 2747/2747 2741/2741
f 2741/2741 2747/2747 2445/2445
f 2747/2747 2748/2748 2445/2445
f 2445/2445 2748/2748 2446/2446
f 2748/2748 2749/2749 2446/2446
f 2446/2446 2749/2749 2447/2447
f 2447/2447 2749/2749 2448/2448
f 2742/2742 2750/2750 2743/2743
f 2750/2750 2751/2751 2743/2743
f 2743/2743 2751/2751 2744/2744
f 2751/2751 2752/2752 2744/2744
f 2744/2744 2752/2752 2745/2745
f 2752/2752 2753/2753 2745/2745
f 2745/2745 2753/2753 2746/2746
f 2753/2753 2754/2754 2746/2746
f 2754/2754 2755/2755 2746/2746
f 2746/2746 2755/2755 2747/2747
f 2747/2747 2755/2755 2748/2748
f 2748/2748 2755/2755 2756/2756
f 2755/2755 2754/2754 2756/2756
f 2756/2756 2754/2754 2757/2757
f 2752/2752 2751/2751 2758/2758
f 2758/2758 2751/2751 2759/2759
f 2751/2751 2750/2750 2759/2759
f 2759/2759 2750/2750 2760/2760
f 2750/2750 2761/2761 2760/2760
f 2761/2761 2762/2762 2760/2760
f 2760/2760 2762/2762 2759/2759
f 2759/2759 2762/2762 2758/2758
f 2762/2762 2763/2763 2758/2758
f 2758/2758 2763/2763 2752/2752
f 2752/2752 2763/2763 2753/2753
f 2753/2753 2763/2763 2754/2754
f 2763/2763 2764/2764 2754/2754
f 2754/2754 2764/2764 2757/2757
f 2757/2757 2764/2764 2765/2765
f 2765/2765 2764/2764 2762/2762
f 2764/2764 2763/2763 2762/2762
f 2756/2756 2757/2757 2766/2766
f 2766/2766 2757/2757 2767/2767
f 2757/2757 2765/2765 2767/2767
f 2765/2765 2762/2762 2767/2767
f 2767/2767 2762/2762 2768/2768
f 2762/2762 2769/2769 2768/2768
f 2770/2770 2768/2768 2771/2771
f 2768/2768 2769/2769 2771/2771
f 2771/2771 2769/2769 2772/2772
f 2769/2769 2762/2762 2772/2772
f 2772/2772 2762/2762 2773/2773
f 2773/2773 2762/2762 2774/2774
f 2762/2762 2761/2761 2774/2774
f 2761/2761 2775/2775 2774/2774
f 2774/2774 2775/2775 2773/2773
f 2775/2775 2776/2776 2773/2773
f 2773/2773 2776/2776 2772/2772
f 2776/2776 2777/2777 2772/2772
f 2772/2772 2777/2777 2771/2771
f 2771/2771 2777/2777 2778/2778
f 2768/2768 2770/2770 2767/2767
f 2767/2767 2770/2770 2766/2766
f 2770/2770 2779/2779 2766/2766
f 2766/2766 2779/2779 2756/2756
f 2779/2779 2780/2780 2756/2756
f 2756/2756 2780/2780 2748/2748
f 2780/2780 2781/2781 2748/2748
f 2748/2748 2781/2781 2749/2749
f 2781/2781 2782/2782 2749/2749
f 2749/2749 2782/2782 2448/2448
f 2782/2782 2783/2783 2448/2448
f 2448/2448 2783/2783 2784/2784
f 2783/2783 2458/2458 2784/2784
f 2784/2784 2458/2458 2459/2459
f 2785/2785 2458/2458 2786/2786
f 2458/2458 2783/2783 2786/2786
f 2786/2786 2783/2783 2787/2787
f 2783/2783 2782/2782 2787/2787
f 2787/2787 2782/2782 2788/2788
f 2782/2782 2781/2781 2788/2788
f 2788/2788 2781/2781 2789/2789
f 2781/2781 2780/2780 2789/2789
f 2789/2789 2780/2780 2790/2790
f 2780/2780 2779/2779 2790/2790
f 2790/2790 2779/2779 2791/2791
f 2779/2779 2770/2770 2791/2791
f 2791/2791 2770/2770 2778/2778
f 2770/2770 2771/2771 2778/2778
f 2789/2789 2790/2790 2792/2792
f 2792/2792 2790/2790 2793/2793
f 2790/2790 2791/2791 2793/2793
f 2791/2791 2778/2778 2793/2793
f 2793/2793 2778/2778 2794/2794
f 2778/2778 2795/2795 2794/2794
f 2794/2794 2795/2795 2796/2796
f 2796/2796 2795/2795 2797/2797
f 2795/2795 2776/2776 2797/2797
f 2797/2797 2776/2776 2798/2798
f 2776/2776 2775/2775 2798/2798
f 2798/2798 2775/2775 2799/2799
f 2775/2775 2761/2761 2799/2799
f 2799/2799 2761/2761 2750/2750
f 2778/2778 2777/2777 2795/2795
f 2795/2795 2777/2777 2776/2776
f 2750/2750 2742/2742 2799/2799
f 2799/2799 2742/2742 2798/2798
f 2738/2738 2737/2737 2742/2742
f 2742/2742 2737/2737 2798/2798
f 2737/2737 2736/2736 2798/2798
f 2798/2798 2736/2736 2797/2797
f 2797/2797 2736/2736 2796/2796
f 2736/2736 2735/2735 2796/2796
f 2796/2796 2735/2735 2794/2794
f 2735/2735 2800/2800 2794/2794
f 2794/2794 2800/2800 2793/2793
f 2800/2800 2801/2801 2793/2793
f 2793/2793 2801/2801 2802/2802
f 2801/2801 2803/2803 2802/2802
f 2802/2802 2803/2803 2804/2804
f 2803/2803 2805/2805 2804/2804
f 2735/2735 2732/2732 2800/2800
f 2732/2732 2806/2806 2800/2800
f 2800/2800 2806/2806 2801/2801
f 2806/2806 2807/2807 2801/2801
f 2801/2801 2807/2807 2803/2803
f 2807/2807 2808/2808 2803/2803
f 2803/2803 2808/2808 2805/2805
f 2808/2808 2809/2809 2805/2805
f 2809/2809 2810/2810 2805/2805
f 2805/2805 2810/2810 2811/2811
f 2811/2811 2810/2810 2812/2812
f 2810/2810 2813/2813 2812/2812
f 2812/2812 2813/2813 2814/2814
f 2813/2813 2815/2815 2814/2814
f 2734/2734 2816/2816 2732/2732
f 2732/2732 2816/2816 2806/2806
f 2816/2816 2817/2817 2806/2806
f 2806/2806 2817/2817 2807/2807
f 2817/2817 2818/2818 2807/2807
f 2807/2807 2818/2818 2808/2808
f 2808/2808 2818/2818 2809/2809
f 2818/2818 2819/2819 2809/2809
f 2819/2819 2820/2820 2809/2809
f 2820/2820 2821/2821 2809/2809
f 2809/2809 2821/2821 2810/2810
f 2810/2810 2821/2821 2813/2813
f 2821/2821 2822/2822 2813/2813
f 2813/2813 2822/2822 2815/2815
f 2822/2822 2823/2823 2815/2815
f 2815/2815 2823/2823 2824/2824
f 2823/2823 2825/2825 2824/2824
f 2824/2824 2825/2825 2826/2826
f 2825/2825 2827/2827 2826/2826
f 2814/2814 2815/2815 2828/2828
f 2815/2815 2824/2824 2828/2828
f 2828/2828 2824/2824 2829/2829
f 2824/2824 2826/2826 2829/2829
f 2829/2829 2826/2826 2830/2830
f 2826/2826 2831/2831 2830/2830
f 2830/2830 2831/2831 2832/2832
f 2831/2831 2833/2833 2832/2832
f 2833/2833 2834/2834 2832/2832
f 2832/2832 2834/2834 2835/2835
f 2834/2834 2836/2836 2835/2835
f 2835/2835 2836/2836 2837/2837
f 2837/2837 2836/2836 2838/2838
f 2836/2836 2839/2839 2838/2838
f 2835/2835 2840/2840 2832/2832
f 2832/2832 2840/2840 2830/2830
f 2840/2840 2841/2841 2830/2830
f 2830/2830 2841/2841 2829/2829
f 2841/2841 2842/2842 2829/2829
f 2829/2829 2842/2842 2828/2828
f 2842/2842 2843/2843 2828/2828
f 2828/2828 2843/2843 2814/2814
f 2814/2814 2843/2843 2812/2812
f 2843/2843 2844/2844 2812/2812
f 2812/2812 2844/2844 2811/2811
f 2844/2844 2845/2845 2811/2811
f 2845/2845 2804/2804 2811/2811
f 2811/2811 2804/2804 2805/2805
f 2846/2846 2847/2847 2841/2841
f 2841/2841 2847/2847 2842/2842
f 2847/2847 2848/2848 2842/2842
f 2842/2842 2848/2848 2843/2843
f 2843/2843 2848/2848 2844/2844
f 2848/2848 2849/2849 2844/2844
f 2844/2844 2849/2849 2845/2845
f 2845/2845 2849/2849 2850/2850
f 2849/2849 2851/2851 2850/2850
f 2851/2851 2852/2852 2850/2850
f 2850/2850 2852/2852 2853/2853
f 2852/2852 2788/2788 2853/2853
f 2788/2788 2789/2789 2853/2853
f 2853/2853 2789/2789 2792/2792
f 2849/2849 2848/2848 2854/2854
f 2854/2854 2848/2848 2847/2847
f 2849/2849 2854/2854 2851/2851
f 2851/2851 2854/2854 2855/2855
f 2855/2855 2854/2854 2856/2856
f 2854/2854 2847/2847 2856/2856
f 2856/2856 2847/2847 2857/2857
f 2857/2857 2847/2847 2858/2858
f 2847/2847 2846/2846 2858/2858
f 2846/2846 2859/2859 2858/2858
f 2859/2859 2860/2860 2858/2858
f 2858/2858 2860/2860 2861/2861
f 2860/2860 2862/2862 2861/2861
f 2862/2862 2863/2863 2861/2861
f 2863/2863 2864/2864 2861/2861
f 2861/2861 2864/2864 2865/2865
f 2841/2841 2840/2840 2846/2846
f 2840/2840 2866/2866 2846/2846
f 2846/2846 2866/2866 2859/2859
f 2866/2866 2867/2867 2859/2859
f 2867/2867 2868/2868 2859/2859
f 2859/2859 2868/2868 2860/2860
f 2860/2860 2868/2868 2862/2862
f 2868/2868 2869/2869 2862/2862
f 2869/2869 2870/2870 2862/2862
f 2862/2862 2870/2870 2863/2863
f 2863/2863 2870/2870 2864/2864
f 2870/2870 2871/2871 2864/2864
f 2864/2864 2871/2871 2865/2865
f 2865/2865 2871/2871 2872/2872
f 2840/2840 2835/2835 2866/2866
f 2866/2866 2835/2835 2867/2867
f 2835/2835 2837/2837 2867/2867
f 2867/2867 2837/2837 2868/2868
f 2837/2837 2873/2873 2868/2868
f 2868/2868 2873/2873 2869/2869
f 2873/2873 2874/2874 2869/2869
f 2869/2869 2874/2874 2870/2870
f 2870/2870 2874/2874 2875/2875
f 2874/2874 2873/2873 2875/2875
f 2875/2875 2873/2873 2876/2876
f 2873/2873 2837/2837 2876/2876
f 2837/2837 2838/2838 2876/2876
f 2876/2876 2838/2838 2877/2877
f 2876/2876 2877/2877 2875/2875
f 2877/2877 2878/2878 2875/2875
f 2875/2875 2878/2878 2870/2870
f 2870/2870 2878/2878 2879/2879
f 2878/2878 2877/2877 2879/2879
f 2877/2877 2880/2880 2879/2879
f 2879/2879 2880/2880 2881/2881
f 2880/2880 2882/2882 2881/2881
f 2881/2881 2882/2882 2883/2883
f 2882/2882 2884/2884 2883/2883
f 2884/2884 2885/2885 2883/2883
f 2885/2885 2886/2886 2883/2883
f 2886/2886 2870/2870 2883/2883
f 2883/2883 2870/2870 2881/2881
f 2838/2838 2887/2887 2877/2877
f 2877/2877 2887/2887 2880/2880
f 2887/2887 2888/2888 2880/2880
f 2880/2880 2888/2888 2882/2882
f 2888/2888 2889/2889 2882/2882
f 2882/2882 2889/2889 2884/2884
f 2889/2889 2890/2890 2884/2884
f 2884/2884 2890/2890 2885/2885
f 2885/2885 2890/2890 2891/2891
f 2890/2890 2892/2892 2891/2891
f 2892/2892 2893/2893 2891/2891
f 2893/2893 2894/2894 2891/2891
f 2891/2891 2894/2894 2885/2885
f 2894/2894 2895/2895 2885/2885
f 2838/2838 2839/2839 2887/2887
f 2839/2839 2896/2896 2887/2887
f 2887/2887 2896/2896 2888/2888
f 2896/2896 2897/2897 2888/2888
f 2888/2888 2897/2897 2889/2889
f 2897/2897 2898/2898 2889/2889
f 2889/2889 2898/2898 2890/2890
f 2890/2890 2898/2898 2892/2892
f 2898/2898 2899/2899 2892/2892
f 2892/2892 2899/2899 2893/2893
f 2899/2899 2900/2900 2893/2893
f 2893/2893 2900/2900 2785/2785
f 2900/2900 2457/2457 2785/2785
f 2785/2785 2457/2457 2458/2458
f 2834/2834 2901/2901 2836/2836
f 2836/2836 2901/2901 2839/2839
f 2901/2901 2902/2902 2839/2839
f 2839/2839 2902/2902 2896/2896
f 2902/2902 2903/2903 2896/2896
f 2896/2896 2903/2903 2897/2897
f 2903/2903 2904/2904 2897/2897
f 2904/2904 2474/2474 2897/2897
f 2897/2897 2474/2474 2898/2898
f 2898/2898 2474/2474 2899/2899
f 2474/2474 2472/2472 2899/2899
f 2899/2899 2472/2472 2900/2900
f 2472/2472 2455/2455 2900/2900
f 2900/2900 2455/2455 2457/2457
f 2905/2905 2906/2906 2833/2833
f 2833/2833 2906/2906 2834/2834
f 2834/2834 2906/2906 2901/2901
f 2906/2906 2907/2907 2901/2901
f 2901/2901 2907/2907 2902/2902
f 2902/2902 2907/2907 2903/2903
f 2907/2907 2908/2908 2903/2903
f 2903/2903 2908/2908 2904/2904
f 2908/2908 2909/2909 2904/2904
f 2909/2909 2910/2910 2904/2904
f 2904/2904 2910/2910 2911/2911
f 2910/2910 2912/2912 2911/2911
f 2911/2911 2912/2912 2913/2913
f 2912/2912 2914/2914 2913/2913
f 2474/2474 2904/2904 2475/2475
f 2475/2475 2904/2904 2915/2915
f 2904/2904 2911/2911 2915/2915
f 2915/2915 2911/2911 2916/2916
f 2916/2916 2911/2911 2917/2917
f 2911/2911 2913/2913 2917/2917
f 2917/2917 2913/2913 2918/2918
f 2918/2918 2913/2913 2919/2919
f 2913/2913 2920/2920 2919/2919
f 2919/2919 2920/2920 2921/2921
f 2921/2921 2920/2920 2922/2922
f 2922/2922 2920/2920 2923/2923
f 2923/2923 2920/2920 2914/2914
f 2914/2914 2920/2920 2913/2913
f 2484/2484 2475/2475 2487/2487
f 2475/2475 2915/2915 2487/2487
f 2487/2487 2915/2915 2924/2924
f 2915/2915 2916/2916 2924/2924
f 2924/2924 2916/2916 2925/2925
f 2925/2925 2916/2916 2926/2926
f 2916/2916 2917/2917 2926/2926
f 2926/2926 2917/2917 2927/2927
f 2917/2917 2918/2918 2927/2927
f 2918/2918 2928/2928 2927/2927
f 2927/2927 2928/2928 2929/2929
f 2928/2928 2930/2930 2929/2929
f 2929/2929 2930/2930 2931/2931
f 2930/2930 2932/2932 2931/2931
f 2487/2487 2924/2924 2485/2485
f 2485/2485 2924/2924 2933/2933
f 2924/2924 2925/2925 2933/2933
f 2933/2933 2925/2925 2934/2934
f 2934/2934 2925/2925 2935/2935
f 2925/2925 2926/2926 2935/2935
f 2935/2935 2926/2926 2936/2936
f 2926/2926 2927/2927 2936/2936
f 2927/2927 2929/2929 2936/2936
f 2936/2936 2929/2929 2937/2937
f 2929/2929 2931/2931 2937/2937
f 2937/2937 2931/2931 2938/2938
f 2938/2938 2931/2931 2939/2939
f 2939/2939 2931/2931 2932/2932
f 2940/2940 2941/2941 2937/2937
f 2937/2937 2941/2941 2936/2936
f 2936/2936 2941/2941 2935/2935
f 2941/2941 2942/2942 2935/2935
f 2935/2935 2942/2942 2934/2934
f 2942/2942 2347/2347 2934/2934
f 2347/2347 2348/2348 2934/2934
f 2934/2934 2348/2348 2943/2943
f 2348/2348 2349/2349 2943/2943
f 2943/2943 2349/2349 2944/2944
f 2349/2349 2350/2350 2944/2944
f 2944/2944 2350/2350 2499/2499
f 2350/2350 2352/2352 2499/2499
f 2499/2499 2352/2352 2354/2354
f 2944/2944 2945/2945 2943/2943
f 2945/2945 2946/2946 2943/2943
f 2943/2943 2946/2946 2934/2934
f 2934/2934 2946/2946 2933/2933
f 2933/2933 2946/2946 2485/2485
f 2946/2946 2945/2945 2485/2485
f 2485/2485 2945/2945 2486/2486
f 2486/2486 2945/2945 2496/2496
f 2945/2945 2944/2944 2496/2496
f 2944/2944 2499/2499 2496/2496
f 2496/2496 2499/2499 2497/2497
f 2947/2947 2948/2948 2949/2949
f 2949/2949 2948/2948 2950/2950
f 2879/2879 2881/2881 2870/2870
f 2885/2885 2895/2895 2886/2886
f 2895/2895 2951/2951 2886/2886
f 2886/2886 2951/2951 2870/2870
f 2870/2870 2951/2951 2871/2871
f 2951/2951 2895/2895 2871/2871
f 2871/2871 2895/2895 2872/2872
f 2872/2872 2895/2895 2952/2952
f 2895/2895 2894/2894 2952/2952
f 2952/2952 2894/2894 2953/2953
f 2894/2894 2893/2893 2953/2953
f 2953/2953 2893/2893 2954/2954
f 2893/2893 2785/2785 2954/2954
f 2785/2785 2786/2786 2954/2954
f 2954/2954 2786/2786 2955/2955
f 2872/2872 2952/2952 2865/2865
f 2865/2865 2952/2952 2857/2857
f 2857/2857 2952/2952 2856/2856
f 2952/2952 2953/2953 2856/2856
f 2856/2856 2953/2953 2855/2855
f 2953/2953 2954/2954 2855/2855
f 2954/2954 2955/2955 2855/2855
f 2855/2855 2955/2955 2851/2851
f 2851/2851 2955/2955 2852/2852
f 2955/2955 2956/2956 2852/2852
f 2852/2852 2956/2956 2788/2788
f 2788/2788 2956/2956 2787/2787
f 2956/2956 2955/2955 2787/2787
f 2787/2787 2955/2955 2786/2786
f 2861/2861 2865/2865 2858/2858
f 2858/2858 2865/2865 2857/2857
f 2957/2957 2958/2958 2959/2959
f 2959/2959 2958/2958 2960/2960
f 2959/2959 2961/2961 2957/2957
f 2961/2961 2962/2962 2957/2957
f 2957/2957 2962/2962 2963/2963
f 2963/2963 2962/2962 2964/2964
f 2964/2964 2962/2962 2965/2965
f 2965/2965 2962/2962 2966/2966
f 2962/2962 2961/2961 2966/2966
f 2966/2966 2961/2961 2967/2967
f 2961/2961 2959/2959 2967/2967
f 2967/2967 2959/2959 2968/2968
f 2968/2968 2959/2959 2969/2969
f 2969/2969 2959/2959 2970/2970
f 2959/2959 2960/2960 2970/2970
f 2970/2970 2960/2960 2971/2971
f 2963/2963 2964/2964 2972/2972
f 2972/2972 2964/2964 2973/2973
f 2973/2973 2964/2964 2974/2974
f 2964/2964 2965/2965 2974/2974
f 2965/2965 2975/2975 2974/2974
f 2974/2974 2975/2975 2976/2976
f 2975/2975 2977/2977 2976/2976
f 2976/2976 2977/2977 2978/2978
f 2977/2977 2979/2979 2978/2978
f 2979/2979 2980/2980 2978/2978
f 2980/2980 2981/2981 2978/2978
f 2981/2981 2982/2982 2978/2978
f 2982/2982 2983/2983 2978/2978
f 2978/2978 2983/2983 2984/2984
f 2978/2978 2984/2984 2976/2976
f 2976/2976 2984/2984 2974/2974
f 2984/2984 2973/2973 2974/2974
f 2985/2985 2986/2986 2987/2987
f 2986/2986 2988/2988 2987/2987
f 2987/2987 2988/2988 2989/2989
f 2988/2988 2990/2990 2989/2989
f 2989/2989 2990/2990 2991/2991
f 2990/2990 2992/2992 2991/2991
f 2991/2991 2992/2992 2980/2980
f 2992/2992 2993/2993 2980/2980
f 2980/2980 2993/2993 2981/2981
f 2981/2981 2993/2993 2994/2994
f 2994/2994 2993/2993 2995/2995
f 2995/2995 2993/2993 2996/2996
f 2996/2996 2993/2993 2997/2997
f 2993/2993 2992/2992 2997/2997
f 2997/2997 2992/2992 2998/2998
f 2992/2992 2990/2990 2998/2998
f 2998/2998 2990/2990 2999/2999
f 2990/2990 2988/2988 2999/2999
f 2988/2988 2986/2986 2999/2999
f 2986/2986 3000/3000 2999/2999
f 3000/3000 3001/3001 2999/2999
f 2999/2999 3001/3001 3002/3002
f 3001/3001 3003/3003 3002/3002
f 3003/3003 3004/3004 3002/3002
f 3002/3002 3004/3004 3005/3005
f 3004/3004 3006/3006 3005/3005
f 3006/3006 3007/3007 3005/3005
f 3005/3005 3007/3007 3008/3008
f 3008/3008 2996/2996 3005/3005
f 2996/2996 2997/2997 3005/3005
f 3005/3005 2997/2997 3002/3002
f 2997/2997 2998/2998 3002/3002
f 3002/3002 2998/2998 2999/2999
f 2551/2551 2550/2550 2582/2582
f 2582/2582 2550/2550 3009/3009
f 2272/2272 2260/2260 2269/2269
f 2269/2269 2260/2260 2261/2261
f 2271/2271 2275/2275 2274/2274
f 2275/2275 2340/2340 2274/2274
f 2340/2340 2341/2341 2274/2274
f 2341/2341 3010/3010 2274/2274
f 2274/2274 3010/3010 2273/2273
f 3010/3010 3011/3011 2273/2273
f 3011/3011 3012/3012 2273/2273
f 2273/2273 3012/3012 2272/2272
f 3012/3012 3013/3013 2272/2272
f 2272/2272 3013/3013 2260/2260
f 2260/2260 3013/3013 2250/2250
f 3013/3013 2251/2251 2250/2250
f 2347/2347 2942/2942 2341/2341
f 2341/2341 2942/2942 3010/3010
f 2942/2942 2941/2941 3010/3010
f 3010/3010 2941/2941 3011/3011
f 2941/2941 2940/2940 3011/3011
f 3011/3011 2940/2940 3012/3012
f 2940/2940 3014/3014 3012/3012
f 3012/3012 3014/3014 3013/3013
f 3013/3013 3014/3014 2251/2251
f 2251/2251 3014/3014 2253/2253
f 2253/2253 3014/3014 2939/2939
f 2939/2939 3014/3014 2938/2938
f 3014/3014 2940/2940 2938/2938
f 2938/2938 2940/2940 2937/2937
f 3015/3015 3016/3016 2918/2918
f 2918/2918 3016/3016 2928/2928
f 3016/3016 3017/3017 2928/2928
f 2928/2928 3017/3017 2930/2930
f 3017/3017 3018/3018 2930/2930
f 2930/2930 3018/3018 2932/2932
f 3018/3018 3019/3019 2932/2932
f 2932/2932 3019/3019 2939/2939
f 3019/3019 3020/3020 2939/2939
f 2939/2939 3020/3020 2253/2253
f 2253/2253 3020/3020 2252/2252
f 3020/3020 3021/3021 2252/2252
f 3021/3021 2242/2242 2252/2252
f 2252/2252 2242/2242 2243/2243
f 2918/2918 3022/3022 3015/3015
f 3015/3015 3022/3022 3023/3023
f 3023/3023 3022/3022 3024/3024
f 3024/3024 3022/3022 3025/3025
f 3022/3022 3026/3026 3025/3025
f 3025/3025 3026/3026 3027/3027
f 2918/2918 2919/2919 3022/3022
f 3022/3022 2919/2919 3026/3026
f 2919/2919 2921/2921 3026/3026
f 2921/2921 3028/3028 3026/3026
f 3026/3026 3028/3028 3027/3027
f 3028/3028 3029/3029 3027/3027
f 3029/3029 3030/3030 3027/3027
f 3030/3030 3031/3031 3027/3027
f 3027/3027 3031/3031 3025/3025
f 3031/3031 3032/3032 3025/3025
f 3025/3025 3032/3032 3024/3024
f 3032/3032 3033/3033 3024/3024
f 3024/3024 3033/3033 3023/3023
f 3023/3023 3033/3033 3034/3034
f 3035/3035 3036/3036 3037/3037
f 3037/3037 3036/3036 3038/3038
f 3038/3038 3036/3036 3039/3039
f 3036/3036 3040/3040 3039/3039
f 2479/2479 2480/2480 2478/2478
f 2478/2478 2480/2480 2492/2492
f 3041/3041 3042/3042 3043/3043
f 3043/3043 3042/3042 3044/3044
f 3044/3044 3042/3042 3045/3045
f 3042/3042 3046/3046 3045/3045
f 2459/2459 2450/2450 2784/2784
f 2450/2450 2449/2449 2784/2784
f 2784/2784 2449/2449 2448/2448
f 3047/3047 3048/3048 3049/3049
f 3048/3048 3050/3050 3049/3049
f 3049/3049 3050/3050 3051/3051
f 3050/3050 3052/3052 3051/3051
f 3047/3047 3049/3049 3053/3053
f 3049/3049 3054/3054 3053/3053
f 3054/3054 3055/3055 3053/3053
f 3053/3053 3055/3055 3056/3056
f 3056/3056 3055/3055 3057/3057
f 3055/3055 3058/3058 3057/3057
f 3057/3057 3058/3058 3059/3059
f 3048/3048 3047/3047 3060/3060
f 3060/3060 3047/3047 3061/3061
f 3047/3047 3053/3053 3061/3061
f 3061/3061 3053/3053 3062/3062
f 3053/3053 3056/3056 3062/3062
f 3062/3062 3056/3056 3063/3063
f 3056/3056 3057/3057 3063/3063
f 3063/3063 3057/3057 3064/3064
f 3057/3057 3059/3059 3064/3064
f 3064/3064 3059/3059 3065/3065
f 3065/3065 3059/3059 3066/3066
f 3059/3059 2691/2691 3066/3066
f 2691/2691 2689/2689 3066/3066
f 3066/3066 2689/2689 2694/2694
f 2693/2693 2692/2692 3067/3067
f 3067/3067 2692/2692 3068/3068
f 3068/3068 2692/2692 3069/3069
f 2692/2692 2691/2691 3069/3069
f 2691/2691 3059/3059 3069/3069
f 3059/3059 3058/3058 3069/3069
f 3069/3069 3058/3058 3068/3068
f 3068/3068 3058/3058 3070/3070
f 3058/3058 3055/3055 3070/3070
f 3070/3070 3055/3055 3071/3071
f 3055/3055 3054/3054 3071/3071
f 3071/3071 3054/3054 3072/3072
f 3054/3054 3049/3049 3072/3072
f 3072/3072 3049/3049 3051/3051
f 3073/3073 3074/3074 3075/3075
f 3075/3075 3074/3074 3076/3076
f 3074/3074 3077/3077 3076/3076
f 3076/3076 3077/3077 3078/3078
f 3077/3077 3079/3079 3078/3078
f 3078/3078 3079/3079 3080/3080
f 3081/3081 3082/3082 3083/3083
f 3083/3083 3082/3082 3084/3084
f 3082/3082 3085/3085 3084/3084
f 3084/3084 3085/3085 3086/3086
f 3085/3085 3087/3087 3086/3086
f 3081/3081 3088/3088 3082/3082
f 3088/3088 3089/3089 3082/3082
f 3089/3089 3090/3090 3082/3082
f 3082/3082 3090/3090 3085/3085
f 3090/3090 3091/3091 3085/3085
f 3091/3091 3092/3092 3085/3085
f 3085/3085 3092/3092 3087/3087
f 3092/3092 3093/3093 3087/3087
f 3093/3093 3094/3094 3087/3087
f 3094/3094 3095/3095 3087/3087
f 3095/3095 3096/3096 3087/3087
f 3087/3087 3096/3096 3086/3086
f 3096/3096 3097/3097 3086/3086
f 3086/3086 3097/3097 3084/3084
f 3097/3097 3098/3098 3084/3084
f 3084/3084 3098/3098 3083/3083
f 3083/3083 3098/3098 3099/3099
f 3099/3099 3098/3098 2971/2971
f 2971/2971 3098/3098 2970/2970
f 2970/2970 3098/3098 2969/2969
f 3098/3098 3097/3097 2969/2969
f 2969/2969 3097/3097 3100/3100
f 3097/3097 3096/3096 3100/3100
f 3100/3100 3096/3096 3101/3101
f 3096/3096 3095/3095 3101/3101
f 3101/3101 3095/3095 3102/3102
f 3095/3095 3094/3094 3102/3102
f 3102/3102 3094/3094 3103/3103
f 3104/3104 3105/3105 3106/3106
f 3106/3106 3105/3105 3107/3107
f 3107/3107 3105/3105 3108/3108
f 3108/3108 3105/3105 3109/3109
f 3105/3105 3110/3110 3109/3109
f 3109/3109 3111/3111 3108/3108
f 3111/3111 3112/3112 3108/3108
f 3108/3108 3112/3112 3107/3107
f 3107/3107 3112/3112 3113/3113
f 3113/3113 3112/3112 3114/3114
f 3114/3114 3112/3112 3115/3115
f 3115/3115 3112/3112 3116/3116
f 3112/3112 3111/3111 3116/3116
f 3107/3107 3113/3113 3117/3117
f 3117/3117 3113/3113 3118/3118
f 3113/3113 3114/3114 3118/3118
f 3118/3118 3114/3114 3119/3119
f 3119/3119 3114/3114 3120/3120
f 3114/3114 3121/3121 3120/3120
f 3121/3121 3122/3122 3120/3120
f 3120/3120 3122/3122 3123/3123
f 3122/3122 3124/3124 3123/3123
f 3123/3123 3124/3124 3125/3125
f 3116/3116 3126/3126 3115/3115
f 3126/3126 3127/3127 3115/3115
f 3115/3115 3127/3127 3114/3114
f 3114/3114 3127/3127 3121/3121
f 3121/3121 3127/3127 3122/3122
f 3127/3127 3128/3128 3122/3122
f 3122/3122 3128/3128 3124/3124
f 3124/3124 3128/3128 3129/3129
f 3129/3129 3128/3128 3130/3130
f 3130/3130 3128/3128 3131/3131
f 3131/3131 3128/3128 3126/3126
f 3128/3128 3127/3127 3126/3126
f 3132/3132 3133/3133 3134/3134
f 3134/3134 3133/3133 3135/3135
f 3133/3133 3136/3136 3135/3135
f 3135/3135 3136/3136 3137/3137
f 3136/3136 3138/3138 3137/3137
f 3137/3137 3138/3138 3139/3139
f 3134/3134 3140/3140 3132/3132
f 3132/3132 3140/3140 3141/3141
f 3140/3140 3142/3142 3141/3141
f 3142/3142 3143/3143 3141/3141
f 3143/3143 3144/3144 3141/3141
f 3144/3144 3145/3145 3141/3141
f 3141/3141 3145/3145 3132/3132
f 3145/3145 3146/3146 3132/3132
f 3132/3132 3146/3146 3133/3133
f 3146/3146 3147/3147 3133/3133
f 3133/3133 3147/3147 3136/3136
f 3147/3147 3148/3148 3136/3136
f 3136/3136 3148/3148 3138/3138
f 3138/3138 3148/3148 3139/3139
f 2536/2536 3149/3149 2541/2541
f 3149/3149 3139/3139 2541/2541
f 2541/2541 3139/3139 2546/2546
f 3139/3139 3148/3148 2546/2546
f 2546/2546 3148/3148 2548/2548
f 3148/3148 3147/3147 2548/2548
f 2548/2548 3147/3147 3150/3150
f 3147/3147 3146/3146 3150/3150
f 3150/3150 3146/3146 3151/3151
f 3146/3146 3145/3145 3151/3151
f 3151/3151 3145/3145 3152/3152
f 3152/3152 3145/3145 3153/3153
f 3145/3145 3144/3144 3153/3153
f 3153/3153 3144/3144 3154/3154
f 3155/3155 3156/3156 3157/3157
f 3157/3157 3156/3156 3158/3158
f 3158/3158 3156/3156 3159/3159
f 3159/3159 3156/3156 3160/3160
f 3160/3160 3156/3156 3161/3161
f 3156/3156 3155/3155 3161/3161
f 3157/3157 3162/3162 3155/3155
f 3155/3155 3162/3162 3163/3163
f 3162/3162 3164/3164 3163/3163
f 3164/3164 3165/3165 3163/3163
f 3165/3165 3166/3166 3163/3163
f 3163/3163 3166/3166 3155/3155
f 3155/3155 3166/3166 3161/3161
f 3166/3166 3167/3167 3161/3161
f 3161/3161 3167/3167 3160/3160
f 3167/3167 3168/3168 3160/3160
f 3160/3160 3168/3168 3159/3159
f 3168/3168 3169/3169 3159/3159
f 3159/3159 3169/3169 3170/3170
f 3170/3170 3169/3169 3171/3171
f 3172/3172 3173/3173 3166/3166
f 3173/3173 3174/3174 3166/3166
f 3174/3174 3175/3175 3166/3166
f 3175/3175 3176/3176 3166/3166
f 3166/3166 3176/3176 3177/3177
f 3176/3176 3168/3168 3177/3177
f 3168/3168 3167/3167 3177/3177
f 3177/3177 3167/3167 3166/3166
f 3175/3175 3178/3178 3176/3176
f 3178/3178 3179/3179 3176/3176
f 3176/3176 3179/3179 3168/3168
f 3168/3168 3179/3179 3169/3169
f 3169/3169 3179/3179 3171/3171
f 3179/3179 3178/3178 3171/3171
f 3171/3171 3178/3178 3180/3180
f 3178/3178 3181/3181 3180/3180
f 3180/3180 3181/3181 3182/3182
f 3182/3182 3181/3181 3183/3183
f 3181/3181 3184/3184 3183/3183
f 3183/3183 3184/3184 3185/3185
f 3184/3184 3186/3186 3185/3185
f 3185/3185 3186/3186 3187/3187
f 3175/3175 3174/3174 3178/3178
f 3178/3178 3174/3174 3181/3181
f 3181/3181 3174/3174 3184/3184
f 3174/3174 3173/3173 3184/3184
f 3173/3173 3172/3172 3184/3184
f 3184/3184 3172/3172 3186/3186
f 3170/3170 3171/3171 3188/3188
f 3188/3188 3171/3171 3189/3189
f 3171/3171 3180/3180 3189/3189
f 3180/3180 3182/3182 3189/3189
f 3189/3189 3182/3182 3190/3190
f 3190/3190 3182/3182 3191/3191
f 3182/3182 3183/3183 3191/3191
f 3183/3183 3185/3185 3191/3191
f 3191/3191 3185/3185 3192/3192
f 3192/3192 3185/3185 3193/3193
f 3185/3185 3187/3187 3193/3193
f 3193/3193 3187/3187 3194/3194
f 3194/3194 3187/3187 3195/3195
f 3195/3195 3187/3187 3186/3186
f 3158/3158 3159/3159 3196/3196
f 3159/3159 3170/3170 3196/3196
f 3196/3196 3170/3170 3197/3197
f 3170/3170 3188/3188 3197/3197
f 3197/3197 3188/3188 3198/3198
f 3198/3198 3188/3188 3199/3199
f 3188/3188 3189/3189 3199/3199
f 3189/3189 3190/3190 3199/3199
f 3199/3199 3190/3190 3200/3200
f 3200/3200 3190/3190 3201/3201
f 3190/3190 3191/3191 3201/3201
f 3191/3191 3192/3192 3201/3201
f 3201/3201 3192/3192 3202/3202
f 3202/3202 3192/3192 3203/3203
f 3204/3204 3198/3198 3205/3205
f 3198/3198 3199/3199 3205/3205
f 3205/3205 3199/3199 3206/3206
f 3199/3199 3200/3200 3206/3206
f 3206/3206 3200/3200 3207/3207
f 3207/3207 3200/3200 3208/3208
f 3200/3200 3201/3201 3208/3208
f 3208/3208 3201/3201 3209/3209
f 3201/3201 3202/3202 3209/3209
f 3209/3209 3202/3202 3210/3210
f 3202/3202 3203/3203 3210/3210
f 3210/3210 3203/3203 3211/3211
f 3203/3203 3212/3212 3211/3211
f 3211/3211 3212/3212 3213/3213
f 3209/3209 3214/3214 3208/3208
f 3208/3208 3214/3214 3207/3207
f 3214/3214 3215/3215 3207/3207
f 3215/3215 3216/3216 3207/3207
f 3207/3207 3216/3216 3206/3206
f 3206/3206 3216/3216 3205/3205
f 3216/3216 3217/3217 3205/3205
f 3217/3217 3218/3218 3205/3205
f 3205/3205 3218/3218 3204/3204
f 3218/3218 3219/3219 3204/3204
f 3204/3204 3219/3219 3220/3220
f 3220/3220 3219/3219 3221/3221
f 3219/3219 3222/3222 3221/3221
f 3221/3221 3222/3222 3223/3223
f 3211/3211 3213/3213 3224/3224
f 3213/3213 3225/3225 3224/3224
f 3224/3224 3225/3225 3226/3226
f 3225/3225 3221/3221 3226/3226
f 3221/3221 3223/3223 3226/3226
f 3226/3226 3223/3223 3224/3224
f 3223/3223 3227/3227 3224/3224
f 3227/3227 3228/3228 3224/3224
f 3224/3224 3228/3228 3211/3211
f 3211/3211 3228/3228 3210/3210
f 3228/3228 3229/3229 3210/3210
f 3210/3210 3229/3229 3209/3209
f 3229/3229 3230/3230 3209/3209
f 3209/3209 3230/3230 3214/3214
f 2793/2793 2802/2802 2792/2792
f 2792/2792 2802/2802 3231/3231
f 2802/2802 2804/2804 3231/3231
f 2804/2804 2845/2845 3231/3231
f 2845/2845 2850/2850 3231/3231
f 2850/2850 2853/2853 3231/3231
f 3231/3231 2853/2853 2792/2792
f 3232/3232 3233/3233 3234/3234
f 3233/3233 3235/3235 3234/3234
f 3234/3234 3235/3235 3236/3236
f 3236/3236 3235/3235 3237/3237
f 3237/3237 3235/3235 3238/3238
f 3238/3238 3235/3235 3239/3239
f 3239/3239 3235/3235 3240/3240
f 3235/3235 3233/3233 3240/3240
f 3240/3240 3233/3233 3241/3241
f 3233/3233 3232/3232 3241/3241
f 3242/3242 3243/3243 3244/3244
f 3244/3244 3243/3243 3245/3245
f 3243/3243 3246/3246 3245/3245
f 3246/3246 3247/3247 3245/3245
f 3247/3247 3248/3248 3245/3245
f 3248/3248 3249/3249 3245/3245
f 3249/3249 3250/3250 3245/3245
f 3245/3245 3250/3250 3244/3244
f 3250/3250 3251/3251 3244/3244
f 3244/3244 3251/3251 3242/3242
f 3252/3252 3253/3253 3254/3254
f 3253/3253 3255/3255 3254/3254
f 3254/3254 3255/3255 3256/3256
f 3255/3255 3257/3257 3256/3256
f 3257/3257 3258/3258 3256/3256
f 3258/3258 3259/3259 3256/3256
f 3259/3259 3260/3260 3256/3256
f 3260/3260 3261/3261 3256/3256
f 3256/3256 3261/3261 3254/3254
f 3262/3262 3257/3257 3263/3263
f 3257/3257 3255/3255 3263/3263
f 3263/3263 3255/3255 3264/3264
f 3255/3255 3253/3253 3264/3264
f 3253/3253 3252/3252 3264/3264
f 3264/3264 3252/3252 3265/3265
f 3265/3265 3252/3252 3266/3266
f 3252/3252 3267/3267 3266/3266
f 3266/3266 3267/3267 3268/3268
f 3267/3267 3104/3104 3268/3268
f 3268/3268 3104/3104 3269/3269
f 3104/3104 3106/3106 3269/3269
f 3106/3106 3107/3107 3269/3269
f 3269/3269 3107/3107 3117/3117
f 3105/3105 3104/3104 3270/3270
f 3270/3270 3104/3104 3271/3271
f 3104/3104 3267/3267 3271/3271
f 3267/3267 3252/3252 3271/3271
f 3271/3271 3252/3252 3272/3272
f 3252/3252 3254/3254 3272/3272
f 3254/3254 3261/3261 3272/3272
f 3261/3261 3273/3273 3272/3272
f 3272/3272 3273/3273 3271/3271
f 3273/3273 3274/3274 3271/3271
f 3271/3271 3274/3274 3270/3270
f 3274/3274 3275/3275 3270/3270
f 3270/3270 3275/3275 3105/3105
f 3105/3105 3275/3275 3110/3110
f 2382/2382 3276/3276 2384/2384
f 2384/2384 3276/3276 2389/2389
f 3276/3276 3277/3277 2389/2389
f 3277/3277 3278/3278 2389/2389
f 2389/2389 3278/3278 2390/2390
f 2390/2390 3278/3278 2311/2311
f 3278/3278 3279/3279 2311/2311
f 2311/2311 3279/3279 2310/2310
f 3279/3279 3280/3280 2310/2310
f 3280/3280 3281/3281 2310/2310
f 2310/2310 3281/3281 2308/2308
f 2308/2308 3281/3281 2306/2306
f 3281/3281 3282/3282 2306/2306
f 2306/2306 3282/3282 2312/2312
f 2328/2328 3283/3283 2327/2327
f 3283/3283 3284/3284 2327/2327
f 2327/2327 3284/3284 2334/2334
f 3284/3284 3285/3285 2334/2334
f 2334/2334 3285/3285 2335/2335
f 2335/2335 3285/3285 2338/2338
f 3285/3285 3286/3286 2338/2338
f 2338/2338 3286/3286 2339/2339
f 3286/3286 3287/3287 2339/2339
f 3287/3287 3288/3288 2339/2339
f 2339/2339 3288/3288 2368/2368
f 2368/2368 3288/3288 2369/2369
f 3288/3288 3289/3289 2369/2369
f 2369/2369 3289/3289 2374/2374
f 3198/3198 3204/3204 3197/3197
f 3204/3204 3220/3220 3197/3197
f 3197/3197 3220/3220 3196/3196
f 3196/3196 3220/3220 3290/3290
f 3220/3220 3221/3221 3290/3290
f 3221/3221 3225/3225 3290/3290
f 3290/3290 3225/3225 3291/3291
f 3225/3225 3213/3213 3291/3291
f 3291/3291 3213/3213 3292/3292
f 3213/3213 3212/3212 3292/3292
f 3292/3292 3212/3212 3194/3194
f 3194/3194 3212/3212 3193/3193
f 3212/3212 3203/3203 3193/3193
f 3193/3193 3203/3203 3192/3192
f 3196/3196 3290/3290 3158/3158
f 3290/3290 3291/3291 3158/3158
f 3158/3158 3291/3291 3157/3157
f 3291/3291 3292/3292 3157/3157
f 3157/3157 3292/3292 3162/3162
f 3292/3292 3194/3194 3162/3162
f 3162/3162 3194/3194 3164/3164
f 3194/3194 3195/3195 3164/3164
f 3164/3164 3195/3195 3165/3165
f 3195/3195 3293/3293 3165/3165
f 3165/3165 3293/3293 3166/3166
f 3166/3166 3293/3293 3172/3172
f 3293/3293 3195/3195 3172/3172
f 3172/3172 3195/3195 3186/3186
f 2994/2994 2982/2982 2981/2981
f 2982/2982 3294/3294 2983/2983
f 3294/3294 3295/3295 2983/2983
f 2983/2983 3295/3295 2984/2984
f 3295/3295 3296/3296 2984/2984
f 2984/2984 3296/3296 2973/2973
f 3296/3296 3297/3297 2973/2973
f 2973/2973 3297/3297 2972/2972
f 2972/2972 3297/3297 2963/2963
f 3297/3297 3298/3298 2963/2963
f 2963/2963 3298/3298 2957/2957
f 3298/3298 3299/3299 2957/2957
f 2957/2957 3299/3299 2958/2958
f 3299/3299 3300/3300 2958/2958
f 2958/2958 3300/3300 2960/2960
f 3295/3295 3301/3301 3296/3296
f 3296/3296 3301/3301 3297/3297
f 3297/3297 3301/3301 3298/3298
f 3301/3301 3299/3299 3298/3298
f 3094/3094 3093/3093 3103/3103
f 3093/3093 3092/3092 3302/3302
f 3302/3302 3092/3092 3303/3303
f 3092/3092 3091/3091 3303/3303
f 3303/3303 3091/3091 3304/3304
f 3091/3091 3305/3305 3304/3304
f 3089/3089 3306/3306 3090/3090
f 3090/3090 3306/3306 3091/3091
f 3091/3091 3306/3306 3305/3305
f 3306/3306 3307/3307 3305/3305
f 3305/3305 3307/3307 3308/3308
f 3308/3308 3307/3307 3309/3309
f 3307/3307 3310/3310 3309/3309
f 3089/3089 3311/3311 3306/3306
f 3306/3306 3311/3311 3307/3307
f 3311/3311 3312/3312 3307/3307
f 3312/3312 3313/3313 3307/3307
f 3307/3307 3313/3313 3310/3310
f 3313/3313 3006/3006 3310/3310
f 3006/3006 3004/3004 3310/3310
f 3004/3004 3003/3003 3310/3310
f 3310/3310 3003/3003 3309/3309
f 3309/3309 3003/3003 3314/3314
f 3314/3314 3003/3003 3315/3315
f 3003/3003 3001/3001 3315/3315
f 3315/3315 3001/3001 3316/3316
f 3316/3316 3001/3001 3000/3000
f 3317/3317 3318/3318 3311/3311
f 3311/3311 3318/3318 3312/3312
f 3312/3312 3318/3318 3313/3313
f 3318/3318 3319/3319 3313/3313
f 3313/3313 3319/3319 3006/3006
f 3319/3319 3007/3007 3006/3006
f 2996/2996 3008/3008 2995/2995
f 2995/2995 3008/3008 3320/3320
f 3320/3320 3008/3008 3321/3321
f 3008/3008 3007/3007 3321/3321
f 3007/3007 3319/3319 3321/3321
f 3321/3321 3319/3319 3322/3322
f 3322/3322 3319/3319 3323/3323
f 3319/3319 3318/3318 3323/3323
f 3318/3318 3317/3317 3323/3323
f 3323/3323 3317/3317 3324/3324
f 3324/3324 3317/3317 3325/3325
f 3325/3325 3317/3317 3088/3088
f 3088/3088 3317/3317 3089/3089
f 3317/3317 3311/3311 3089/3089
f 3088/3088 3081/3081 3325/3325
f 3325/3325 3081/3081 3326/3326
f 3326/3326 3081/3081 3099/3099
f 3081/3081 3083/3083 3099/3099
f 3327/3327 3328/3328 3329/3329
f 2220/2220 2219/2219 2222/2222
f 3330/3330 3331/3331 3332/3332
f 3333/3333 3334/3334 3335/3335
f 3334/3334 3336/3336 3335/3335
f 3335/3335 3336/3336 3337/3337
f 3337/3337 3336/3336 3338/3338
f 3336/3336 3339/3339 3338/3338
f 3338/3338 3339/3339 3340/3340
f 3339/3339 3341/3341 3340/3340
f 3340/3340 3341/3341 3342/3342
f 3341/3341 3343/3343 3342/3342
f 3342/3342 3343/3343 3332/3332
f 3333/3333 3344/3344 3334/3334
f 3344/3344 3345/3345 3334/3334
f 3345/3345 3346/3346 3334/3334
f 3334/3334 3346/3346 3336/3336
f 3346/3346 3347/3347 3336/3336
f 3336/3336 3347/3347 3339/3339
f 3347/3347 3348/3348 3339/3339
f 3339/3339 3348/3348 3341/3341
f 3348/3348 3349/3349 3341/3341
f 3341/3341 3349/3349 3343/3343
f 3349/3349 3350/3350 3343/3343
f 3350/3350 3351/3351 3343/3343
f 3343/3343 3351/3351 3332/3332
f 3333/3333 3352/3352 3344/3344
f 3344/3344 3352/3352 3353/3353
f 3353/3353 3352/3352 3354/3354
f 3352/3352 3355/3355 3354/3354
f 3354/3354 3355/3355 3356/3356
f 3355/3355 3357/3357 3356/3356
f 3358/3358 2673/2673 2672/2672
f 2672/2672 3359/3359 3358/3358
f 3359/3359 3360/3360 3358/3358
f 3358/3358 3360/3360 3361/3361
f 3360/3360 3362/3362 3361/3361
f 3361/3361 3362/3362 3363/3363
f 3362/3362 3364/3364 3363/3363
f 3363/3363 3364/3364 3365/3365
f 3364/3364 3366/3366 3365/3365
f 3365/3365 3366/3366 3367/3367
f 3366/3366 3368/3368 3367/3367
f 3367/3367 3368/3368 3369/3369
f 3369/3369 3368/3368 3370/3370
f 3370/3370 3368/3368 3371/3371
f 3371/3371 3368/3368 3372/3372
f 3373/3373 3037/3037 3038/3038
f 3038/3038 3374/3374 3373/3373
f 3374/3374 3375/3375 3373/3373
f 3373/3373 3375/3375 3376/3376
f 3375/3375 3377/3377 3376/3376
f 3376/3376 3377/3377 3378/3378
f 3377/3377 3379/3379 3378/3378
f 3378/3378 3379/3379 3380/3380
f 3379/3379 3381/3381 3380/3380
f 3380/3380 3381/3381 3382/3382
f 3381/3381 3383/3383 3382/3382
f 3382/3382 3383/3383 3384/3384
f 3383/3383 3385/3385 3384/3384
f 3384/3384 3385/3385 3386/3386
f 3386/3386 3385/3385 3387/3387
f 3383/3383 3381/3381 3388/3388
f 3381/3381 3379/3379 3388/3388
f 3388/3388 3379/3379 3389/3389
f 3379/3379 3377/3377 3389/3389
f 3389/3389 3377/3377 3390/3390
f 3377/3377 3375/3375 3390/3390
f 3390/3390 3375/3375 3391/3391
f 3375/3375 3374/3374 3391/3391
f 3391/3391 3374/3374 3392/3392
f 3392/3392 3374/3374 3039/3039
f 3374/3374 3038/3038 3039/3039
f 3393/3393 3394/3394 3395/3395
f 3396/3396 3393/3393 3397/3397
f 3393/3393 3395/3395 3397/3397
f 3397/3397 3395/3395 3398/3398
f 3398/3398 3399/3399 3400/3400
f 3400/3400 3399/3399 3401/3401
f 3401/3401 3399/3399 3402/3402
f 3402/3402 3399/3399 3403/3403
f 3399/3399 3404/3404 3403/3403
f 3404/3404 3405/3405 3403/3403
f 3403/3403 3405/3405 3406/3406
f 3405/3405 3407/3407 3406/3406
f 3406/3406 3407/3407 3408/3408
f 3407/3407 3409/3409 3408/3408
f 3409/3409 3410/3410 3408/3408
f 3410/3410 3411/3411 3408/3408
f 3411/3411 3412/3412 3408/3408
f 3408/3408 3412/3412 3413/3413
f 3408/3408 3413/3413 3406/3406
f 3406/3406 3413/3413 3403/3403
f 3413/3413 3402/3402 3403/3403
f 3414/3414 3415/3415 3416/3416
f 3417/3417 3415/3415 3418/3418
f 3415/3415 3414/3414 3418/3418
f 3418/3418 3414/3414 3419/3419
f 3419/3419 3414/3414 3420/3420
f 3414/3414 3421/3421 3420/3420
f 3420/3420 3421/3421 3422/3422
f 3421/3421 3423/3423 3422/3422
f 3422/3422 3423/3423 3424/3424
f 3424/3424 3423/3423 3425/3425
f 3425/3425 3423/3423 3426/3426
f 3426/3426 3423/3423 3427/3427
f 3427/3427 3423/3423 3416/3416
f 3423/3423 3421/3421 3416/3416
f 3416/3416 3421/3421 3414/3414
f 3428/3428 3429/3429 3418/3418
f 3418/3418 3429/3429 3417/3417
f 3429/3429 3430/3430 3417/3417
f 2986/2986 2985/2985 3000/3000
f 3000/3000 2985/2985 3431/3431
f 3432/3432 3433/3433 3434/3434
f 3434/3434 3433/3433 3435/3435
f 3436/3436 3437/3437 3438/3438
f 3438/3438 3437/3437 3439/3439
f 3046/3046 3042/3042 3440/3440
f 3440/3440 3042/3042 3439/3439
f 3439/3439 3042/3042 3438/3438
f 3042/3042 3041/3041 3438/3438
f 3041/3041 3441/3441 3438/3438
f 3438/3438 3441/3441 3436/3436
f 3441/3441 3442/3442 3436/3436
f 3436/3436 3442/3442 3443/3443
f 3442/3442 3444/3444 3443/3443
f 3444/3444 3445/3445 3443/3443
f 3443/3443 3445/3445 3446/3446
f 3446/3446 3445/3445 3447/3447
f 3445/3445 3448/3448 3447/3447
f 3447/3447 3448/3448 3449/3449
f 3450/3450 3451/3451 3446/3446
f 3446/3446 3451/3451 3443/3443
f 3451/3451 3452/3452 3443/3443
f 3443/3443 3452/3452 3436/3436
f 3436/3436 3452/3452 3437/3437
f 3437/3437 3452/3452 3453/3453
f 3452/3452 3451/3451 3453/3453
f 3453/3453 3451/3451 3454/3454
f 3451/3451 3450/3450 3454/3454
f 3454/3454 3450/3450 3455/3455
f 3450/3450 3456/3456 3455/3455
f 3455/3455 3456/3456 3457/3457
f 3457/3457 3456/3456 3449/3449
f 3449/3449 3456/3456 3447/3447
f 3450/3450 3446/3446 3456/3456
f 3456/3456 3446/3446 3447/3447
f 3236/3236 3237/3237 3458/3458
f 3458/3458 3237/3237 3459/3459
f 3237/3237 3238/3238 3459/3459
f 3459/3459 3238/3238 3460/3460
f 3461/3461 3462/3462 3463/3463
f 3462/3462 3464/3464 3463/3463
f 3463/3463 3464/3464 3465/3465
f 3464/3464 3466/3466 3465/3465
f 2905/2905 3467/3467 2906/2906
f 3467/3467 3468/3468 2906/2906
f 2906/2906 3468/3468 2907/2907
f 3469/3469 3470/3470 3471/3471
f 3470/3470 3472/3472 3471/3471
f 3471/3471 3472/3472 3473/3473
f 3473/3473 3472/3472 3474/3474
f 3472/3472 3475/3475 3474/3474
f 3476/3476 3477/3477 3478/3478
f 3478/3478 3477/3477 3479/3479
f 3477/3477 3480/3480 3479/3479
f 3476/3476 3481/3481 3477/3477
f 3481/3481 3482/3482 3477/3477
f 3477/3477 3482/3482 3480/3480
f 3482/3482 3483/3483 3480/3480
f 3483/3483 3484/3484 3480/3480
f 3484/3484 3485/3485 3480/3480
f 3480/3480 3485/3485 3479/3479
f 3479/3479 3485/3485 3486/3486
f 3486/3486 3485/3485 3487/3487
f 3485/3485 3484/3484 3487/3487
f 3487/3487 3484/3484 3488/3488
f 3488/3488 3484/3484 3489/3489
f 3484/3484 3483/3483 3489/3489
f 3489/3489 3483/3483 3490/3490
f 3483/3483 3482/3482 3490/3490
f 3490/3490 3482/3482 3491/3491
f 3491/3491 3482/3482 3492/3492
f 3482/3482 3493/3493 3492/3492
f 3493/3493 3494/3494 3492/3492
f 3492/3492 3494/3494 3491/3491
f 3494/3494 3495/3495 3491/3491
f 3491/3491 3495/3495 3490/3490
f 3490/3490 3495/3495 3489/3489
f 3495/3495 3496/3496 3489/3489
f 3489/3489 3496/3496 3488/3488
f 3496/3496 3497/3497 3488/3488
f 3497/3497 3498/3498 3488/3488
f 3488/3488 3498/3498 3487/3487
f 3499/3499 3498/3498 3500/3500
f 3500/3500 3498/3498 3501/3501
f 3498/3498 3497/3497 3501/3501
f 3501/3501 3497/3497 3502/3502
f 3502/3502 3497/3497 3503/3503
f 3497/3497 3496/3496 3503/3503
f 3503/3503 3496/3496 3504/3504
f 3496/3496 3495/3495 3504/3504
f 3495/3495 3494/3494 3504/3504
f 3504/3504 3494/3494 3505/3505
f 3494/3494 3493/3493 3505/3505
f 3505/3505 3493/3493 3506/3506
f 3493/3493 3482/3482 3506/3506
f 3506/3506 3482/3482 3507/3507
f 3508/3508 3502/3502 2229/2229
f 2229/2229 3502/3502 2706/2706
f 3502/3502 3503/3503 2706/2706
f 2706/2706 3503/3503 3509/3509
f 3503/3503 3504/3504 3509/3509
f 3509/3509 3504/3504 3510/3510
f 3504/3504 3505/3505 3510/3510
f 3510/3510 3505/3505 3511/3511
f 3505/3505 3506/3506 3511/3511
f 3506/3506 3507/3507 3511/3511
f 3511/3511 3507/3507 3512/3512
f 3507/3507 3513/3513 3512/3512
f 3512/3512 3513/3513 3514/3514
f 3513/3513 3515/3515 3514/3514
f 2706/2706 3509/3509 2712/2712
f 3509/3509 3510/3510 2712/2712
f 2712/2712 3510/3510 2711/2711
f 3510/3510 3511/3511 2711/2711
f 3511/3511 3512/3512 2711/2711
f 2711/2711 3512/3512 2710/2710
f 3512/3512 3514/3514 2710/2710
f 3514/3514 3516/3516 2710/2710
f 2710/2710 3516/3516 2709/2709
f 3516/3516 3517/3517 2709/2709
f 2709/2709 3517/3517 2714/2714
f 2714/2714 3517/3517 2717/2717
f 3517/3517 3518/3518 2717/2717
f 2717/2717 3518/3518 2718/2718
f 3514/3514 3515/3515 3516/3516
f 3515/3515 3519/3519 3516/3516
f 3516/3516 3519/3519 3517/3517
f 3517/3517 3519/3519 3518/3518
f 3519/3519 3520/3520 3518/3518
f 3518/3518 3520/3520 3521/3521
f 3521/3521 3520/3520 3522/3522
f 3520/3520 3523/3523 3522/3522
f 3523/3523 3524/3524 3522/3522
f 3522/3522 3524/3524 3525/3525
f 3524/3524 3499/3499 3525/3525
f 3525/3525 3499/3499 3526/3526
f 3526/3526 3499/3499 3527/3527
f 3499/3499 3500/3500 3527/3527
f 3518/3518 3521/3521 2718/2718
f 2718/2718 3521/3521 3528/3528
f 3521/3521 3522/3522 3528/3528
f 3528/3528 3522/3522 3529/3529
f 3522/3522 3525/3525 3529/3529
f 3525/3525 3526/3526 3529/3529
f 3529/3529 3526/3526 3530/3530
f 3526/3526 3527/3527 3530/3530
f 3530/3530 3527/3527 3531/3531
f 3527/3527 3500/3500 3531/3531
f 3531/3531 3500/3500 3532/3532
f 3500/3500 3501/3501 3532/3532
f 3532/3532 3501/3501 3508/3508
f 3501/3501 3502/3502 3508/3508
f 3498/3498 3499/3499 3487/3487
f 3487/3487 3499/3499 3486/3486
f 3499/3499 3524/3524 3486/3486
f 3486/3486 3524/3524 3479/3479
f 3479/3479 3524/3524 3478/3478
f 3524/3524 3523/3523 3478/3478
f 3478/3478 3523/3523 3476/3476
f 3523/3523 3520/3520 3476/3476
f 3520/3520 3519/3519 3476/3476
f 3519/3519 3515/3515 3476/3476
f 3476/3476 3515/3515 3481/3481
f 3515/3515 3513/3513 3481/3481
f 3481/3481 3513/3513 3482/3482
f 3482/3482 3513/3513 3507/3507
f 3533/3533 3534/3534 3535/3535
f 3534/3534 3536/3536 3535/3535
f 3535/3535 3536/3536 3537/3537
f 3537/3537 3536/3536 3538/3538
f 3536/3536 3539/3539 3538/3538
f 3540/3540 3541/3541 3542/3542
f 3542/3542 3541/3541 3533/3533
f 3541/3541 3543/3543 3533/3533
f 3533/3533 3543/3543 3534/3534
f 3543/3543 3544/3544 3534/3534
f 3534/3534 3544/3544 3536/3536
f 3536/3536 3544/3544 3539/3539
f 3539/3539 3544/3544 2218/2218
f 3544/3544 2216/2216 2218/2218
f 3545/3545 3546/3546 3547/3547
f 3547/3547 3546/3546 3548/3548
f 3546/3546 3549/3549 3548/3548
f 3548/3548 3549/3549 3550/3550
f 3549/3549 3551/3551 3550/3550
f 3552/3552 2679/2679 3551/3551
f 2679/2679 2677/2677 3551/3551
f 3551/3551 2677/2677 3550/3550
f 2677/2677 2676/2676 3550/3550
f 2676/2676 3553/3553 3550/3550
f 3553/3553 3554/3554 3550/3550
f 3550/3550 3554/3554 3548/3548
f 3554/3554 3555/3555 3548/3548
f 3548/3548 3555/3555 3547/3547
f 3555/3555 3556/3556 3547/3547
f 3547/3547 3556/3556 3557/3557
f 3556/3556 3558/3558 3557/3557
f 3557/3557 3558/3558 3559/3559
f 3558/3558 3560/3560 3559/3559
f 3559/3559 3560/3560 3561/3561
f 3560/3560 3562/3562 3561/3561
f 3561/3561 3562/3562 3563/3563
f 3562/3562 3564/3564 3563/3563
f 3564/3564 3565/3565 3563/3563
f 3565/3565 3566/3566 3563/3563
f 3566/3566 3567/3567 3563/3563
f 3563/3563 3567/3567 3561/3561
f 3567/3567 3568/3568 3561/3561
f 3561/3561 3568/3568 3559/3559
f 3568/3568 3569/3569 3559/3559
f 3559/3559 3569/3569 3557/3557
f 3569/3569 3545/3545 3557/3557
f 3557/3557 3545/3545 3547/3547
f 3570/3570 3571/3571 3572/3572
f 3572/3572 3571/3571 3573/3573
f 3571/3571 3574/3574 3573/3573
f 3574/3574 3575/3575 3573/3573
f 3573/3573 3575/3575 3576/3576
f 3577/3577 3575/3575 3578/3578
f 3578/3578 3575/3575 3579/3579
f 3575/3575 3574/3574 3579/3579
f 3579/3579 3574/3574 3580/3580
f 3580/3580 3574/3574 3581/3581
f 3574/3574 3571/3571 3581/3581
f 3581/3581 3571/3571 3582/3582
f 3571/3571 3570/3570 3582/3582
f 3582/3582 3570/3570 3583/3583
f 3570/3570 3584/3584 3583/3583
f 3583/3583 3584/3584 3585/3585
f 3584/3584 3586/3586 3585/3585
f 3585/3585 3586/3586 3587/3587
f 3586/3586 3588/3588 3587/3587
f 3587/3587 3588/3588 3589/3589
f 3588/3588 3590/3590 3589/3589
f 3589/3589 3590/3590 3591/3591
f 3591/3591 3590/3590 2226/2226
f 2226/2226 3590/3590 2224/2224
f 2224/2224 3590/3590 3592/3592
f 3590/3590 3588/3588 3592/3592
f 3592/3592 3588/3588 3593/3593
f 3588/3588 3586/3586 3593/3593
f 3593/3593 3586/3586 3594/3594
f 3586/3586 3584/3584 3594/3594
f 3594/3594 3584/3584 3595/3595
f 3584/3584 3570/3570 3595/3595
f 3595/3595 3570/3570 3572/3572
f 3596/3596 3597/3597 3598/3598
f 3598/3598 3597/3597 3599/3599
f 3597/3597 3600/3600 3599/3599
f 3599/3599 3600/3600 3601/3601
f 3600/3600 3602/3602 3601/3601
f 3601/3601 3602/3602 3603/3603
f 3602/3602 2668/2668 3603/3603
f 3603/3603 2668/2668 2670/2670
f 3604/3604 3605/3605 3606/3606
f 3606/3606 3605/3605 3607/3607
f 3605/3605 3608/3608 3607/3607
f 3608/3608 3609/3609 3607/3607
f 3609/3609 3610/3610 3607/3607
f 3607/3607 3610/3610 3611/3611
f 3604/3604 3606/3606 3612/3612
f 3606/3606 3613/3613 3612/3612
f 3612/3612 3613/3613 3608/3608
f 3613/3613 3614/3614 3608/3608
f 3608/3608 3614/3614 3609/3609
f 3609/3609 3614/3614 3610/3610
f 3614/3614 3613/3613 3610/3610
f 3610/3610 3613/3613 3615/3615
f 3615/3615 3613/3613 3616/3616
f 3616/3616 3613/3613 3617/3617
f 3613/3613 3606/3606 3617/3617
f 3617/3617 3606/3606 3618/3618
f 3606/3606 3607/3607 3618/3618
f 3618/3618 3607/3607 3611/3611
f 3604/3604 3619/3619 3605/3605
f 3619/3619 3620/3620 3605/3605
f 3605/3605 3620/3620 3608/3608
f 3608/3608 3620/3620 3612/3612
f 3620/3620 3621/3621 3612/3612
f 3612/3612 3621/3621 3604/3604
f 3621/3621 3622/3622 3604/3604
f 3604/3604 3622/3622 3619/3619
f 3622/3622 3623/3623 3619/3619
f 3623/3623 3624/3624 3619/3619
f 3619/3619 3624/3624 3620/3620
f 3620/3620 3624/3624 3621/3621
f 3624/3624 3625/3625 3621/3621
f 3621/3621 3625/3625 3622/3622
f 3625/3625 3626/3626 3622/3622
f 3622/3622 3626/3626 3623/3623
f 3626/3626 3627/3627 3623/3623
f 3623/3623 3627/3627 3624/3624
f 3624/3624 3627/3627 3625/3625
f 3627/3627 3626/3626 3625/3625
f 3628/3628 3629/3629 3630/3630
f 3629/3629 3631/3631 3630/3630
f 3630/3630 3631/3631 3632/3632
f 3631/3631 3633/3633 3632/3632
f 3632/3632 3633/3633 3634/3634
f 3634/3634 3633/3633 3635/3635
f 3633/3633 3636/3636 3635/3635
f 3637/3637 3636/3636 3638/3638
f 3636/3636 3633/3633 3638/3638
f 3633/3633 3631/3631 3638/3638
f 3638/3638 3631/3631 3639/3639
f 3631/3631 3629/3629 3639/3639
f 3639/3639 3629/3629 3640/3640
f 3629/3629 3628/3628 3640/3640
f 3640/3640 3628/3628 3641/3641
f 3628/3628 3642/3642 3641/3641
f 3642/3642 3643/3643 3641/3641
f 3641/3641 3643/3643 3644/3644
f 3643/3643 3645/3645 3644/3644
f 3644/3644 3645/3645 2923/2923
f 2923/2923 3645/3645 3646/3646
f 3628/3628 3630/3630 3642/3642
f 3630/3630 3647/3647 3642/3642
f 3642/3642 3647/3647 3643/3643
f 3647/3647 3648/3648 3643/3643
f 3648/3648 3649/3649 3643/3643
f 3643/3643 3649/3649 3645/3645
f 3645/3645 3649/3649 3646/3646
f 3649/3649 3650/3650 3646/3646
f 3646/3646 3650/3650 3651/3651
f 3651/3651 3650/3650 3652/3652
f 3650/3650 3653/3653 3652/3652
f 3652/3652 3653/3653 3654/3654
f 3653/3653 3655/3655 3654/3654
f 3654/3654 3655/3655 3656/3656
f 2923/2923 3646/3646 2922/2922
f 3646/3646 3651/3651 2922/2922
f 2922/2922 3651/3651 2921/2921
f 2921/2921 3651/3651 3028/3028
f 3651/3651 3652/3652 3028/3028
f 3028/3028 3652/3652 3029/3029
f 3652/3652 3654/3654 3029/3029
f 3654/3654 3656/3656 3029/3029
f 3029/3029 3656/3656 3030/3030
f 3656/3656 3657/3657 3030/3030
f 3657/3657 3658/3658 3030/3030
f 3030/3030 3658/3658 3031/3031
f 3658/3658 3659/3659 3031/3031
f 3031/3031 3659/3659 3032/3032
f 3655/3655 3660/3660 3656/3656
f 3656/3656 3660/3660 3657/3657
f 3660/3660 3661/3661 3657/3657
f 3661/3661 3662/3662 3657/3657
f 3657/3657 3662/3662 3658/3658
f 3662/3662 3663/3663 3658/3658
f 3658/3658 3663/3663 3659/3659
f 3663/3663 3664/3664 3659/3659
f 3659/3659 3664/3664 3032/3032
f 3664/3664 3635/3635 3032/3032
f 3032/3032 3635/3635 3033/3033
f 3635/3635 3636/3636 3033/3033
f 3033/3033 3636/3636 3034/3034
f 3034/3034 3636/3636 3637/3637
f 3635/3635 3664/3664 3634/3634
f 3634/3634 3664/3664 3665/3665
f 3664/3664 3663/3663 3665/3665
f 3665/3665 3663/3663 3666/3666
f 3666/3666 3663/3663 3667/3667
f 3663/3663 3662/3662 3667/3667
f 3667/3667 3662/3662 3668/3668
f 3662/3662 3661/3661 3668/3668
f 3668/3668 3661/3661 3669/3669
f 3661/3661 3660/3660 3669/3669
f 3660/3660 3655/3655 3669/3669
f 3669/3669 3655/3655 3670/3670
f 3655/3655 3653/3653 3670/3670
f 3670/3670 3653/3653 3671/3671
f 3665/3665 3666/3666 3672/3672
f 3672/3672 3666/3666 3673/3673
f 3673/3673 3666/3666 3674/3674
f 3666/3666 3667/3667 3674/3674
f 3674/3674 3667/3667 3675/3675
f 3667/3667 3668/3668 3675/3675
f 3668/3668 3669/3669 3675/3675
f 3675/3675 3669/3669 3674/3674
f 3674/3674 3669/3669 3673/3673
f 3669/3669 3676/3676 3673/3673
f 3673/3673 3676/3676 3672/3672
f 3676/3676 3677/3677 3672/3672
f 3672/3672 3677/3677 3678/3678
f 3677/3677 3679/3679 3678/3678
f 3680/3680 3681/3681 3682/3682
f 3682/3682 3681/3681 3683/3683
f 3683/3683 3681/3681 3671/3671
f 3671/3671 3681/3681 3670/3670
f 3670/3670 3681/3681 3669/3669
f 3681/3681 3680/3680 3669/3669
f 3669/3669 3680/3680 3676/3676
f 3676/3676 3680/3680 3677/3677
f 3677/3677 3680/3680 3684/3684
f 3680/3680 3682/3682 3684/3684
f 3682/3682 3685/3685 3684/3684
f 3685/3685 3679/3679 3684/3684
f 3684/3684 3679/3679 3677/3677
f 3672/3672 3678/3678 3665/3665
f 3665/3665 3678/3678 3634/3634
f 3634/3634 3678/3678 3632/3632
f 3678/3678 3679/3679 3632/3632
f 3632/3632 3679/3679 3630/3630
f 3679/3679 3685/3685 3630/3630
f 3630/3630 3685/3685 3647/3647
f 3685/3685 3682/3682 3647/3647
f 3682/3682 3683/3683 3647/3647
f 3647/3647 3683/3683 3648/3648
f 3683/3683 3671/3671 3648/3648
f 3648/3648 3671/3671 3649/3649
f 3649/3649 3671/3671 3650/3650
f 3650/3650 3671/3671 3653/3653
f 3686/3686 3687/3687 3688/3688
f 3687/3687 3689/3689 3688/3688
f 3688/3688 3689/3689 3690/3690
f 3690/3690 3689/3689 3691/3691
f 3689/3689 3692/3692 3691/3691
f 3691/3691 3692/3692 3693/3693
f 3692/3692 3694/3694 3693/3693
f 3693/3693 3694/3694 3076/3076
f 3694/3694 3075/3075 3076/3076
f 3688/3688 3695/3695 3686/3686
f 3686/3686 3695/3695 3696/3696
f 3696/3696 3695/3695 3697/3697
f 3697/3697 3695/3695 3698/3698
f 3695/3695 3688/3688 3698/3698
f 3698/3698 3688/3688 3699/3699
f 3688/3688 3690/3690 3699/3699
f 3699/3699 3690/3690 3700/3700
f 3690/3690 3691/3691 3700/3700
f 3700/3700 3691/3691 3701/3701
f 3691/3691 3693/3693 3701/3701
f 3701/3701 3693/3693 3702/3702
f 3693/3693 3076/3076 3702/3702
f 3702/3702 3076/3076 3078/3078
f 3703/3703 3704/3704 3705/3705
f 3704/3704 3697/3697 3705/3705
f 3705/3705 3697/3697 3706/3706
f 3697/3697 3698/3698 3706/3706
f 3706/3706 3698/3698 3707/3707
f 3698/3698 3699/3699 3707/3707
f 3707/3707 3699/3699 3708/3708
f 3699/3699 3700/3700 3708/3708
f 3708/3708 3700/3700 3709/3709
f 3709/3709 3700/3700 3710/3710
f 3700/3700 3701/3701 3710/3710
f 3701/3701 3702/3702 3710/3710
f 3710/3710 3702/3702 3080/3080
f 3702/3702 3078/3078 3080/3080
f 3711/3711 3712/3712 3713/3713
f 3712/3712 3714/3714 3713/3713
f 3713/3713 3714/3714 3715/3715
f 3714/3714 3716/3716 3715/3715
f 3715/3715 3716/3716 3717/3717
f 3716/3716 3718/3718 3717/3717
f 3718/3718 3719/3719 3717/3717
f 3717/3717 3719/3719 3720/3720
f 3719/3719 3721/3721 3720/3720
f 3720/3720 3721/3721 3722/3722
f 3722/3722 3721/3721 2667/2667
f 3721/3721 2666/2666 2667/2667
f 3723/3723 3724/3724 3725/3725
f 3724/3724 3726/3726 3725/3725
f 3725/3725 3726/3726 3727/3727
f 3726/3726 3728/3728 3727/3727
f 3727/3727 3728/3728 3729/3729
f 3728/3728 3730/3730 3729/3729
f 3729/3729 3730/3730 3731/3731
f 3730/3730 3732/3732 3731/3731
f 3731/3731 3732/3732 3733/3733
f 3732/3732 3734/3734 3733/3733
f 3733/3733 3734/3734 3735/3735
f 3734/3734 3736/3736 3735/3735
f 3735/3735 3736/3736 2947/2947
f 3736/3736 2948/2948 2947/2947
f 3737/3737 3738/3738 3739/3739
f 3739/3739 3738/3738 3740/3740
f 3738/3738 3741/3741 3740/3740
f 3740/3740 3741/3741 3742/3742
f 3741/3741 3743/3743 3742/3742
f 3742/3742 3743/3743 3744/3744
f 3743/3743 3745/3745 3744/3744
f 3744/3744 3745/3745 3746/3746
f 3745/3745 3747/3747 3746/3746
f 3746/3746 3747/3747 3748/3748
f 3747/3747 3749/3749 3748/3748
f 3748/3748 3749/3749 3750/3750
f 3749/3749 3751/3751 3750/3750
f 3750/3750 3751/3751 3752/3752
f 3750/3750 3753/3753 3748/3748
f 3753/3753 3754/3754 3748/3748
f 3748/3748 3754/3754 3746/3746
f 3754/3754 3755/3755 3746/3746
f 3746/3746 3755/3755 3744/3744
f 3755/3755 3756/3756 3744/3744
f 3744/3744 3756/3756 3742/3742
f 3756/3756 3757/3757 3742/3742
f 3742/3742 3757/3757 3740/3740
f 3757/3757 3758/3758 3740/3740
f 3740/3740 3758/3758 3739/3739
f 3758/3758 3752/3752 3739/3739
f 3739/3739 3752/3752 3737/3737
f 3737/3737 3752/3752 3751/3751
f 3753/3753 3750/3750 3759/3759
f 3750/3750 3752/3752 3759/3759
f 3759/3759 3752/3752 3760/3760
f 3752/3752 3758/3758 3760/3760
f 3760/3760 3758/3758 3761/3761
f 3758/3758 3757/3757 3761/3761
f 3757/3757 3756/3756 3761/3761
f 3756/3756 3755/3755 3761/3761
f 3755/3755 3754/3754 3761/3761
f 3754/3754 3753/3753 3761/3761
f 3753/3753 3759/3759 3761/3761
f 3761/3761 3759/3759 3760/3760
f 3762/3762 3763/3763 3764/3764
f 3763/3763 3765/3765 3764/3764
f 3764/3764 3765/3765 3766/3766
f 3765/3765 3767/3767 3766/3766
f 3766/3766 3767/3767 3768/3768
f 3767/3767 3769/3769 3768/3768
f 3768/3768 3769/3769 3770/3770
f 3769/3769 3771/3771 3770/3770
f 3770/3770 3771/3771 3772/3772
f 3771/3771 3773/3773 3772/3772
f 3772/3772 3773/3773 3774/3774
f 3773/3773 3775/3775 3774/3774
f 3774/3774 3775/3775 3776/3776
f 3775/3775 3777/3777 3776/3776
f 3775/3775 3773/3773 3778/3778
f 3778/3778 3773/3773 3779/3779
f 3773/3773 3771/3771 3779/3779
f 3779/3779 3771/3771 3780/3780
f 3771/3771 3769/3769 3780/3780
f 3780/3780 3769/3769 3781/3781
f 3769/3769 3767/3767 3781/3781
f 3781/3781 3767/3767 3782/3782
f 3767/3767 3765/3765 3782/3782
f 3782/3782 3765/3765 3783/3783
f 3765/3765 3763/3763 3783/3783
f 3783/3783 3763/3763 3777/3777
f 3763/3763 3762/3762 3777/3777
f 3777/3777 3762/3762 3776/3776
f 3778/3778 3784/3784 3775/3775
f 3775/3775 3784/3784 3777/3777
f 3784/3784 3785/3785 3777/3777
f 3777/3777 3785/3785 3783/3783
f 3785/3785 3786/3786 3783/3783
f 3783/3783 3786/3786 3782/3782
f 3782/3782 3786/3786 3781/3781
f 3781/3781 3786/3786 3780/3780
f 3780/3780 3786/3786 3779/3779
f 3779/3779 3786/3786 3778/3778
f 3778/3778 3786/3786 3784/3784
f 3786/3786 3785/3785 3784/3784

g Object_default-grey.jpg

usemtl mat_2-default-grey.jpg

# num_faces: 5608
